capture_id,window_idx,is_full_session,pkt_count,byte_count,duration_sec,byte_rate,pkt_rate,pkt_len_mean,pkt_len_std,pkt_len_min,pkt_len_max,pkt_len_median,pkt_len_q05,pkt_len_q10,pkt_len_q25,pkt_len_q75,pkt_len_q90,pkt_len_q95,pkt_len_skew,pkt_len_kurtosis,pkt_len_entropy,pkt_len_autocorr,iat_mean,iat_std,iat_min,iat_max,iat_q10,iat_q25,iat_q50,iat_q75,iat_q90,iat_entropy,burstiness_coeff,idle_ratio,burst_count,burst_mean_pkts,fwd_pkt_ratio,fwd_byte_ratio,bwd_pkt_ratio,bwd_byte_ratio,fwd_bwd_iat_ratio,fwd_bwd_byte_skew,small_pkt_ratio,med_pkt_ratio,large_pkt_ratio,bimodal_index,tcp_like_ack_ratio,mtu_saturation_ratio,esp_spi_count,seq_gap_rate,label_class,label_mode,label_ike,label_crypto,label_nist,is_mixed
exp_001_voip_tunnel_aes_gcm_16_256_1789042363,-1,1,328,100843.0,5.9797680377960205,16864.032076596734,54.85162600402337,307.4481707317073,47.45707684840313,42.0,374.0,314.0,232.3,278.0,294.0,338.0,350.0,354.0,-3.0125042501825585,12.29348179981702,2.258959236698404,0.3713747892325876,0.01828675240916214,0.006861551436906993,0.0,0.029308080673217773,0.0042252540588378915,0.017211556434631348,0.020014047622680664,0.022318601608276367,0.02436461448669434,2.577485680012239,0.375199274541215,0.0,19,3.789473684210526,0.9329268292682927,0.9357912795136996,0.06707317073170732,0.06420872048630048,0.08234452705303004,0.871582559027399,0.054878048780487805,0.9451219512195121,0.0,0.0,0.012195121951219513,0.0,2,0.04807692307692308,voip,tunnel,ikev2,AES_GCM_16_256,PASS,0
exp_001_voip_tunnel_aes_gcm_16_256_1789042363,0,0,90,27741.0,1.4745829105377197,18812.777363521727,61.03420794913506,308.23333333333335,37.949396130461245,162.0,354.0,314.0,238.6,274.9,290.0,338.0,346.40000000000003,354.0,-1.5206101596901898,2.967344954992586,2.739798302249451,0.0519747833443335,0.01656834730941258,0.008412953383104202,0.0,0.02762293815612793,4.601478576660158e-05,0.016318082809448242,0.019530057907104492,0.021819114685058594,0.024139404296875003,2.4647378342955344,0.5077419904358598,0.0,8,4.0,0.8444444444444444,0.857359143506002,0.15555555555555556,0.14264085649399805,0.25272943654532354,0.7147182870120039,0.05555555555555555,0.9444444444444444,0.0,0.0,0.0,0.0,2,0.08536585365853659,voip,tunnel,ikev2,AES_GCM_16_256,PASS,0
exp_001_voip_tunnel_aes_gcm_16_256_1789042363,1,0,80,24286.0,1.4696118831634521,16525.45156869753,54.43614121287171,303.575,69.1805201989693,42.0,374.0,316.0,137.00000000000003,285.6,293.0,343.0,354.0,354.0,-2.8156155866386534,7.773173526897052,2.2875214268255974,0.6984043494968413,0.018602682065360154,0.0072084394644079,1.0013580322265625e-05,0.027714967727661133,0.004090976715087892,0.017968058586120605,0.020666122436523438,0.02283298969268799,0.024752426147460937,2.483330361699126,0.38747380432983924,0.0,5,4.0,0.95,0.9455653462900436,0.05,0.05443465370995635,0.059390206100345344,0.8911306925800873,0.075,0.925,0.0,0.0,0.05,0.0,2,0.0547945205479452,voip,tunnel,ikev2,AES_GCM_16_256,PASS,0
exp_001_voip_tunnel_aes_gcm_16_256_1789042363,2,0,81,24519.0,1.4805231094360352,16561.03835443666,54.71039221458336,302.7037037037037,70.89488731926284,42.0,374.0,314.0,142.0,286.0,298.0,342.0,350.0,354.0,-2.679123136838568,6.805723456783117,2.2602615382344458,0.6358982789263349,0.01850653886795044,0.00669040537762687,1.0013580322265625e-05,0.027714967727661133,0.004825520515441895,0.01728123426437378,0.019981026649475098,0.022515833377838135,0.024454736709594728,2.505463865835264,0.3614962219105569,0.0,5,3.8,0.9753086419753086,0.9720624821566948,0.024691358024691357,0.02793751784330519,1586.0835319951636,0.9441249643133897,0.08641975308641975,0.9135802469135802,0.0,0.0,0.04938271604938271,0.0,2,0.02666666666666667,voip,tunnel,ikev2,AES_GCM_16_256,PASS,0
exp_001_voip_tunnel_aes_gcm_16_256_1789042363,3,0,79,24840.0,1.4716660976409912,16878.82872332067,53.6806549574208,314.43037974683546,36.78562031393665,154.0,358.0,318.0,277.8,286.0,300.0,342.0,350.0,354.0,-2.287082479769886,7.265600141637748,2.388598461956849,-0.0993515886438055,0.0188675140723204,0.005460528969926096,1.1920928955078125e-05,0.026823997497558594,0.015175533294677735,0.01715606451034546,0.019805431365966797,0.021847844123840332,0.023903918266296384,2.427951900531614,0.2893989928934862,0.0,4,3.25,0.9746835443037974,0.9752818035426731,0.02531645569620253,0.024718196457326893,1498.6559919849255,0.9505636070853463,0.0379746835443038,0.9620253164556962,0.0,0.0,0.0,0.0,2,0.025974025974025976,voip,tunnel,ikev2,AES_GCM_16_256,PASS,0
exp_001_voip_tunnel_aes_gcm_16_256_1789042363,4,0,81,25285.0,1.4916410446166992,16951.129154868075,54.30260872233791,312.1604938271605,35.33733617791806,170.0,366.0,318.0,278.0,286.0,298.0,334.0,350.0,354.0,-2.058194025826038,6.421711476656192,2.6158342033043436,-0.048408759365899875,0.01864551305770874,0.005861036917405336,1.0967254638671875e-05,0.026823997497558594,0.013507914543151856,0.017261028289794922,0.02003633975982666,0.021673262119293213,0.023974871635437014,2.444018082100823,0.3143234823189796,0.0,4,3.25,0.9506172839506173,0.9492584536286336,0.04938271604938271,0.05074154637136642,0.059086303955831365,0.8985169072572672,0.037037037037037035,0.9629629629629629,0.0,0.0,0.0,0.0,2,0.05128205128205128,voip,tunnel,ikev2,AES_GCM_16_256,PASS,0
exp_001_voip_tunnel_aes_gcm_16_256_1789042363,5,0,80,24679.0,1.4984221458435059,16469.99149635997,53.3894938898982,308.4875,37.12108354762829,138.0,366.0,314.0,276.3,281.6,294.0,331.0,342.40000000000003,346.4,-2.3123817870745977,7.580530560540348,2.389946571856106,0.0741114742045566,0.018967368934727922,0.005912959027201171,1.0967254638671875e-05,0.029308080673217773,0.013279914855957031,0.018061518669128418,0.020024776458740234,0.022271037101745605,0.023998165130615236,2.5442077081144108,0.3117273313034063,0.0,3,3.6666666666666665,0.95,0.9506057781919851,0.05,0.049394221808014914,0.06017270178713488,0.9012115563839702,0.05,0.95,0.0,0.0,0.0,0.0,2,0.05194805194805195,voip,tunnel,ikev2,AES_GCM_16_256,PASS,0
exp_001_voip_tunnel_aes_gcm_16_256_1789042363,6,0,76,23298.0,1.47328519821167,15813.638817711606,51.58539574839394,306.55263157894734,35.744117932311646,138.0,350.0,310.0,278.0,282.0,290.0,330.0,344.0,346.0,-2.629925915797066,10.446795004076906,2.3633566622884423,0.10246035578295906,0.019643802642822266,0.005307927183574389,1.3113021850585938e-05,0.029308080673217773,0.014423036575317382,0.0176849365234375,0.020233869552612305,0.022856593132019043,0.024269723892211915,2.5411657069783455,0.27019498643391954,0.0,2,3.5,0.9736842105263158,0.9763928234183191,0.02631578947368421,0.023607176581680833,1430.0260589308384,0.9527856468366384,0.039473684210526314,0.9605263157894737,0.0,0.0,0.0,0.0,2,0.02702702702702703,voip,tunnel,ikev2,AES_GCM_16_256,PASS,0
exp_001_voip_tunnel_aes_gcm_16_256_1789042363,7,0,37,11382.0,0.7097301483154297,16037.08117376103,52.13249019760658,307.6216216216216,35.66158607934689,138.0,350.0,314.0,281.2,286.0,294.0,330.0,346.0,350.0,-2.6932005150073066,11.168223357870515,2.2078682297921493,-0.005021894168670465,0.01971472634209527,0.0046748434176845785,0.0013849735260009766,0.028667926788330078,0.014732122421264648,0.01748335361480713,0.02028799057006836,0.02203524112701416,0.024257421493530273,2.5538676263110522,0.2371124115119851,0.0,1,3.0,1.0,1.0,0.0,0.0,1.0,1.0,0.02702702702702703,0.972972972972973,0.0,0.0,0.0,0.0,1,0.0,voip,tunnel,ikev2,AES_GCM_16_256,PASS,0
exp_002_voip_transport_aes_gcm_16_128_1789042405,-1,1,414,120156.0,10.217036008834839,11760.357886191174,40.520557981982975,290.231884057971,34.06762736990319,42.0,514.0,290.0,254.0,254.0,270.0,314.0,326.0,330.0,-0.5154470006613803,19.585435019539702,1.61491937796445,0.24133148593191886,0.024738585977808328,0.10718634124372743,6.914138793945312e-05,2.1983189582824707,0.016076040267944337,0.018162965774536133,0.020064115524291992,0.02190399169921875,0.02335205078125,0.024530133164031423,4.3325842776784835,0.2151621034105731,13,3.1538461538461537,0.9637681159420289,0.9579713039715038,0.036231884057971016,0.042028696028496286,0.03893142410637842,0.9159426079430074,0.004830917874396135,0.9951690821256038,0.0,0.0,0.004830917874396135,0.0,2,0.04914004914004914,voip,transport,ikev2,AES_GCM_16_128,PASS,0
exp_002_voip_transport_aes_gcm_16_128_1789042405,0,0,4,1624.0,0.02833104133605957,57322.28408890086,141.1878918445834,406.0,104.65180361560904,286.0,514.0,412.0,290.8,295.6,310.0,508.0,511.6,512.8,-0.032665979665104164,-1.9508254627003763,1.5,0.5790099088852613,0.00944368044535319,0.00038641811291439417,0.008929967880249023,0.009861946105957031,0.009051799774169922,0.00923454761505127,0.009539127349853516,0.009700536727905273,0.009797382354736327,1.584962500721156,0.04091383664595164,0.0,0,1.0,0.5,0.5073891625615764,0.5,0.49261083743842365,1.0174237735157432,0.014778325123152709,0.0,1.0,0.0,0.0,0.0,0.0,0,0.0,voip,transport,ikev2,AES_GCM_16_128,PASS,0
exp_002_voip_transport_aes_gcm_16_128_1789042405,1,0,4,1136.0,0.02167487144470215,52410.922154634754,184.54550054448856,284.0,18.439088914585774,258.0,310.0,284.0,261.6,265.2,276.0,292.0,302.8,306.4,0.0,-1.0233910034602076,2.0,0.25581395348837205,0.00722495714823405,0.010002093850031752,0.00010204315185546875,0.02136993408203125,0.00012221336364746094,0.00015246868133544922,0.0002028942108154297,0.01078641414642334,0.017136526107788087,0.9182958340544896,1.3841894775803039,0.0,2,2.5,0.5,0.4753521126760563,0.5,0.5246478873239436,0.9952789529249321,-0.04929577464788732,0.0,1.0,0.0,0.0,0.0,0.0,2,0.6666666666666666,voip,transport,ikev2,AES_GCM_16_128,PASS,0
exp_002_voip_transport_aes_gcm_16_128_1789042405,2,0,44,12836.0,0.7561318874359131,16975.874464873606,58.190906548335825,291.72727272727275,28.366404293847033,250.0,358.0,286.0,254.0,258.0,271.0,311.0,328.8,347.0,0.5088419300197149,-0.4582366925545962,3.067782768245969,0.22244680619851773,0.017584462498509607,0.007429840562350804,0.00010204315185546875,0.027691125869750977,0.0002219200134277344,0.017429471015930176,0.019882917404174805,0.021551012992858887,0.022983741760253907,2.171279886490989,0.4224990137723414,0.0,6,2.8333333333333335,0.8636363636363636,0.8463695855406669,0.13636363636363635,0.15363041445933312,0.9856103796396819,0.6927391710813338,0.0,1.0,0.0,0.0,0.0,0.0,2,0.13953488372093023,voip,transport,ikev2,AES_GCM_16_128,PASS,0
exp_002_voip_transport_aes_gcm_16_128_1789042405,3,0,78,22548.0,1.4740509986877441,15296.62136525336,52.91540121029635,289.0769230769231,27.4967453695371,250.0,358.0,286.0,253.4,254.0,263.0,314.0,326.0,330.0,0.40125589713616455,-0.6553331277393859,3.027592417422776,0.21927486760411904,0.019143519463477195,0.005501983633498818,0.00011587142944335938,0.027691125869750977,0.0161104679107666,0.018304109573364258,0.0203399658203125,0.021786928176879883,0.023009634017944335,2.0269796401943543,0.2873920990284025,0.0,5,2.8,0.9358974358974359,0.9266453787475608,0.0641025641025641,0.07335462125243924,0.08561943360866628,0.8532907574951215,0.0,1.0,0.0,0.0,0.0,0.0,2,0.07792207792207792,voip,transport,ikev2,AES_GCM_16_128,PASS,0
exp_002_voip_transport_aes_gcm_16_128_1789042405,4,0,77,22254.0,1.4949820041656494,14885.797914617691,51.50563671364978,289.012987012987,22.8663499756219,250.0,330.0,290.0,254.0,256.4,270.0,310.0,319.6,326.0,0.041911226884386775,-1.0769349438997262,3.4073311445296373,0.12942852368418173,0.019670815844284862,0.004179993558078578,0.00011587142944335938,0.030536174774169922,0.01648998260498047,0.018169283866882324,0.020417451858520508,0.02173835039138794,0.023017525672912598,1.9839549048452407,0.21248641158324827,0.0,2,3.0,0.974025974025974,0.9730385548665409,0.025974025974025976,0.026961445133459154,0.020099171473851197,0.9460771097330817,0.0,1.0,0.0,0.0,0.0,0.0,2,0.05263157894736842,voip,transport,ikev2,AES_GCM_16_128,PASS,0
exp_002_voip_transport_aes_gcm_16_128_1789042405,5,0,79,22558.0,1.4844729900360107,15195.965269433957,53.21753951082909,285.54430379746833,44.55569618455069,42.0,334.0,290.0,254.0,262.0,274.0,310.0,322.0,326.0,-4.0279807531329626,19.739098820968497,1.943069746155394,0.26099252565202613,0.019031705000461675,0.005135780944128844,0.00011682510375976562,0.030536174774169922,0.015590333938598632,0.01815873384475708,0.01991403102874756,0.021370351314544678,0.02322518825531006,2.156894168928178,0.2698397807355426,0.0,2,4.0,0.9746835443037974,0.9709194077489139,0.02531645569620253,0.02908059225108609,0.019517331472203758,0.9418388154978278,0.02531645569620253,0.9746835443037974,0.0,0.0,0.02531645569620253,0.0,2,0.05263157894736842,voip,transport,ikev2,AES_GCM_16_128,PASS,0
exp_002_voip_transport_aes_gcm_16_128_1789042405,6,0,76,21576.0,1.4717631340026855,14659.967695563048,51.638744200166464,283.89473684210526,45.74286799381046,42.0,334.0,290.0,253.0,254.0,273.0,310.0,322.0,326.0,-3.7787934528045746,17.733821633508597,2.0490155725217445,0.24680593311631668,0.019623508453369142,0.004576380273201401,0.00013399124145507812,0.027314186096191406,0.01658329963684082,0.018463969230651855,0.020398855209350586,0.021919846534729004,0.02325272560119629,2.1543541903746752,0.23319719238194353,0.0,1,5.0,0.9868421052631579,0.9845198368557657,0.013157894736842105,0.015480163144234334,1.0,0.9690396737115313,0.02631578947368421,0.9736842105263158,0.0,0.0,0.02631578947368421,0.0,2,0.0273972602739726,voip,transport,ikev2,AES_GCM_16_128,PASS,0
exp_002_voip_transport_aes_gcm_16_128_1789042405,7,0,73,21422.0,1.460860013961792,14663.964921528943,49.970564805882404,293.45205479452056,25.404692208109477,250.0,346.0,294.0,250.0,254.8,274.0,318.0,325.2,327.59999999999997,-0.16135780545696474,-1.0736877544372079,3.432641087685704,-0.0913196793004862,0.020289722416136,0.0035850450410010505,6.914138793945312e-05,0.026745080947875977,0.017266011238098143,0.01844930648803711,0.02058732509613037,0.0225447416305542,0.023409485816955566,2.147791321123569,0.176683952767994,0.0,1,3.0,0.9863013698630136,0.9838483801699188,0.0136986301369863,0.016151619830081225,1.0,0.9676967603398375,0.0,1.0,0.0,0.0,0.0,0.0,2,0.027777777777777776,voip,transport,ikev2,AES_GCM_16_128,PASS,0
exp_002_voip_transport_aes_gcm_16_128_1789042405,8,0,76,22556.0,1.4932348728179932,15105.460239776558,50.896212902244116,296.7894736842105,27.826679638846453,250.0,346.0,306.0,250.0,252.0,273.0,322.0,326.0,330.0,-0.429814398647918,-1.158118339922565,3.332862950688327,-0.10258216791822306,0.01990979830423991,0.004364386791263531,6.914138793945312e-05,0.026745080947875977,0.01662435531616211,0.01825404167175293,0.020027875900268555,0.02293384075164795,0.0238452434539795,2.298058323831931,0.21919697666437388,0.0,2,3.0,0.9736842105263158,0.9702074835963823,0.02631578947368421,0.02979251640361766,0.020325072322981263,0.9404149671927646,0.0,1.0,0.0,0.0,0.0,0.0,2,0.05333333333333334,voip,transport,ikev2,AES_GCM_16_128,PASS,0
exp_002_voip_transport_aes_gcm_16_128_1789042405,9,0,77,22542.0,1.4878780841827393,15150.434864010955,51.75155197093619,292.75324675324674,26.83095510406321,250.0,330.0,294.0,250.0,254.0,266.0,318.0,326.0,330.0,-0.19923832627461052,-1.3589150843710398,3.392795425054439,0.07121520413680003,0.01957734321293078,0.004102743949055207,0.00010919570922851562,0.026276111602783203,0.016210436820983887,0.018392324447631836,0.019870877265930176,0.02187371253967285,0.02312302589416504,2.1176439101282774,0.20955521641614158,0.0,2,3.0,0.974025974025974,0.9708987667465176,0.025974025974025976,0.02910123325348239,0.020220338643332458,0.9417975334930352,0.0,1.0,0.0,0.0,0.0,0.0,2,0.039473684210526314,voip,transport,ikev2,AES_GCM_16_128,PASS,0
exp_002_voip_transport_aes_gcm_16_128_1789042405,10,0,74,21252.0,1.4692261219024658,14464.75779540408,50.366651461504894,287.18918918918916,23.762152325207612,250.0,330.0,284.0,254.0,255.2,267.0,306.0,322.0,326.0,0.15012214169625504,-1.1985469258356853,3.373853654427981,0.1472060846815914,0.020126385231540627,0.0035850387738745656,0.00010919570922851562,0.028985023498535156,0.017123079299926756,0.01889801025390625,0.02004408836364746,0.021612882614135742,0.023288965225219727,2.034987262816679,0.1781174619868968,0.0,1,3.0,0.9864864864864865,0.984472049689441,0.013513513513513514,0.015527950310559006,1.0,0.968944099378882,0.0,1.0,0.0,0.0,0.0,0.0,2,0.0273972602739726,voip,transport,ikev2,AES_GCM_16_128,PASS,0
exp_002_voip_transport_aes_gcm_16_128_1789042405,11,0,75,21426.0,1.4874281883239746,14404.72902704815,50.42260230694536,285.68,24.05114550286535,250.0,342.0,282.0,254.0,258.0,266.0,302.0,320.40000000000003,326.0,0.347207797801303,-1.0179033531204305,3.343012186805994,-0.0363426622023976,0.020100380923296954,0.0036272624037814063,0.00012421607971191406,0.028985023498535156,0.01680865287780762,0.018424391746520996,0.020165443420410156,0.021863698959350586,0.023892927169799804,2.1573037599862688,0.18044841882367932,0.0,1,3.0,0.9866666666666667,0.9840380845701484,0.013333333333333334,0.01596191542985158,1.0,0.9680761691402968,0.0,1.0,0.0,0.0,0.0,0.0,2,0.02702702702702703,voip,transport,ikev2,AES_GCM_16_128,PASS,0
exp_002_voip_transport_aes_gcm_16_128_1789042405,12,0,63,18058.0,1.2059781551361084,14973.737229893644,52.23975221415991,286.63492063492066,25.108843435022948,250.0,342.0,282.0,254.4,258.0,266.0,310.0,322.0,330.0,0.45227587969471106,-1.0649886072881707,3.344671633060414,-0.19211667389139864,0.019451260566711426,0.003677560722211021,0.00012421607971191406,0.024751901626586914,0.01609511375427246,0.017437279224395752,0.019659996032714844,0.022136211395263672,0.023489928245544432,2.246895704815378,0.18905569918718934,0.0,1,3.0,0.9841269841269841,0.9810610255842286,0.015873015873015872,0.018938974415771404,1.0,0.9621220511684572,0.0,1.0,0.0,0.0,0.0,0.0,2,0.03225806451612903,voip,transport,ikev2,AES_GCM_16_128,PASS,0
exp_002_voip_transport_aes_gcm_16_128_1789042405,13,0,24,6900.0,0.45083117485046387,15305.064034865512,53.23500533866265,287.5,25.001666611114814,258.0,330.0,284.0,258.6,262.0,266.0,302.0,328.8,330.0,0.5431073749043837,-1.120408724421777,2.9549868557726664,-0.16352616483614543,0.019601355428281036,0.003168151286192986,0.013947010040283203,0.024708032608032227,0.01525721549987793,0.017220497131347656,0.019515037536621094,0.02239847183227539,0.023421716690063477,3.2077070644704735,0.1616209489611732,0.0,0,1.0,1.0,1.0,0.0,0.0,1.0,1.0,0.0,1.0,0.0,0.0,0.0,0.0,1,0.0,voip,transport,ikev2,AES_GCM_16_128,PASS,0
exp_003_voip_tunnel_aes_cbc_256_1789042449,-1,1,419,134654.0,10.273274898529053,13107.212775867607,40.78543640061586,321.3699284009547,35.488868842066296,42.0,514.0,314.0,282.0,282.0,298.0,346.0,362.0,362.0,-1.5661678904989287,19.944921655092188,1.5874725530338227,0.27278046397665046,0.024577212675906825,0.10708743805300314,1.0013580322265625e-05,2.201324939727783,0.0050467967987060545,0.012874960899353027,0.01999187469482422,0.02596461772918701,0.031340527534484866,0.024278294457857025,4.357006730516954,0.2249195263095625,29,3.4482758620689653,0.9331742243436754,0.9325976205682712,0.06682577565632458,0.06740237943172872,0.07663362618494565,0.8651952411365426,0.00954653937947494,0.9904534606205251,0.0,0.0,0.00477326968973747,0.0,2,0.10275689223057644,voip,tunnel,ikev2,AES_CBC_256,PASS,0
exp_003_voip_tunnel_aes_cbc_256_1789042449,0,0,4,1624.0,0.08033490180969238,20215.372937744287,49.7915589599613,406.0,104.65180361560904,286.0,514.0,412.0,290.8,295.6,310.0,508.0,511.6,512.8,-0.032665979665104164,-1.9508254627003763,1.5,0.5790099088852613,0.026778300603230793,0.013777677798272502,0.008044004440307617,0.040782928466796875,0.012736797332763672,0.019775986671447754,0.03150796890258789,0.03614544868469238,0.03892793655395508,1.584962500721156,0.5144898293800209,0.0,0,1.0,0.5,0.5073891625615764,0.5,0.49261083743842365,0.6754136311793975,0.014778325123152709,0.0,1.0,0.0,0.0,0.0,0.0,0,0.0,voip,tunnel,ikev2,AES_CBC_256,PASS,0
exp_003_voip_tunnel_aes_cbc_256_1789042449,2,0,48,15450.0,0.7180759906768799,21515.828687485246,66.8452930096629,321.875,33.48608230792807,245.0,394.0,323.5,272.9,282.0,298.0,346.0,362.0,362.0,-0.10762080818815542,-0.60862582439084,3.055793950382455,-0.020650048815125492,0.015278212567593189,0.010834541959394166,1.1920928955078125e-05,0.035331010818481445,1.6117095947265627e-05,0.0032105445861816406,0.018691062927246094,0.023018479347229004,0.02771129608154297,2.9668673848099427,0.7091034247650921,0.0,6,3.8333333333333335,0.75,0.7544336569579289,0.25,0.2455663430420712,2.3628034498322616,0.5088673139158576,0.020833333333333332,0.9791666666666666,0.0,0.0,0.0,0.0,2,0.14634146341463414,voip,tunnel,ikev2,AES_CBC_256,PASS,0
exp_003_voip_tunnel_aes_cbc_256_1789042449,3,0,84,26866.0,1.459285020828247,18410.38564539753,57.56243557706368,319.8333333333333,30.821619396492167,245.0,394.0,314.0,282.0,282.0,298.0,346.0,362.0,362.0,-0.035293764532367836,-0.47276899662487226,2.913755603886617,0.03996488707562985,0.01758174723889454,0.010902412027837684,1.1920928955078125e-05,0.046401023864746094,0.0001220703125,0.010410547256469727,0.01876091957092285,0.024535536766052246,0.0311830997467041,2.9591818306883564,0.6200630583894543,0.0,7,3.857142857142857,0.8333333333333334,0.8377875381523114,0.16666666666666666,0.16221246184768853,0.2681016902582421,0.675575076304623,0.011904761904761904,0.9880952380952381,0.0,0.0,0.0,0.0,2,0.11842105263157894,voip,tunnel,ikev2,AES_CBC_256,PASS,0
exp_003_voip_tunnel_aes_cbc_256_1789042449,4,0,75,23878.0,1.4592351913452148,16363.366331638259,51.396786785864364,318.37333333333333,25.77584054023371,250.0,362.0,314.0,282.0,293.2,298.0,346.0,355.60000000000014,362.0,0.10040109068078833,-0.7730639253872118,2.5924091685873933,0.09311280636348793,0.019719394477638038,0.010348933188887176,1.4066696166992188e-05,0.046401023864746094,0.007883977890014649,0.012731730937957764,0.019219517707824707,0.025436878204345703,0.03224313259124756,3.042708955722547,0.5247832745243691,0.0,3,3.6666666666666665,0.9466666666666667,0.9490744618477259,0.05333333333333334,0.05092553815227406,0.06349959058384158,0.8981489236954519,0.0,1.0,0.0,0.0,0.0,0.0,2,0.1527777777777778,voip,tunnel,ikev2,AES_CBC_256,PASS,0
exp_003_voip_tunnel_aes_cbc_256_1789042449,5,0,77,24138.0,1.4793949127197266,16316.130191109409,52.04830660019159,313.4805194805195,50.76597960686296,42.0,362.0,314.0,282.0,282.0,298.0,346.0,352.4000000000001,362.0,-3.8572146649421155,18.381728435669054,1.7145749524859006,0.43620860049586674,0.019465722535785875,0.010070815040431138,1.4066696166992188e-05,0.04180598258972168,0.007918596267700195,0.011808991432189941,0.018684029579162598,0.02595818042755127,0.031588077545166016,3.114347659804258,0.5173349043177584,0.0,3,3.3333333333333335,0.974025974025974,0.9729886486038611,0.025974025974025976,0.027011351396138868,1326.888318665299,0.9459772972077223,0.025974025974025976,0.974025974025974,0.0,0.0,0.025974025974025976,0.0,2,0.1095890410958904,voip,tunnel,ikev2,AES_CBC_256,PASS,0
exp_003_voip_tunnel_aes_cbc_256_1789042449,6,0,77,24173.0,1.4618499279022217,16535.89711133252,52.672985461986684,313.93506493506493,52.23233254085174,42.0,362.0,314.0,282.0,282.0,298.0,346.0,362.0,362.0,-3.5590634984895924,16.27749031146385,1.788448084741187,0.4241001290005417,0.019234867472397655,0.009098370237660492,1.1920928955078125e-05,0.04180598258972168,0.008605480194091797,0.013515591621398926,0.018090009689331055,0.026817023754119873,0.02963101863861084,2.9091052953469583,0.4729898586957994,0.0,3,3.3333333333333335,0.974025974025974,0.9768750258552931,0.025974025974025976,0.023124974144706906,1528.8938453354403,0.9537500517105862,0.03896103896103896,0.961038961038961,0.0,0.0,0.025974025974025976,0.0,2,0.0273972602739726,voip,tunnel,ikev2,AES_CBC_256,PASS,0
exp_003_voip_tunnel_aes_cbc_256_1789042449,7,0,80,25596.0,1.4931859970092773,17141.86983488097,53.57671459565861,319.95,26.60305433592166,245.0,362.0,314.0,282.0,296.4,298.0,346.0,362.0,362.0,-0.020121624634712534,-0.5739914898688059,2.57858728480825,-0.0659915900323436,0.018901088569737688,0.009110133279243033,1.0013580322265625e-05,0.03813505172729492,0.003765249252319336,0.01409447193145752,0.01965808868408203,0.02646338939666748,0.02992205619812012,3.0845514355286547,0.48196437370568607,0.0,7,3.2857142857142856,0.95,0.9548366932333177,0.05,0.045163306766682294,0.05949517044987796,0.9096733864666354,0.0125,0.9875,0.0,0.0,0.0,0.0,2,0.06493506493506493,voip,tunnel,ikev2,AES_CBC_256,PASS,0
exp_003_voip_tunnel_aes_cbc_256_1789042449,8,0,77,24890.0,1.4729609489440918,16897.936104716606,52.27565608932015,323.24675324675326,24.54635468699237,267.0,378.0,314.0,282.0,298.0,298.0,346.0,362.0,362.0,0.06260212415882242,-0.738638096907736,2.6926351161215547,-0.14228816113720086,0.01938106511768542,0.01042012481511108,1.0013580322265625e-05,0.055963993072509766,0.003520965576171875,0.014010965824127197,0.020703554153442383,0.025134921073913574,0.03040754795074463,2.676925149344487,0.5376168510342636,0.03799421370446254,9,3.2222222222222223,0.948051948051948,0.9485737243873041,0.05194805194805195,0.05142627561269586,0.062436478840763907,0.8971474487746083,0.0,1.0,0.0,0.0,0.0,0.0,2,0.06756756756756757,voip,tunnel,ikev2,AES_CBC_256,PASS,0
exp_003_voip_tunnel_aes_cbc_256_1789042449,9,0,74,24155.0,1.4593398571014404,16552.00458101444,50.70785920078942,326.4189189189189,24.935596371429163,282.0,378.0,330.0,292.4,298.0,299.75,346.0,362.0,362.0,0.06675253306246522,-1.063225731522289,2.5572211970251835,-0.10578457906184979,0.019990956946595074,0.010675884198873772,1.4066696166992188e-05,0.055963993072509766,0.005271720886230469,0.011446952819824219,0.02142786979675293,0.02570319175720215,0.03206510543823241,2.8257920861277825,0.5340089630741243,0.03834884163560513,6,3.1666666666666665,0.972972972972973,0.9717242806872283,0.02702702702702703,0.02827571931277168,1364.2063440169418,0.9434485613744567,0.0,1.0,0.0,0.0,0.0,0.0,2,0.08333333333333333,voip,tunnel,ikev2,AES_CBC_256,PASS,0
exp_003_voip_tunnel_aes_cbc_256_1789042449,10,0,77,25239.0,1.4821569919586182,17028.560494558376,51.951311782598154,327.7792207792208,24.39428471313603,282.0,394.0,330.0,282.0,298.0,314.0,346.0,362.0,362.0,0.03815160240256143,-0.5549947452273085,2.5475251225934588,0.06755432541515907,0.01950206568366603,0.009442511052092083,1.0967254638671875e-05,0.04233908653259277,0.007820844650268555,0.01272118091583252,0.02067255973815918,0.02558225393295288,0.03037405014038086,3.1164229477132017,0.4841552197611814,0.0,4,3.25,0.974025974025974,0.9717500693371369,0.025974025974025976,0.028249930662863028,1673.662769342072,0.943500138674274,0.0,1.0,0.0,0.0,0.0,0.0,2,0.06666666666666667,voip,tunnel,ikev2,AES_CBC_256,PASS,0
exp_003_voip_tunnel_aes_cbc_256_1789042449,11,0,75,24281.0,1.4852399826049805,16348.199809039115,50.49688998302926,323.74666666666667,26.219633017179238,282.0,394.0,320.0,282.0,288.4,298.0,346.0,355.60000000000014,362.0,0.2970997692385458,-0.2944506843044543,2.6805265618282705,0.2003330000634155,0.02007081057574298,0.010389895180460984,1.0967254638671875e-05,0.05337119102478027,0.007520747184753418,0.013881325721740723,0.021555542945861816,0.02551490068435669,0.030712056159973147,2.7614120849488177,0.5176361714481948,0.03593438881922091,4,3.5,0.9466666666666667,0.9412297681314609,0.05333333333333334,0.058770231868539184,0.06433378869958495,0.8824595362629216,0.0,1.0,0.0,0.0,0.0,0.0,2,0.16666666666666666,voip,tunnel,ikev2,AES_CBC_256,PASS,0
exp_003_voip_tunnel_aes_cbc_256_1789042449,12,0,61,19400.0,1.2688899040222168,15288.954493612497,48.0735167067197,318.0327868852459,25.690444235554896,282.0,394.0,314.0,282.0,282.0,298.0,330.0,346.0,362.0,0.5827811740885949,-0.275954305622093,2.628570570582992,0.15879659691994974,0.021148165067036945,0.010724542860775158,1.3113021850585938e-05,0.05337119102478027,0.00746006965637207,0.014880239963531494,0.021454930305480957,0.027384698390960693,0.03379168510437012,2.905705180953272,0.5070906027155848,0.042061325301431196,4,3.25,0.9672131147540983,0.9631958762886598,0.03278688524590164,0.0368041237113402,1550.1578875119353,0.9263917525773195,0.0,1.0,0.0,0.0,0.0,0.0,2,0.1864406779661017,voip,tunnel,ikev2,AES_CBC_256,PASS,0
exp_003_voip_tunnel_aes_cbc_256_1789042449,13,0,25,7994.0,0.5142579078674316,15544.729361868634,48.61373956050987,319.76,24.73746955531224,282.0,362.0,314.0,285.2,298.0,298.0,346.0,355.6,362.0,0.2953943700914474,-1.1462476411670774,2.453660689688186,0.28485252170542447,0.02142741282780965,0.009630959987648584,0.0005059242248535156,0.03490281105041504,0.0111250638961792,0.01545250415802002,0.021538972854614258,0.02887701988220215,0.0335331916809082,3.0220552088742,0.4494481259549745,0.0,2,3.0,1.0,1.0,0.0,0.0,1.0,1.0,0.0,1.0,0.0,0.0,0.0,0.0,1,0.041666666666666664,voip,tunnel,ikev2,AES_CBC_256,PASS,0
exp_004_voip_transport_aes_cbc_128_1789042493,-1,1,322,96180.0,8.275237798690796,11622.626725629128,38.91126851375108,298.69565217391306,44.620281086093556,42.0,514.0,298.0,266.0,266.0,282.0,314.0,330.0,346.0,-1.608049968576956,11.032209696294505,1.5993770462148835,0.20278078724142745,0.025779557005267278,0.12308040168393432,8.20159912109375e-05,2.22025990486145,0.0052449703216552734,0.011929035186767578,0.018862009048461914,0.026283979415893555,0.03235006332397461,0.030426401876334434,4.774156030018572,0.26830164387695443,32,3.0,0.9565217391304348,0.9521730089415679,0.043478260869565216,0.047826991058432106,0.04241428773693803,0.9043460178831357,0.046583850931677016,0.953416149068323,0.0,0.0,0.006211180124223602,0.0,2,0.12380952380952381,voip,transport,ikev2,AES_CBC_128,PASS,0
exp_004_voip_transport_aes_cbc_128_1789042493,0,0,4,1640.0,0.05575990676879883,29411.81388268897,71.73613142119261,410.0,101.46920715172658,286.0,514.0,420.0,293.2,300.4,322.0,508.0,511.6,512.8,-0.08040378344839896,-1.8875703421157966,1.5,0.6328843056027117,0.01858663558959961,0.006247238515571736,0.01364588737487793,0.02740001678466797,0.01385951042175293,0.01417994499206543,0.01471400260925293,0.02105700969696045,0.02486281394958496,0.9182958340544896,0.33609645968459106,0.0,0,1.0,0.5,0.5121951219512195,0.5,0.4878048780487805,0.9746143952974334,0.024390243902439025,0.0,1.0,0.0,0.0,0.0,0.0,0,0.0,voip,transport,ikev2,AES_CBC_128,PASS,0
exp_004_voip_transport_aes_cbc_128_1789042493,2,0,44,12936.0,0.6949942111968994,18613.104672802936,63.30987983946577,294.0,46.16177088142407,154.0,346.0,298.0,172.4,266.0,282.0,314.0,341.20000000000005,346.0,-1.793958184622944,2.948884669594288,2.587208972161272,0.23026499630663746,0.0161626560743465,0.010436617652404813,0.00014090538024902344,0.039743900299072266,0.00023617744445800782,0.009327530860900879,0.015356063842773438,0.023264050483703613,0.03143539428710938,3.1758425228298117,0.6456842192385467,0.0,6,2.8333333333333335,0.8636363636363636,0.8630179344465059,0.13636363636363635,0.13698206555349413,1.0261037911947177,0.7260358688930117,0.09090909090909091,0.9090909090909091,0.0,0.0,0.0,0.0,2,0.13953488372093023,voip,transport,ikev2,AES_CBC_128,PASS,0
exp_004_voip_transport_aes_cbc_128_1789042493,3,0,83,24398.0,1.4537591934204102,16782.69696275921,57.09336207512971,293.95180722891564,42.138012948976844,154.0,346.0,298.0,171.60000000000002,266.0,282.0,314.0,330.0,346.0,-1.9329889832221,3.9866925048467143,2.575579523933846,0.18507812628810769,0.017728770651468415,0.009714719360925007,0.00014090538024902344,0.039743900299072266,0.004774188995361328,0.011792004108428955,0.017058968544006348,0.02494204044342041,0.030553507804870608,3.1952827874001315,0.5479326017181397,0.0,9,2.888888888888889,0.9156626506024096,0.9131896057053857,0.08433734939759036,0.08681039429461432,0.11645760683229835,0.8263792114107714,0.07228915662650602,0.927710843373494,0.0,0.0,0.0,0.0,2,0.12195121951219512,voip,transport,ikev2,AES_CBC_128,PASS,0
exp_004_voip_transport_aes_cbc_128_1789042493,4,0,79,23814.0,1.4938621520996094,15941.229896299095,52.8830587808696,301.44303797468353,37.21295093583668,138.0,378.0,314.0,266.0,266.0,282.0,322.0,330.0,346.0,-2.199046120307546,7.297989442482201,2.229823110856851,-0.01753411896347575,0.019152078873071916,0.008960846459150207,0.00016188621520996094,0.036074161529541016,0.006460952758789063,0.012815535068511963,0.020667552947998047,0.02494901418685913,0.03047385215759277,3.0952921500978126,0.4678540989954686,0.0,7,3.0,0.9746835443037974,0.9695977156294616,0.02531645569620253,0.030402284370538338,0.019430436485203647,0.9391954312589234,0.0379746835443038,0.9620253164556962,0.0,0.0,0.0,0.0,2,0.16666666666666666,voip,transport,ikev2,AES_CBC_128,PASS,0
exp_004_voip_transport_aes_cbc_128_1789042493,5,0,78,23164.0,1.4750940799713135,15703.40516887606,52.877983214139725,296.97435897435895,52.77697982025933,42.0,378.0,298.0,254.0,266.0,282.0,326.0,334.79999999999995,346.0,-3.2141542923276627,12.44725891175108,1.888656691888786,0.28097888873879323,0.019157065973653423,0.009426334580134596,8.20159912109375e-05,0.04882407188415527,0.0066242218017578125,0.01327204704284668,0.01989006996154785,0.024837970733642578,0.03098163604736329,2.8825241131542216,0.4920295500129236,0.0,7,3.0,0.9871794871794872,0.9836815748575376,0.01282051282051282,0.016318425142462442,1.0,0.9673631497150751,0.05128205128205128,0.9487179487179487,0.0,0.0,0.02564102564102564,0.0,2,0.16,voip,transport,ikev2,AES_CBC_128,PASS,0
exp_004_voip_transport_aes_cbc_128_1789042493,6,0,75,22126.0,1.4681189060211182,15070.986354889792,51.08578037678452,295.0133333333333,51.578159029659915,42.0,346.0,298.0,242.0,266.0,282.0,314.0,330.0,346.0,-3.3326150505727794,13.29868461818933,2.018996618851145,0.30878515537759815,0.019839444675961056,0.009715448962273568,8.20159912109375e-05,0.04882407188415527,0.006558799743652344,0.013540983200073242,0.019968509674072266,0.027059853076934814,0.03161756992340088,2.936053490993095,0.48967899263089265,0.0,5,3.0,0.9866666666666667,0.9865316821838561,0.013333333333333334,0.013468317816143903,1.0,0.9730633643677122,0.05333333333333334,0.9466666666666667,0.0,0.0,0.02666666666666667,0.0,2,0.08333333333333333,voip,transport,ikev2,AES_CBC_128,PASS,0
exp_004_voip_transport_aes_cbc_128_1789042493,7,0,78,23436.0,1.4705979824066162,15936.374373128992,53.03964845127417,300.46153846153845,35.60023491268371,122.0,346.0,306.0,266.0,282.0,282.0,314.0,330.0,346.0,-2.4982704017598945,9.101117442580271,2.3977174510602106,-0.11475175244607907,0.019098675096189822,0.009860454657712299,0.00013399124145507812,0.0412449836730957,0.004975557327270509,0.011209964752197266,0.019191980361938477,0.026933908462524414,0.03214092254638672,3.1204474256705397,0.5162629525399284,0.0,8,2.875,0.9743589743589743,0.9732036183649087,0.02564102564102564,0.026796381635091314,0.019550982924445046,0.9464072367298174,0.038461538461538464,0.9615384615384616,0.0,0.0,0.0,0.0,2,0.05194805194805195,voip,transport,ikev2,AES_CBC_128,PASS,0
exp_004_voip_transport_aes_cbc_128_1789042493,8,0,77,23026.0,1.479537010192871,15562.976688902396,52.04330778448209,299.038961038961,32.03506259216917,122.0,346.0,298.0,266.0,266.0,282.0,314.0,330.0,330.0,-2.593984439590491,11.583375114041358,2.3943154551425114,-0.11229031255135284,0.019467592239379883,0.010814409037118578,0.00013399124145507812,0.04038381576538086,0.0049054622650146484,0.010455965995788574,0.018990039825439453,0.026555240154266357,0.035027503967285156,3.217229573665342,0.555479764748673,0.0,8,3.0,0.974025974025974,0.9720316164335968,0.025974025974025976,0.027968383566403198,0.01986436820787836,0.9440632328671936,0.025974025974025976,0.974025974025974,0.0,0.0,0.0,0.0,2,0.05263157894736842,voip,transport,ikev2,AES_CBC_128,PASS,0
exp_004_voip_transport_aes_cbc_128_1789042493,9,0,76,22536.0,1.4442739486694336,15603.687943524663,52.62159583368275,296.5263157894737,32.228409208504274,154.0,346.0,298.0,266.0,266.0,282.0,314.0,330.0,330.0,-1.709412112649443,5.765251125399903,2.437667867370241,-0.06777560887015874,0.019256985982259115,0.010466063304106026,0.00014495849609375,0.04038381576538086,0.0064972400665283215,0.01147150993347168,0.017818212509155273,0.02637350559234619,0.03460521697998047,3.209290806389966,0.5434661399041206,0.0,7,3.0,0.9868421052631579,0.9860667376641817,0.013157894736842105,0.013933262335818247,1.0,0.9721334753283635,0.02631578947368421,0.9736842105263158,0.0,0.0,0.0,0.0,2,0.14666666666666667,voip,transport,ikev2,AES_CBC_128,PASS,0
exp_004_voip_transport_aes_cbc_128_1789042493,10,0,43,12638.0,0.7722289562225342,16365.61268282472,55.682967665885656,293.90697674418607,38.90107546399293,154.0,362.0,298.0,266.0,266.0,282.0,330.0,330.0,330.0,-1.5262080764587085,3.8095750132465724,2.5993350482716098,-0.05142408329244807,0.01838640371958415,0.010227727812851107,0.00016880035400390625,0.03592395782470703,0.004175949096679688,0.01278144121170044,0.017188549041748047,0.024284183979034424,0.03363375663757324,3.118508949293819,0.5562355604319335,0.0,6,3.0,0.9767441860465116,0.9713562272511473,0.023255813953488372,0.028643772748852665,1.0,0.9427124545022947,0.046511627906976744,0.9534883720930233,0.0,0.0,0.0,0.0,2,0.23809523809523808,voip,transport,ikev2,AES_CBC_128,PASS,0
exp_004_voip_transport_aes_cbc_128_1789042493,11,0,3,1006.0,0.015185832977294922,66245.95446980877,197.5525481207021,335.3333333333333,19.955506062794353,314.0,362.0,330.0,315.6,317.2,322.0,346.0,355.6,358.8,0.3818017741606092,-1.499999999999998,1.584962500721156,0.0,0.007592916488647461,0.007424116134643555,0.00016880035400390625,0.015017032623291016,0.0016536235809326172,0.0038808584213256836,0.007592916488647461,0.011304974555969238,0.013532209396362306,1.0,0.9776399497864179,0.0,1,3.0,0.6666666666666666,0.6401590457256461,0.3333333333333333,0.35984095427435386,1.0,0.2803180914512923,0.0,1.0,0.0,0.0,0.0,0.0,2,0.5,voip,transport,ikev2,AES_CBC_128,PASS,0
exp_005_voip_tunnel_3des_cbc_1789042535,-1,1,369,114791.0,9.412715911865234,12195.311223118906,39.20228799584354,311.08672086720867,38.3185628995794,42.0,382.0,318.0,278.0,278.0,294.0,334.0,350.0,350.0,-2.9793866955628836,16.244714793691642,2.005699869766419,0.332003200874187,0.025578032369199005,0.11348546418146895,5.9604644775390625e-06,2.178615093231201,0.0008018732070922852,0.00603872537612915,0.016939163208007812,0.030224382877349854,0.04274747371673584,0.02707688868348268,4.436659782256755,0.32531681017974967,58,3.3448275862068964,0.924119241192412,0.9301600299675061,0.07588075880758807,0.06983997003249384,0.08867703835577513,0.8603200599350124,0.032520325203252036,0.967479674796748,0.0,0.0,0.005420054200542005,0.0,2,0.5130434782608696,voip,tunnel,ikev1,3DES_CBC,CRITICAL_FAIL,0
exp_005_voip_tunnel_3des_cbc_1789042535,0,0,9,1774.0,0.2508668899536133,7071.479222818215,35.87559921384664,197.11111111111111,61.81773288276943,106.0,286.0,210.0,109.2,112.4,146.0,218.0,286.0,286.0,-0.021579189786528463,-1.108862186766865,2.197159723424149,0.20113822709857732,0.03135836124420166,0.02960422987705407,0.0005981922149658203,0.07238507270812988,0.000668787956237793,0.0016260147094726562,0.02756941318511963,0.05530613660812378,0.07040321826934814,1.9056390622295665,0.9440316608020161,0.7673225547703314,3,2.6666666666666665,0.5555555555555556,0.5445321307779031,0.4444444444444444,0.455467869222097,1.0488855184389292,0.08906426155580609,0.7777777777777778,0.2222222222222222,0.0,0.0,0.0,0.0,0,0.0,voip,tunnel,ikev1,3DES_CBC,CRITICAL_FAIL,0
exp_005_voip_tunnel_3des_cbc_1789042535,2,0,40,12309.0,0.5469450950622559,22505.001162134806,73.13348334433279,307.725,27.643251889023475,246.0,366.0,302.0,263.6,276.7,292.0,326.0,342.8,350.4,-0.013086373228242501,-0.4191146064686615,3.2184539577019216,0.16878141179441863,0.01402423320672451,0.014764187814648739,1.5974044799804688e-05,0.04581594467163086,3.790855407714844e-05,0.00019443035125732422,0.008839845657348633,0.023302078247070312,0.039816427230834964,2.8116160159121204,1.052687509507502,0.0,8,3.875,0.7,0.7071248679827769,0.3,0.29287513201722315,2.5685176966196948,0.41424973596555364,0.025,0.975,0.0,0.0,0.0,0.0,2,0.48484848484848486,voip,tunnel,ikev1,3DES_CBC,CRITICAL_FAIL,0
exp_005_voip_tunnel_3des_cbc_1789042535,3,0,77,24059.0,1.3031790256500244,18461.776568264973,59.08627938635866,312.45454545454544,27.661471847922126,246.0,366.0,310.0,269.0,278.0,294.0,334.0,350.0,358.0,-0.04980674534930579,-0.8009673344544206,3.1685848425361884,-0.011323802991244311,0.017147092442763478,0.014963149724399773,1.5974044799804688e-05,0.04998207092285156,0.00010347366333007812,0.0027884840965270996,0.015346527099609375,0.029309451580047607,0.040256500244140625,2.9910908983524007,0.8725839200099627,0.0,14,3.7142857142857144,0.8181818181818182,0.8250550729456753,0.18181818181818182,0.1749449270543248,0.2734676211579005,0.6501101458913504,0.012987012987012988,0.987012987012987,0.0,0.0,0.0,0.0,2,0.4927536231884058,voip,tunnel,ikev1,3DES_CBC,CRITICAL_FAIL,0
exp_005_voip_tunnel_3des_cbc_1789042535,4,0,75,23612.0,1.4403750896453857,16392.952203729914,52.069770255791276,314.82666666666665,26.777290544207208,270.0,382.0,318.0,278.0,278.0,294.0,334.0,350.0,358.0,0.20572792376107477,-1.060844567526705,3.102704352321938,-0.06037785335705552,0.01946452823845116,0.015023665334388037,2.8848648071289062e-05,0.06101799011230469,0.0020818471908569335,0.005559206008911133,0.01872110366821289,0.03008735179901123,0.04005708694458008,2.9364025659790802,0.7718087662635886,0.08225301839598992,14,3.2142857142857144,0.9466666666666667,0.9446891411146875,0.05333333333333334,0.05531085888531255,0.06171585891343487,0.8893782822293749,0.0,1.0,0.0,0.0,0.0,0.0,2,0.5555555555555556,voip,tunnel,ikev1,3DES_CBC,CRITICAL_FAIL,0
exp_005_voip_tunnel_3des_cbc_1789042535,5,0,74,22790.0,1.4764437675476074,15435.738563788644,50.12043237035365,307.97297297297297,50.71861244078142,42.0,382.0,318.0,278.0,278.0,294.0,334.0,350.0,350.0,-3.768846922778217,17.604557431198707,1.8487899252678228,0.4269708441368283,0.020225257089693253,0.017085065076632138,3.814697265625e-05,0.06792116165161133,0.0020815372467041016,0.006311178207397461,0.015239953994750977,0.032073020935058594,0.04485354423522949,2.9210992082175187,0.8446973160119783,0.16866419470553337,13,3.230769230769231,0.972972972972973,0.9691970162351908,0.02702702702702703,0.03080298376480913,531.2028295039969,0.9383940324703818,0.02702702702702703,0.972972972972973,0.0,0.0,0.02702702702702703,0.0,2,0.5285714285714286,voip,tunnel,ikev1,3DES_CBC,CRITICAL_FAIL,0
exp_005_voip_tunnel_3des_cbc_1789042535,6,0,74,23078.0,1.434800148010254,16084.470044140999,51.575127102280696,311.86486486486484,51.00538506925342,42.0,358.0,318.0,278.0,286.0,294.0,342.0,350.0,350.0,-3.9202379906653406,18.289007453656307,1.9312691612494617,0.3991176367036153,0.01965479654808567,0.01479542097910368,3.600120544433594e-05,0.06792116165161133,0.003521299362182617,0.007791996002197266,0.016304969787597656,0.030765056610107422,0.04065127372741698,2.821242247562657,0.7527255862110888,0.04733841277184335,7,3.2857142857142856,0.972972972972973,0.9737412254094809,0.02702702702702703,0.026258774590519108,546.1566061483622,0.9474824508189618,0.02702702702702703,0.972972972972973,0.0,0.0,0.02702702702702703,0.0,2,0.4142857142857143,voip,tunnel,ikev1,3DES_CBC,CRITICAL_FAIL,0
exp_005_voip_tunnel_3des_cbc_1789042535,7,0,74,23359.0,1.4433588981628418,16183.77801233786,51.2692997522583,315.6621621621622,25.621083498739452,263.0,358.0,318.0,278.0,278.0,294.0,340.0,350.0,350.0,-0.14102154621128196,-1.1726507411770712,3.458964894522962,-0.0725949186566695,0.019772039700860847,0.013638842108705787,5.9604644775390625e-06,0.05915689468383789,0.0010118961334228517,0.007791996002197266,0.018826961517333984,0.02902984619140625,0.03673505783081054,2.9122839332188413,0.6897696214159729,0.04098557521565487,7,3.4285714285714284,0.9459459459459459,0.9488419880988056,0.05405405405405406,0.0511580119011944,0.06172248719678211,0.8976839761976112,0.0,1.0,0.0,0.0,0.0,0.0,2,0.5211267605633803,voip,tunnel,ikev1,3DES_CBC,CRITICAL_FAIL,0
exp_005_voip_tunnel_3des_cbc_1789042535,8,0,77,24237.0,1.4707579612731934,16479.25806841713,52.35395763783137,314.76623376623377,25.547458309491834,244.0,358.0,318.0,278.0,278.0,294.0,334.0,342.0,350.0,-0.39961180393139706,-0.7187868817118206,3.144469448028212,0.06072254258183826,0.019352078437805176,0.015431299061895281,5.9604644775390625e-06,0.059339046478271484,0.0005476474761962891,0.006440937519073486,0.017358064651489258,0.027640819549560547,0.04332399368286133,3.002933404912475,0.7973563023312655,0.15148360963207466,12,3.25,0.948051948051948,0.9531707719602261,0.05194805194805195,0.0468292280397739,0.0608498520767982,0.9063415439204522,0.012987012987012988,0.987012987012987,0.0,0.0,0.0,0.0,2,0.7027027027027027,voip,tunnel,ikev1,3DES_CBC,CRITICAL_FAIL,0
exp_005_voip_tunnel_3des_cbc_1789042535,9,0,74,23730.0,1.4954509735107422,15868.123007931923,49.48340086755003,320.6756756756757,25.285990196532506,244.0,358.0,326.0,278.0,280.4,302.0,342.0,350.0,350.0,-0.6325195306678814,-0.36041888592373184,3.1181965553990465,0.08486164231685164,0.020485629774119756,0.015006983133153951,3.409385681152344e-05,0.052153825759887695,0.0025206565856933593,0.007071971893310547,0.017999887466430664,0.029890060424804688,0.044489383697509766,3.1492517108292066,0.7325257154845398,0.10323759289940526,10,3.1,0.972972972972973,0.9769911504424779,0.02702702702702703,0.023008849557522124,600.1816751255673,0.9539823008849557,0.013513513513513514,0.9864864864864865,0.0,0.0,0.0,0.0,2,0.5833333333333334,voip,tunnel,ikev1,3DES_CBC,CRITICAL_FAIL,0
exp_005_voip_tunnel_3des_cbc_1789042535,10,0,71,22627.0,1.448322057723999,15622.906438059606,49.02224586123799,318.6901408450704,24.487761559141045,247.0,358.0,318.0,278.0,286.0,298.0,342.0,350.0,350.0,-0.44702086220101916,-0.5113906073625465,3.120133334814365,-0.16205182088987424,0.020690315110342843,0.014465271422498,3.2901763916015625e-05,0.05954790115356445,0.0029184341430664065,0.00798022747039795,0.021154403686523438,0.030030250549316406,0.0384901762008667,2.9977584759698868,0.6990986964993506,0.11415405823132423,11,3.1818181818181817,0.971830985915493,0.9753833915234013,0.028169014084507043,0.024616608476598755,628.2520827772316,0.9507667830468025,0.014084507042253521,0.9859154929577465,0.0,0.0,0.0,0.0,2,0.391304347826087,voip,tunnel,ikev1,3DES_CBC,CRITICAL_FAIL,0
exp_005_voip_tunnel_3des_cbc_1789042535,11,0,61,19079.0,1.1303439140319824,16878.933714911982,53.96587644056979,312.7704918032787,24.27600410215745,247.0,358.0,310.0,278.0,286.0,294.0,334.0,342.0,350.0,-0.07830892055120875,-0.6790011645837102,3.104874528287942,-0.32082690412023823,0.018839065233866373,0.014273311532724906,3.2901763916015625e-05,0.05954790115356445,0.0028677225112915044,0.005850255489349365,0.01648712158203125,0.028436005115509033,0.03477482795715333,2.866132729377278,0.7576041460338259,0.14959862948918437,11,3.090909090909091,0.9672131147540983,0.9708055977776613,0.03278688524590164,0.029194402222338697,574.857645202305,0.9416111955553226,0.01639344262295082,0.9836065573770492,0.0,0.0,0.0,0.0,2,0.423728813559322,voip,tunnel,ikev1,3DES_CBC,CRITICAL_FAIL,0
exp_005_voip_tunnel_3des_cbc_1789042535,12,0,23,7154.0,0.4100799560546875,17445.37838139535,56.086623255813954,311.04347826086956,24.776353138793915,278.0,358.0,310.0,278.8,286.0,294.0,334.0,348.4,350.0,0.4487824503811532,-1.1613986861225645,3.000972825245975,-0.28326982555363645,0.018639998002485794,0.012398758922610104,0.00011682510375976562,0.04388689994812012,0.004937911033630371,0.008262932300567627,0.017505645751953125,0.02858555316925049,0.03824326992034914,2.9883167106100124,0.6651338582278008,0.0,3,3.0,1.0,1.0,0.0,0.0,1.0,1.0,0.0,1.0,0.0,0.0,0.0,0.0,1,0.5,voip,tunnel,ikev1,3DES_CBC,CRITICAL_FAIL,0
exp_006_voip_transport_3des_cbc_1789042578,-1,1,302,86236.0,6.002117872238159,14367.59521149541,50.315573007463406,285.5496688741722,36.669399831416875,42.0,334.0,286.0,254.0,254.0,270.0,310.0,318.0,326.0,-3.784190240579608,23.096193596577933,2.0012542400877145,0.19937392609780336,0.019940590937668302,0.015091007999663598,9.083747863769531e-05,0.06383299827575684,0.0022509098052978516,0.007565975189208984,0.01651906967163086,0.030234098434448242,0.04236292839050293,2.9863798630024414,0.7567604834957132,0.13826436986932955,43,3.2325581395348837,0.9602649006622517,0.9577902500115961,0.039735099337748346,0.04220974998840391,0.03807323755787707,0.9155805000231921,0.04304635761589404,0.956953642384106,0.0,0.0,0.013245033112582781,0.0,2,0.4882154882154882,voip,transport,ikev1,3DES_CBC,CRITICAL_FAIL,0
exp_006_voip_transport_3des_cbc_1789042578,0,0,80,23044.0,1.4869790077209473,15497.192549691013,53.80035601350812,288.05,35.999965277761035,42.0,334.0,286.0,254.0,262.0,270.0,310.0,326.0,326.0,-3.8650789080804384,24.62998668869688,1.8974355588900547,-0.12448410414108806,0.018822519085075283,0.015398135206421965,0.00011205673217773438,0.05637502670288086,0.0012930870056152353,0.006018877029418945,0.016566991806030273,0.026770591735839844,0.04313011169433595,3.044039438107483,0.8180263816148372,0.1794108300322503,15,3.1333333333333333,0.9125,0.9086096163860441,0.0875,0.0913903836139559,0.12266692400245208,0.8172192327720882,0.0375,0.9625,0.0,0.0,0.0125,0.0,2,0.46153846153846156,voip,transport,ikev1,3DES_CBC,CRITICAL_FAIL,0
exp_006_voip_transport_3des_cbc_1789042578,1,0,73,19998.0,1.4594790935516357,13702.148998472432,50.01784562898728,273.94520547945206,60.284233248689794,42.0,326.0,286.0,164.40000000000003,254.0,262.0,310.0,318.0,326.0,-3.0078775918596974,9.098328050560665,2.0868497372339747,0.2210498275197907,0.02027054296599494,0.01515194581071922,9.083747863769531e-05,0.06058001518249512,0.0024467945098876954,0.007243752479553223,0.019055485725402832,0.02819281816482544,0.04023518562316894,3.03781813155012,0.7474490637509078,0.1550821130576024,10,3.3,0.9726027397260274,0.970997099709971,0.0273972602739726,0.029002900290029002,0.021015764982618673,0.941994199419942,0.0821917808219178,0.9178082191780822,0.0,0.0,0.0547945205479452,0.0,2,0.5735294117647058,voip,transport,ikev1,3DES_CBC,CRITICAL_FAIL,0
exp_006_voip_transport_3des_cbc_1789042578,2,0,74,20584.0,1.484328031539917,13867.554585387112,49.85420906134115,278.1621621621622,53.70364802824172,42.0,326.0,286.0,251.2,254.0,262.0,310.0,318.0,318.0,-3.344165762632982,12.253567572918717,2.0938066931810178,0.4097302571285971,0.02033326070602626,0.01477220038017142,9.083747863769531e-05,0.06058001518249512,0.0024517059326171877,0.007796049118041992,0.01848602294921875,0.03153491020202637,0.039090871810913086,3.029267586468359,0.7264685249065156,0.11456966524209317,10,3.2,0.9864864864864865,0.985328410415857,0.013513513513513514,0.014671589584143024,1.0,0.970656820831714,0.05405405405405406,0.9459459459459459,0.0,0.0,0.04054054054054054,0.0,2,0.5,voip,transport,ikev1,3DES_CBC,CRITICAL_FAIL,0
exp_006_voip_transport_3des_cbc_1789042578,3,0,74,21212.0,1.4674651622772217,14454.857631565907,50.42709149235702,286.64864864864865,24.77162305915098,246.0,326.0,294.0,254.0,254.0,262.0,310.0,318.0,318.0,-0.11680778973079184,-1.453402573665169,3.2820985339751214,0.04431685303402185,0.020102262496948242,0.014191920880516462,0.00017786026000976562,0.05406808853149414,0.003584623336791992,0.009312868118286133,0.01570296287536621,0.03152918815612793,0.0398902416229248,3.132851497698376,0.705951130204406,0.1072025241287767,9,3.0,0.9864864864864865,0.9861399207995474,0.013513513513513514,0.013860079200452574,1.0,0.9722798415990949,0.04054054054054054,0.9594594594594594,0.0,0.0,0.0,0.0,2,0.4657534246575342,voip,transport,ikev1,3DES_CBC,CRITICAL_FAIL,0
exp_006_voip_transport_3des_cbc_1789042578,4,0,71,20586.0,1.4745230674743652,13961.124416494007,48.15116261396456,289.943661971831,24.014014290922084,246.0,326.0,294.0,254.0,254.0,266.0,310.0,318.0,326.0,-0.27266198395157093,-1.2040771423504741,3.3287658558327724,0.2106917171508723,0.021064615249633788,0.015108009534538084,0.00016188621520996094,0.05611395835876465,0.0042709350585937505,0.009852230548858643,0.016503572463989258,0.03400939702987671,0.0428452730178833,3.1096682372632753,0.7171881454922484,0.11044517363941844,9,3.0,0.971830985915493,0.9698824443796755,0.028169014084507043,0.030117555620324494,0.021939274941152647,0.939764888759351,0.028169014084507043,0.971830985915493,0.0,0.0,0.0,0.0,2,0.5285714285714286,voip,transport,ikev1,3DES_CBC,CRITICAL_FAIL,0
exp_006_voip_transport_3des_cbc_1789042578,5,0,72,21064.0,1.4774169921875,14257.31537635297,48.733702387837724,292.55555555555554,23.751543159743026,246.0,326.0,294.0,254.0,254.8,278.0,312.0,318.0,326.0,-0.359191567836771,-1.0437001847707854,3.351189370360474,0.2018572825024437,0.02080869003080986,0.016215099797238054,0.00010418891906738281,0.06383299827575684,0.0032329559326171875,0.009612679481506348,0.016243934631347656,0.03297901153564453,0.04299497604370117,2.970834531763091,0.7792090979361408,0.19378411473395027,9,3.4444444444444446,0.9722222222222222,0.9705658944170148,0.027777777777777776,0.029434105582985187,0.02099749689297683,0.9411317888340296,0.041666666666666664,0.9583333333333334,0.0,0.0,0.0,0.0,2,0.4225352112676056,voip,transport,ikev1,3DES_CBC,CRITICAL_FAIL,0
exp_006_voip_transport_3des_cbc_1789042578,6,0,74,21164.0,1.4707121849060059,14390.307102373401,50.315759099207696,286.0,23.26811993705992,246.0,326.0,286.0,251.2,254.0,270.0,308.0,318.0,320.79999999999995,0.05602147403927781,-1.1165572783227349,3.416424475733971,0.1742625569381959,0.020146742258986383,0.015156918069825928,0.00010418891906738281,0.06383299827575684,0.003579568862915039,0.009728193283081055,0.015435934066772461,0.028790950775146484,0.042035770416259756,2.9645264346886857,0.7522886621733298,0.15651327834745374,8,3.25,0.9864864864864865,0.9861084861084861,0.013513513513513514,0.013891513891513892,1.0,0.9722169722169722,0.05405405405405406,0.9459459459459459,0.0,0.0,0.0,0.0,2,0.4657534246575342,voip,transport,ikev1,3DES_CBC,CRITICAL_FAIL,0
exp_006_voip_transport_3des_cbc_1789042578,7,0,39,11130.0,0.7504258155822754,14831.57930989346,51.97049353871023,285.38461538461536,20.765621718717973,246.0,326.0,286.0,254.0,260.4,270.0,302.0,311.6,318.8,0.18129614066931923,-0.7950740831134926,3.313764962719144,0.05263269867984957,0.01974804777848093,0.012571397257870686,0.00019216537475585938,0.04798698425292969,0.004171013832092285,0.010767519474029541,0.01614689826965332,0.02799069881439209,0.03748502731323244,3.0267794083407424,0.6365571342416216,0.0,4,3.25,0.9743589743589743,0.9714285714285714,0.02564102564102564,0.02857142857142857,1.0,0.9428571428571428,0.02564102564102564,0.9743589743589743,0.0,0.0,0.0,0.0,2,0.5263157894736842,voip,transport,ikev1,3DES_CBC,CRITICAL_FAIL,0
exp_006_voip_transport_3des_cbc_1789042578,8,0,3,858.0,0.001611948013305664,532275.230291377,1861.1022038160036,286.0,26.127890589687233,254.0,318.0,286.0,257.2,260.4,270.0,302.0,311.6,314.8,0.0,-1.5,1.584962500721156,0.0,0.000805974006652832,0.0006138086318969727,0.00019216537475585938,0.0014197826385498047,0.00031492710113525393,0.0004990696907043457,0.000805974006652832,0.0011128783226013184,0.0012970209121704102,1.0,0.7606299915940651,0.0,1,3.0,0.6666666666666666,0.6293706293706294,0.3333333333333333,0.3706293706293706,1.0,0.25874125874125875,0.0,1.0,0.0,0.0,0.0,0.0,2,1.0,voip,transport,ikev1,3DES_CBC,CRITICAL_FAIL,0
exp_007_voip_tunnel_aes_gcm_16_256_1789042620,-1,1,319,95278.0,8.306331157684326,11470.527503813368,38.404440413489624,298.6771159874608,51.155909667181454,42.0,514.0,306.0,189.6,270.0,282.0,326.0,338.79999999999995,346.0,-2.033370970690128,9.99503434982406,1.8112270891179871,0.28276123200063735,0.026120538231711718,0.12753162415398875,5.9604644775390625e-06,2.273411989212036,0.00030767917633056646,0.004793047904968262,0.01294100284576416,0.0279809832572937,0.04955251216888429,0.030670777440983978,4.882240204336991,0.49580444807151286,56,3.4642857142857144,0.9184952978056427,0.9196456684649132,0.08150470219435736,0.0803543315350868,0.08569104731441018,0.8392913369298264,0.05956112852664577,0.9404388714733543,0.0,0.0,0.012539184952978056,0.0,2,0.7281879194630873,voip,tunnel,ikev2,AES_GCM_16_256,PASS,0
exp_007_voip_tunnel_aes_gcm_16_256_1789042620,0,0,4,1608.0,0.03261303901672363,49305.43268830096,122.6503300704004,402.0,109.36178491593853,270.0,514.0,412.0,277.2,284.4,306.0,508.0,511.6,512.8,-0.06935955084097174,-1.9029053366293442,1.5,0.62433452397764,0.010871013005574545,0.003410460659060621,0.00739598274230957,0.015505075454711914,0.007859182357788087,0.00855398178100586,0.009711980819702148,0.012608528137207031,0.014346456527709961,1.584962500721156,0.31369173834798875,0.0,0,1.0,0.5,0.5124378109452736,0.5,0.48756218905472637,0.908121464549852,0.024875621890547265,0.0,1.0,0.0,0.0,0.0,0.0,0,0.0,voip,tunnel,ikev2,AES_GCM_16_256,PASS,0
exp_007_voip_tunnel_aes_gcm_16_256_1789042620,2,0,44,12710.0,0.6613490581512451,19218.293038066633,66.53067613492777,288.8636363636364,52.00200647749999,111.0,362.0,298.0,167.8,246.4,281.0,322.0,336.8,341.4,-1.7730615795277542,3.172882595653678,2.7743221560658893,0.4685138185488807,0.01538021065468012,0.01987092831969666,1.0967254638671875e-05,0.061717987060546875,1.773834228515625e-05,0.00020003318786621094,0.005628108978271484,0.024901986122131348,0.05364265441894533,2.345520020129521,1.291896247038944,0.5122929854331394,8,4.5,0.7272727272727273,0.7439811172305272,0.2727272727272727,0.2560188827694729,2.7651056478966134,0.4879622344610543,0.11363636363636363,0.8863636363636364,0.0,0.0,0.0,0.0,2,0.8648648648648649,voip,tunnel,ikev2,AES_GCM_16_256,PASS,0
exp_007_voip_tunnel_aes_gcm_16_256_1789042620,3,0,81,23821.0,1.4140379428863525,16846.082610326754,57.28276274868675,294.08641975308643,45.83631573619603,111.0,362.0,298.0,178.0,270.0,282.0,322.0,338.0,342.0,-2.125332324922732,5.368777951205811,2.647611858207483,0.31980961041128464,0.017675474286079407,0.018342250813318965,1.0967254638671875e-05,0.061717987060546875,0.00012891292572021485,0.001838982105255127,0.012648582458496094,0.026871085166931152,0.050873565673828156,2.7765234935295124,1.0376645543938516,0.36102163160596906,14,3.9285714285714284,0.8271604938271605,0.8383359220855547,0.1728395061728395,0.16166407791444523,0.2786898318136361,0.6766718441711095,0.07407407407407407,0.9259259259259259,0.0,0.0,0.0,0.0,2,0.684931506849315,voip,tunnel,ikev2,AES_GCM_16_256,PASS,0
exp_007_voip_tunnel_aes_gcm_16_256_1789042620,4,0,77,23437.0,1.463191032409668,16017.73075481647,52.62470743358229,304.3766233766234,36.21043795882401,130.0,350.0,310.0,270.8,274.0,286.0,326.0,339.6,342.8,-2.652954785353472,10.675591648117411,2.363083636830112,-0.014914409639425284,0.019252513584337737,0.0162530115392576,1.3113021850585938e-05,0.06972002983093262,0.001660466194152832,0.008060455322265625,0.015506505966186523,0.026527583599090576,0.043683409690856934,2.7952552487849274,0.8441582087374966,0.23905813003864387,12,3.1666666666666665,0.948051948051948,0.9476468831335069,0.05194805194805195,0.05235311686649315,0.06051449312077961,0.8952937662670137,0.025974025974025976,0.974025974025974,0.0,0.0,0.0,0.0,2,0.6081081081081081,voip,tunnel,ikev2,AES_GCM_16_256,PASS,0
exp_007_voip_tunnel_aes_gcm_16_256_1789042620,5,0,80,23234.0,1.490812063217163,15584.794739224992,53.66202888602907,290.425,67.76776058717006,42.0,350.0,306.0,129.4,270.0,286.0,326.0,338.40000000000003,346.0,-2.693960213577721,6.840139019409584,2.113646177061376,0.35052971205500033,0.0188710387749008,0.016440430461792357,8.106231689453125e-06,0.06972002983093262,0.0006865978240966797,0.007447957992553711,0.015449047088623047,0.027049541473388672,0.04516415596008302,2.84079057818625,0.8711528551784027,0.23329824038980834,13,3.3846153846153846,0.975,0.9728845657226478,0.025,0.027115434277352156,1371.8674732579043,0.9457691314452957,0.0875,0.9125,0.0,0.0,0.05,0.0,2,0.7027027027027027,voip,tunnel,ikev2,AES_GCM_16_256,PASS,0
exp_007_voip_tunnel_aes_gcm_16_256_1789042620,6,0,75,21270.0,1.489267110824585,14282.19279496686,50.36034130806368,283.6,69.33435896677298,42.0,350.0,302.0,106.40000000000002,212.40000000000003,280.0,320.0,334.0,338.0,-2.473527118489834,5.58940198639432,2.303640671419247,0.2914032415296555,0.020125231227359257,0.019400887187061823,8.106231689453125e-06,0.0872030258178711,0.0009594440460205086,0.004838287830352783,0.01285862922668457,0.03125351667404175,0.04886007308959961,2.5619283338908363,0.9639602649843646,0.29531834057772754,13,3.5384615384615383,0.9733333333333334,0.9742360131640808,0.02666666666666667,0.025763986835919135,1153.7588967140678,0.9484720263281617,0.12,0.88,0.0,0.0,0.05333333333333334,0.0,2,0.7101449275362319,voip,tunnel,ikev2,AES_GCM_16_256,PASS,0
exp_007_voip_tunnel_aes_gcm_16_256_1789042620,7,0,70,20983.0,1.4903268814086914,14079.46153408062,46.969561425232015,299.75714285714287,34.693941716627336,134.0,346.0,304.0,265.05,270.0,278.0,325.0,338.0,342.0,-1.8960745708152755,6.654078185401152,2.526667658977801,-0.20254407423119586,0.02159894031027089,0.021032392124253493,1.0013580322265625e-05,0.0872030258178711,0.0014285087585449228,0.004785060882568359,0.01170206069946289,0.038166046142578125,0.05169711112976074,2.6150257641479175,0.9737245484077784,0.36974706297541277,14,3.357142857142857,0.9428571428571428,0.9462898536910832,0.05714285714285714,0.05371014630891674,0.06678140929961411,0.8925797073821665,0.04285714285714286,0.9571428571428572,0.0,0.0,0.0,0.0,2,0.7761194029850746,voip,tunnel,ikev2,AES_GCM_16_256,PASS,0
exp_007_voip_tunnel_aes_gcm_16_256_1789042620,8,0,76,23118.0,1.4293789863586426,16173.457299028398,53.169943538634755,304.1842105263158,28.778514704328604,182.0,346.0,306.0,270.0,274.0,282.0,327.0,342.0,346.0,-0.8251496111631959,2.3592406488319977,2.5952410877438616,-0.09848204708527354,0.019058386484781902,0.017829779282907115,1.0013580322265625e-05,0.08204913139343262,0.0023270130157470705,0.005541443824768066,0.012651920318603516,0.02566206455230713,0.048729228973388675,2.574316249257342,0.9354854783569987,0.29432017013469,15,3.1333333333333333,0.9473684210526315,0.9502552123886149,0.05263157894736842,0.049744787611385066,0.06240737233563277,0.9005104247772299,0.013157894736842105,0.9868421052631579,0.0,0.0,0.0,0.0,2,0.684931506849315,voip,tunnel,ikev2,AES_GCM_16_256,PASS,0
exp_007_voip_tunnel_aes_gcm_16_256_1789042620,9,0,79,23961.0,1.4797370433807373,16192.7418842314,53.38786398123119,303.30379746835445,36.381019682990896,138.0,346.0,306.0,268.7,277.2,286.0,332.0,342.0,346.0,-1.9220361654705789,5.9175399988065855,2.3889470523313263,-0.024795979834538986,0.01897098773565048,0.01766884470574357,5.9604644775390625e-06,0.08204913139343262,0.002696728706359863,0.006842255592346191,0.012812972068786621,0.024820446968078613,0.0446998119354248,2.5730308283240038,0.9313122563610897,0.2943481371930278,14,3.0714285714285716,0.9746835443037974,0.9761696089478736,0.02531645569620253,0.023830391052126372,1506.8749563364483,0.9523392178957473,0.0379746835443038,0.9620253164556962,0.0,0.0,0.0,0.0,2,0.7402597402597403,voip,tunnel,ikev2,AES_GCM_16_256,PASS,0
exp_007_voip_tunnel_aes_gcm_16_256_1789042620,10,0,43,13135.0,0.7570021152496338,17351.338570128722,56.80301168751695,305.4651162790698,41.13186329933099,138.0,374.0,314.0,270.4,278.0,286.0,334.0,342.0,346.0,-1.9697038542257863,5.660085273400325,2.4643090034924335,0.044395766873955765,0.018023859886896042,0.016362983815050063,5.9604644775390625e-06,0.060176849365234375,0.0018236160278320317,0.005937695503234863,0.01193094253540039,0.025201618671417236,0.04151873588562011,2.877137500624375,0.9078008882025123,0.22454085654705982,8,3.0,0.9534883720930233,0.9472401979444233,0.046511627906976744,0.052759802055576704,1550.2281269416223,0.8944803958888466,0.046511627906976744,0.9534883720930233,0.0,0.0,0.0,0.0,2,0.926829268292683,voip,tunnel,ikev2,AES_GCM_16_256,PASS,0
exp_007_voip_tunnel_aes_gcm_16_256_1789042620,11,0,5,1671.0,0.051805973052978516,32254.96794146072,96.51396750885912,334.2,22.912005586591498,314.0,374.0,319.0,314.8,315.6,318.0,346.0,362.8,368.4,0.8094868569186064,-0.9553736190962487,1.9219280948873623,-0.03419382276001252,0.012951493263244629,0.01559660767591675,1.1205673217773438e-05,0.03826785087585449,4.618167877197266e-05,9.864568710327148e-05,0.006763458251953125,0.019616305828094482,0.030807232856750494,1.5,1.2041394161674912,0.0,1,4.0,0.6,0.585278276481149,0.4,0.414721723518851,2116.5147591419545,0.17055655296229802,0.0,1.0,0.0,0.0,0.0,0.0,2,1.0,voip,tunnel,ikev2,AES_GCM_16_256,PASS,0
exp_008_voip_transport_aes_gcm_16_128_1789042662,-1,1,353,102634.0,9.396774053573608,10922.259002382645,37.566083635452905,290.74787535410763,39.014291015189436,42.0,514.0,294.0,254.0,258.0,270.0,314.0,325.20000000000005,326.0,-1.8987429563484268,21.639764087304417,1.6031757660459955,0.2346571230531948,0.026695380834015934,0.12080592094542589,7.867813110351562e-06,2.263225793838501,0.0012441635131835939,0.0061490535736083984,0.015206456184387207,0.030840754508972168,0.04744095802307129,0.02812521429951083,4.5251797124311945,0.43002010482499814,66,3.212121212121212,0.9603399433427762,0.9554923319757586,0.039660056657223795,0.04450766802424148,0.04302723328363948,0.910984663951517,0.0113314447592068,0.9886685552407932,0.0,0.0,0.0113314447592068,0.0,2,0.7296511627906976,voip,transport,ikev2,AES_GCM_16_128,PASS,0
exp_008_voip_transport_aes_gcm_16_128_1789042662,0,0,4,1624.0,0.13957810401916504,11635.062758676057,28.65779004600014,406.0,104.65180361560904,286.0,514.0,412.0,290.8,295.6,310.0,508.0,511.6,512.8,-0.032665979665104164,-1.9508254627003763,1.5,0.5790099088852613,0.046526034673055015,0.046377727196900295,0.0108489990234375,0.11202692985534668,0.012019634246826172,0.01377558708190918,0.01670217514038086,0.06436455249786377,0.09296197891235353,0.9182958340544896,0.9967909522452075,0.8026110588231274,0,1.0,0.5,0.5073891625615764,0.5,0.49261083743842365,0.954523643734015,0.014778325123152709,0.0,1.0,0.0,0.0,0.0,0.0,0,0.0,voip,transport,ikev2,AES_GCM_16_128,PASS,0
exp_008_voip_transport_aes_gcm_16_128_1789042662,2,0,33,9870.0,0.5517010688781738,17890.123033601525,59.81500102419963,299.09090909090907,23.59810423351795,250.0,342.0,302.0,262.8,270.0,278.0,318.0,326.0,332.4,-0.1773038368803463,-0.8357960804860833,3.2516286812151147,0.2022201519614903,0.017240658402442932,0.018705156308062038,0.0001289844512939453,0.0701901912689209,0.00014634132385253905,0.002787947654724121,0.010757923126220703,0.02510857582092285,0.04438776969909669,2.6134256611773563,1.0848815045199913,0.3365109451072212,7,3.142857142857143,0.8181818181818182,0.8087132725430598,0.18181818181818182,0.19128672745694023,1.235662633339136,0.6174265450861196,0.0,1.0,0.0,0.0,0.0,0.0,2,0.6875,voip,transport,ikev2,AES_GCM_16_128,PASS,0
exp_008_voip_transport_aes_gcm_16_128_1789042662,3,0,72,21208.0,1.326050043106079,15993.363229583212,54.296593385986014,294.55555555555554,24.804171293962774,250.0,342.0,296.0,254.0,262.0,274.0,315.0,326.0,330.0,-0.07570829240713906,-1.0585264552515634,3.4649099901199847,0.043698221540890266,0.018676761170508156,0.017482115389962298,0.0001289844512939453,0.0701901912689209,0.0002701282501220703,0.005497932434082031,0.014991998672485352,0.027593493461608887,0.04251503944396973,2.786874397043837,0.9359855943316289,0.27253595336953107,14,3.142857142857143,0.9027777777777778,0.8969256884194644,0.09722222222222222,0.10307431158053565,0.12410125308656883,0.7938513768389287,0.0,1.0,0.0,0.0,0.0,0.0,2,0.6197183098591549,voip,transport,ikev2,AES_GCM_16_128,PASS,0
exp_008_voip_transport_aes_gcm_16_128_1789042662,4,0,77,22298.0,1.4778869152069092,15087.757913384194,52.10141534355471,289.5844155844156,24.074209215128604,250.0,330.0,290.0,254.0,256.4,270.0,314.0,323.6,326.8,0.0952797217956616,-1.1618687409720234,3.424682322350983,0.03178493416011924,0.019445880463248806,0.015391412774060429,7.009506225585938e-05,0.06333184242248535,0.0017136335372924805,0.005920469760894775,0.018920063972473145,0.027898311614990234,0.04064035415649414,2.9171528126521022,0.7914592164613496,0.1542132899651492,15,3.1333333333333333,0.974025974025974,0.972553592250426,0.025974025974025976,0.027446407749573954,0.019989334795385595,0.9451071845008521,0.0,1.0,0.0,0.0,0.0,0.0,2,0.6973684210526315,voip,transport,ikev2,AES_GCM_16_128,PASS,0
exp_008_voip_transport_aes_gcm_16_128_1789042662,5,0,78,21728.0,1.4749150276184082,14731.696126986302,52.88440251771593,278.56410256410254,59.48746684280729,42.0,330.0,288.0,218.8,254.0,270.0,313.0,322.0,326.59999999999997,-3.121936463176687,9.909875497728605,1.998085266888291,0.22662988749616367,0.019154740618420887,0.016626073026210067,4.792213439941406e-05,0.06333184242248535,0.0019112110137939455,0.005280017852783203,0.01423501968383789,0.03086686134338379,0.049034976959228524,2.9000161301267493,0.8679420627684739,0.220144798732413,16,3.125,0.9871794871794872,0.9855486008836525,0.01282051282051282,0.01445139911634757,1.0,0.9710972017673049,0.05128205128205128,0.9487179487179487,0.0,0.0,0.05128205128205128,0.0,2,0.7671232876712328,voip,transport,ikev2,AES_GCM_16_128,PASS,0
exp_008_voip_transport_aes_gcm_16_128_1789042662,6,0,79,22326.0,1.4709548950195312,15177.895716308525,53.706609405552875,282.60759493670884,59.92092209188918,42.0,334.0,294.0,229.20000000000007,258.0,270.0,314.0,326.0,330.0,-3.186783101070196,10.237130888314919,2.021518279048493,0.1685471927372454,0.01885839608999399,0.016422994138533,4.792213439941406e-05,0.06805610656738281,0.002036786079406738,0.0066642165184021,0.014078497886657715,0.03100299835205078,0.04630146026611328,2.767866164403118,0.8708123027993646,0.22535493202836085,16,3.125,0.9873417721518988,0.9850398638358864,0.012658227848101266,0.01496013616411359,1.0,0.9700797276717729,0.05063291139240506,0.9493670886075949,0.0,0.0,0.05063291139240506,0.0,2,0.7297297297297297,voip,transport,ikev2,AES_GCM_16_128,PASS,0
exp_008_voip_transport_aes_gcm_16_128_1789042662,7,0,77,22582.0,1.4972729682922363,15082.086218224214,51.42682839444091,293.27272727272725,23.762699332672007,250.0,334.0,298.0,254.0,258.0,274.0,314.0,323.6,326.0,-0.15989636975115562,-1.1631133286844564,3.363851666713552,0.14798264225577756,0.01970096010910837,0.018158896692869006,1.1920928955078125e-05,0.08872103691101074,0.0010546445846557617,0.005573153495788574,0.01627945899963379,0.029351472854614258,0.04047846794128418,2.5361916060009575,0.9216797005123365,0.22919122206337625,17,3.1176470588235294,0.974025974025974,0.9725445044725888,0.025974025974025976,0.027455495527411212,0.020484893632157112,0.9450890089451776,0.0,1.0,0.0,0.0,0.0,0.0,2,0.7368421052631579,voip,transport,ikev2,AES_GCM_16_128,PASS,0
exp_008_voip_transport_aes_gcm_16_128_1789042662,8,0,73,21230.0,1.4567749500274658,14573.287383613875,50.11069142740522,290.82191780821915,23.360980502124516,250.0,342.0,290.0,254.0,258.0,274.0,310.0,322.0,326.0,-0.011313245665221494,-1.0212090352525638,3.328180088981042,0.06742113727214245,0.020232985417048138,0.019203010546525505,7.867813110351562e-06,0.08872103691101074,0.0005229711532592773,0.0041348934173583984,0.014308571815490723,0.030531764030456543,0.04806172847747803,2.563986494034656,0.9490473651496266,0.263189472872792,15,3.4,0.9726027397260274,0.9704192180876119,0.0273972602739726,0.02958078191238813,0.019852568825578645,0.9408384361752238,0.0,1.0,0.0,0.0,0.0,0.0,2,0.7222222222222222,voip,transport,ikev2,AES_GCM_16_128,PASS,0
exp_008_voip_transport_aes_gcm_16_128_1789042662,9,0,71,20810.0,1.4501161575317383,14350.574532884988,48.96159499446584,293.09859154929575,22.499549247176613,250.0,342.0,294.0,258.0,262.0,274.0,314.0,322.0,324.0,-0.05670421533857029,-1.079205203954717,3.3600731590232513,0.030549004432763812,0.02071594510759626,0.018642842863394217,7.867813110351562e-06,0.08802390098571777,0.001976776123046875,0.00756382942199707,0.014124512672424316,0.03056657314300537,0.04822232723236084,2.601769318931638,0.8998837795133445,0.22283873606842755,11,3.4545454545454546,0.9859154929577465,0.9835655934646804,0.014084507042253521,0.016434406535319558,1.0,0.9671311869293608,0.0,1.0,0.0,0.0,0.0,0.0,2,0.7285714285714285,voip,transport,ikev2,AES_GCM_16_128,PASS,0
exp_008_voip_transport_aes_gcm_16_128_1789042662,10,0,69,20058.0,1.4746949672698975,13601.456874253374,46.78933713847257,290.69565217391306,23.46215228388181,250.0,330.0,294.0,251.6,261.2,266.0,310.0,318.8,322.0,-0.16179843463334787,-1.2839404057480968,3.511599871337302,0.14956064713145287,0.02168669069514555,0.0191130817058309,9.202957153320312e-05,0.08802390098571777,0.0024819135665893554,0.0072560906410217285,0.015575051307678223,0.035518646240234375,0.04546144008636475,2.6697828614686028,0.8812870846645311,0.23013493726030945,12,3.1666666666666665,0.9855072463768116,0.9847442416990727,0.014492753623188406,0.01525575830092731,1.0,0.9694884833981454,0.0,1.0,0.0,0.0,0.0,0.0,2,0.7941176470588235,voip,transport,ikev2,AES_GCM_16_128,PASS,0
exp_008_voip_transport_aes_gcm_16_128_1789042662,11,0,51,14682.0,1.130795955657959,12983.77477080488,45.10097488837003,287.88235294117646,22.88046264685782,250.0,330.0,290.0,252.0,258.0,266.0,306.0,318.0,326.0,-0.002214198633263566,-1.1150768471517192,3.500132942674035,-0.055451805824472615,0.022615919113159178,0.019357347662595892,0.00011396408081054688,0.08100104331970215,0.002022004127502442,0.0070497989654541016,0.015321969985961914,0.033890485763549805,0.04801456928253175,2.8099486672340763,0.8558790684860886,0.2769323507000566,8,3.0,0.9803921568627451,0.9791581528402125,0.0196078431372549,0.020841847159787496,1.0,0.958316305680425,0.0,1.0,0.0,0.0,0.0,0.0,2,0.82,voip,transport,ikev2,AES_GCM_16_128,PASS,0
exp_008_voip_transport_aes_gcm_16_128_1789042662,12,0,18,5228.0,0.3963911533355713,13188.99263015124,45.40969153456816,290.44444444444446,21.41189239190383,258.0,330.0,292.0,261.4,262.0,272.0,302.0,320.4,326.6,0.12099097767821729,-0.8877615744895944,3.1279868068776753,-0.26998294542187384,0.02331712666679831,0.020244731535579177,0.00011396408081054688,0.08100104331970215,0.007460498809814454,0.01057887077331543,0.01468205451965332,0.03358006477355957,0.04989967346191407,2.322756958897399,0.868197168017137,0.3394629447516969,1,3.0,1.0,1.0,0.0,0.0,1.0,1.0,0.0,1.0,0.0,0.0,0.0,0.0,1,0.7058823529411765,voip,transport,ikev2,AES_GCM_16_128,PASS,0
exp_009_voip_tunnel_aes_cbc_256_1789042705,-1,1,322,105259.0,8.194772005081177,12844.652655953581,39.29334456167219,326.89130434782606,43.62777320919654,42.0,514.0,338.0,290.0,290.0,306.0,354.0,370.0,370.0,-2.9968444180490295,21.873730517466747,1.566374151263969,0.4652243547329738,0.025528884751031704,0.12026690713144209,6.9141387939453125e-06,2.173902988433838,0.014141082763671875,0.01783299446105957,0.020263195037841797,0.022546052932739258,0.02451491355895996,0.030426401876334434,4.710828439074011,0.2652792520750922,12,4.166666666666667,0.9254658385093167,0.9270086168403652,0.07453416149068323,0.07299138315963481,0.08816517860311388,0.8540172336807303,0.015527950310559006,0.984472049689441,0.0,0.0,0.012422360248447204,0.0,2,0.052980132450331126,voip,tunnel,ikev2,AES_CBC_256,PASS,0
exp_009_voip_tunnel_aes_cbc_256_1789042705,0,0,4,1624.0,0.0236508846282959,68665.50767648868,169.12686619824797,406.0,104.65180361560904,286.0,514.0,412.0,290.8,295.6,310.0,508.0,511.6,512.8,-0.032665979665104164,-1.9508254627003763,1.5,0.5790099088852613,0.007883628209431967,0.0011687950459281183,0.006448984146118164,0.009311914443969727,0.006737184524536133,0.007169485092163086,0.007889986038208008,0.008600950241088867,0.009027528762817382,1.584962500721156,0.14823717934219782,0.0,0,1.0,0.5,0.5073891625615764,0.5,0.49261083743842365,0.8335204984288199,0.014778325123152709,0.0,1.0,0.0,0.0,0.0,0.0,0,0.0,voip,tunnel,ikev2,AES_CBC_256,PASS,0
exp_009_voip_tunnel_aes_cbc_256_1789042705,1,0,12,3536.0,0.05128908157348633,68942.54861892322,233.96792517734124,294.6666666666667,32.93006056612846,245.0,338.0,306.0,248.85,252.3,255.75,322.0,336.4,338.0,-0.2626903459780227,-1.4176286086444871,2.5220552088742005,-0.462648576844562,0.004662643779407848,0.007540594142939218,6.9141387939453125e-06,0.019137859344482422,1.0013580322265625e-05,1.2993812561035156e-05,8.797645568847656e-05,0.007960081100463867,0.015923023223876953,1.0957952550009336,1.6168889605665082,0.0,4,3.75,0.3333333333333333,0.3416289592760181,0.6666666666666666,0.6583710407239819,2.3317438743307193,-0.3167420814479638,0.08333333333333333,0.9166666666666666,0.0,0.0,0.0,0.0,2,0.5714285714285714,voip,tunnel,ikev2,AES_CBC_256,PASS,0
exp_009_voip_tunnel_aes_cbc_256_1789042705,2,0,53,17007.0,0.7915380001068115,21486.01835629502,66.95825088984748,320.8867924528302,31.241397534366484,245.0,370.0,322.0,255.6,281.2,306.0,338.0,354.0,370.0,-0.5700288339468155,-0.1657204046933125,2.92408349354192,0.026463122890253467,0.015221884617438683,0.008585687774515715,6.9141387939453125e-06,0.025928020477294922,2.3317337036132842e-05,0.014939844608306885,0.018862485885620117,0.02070373296737671,0.02279253005981445,2.1823232688763783,0.5639987420439566,0.0,6,3.8333333333333335,0.7735849056603774,0.7903804315869936,0.22641509433962265,0.2096195684130064,2.216717704259473,0.5807608631739872,0.018867924528301886,0.9811320754716981,0.0,0.0,0.0,0.0,2,0.13043478260869565,voip,tunnel,ikev2,AES_CBC_256,PASS,0
exp_009_voip_tunnel_aes_cbc_256_1789042705,3,0,79,25859.0,1.4610509872436523,17698.903204455808,54.07066604091453,327.32911392405066,25.13493787035319,266.0,370.0,322.0,290.0,290.0,306.0,346.0,357.20000000000005,370.0,-0.12696230196187805,-0.42820260695365153,2.642480008422492,-0.16135146103791803,0.018731422913380157,0.0059618987827350835,1.0967254638671875e-05,0.028701066970825195,0.0156355619430542,0.01817983388900757,0.019858956336975098,0.021345317363739014,0.023275399208068846,2.144725828965795,0.3182662921023756,0.0,3,3.6666666666666665,0.9240506329113924,0.9288062183379094,0.0759493670886076,0.07119378166209057,0.10929351388162621,0.8576124366758189,0.0,1.0,0.0,0.0,0.0,0.0,2,0.05333333333333334,voip,tunnel,ikev2,AES_CBC_256,PASS,0
exp_009_voip_tunnel_aes_cbc_256_1789042705,4,0,77,25217.0,1.4817931652069092,17017.89466445463,51.96406746095914,327.4935064935065,24.287575454761576,266.0,370.0,322.0,290.0,290.0,306.0,338.0,360.4000000000001,370.0,0.03890935062390412,-0.580438444773284,2.548512443733993,-0.2792276177779401,0.019497278489564594,0.005410843862440953,1.0967254638671875e-05,0.028701066970825195,0.016429543495178223,0.017839908599853516,0.0204164981842041,0.02247464656829834,0.02444636821746826,2.247901676301031,0.2775036711747048,0.0,2,4.0,0.948051948051948,0.9499147400563113,0.05194805194805195,0.05008525994368878,0.06154689980993093,0.8998294801126224,0.0,1.0,0.0,0.0,0.0,0.0,2,0.05405405405405406,voip,tunnel,ikev2,AES_CBC_256,PASS,0
exp_009_voip_tunnel_aes_cbc_256_1789042705,5,0,82,25949.0,1.4801321029663086,17531.54326427758,55.40046042894762,316.4512195121951,66.7759545665121,42.0,370.0,322.0,289.05,290.0,306.0,354.0,370.0,370.0,-3.293523724263806,10.99292105515867,1.774820468320745,0.6268012797044133,0.01827323583909023,0.006550215273050035,7.867813110351562e-06,0.02666497230529785,0.013184070587158203,0.017361164093017578,0.02028799057006836,0.02168107032775879,0.023817062377929688,2.4274035248895736,0.3584399003453012,0.0,3,4.666666666666667,0.9512195121951219,0.948784153531928,0.04878048780487805,0.051215846468071986,0.05813559066163132,0.897568307063856,0.04878048780487805,0.9512195121951219,0.0,0.0,0.04878048780487805,0.0,2,0.05333333333333334,voip,tunnel,ikev2,AES_CBC_256,PASS,0
exp_009_voip_tunnel_aes_cbc_256_1789042705,6,0,79,25192.0,1.4760029315948486,17067.716778028058,53.52292892442905,318.88607594936707,68.07051209038606,42.0,370.0,338.0,265.2000000000001,290.0,306.0,354.0,370.0,370.0,-3.3304989429668574,10.917638657926656,1.7724638599170857,0.6583927668405876,0.018923114507626265,0.006163417497738123,7.867813110351562e-06,0.027599811553955078,0.014693331718444825,0.01726013422012329,0.020484566688537598,0.022433817386627197,0.0242706298828125,2.4523352587677967,0.3256911965552901,0.0,2,5.0,0.9746835443037974,0.973404255319149,0.02531645569620253,0.026595744680851064,923.6192909500797,0.9468085106382979,0.05063291139240506,0.9493670886075949,0.0,0.0,0.05063291139240506,0.0,2,0.0273972602739726,voip,tunnel,ikev2,AES_CBC_256,PASS,0
exp_009_voip_tunnel_aes_cbc_256_1789042705,7,0,76,25477.0,1.4819209575653076,17191.87509289087,51.284786554920366,335.2236842105263,24.28753128459698,290.0,402.0,338.0,290.0,306.0,322.0,354.0,370.0,370.0,-0.045578766566203174,-0.36848639940658323,2.5083984899266545,-0.009719170596942803,0.01975894610087077,0.004630631103077383,2.002716064453125e-05,0.027599811553955078,0.015561485290527343,0.017634987831115723,0.019752025604248047,0.022928595542907715,0.024396133422851563,2.356479927551785,0.23434431852389126,0.0,1,4.0,0.9736842105263158,0.9716999646740198,0.02631578947368421,0.028300035325980296,965.4316830083013,0.9433999293480394,0.0,1.0,0.0,0.0,0.0,0.0,2,0.02702702702702703,voip,tunnel,ikev2,AES_CBC_256,PASS,0
exp_009_voip_tunnel_aes_cbc_256_1789042705,8,0,77,25611.0,1.4829010963439941,17270.875355842963,51.925243153328964,332.61038961038963,24.749212682823515,290.0,402.0,338.0,290.0,306.0,306.0,354.0,370.0,370.0,0.10755578482447194,-0.4908776376537065,2.5447215903161227,0.025097549224637573,0.019511856530842028,0.00550039554682097,1.3828277587890625e-05,0.027531862258911133,0.015562891960144043,0.01783674955368042,0.020342469215393066,0.022889316082000732,0.024308443069458008,2.4087994009199827,0.281885716636467,0.0,2,4.0,0.948051948051948,0.9459216742805826,0.05194805194805195,0.05407832571941744,0.062211207069174,0.8918433485611651,0.0,1.0,0.0,0.0,0.0,0.0,2,0.05405405405405406,voip,tunnel,ikev2,AES_CBC_256,PASS,0
exp_009_voip_tunnel_aes_cbc_256_1789042705,9,0,69,22814.0,1.4308960437774658,15943.855669467524,48.22153244469445,330.6376811594203,24.962563863172754,290.0,370.0,338.0,290.0,293.2,306.0,354.0,354.0,370.0,-0.12680182600173703,-1.261862996689025,2.4799355913358863,0.1099407358949768,0.02104258887908038,0.0047018952397124844,1.3828277587890625e-05,0.027557849884033203,0.017313885688781738,0.019200444221496582,0.0216139554977417,0.02409827709197998,0.025209641456604003,2.3001641362353893,0.22343599595726185,0.0,1,4.0,0.9710144927536232,0.9708950644341194,0.028985507246376812,0.0291049355658806,1462.0877549016434,0.9417901288682388,0.0,1.0,0.0,0.0,0.0,0.0,2,0.029850746268656716,voip,tunnel,ikev2,AES_CBC_256,PASS,0
exp_009_voip_tunnel_aes_cbc_256_1789042705,10,0,32,10608.0,0.6774680614471436,15658.302735837005,47.23469905229866,331.5,27.087820141163075,290.0,370.0,338.0,290.0,291.6,306.0,354.0,368.40000000000003,370.0,-0.12282593671674814,-1.4544098859734915,2.414717001462482,0.13460915460379766,0.021853808433778824,0.002958981201598033,0.015522956848144531,0.027557849884033203,0.018234968185424805,0.01979649066925049,0.02202606201171875,0.024517416954040527,0.025527000427246094,3.1517994400343845,0.13539268534720383,0.0,0,1.0,1.0,1.0,0.0,0.0,1.0,1.0,0.0,1.0,0.0,0.0,0.0,0.0,1,0.0,voip,tunnel,ikev2,AES_CBC_256,PASS,0
exp_010_voip_transport_aes_cbc_128_1789042747,-1,1,323,96014.0,8.244694948196411,11645.549120165299,39.17670720742175,297.25696594427245,51.95037140624231,42.0,514.0,298.0,170.0,266.0,282.0,330.0,330.0,346.0,-1.9813393520276033,9.19384524112568,1.7595914606136542,0.17079188117762623,0.025604642696262146,0.12186562573829358,1.5974044799804688e-05,2.206447124481201,0.012320947647094727,0.017751753330230713,0.020050883293151855,0.022302865982055664,0.024013113975524903,0.030345867660395466,4.759326964914778,0.26762022589615375,19,3.1578947368421053,0.9597523219814241,0.9541941800154145,0.04024767801857585,0.045805819984585584,0.04429102912353089,0.9083883600308288,0.05572755417956656,0.9442724458204335,0.0,0.0,0.01238390092879257,0.0,2,0.04777070063694268,voip,transport,ikev2,AES_CBC_128,PASS,0
exp_010_voip_transport_aes_cbc_128_1789042747,0,0,4,1640.0,0.0405268669128418,40466.982151051285,98.69995646597874,410.0,101.46920715172658,286.0,514.0,420.0,293.2,300.4,322.0,508.0,511.6,512.8,-0.08040378344839896,-1.8875703421157966,1.5,0.6328843056027117,0.013508955637613932,0.0023292547205794726,0.010535955429077148,0.016223907470703125,0.011182165145874024,0.012151479721069336,0.013767004013061523,0.014995455741882324,0.015732526779174805,1.584962500721156,0.17241024197699403,0.0,0,1.0,0.5,0.5121951219512195,0.5,0.4878048780487805,1.2339928214234026,0.024390243902439025,0.0,1.0,0.0,0.0,0.0,0.0,0,0.0,voip,transport,ikev2,AES_CBC_128,PASS,0
exp_010_voip_transport_aes_cbc_128_1789042747,1,0,4,920.0,0.001,920000.0,4000.0,230.0,69.16646586316233,154.0,314.0,226.0,156.4,158.8,166.0,290.0,304.4,309.2,0.05918540775306672,-1.870292278609859,2.0,-0.4798720511772551,3.727277119954427e-05,1.6474859912148854e-05,2.09808349609375e-05,5.984306335449219e-05,2.2983551025390626e-05,2.5987625122070312e-05,3.0994415283203125e-05,4.5418739318847656e-05,5.407333374023438e-05,1.584962500721156,0.43045902859380686,0.0,1,4.0,0.5,0.47391304347826085,0.5,0.5260869565217391,1.4100654200936318,-0.05217391304347826,0.5,0.5,0.0,0.0,0.0,0.0,2,0.3333333333333333,voip,transport,ikev2,AES_CBC_128,PASS,0
exp_010_voip_transport_aes_cbc_128_1789042747,2,0,44,13208.0,0.7525429725646973,17551.15718506625,58.46842187635637,300.1818181818182,46.845623026001206,154.0,378.0,314.0,184.39999999999998,266.0,282.0,330.0,346.0,346.0,-1.60134153136754,3.0731648828778066,2.573077770332404,0.058104253665614274,0.017500999361969704,0.008669572750359946,2.09808349609375e-05,0.028413057327270508,0.00014476776123046876,0.017855525016784668,0.020347118377685547,0.02229154109954834,0.024599504470825196,2.245009230993465,0.4953475640730602,0.0,6,3.1666666666666665,0.8636363636363636,0.857359176256814,0.13636363636363635,0.14264082374318596,1.1347462343965056,0.7147183525136281,0.06818181818181818,0.9318181818181818,0.0,0.0,0.0,0.0,2,0.11627906976744186,voip,transport,ikev2,AES_CBC_128,PASS,0
exp_010_voip_transport_aes_cbc_128_1789042747,3,0,80,23984.0,1.4584619998931885,16444.72053557548,54.8523033207988,299.8,38.03103995422686,138.0,378.0,298.0,266.0,266.0,282.0,318.0,331.60000000000014,346.0,-1.8650020674185848,6.097656931009977,2.3660341218272958,0.13084798212663445,0.018461544302445423,0.006616722405556686,0.00012612342834472656,0.028413057327270508,0.010809373855590826,0.017813920974731445,0.019820213317871094,0.0219266414642334,0.023943185806274414,2.4218413131587497,0.3583862709908449,0.0,8,2.875,0.9375,0.9278685790527018,0.0625,0.0721314209472982,0.08059444113464413,0.8557371581054036,0.0375,0.9625,0.0,0.0,0.0,0.0,2,0.0759493670886076,voip,transport,ikev2,AES_CBC_128,PASS,0
exp_010_voip_transport_aes_cbc_128_1789042747,4,0,79,23414.0,1.4788610935211182,15832.45384071337,53.419486350745544,296.37974683544303,40.93845451606296,138.0,346.0,298.0,256.40000000000003,266.0,282.0,322.0,330.0,330.0,-2.412736151007321,6.872995866017405,2.469158455902451,-0.04061369331578813,0.018959757609245103,0.00531786516082345,0.00012612342834472656,0.027517080307006836,0.013192129135131837,0.017792165279388428,0.019804000854492188,0.021959960460662842,0.023762059211730958,2.5183830889549834,0.28046691331735096,0.0,4,2.75,0.9746835443037974,0.9718117365678653,0.02531645569620253,0.02818826343213462,0.019141714005336947,0.9436234731357308,0.05063291139240506,0.9493670886075949,0.0,0.0,0.0,0.0,2,0.05128205128205128,voip,transport,ikev2,AES_CBC_128,PASS,0
exp_010_voip_transport_aes_cbc_128_1789042747,5,0,78,22876.0,1.4839890003204346,15415.2085999697,52.56103649229046,293.28205128205127,56.66181670856767,42.0,346.0,298.0,138.0,266.0,282.0,330.0,330.0,346.0,-2.9136826864668777,9.18615502604173,2.0973029900060447,0.11135624477181236,0.019272584419745904,0.0053619699243602275,0.00017595291137695312,0.02698493003845215,0.012850236892700196,0.018085002899169922,0.020146846771240234,0.022523164749145508,0.024139785766601564,2.5098689291905028,0.27820304763170345,0.0,3,3.0,0.9871794871794872,0.9855744011190768,0.01282051282051282,0.014425598880923238,1.0,0.9711488022381535,0.0641025641025641,0.9358974358974359,0.0,0.0,0.02564102564102564,0.0,2,0.02666666666666667,voip,transport,ikev2,AES_CBC_128,PASS,0
exp_010_voip_transport_aes_cbc_128_1789042747,6,0,79,23174.0,1.4750559329986572,15710.590684442266,53.55729110515833,293.34177215189874,57.16130542041361,42.0,362.0,298.0,138.0,266.0,282.0,330.0,333.20000000000005,346.0,-2.7778157490547666,8.666552532851187,2.0648833691668056,0.13988563636310755,0.018910973499982785,0.005554898353048612,0.00013113021850585938,0.028183937072753906,0.012911581993103027,0.017549633979797363,0.019515037536621094,0.02235579490661621,0.024073171615600585,2.652841588494426,0.29372388624876555,0.0,4,3.0,0.9873417721518988,0.9843790454820057,0.012658227848101266,0.015620954517994303,1.0,0.9687580909640114,0.06329113924050633,0.9367088607594937,0.0,0.0,0.02531645569620253,0.0,2,0.02631578947368421,voip,transport,ikev2,AES_CBC_128,PASS,0
exp_010_voip_transport_aes_cbc_128_1789042747,7,0,79,23702.0,1.4689371585845947,16135.47581765733,53.78038096341782,300.0253164556962,42.398344451660236,138.0,362.0,314.0,256.40000000000003,266.0,282.0,330.0,330.0,346.0,-2.144791939662169,5.579280260792247,2.7003889198136353,-0.1138737497586168,0.01883252767416147,0.005450132608218116,0.00012993812561035156,0.028183937072753906,0.013671422004699707,0.016871094703674316,0.01958644390106201,0.02199608087539673,0.02391941547393799,2.6305194525800784,0.2893845859634352,0.0,4,2.75,0.9746835443037974,0.9701291030292802,0.02531645569620253,0.02987089697071977,0.019528879063322003,0.9402582060585605,0.05063291139240506,0.9493670886075949,0.0,0.0,0.0,0.0,2,0.05128205128205128,voip,transport,ikev2,AES_CBC_128,PASS,0
exp_010_voip_transport_aes_cbc_128_1789042747,8,0,78,22988.0,1.470850944519043,15629.047991342793,53.030526506209235,294.71794871794873,52.026595130956316,42.0,346.0,314.0,251.60000000000002,266.0,282.0,326.0,330.0,332.39999999999986,-3.266507954010022,12.493598038259366,2.1036509805230157,0.2512843949947993,0.019101960318429128,0.005693480614322481,1.5974044799804688e-05,0.02696514129638672,0.0141510009765625,0.01777195930480957,0.020151853561401367,0.022705793380737305,0.02405996322631836,2.4923707759393556,0.2980417966334689,0.0,4,3.25,0.9743589743589743,0.9698973377414303,0.02564102564102564,0.03010266225856969,0.019756218154365606,0.9397946754828607,0.05128205128205128,0.9487179487179487,0.0,0.0,0.02564102564102564,0.0,2,0.05333333333333334,voip,transport,ikev2,AES_CBC_128,PASS,0
exp_010_voip_transport_aes_cbc_128_1789042747,9,0,78,22892.0,1.4940581321716309,15322.02764207455,52.20680395255176,293.4871794871795,54.40346510215715,42.0,346.0,298.0,249.20000000000002,266.0,282.0,330.0,330.0,346.0,-3.0294488813441087,10.650863285674706,2.1731902516194124,0.25824255417777264,0.019403352365865337,0.004980976785118992,1.5974044799804688e-05,0.02497410774230957,0.015657854080200196,0.018123149871826172,0.020195960998535156,0.022504091262817383,0.02382040023803711,2.30129472252292,0.25669379174340023,0.0,3,3.3333333333333335,0.9871794871794872,0.9848855495369562,0.01282051282051282,0.015114450463043858,1.0,0.9697710990739122,0.05128205128205128,0.9487179487179487,0.0,0.0,0.02564102564102564,0.0,2,0.02666666666666667,voip,transport,ikev2,AES_CBC_128,PASS,0
exp_010_voip_transport_aes_cbc_128_1789042747,10,0,39,11590.0,0.7417449951171875,15625.31608072247,52.57871675135257,297.1794871794872,45.102090346049025,122.0,346.0,298.0,254.8,266.0,282.0,330.0,333.20000000000005,346.0,-2.1524678905407773,5.685337613943258,2.461176158525275,0.002227487620384016,0.01951960513466283,0.004112155478140885,0.0024938583374023438,0.02497410774230957,0.015810155868530275,0.018001794815063477,0.020302414894104004,0.022359728813171387,0.02307276725769043,2.4470251920590047,0.2106571722430321,0.0,1,3.0,1.0,1.0,0.0,0.0,1.0,1.0,0.05128205128205128,0.9487179487179487,0.0,0.0,0.0,0.0,1,0.0,voip,transport,ikev2,AES_CBC_128,PASS,0
exp_011_voip_tunnel_3des_cbc_1789042789,-1,1,370,113278.0,6.986320972442627,16214.25646585983,52.9606357136261,306.15675675675675,30.786927205855907,42.0,374.0,310.0,270.0,278.0,286.0,326.0,342.0,342.0,-3.2847967044715047,27.090217253722688,1.7790634330675679,0.2561995598230037,0.018933119166511185,0.010345542262824936,5.9604644775390625e-06,0.06384396553039551,0.00405416488647461,0.01254415512084961,0.01914191246032715,0.0257110595703125,0.03146405220031738,2.5855046591300885,0.5463968073636675,0.016382316829332833,29,3.413793103448276,0.9351351351351351,0.9333851233249174,0.06486486486486487,0.06661487667508253,0.07742985126301533,0.8667702466498349,0.005405405405405406,0.9945945945945946,0.0,0.0,0.005405405405405406,0.0,2,0.10704225352112676,voip,tunnel,ikev1,3DES_CBC,CRITICAL_FAIL,0
exp_011_voip_tunnel_3des_cbc_1789042789,0,0,87,26617.0,1.4799959659576416,17984.50847991149,58.783944011432524,305.9425287356322,24.521328422997083,252.0,366.0,302.0,270.0,271.2,286.0,326.0,337.20000000000005,342.0,0.13846087122526418,-0.7123459739115137,3.3158808154724406,0.022128567094985174,0.01720925541811211,0.011131715277418271,1.6927719116210938e-05,0.04818987846374512,0.0001424551010131836,0.011333167552947998,0.017687559127807617,0.024377942085266113,0.030550479888916016,2.9208956600507068,0.6468070930372846,0.0,8,3.75,0.8390804597701149,0.8372844422737349,0.16091954022988506,0.16271555772626517,0.26363238550492724,0.6745688845474697,0.0,1.0,0.0,0.0,0.0,0.0,2,0.11392405063291139,voip,tunnel,ikev1,3DES_CBC,CRITICAL_FAIL,0
exp_011_voip_tunnel_3des_cbc_1789042789,1,0,80,23747.0,1.4670019149780273,16187.436265450056,54.53298948229269,296.8375,46.71467749808405,42.0,366.0,302.0,270.0,270.0,286.0,318.0,334.0,342.0,-3.931197394227581,19.322716062121817,1.9667424618010005,0.3695785418565706,0.01856964449339275,0.010847786767821728,2.6941299438476562e-05,0.04818987846374512,0.004334115982055664,0.011752009391784668,0.017544031143188477,0.02512502670288086,0.03167924880981445,2.956051073907949,0.5841362571816644,0.0,6,3.5,0.95,0.9476565460900325,0.05,0.05234345390996757,0.05852539346178103,0.8953130921800648,0.025,0.975,0.0,0.0,0.025,0.0,2,0.10666666666666667,voip,tunnel,ikev1,3DES_CBC,CRITICAL_FAIL,0
exp_011_voip_tunnel_3des_cbc_1789042789,2,0,80,23803.0,1.4616000652313232,16285.57672254398,54.73453505035157,297.5375,47.01700324084894,42.0,342.0,302.0,270.0,270.0,286.0,326.0,342.0,342.0,-3.8963294155514925,18.9676871321361,1.7841808624826248,0.3561812666332168,0.01850126664849776,0.009975367807968394,2.6941299438476562e-05,0.0420529842376709,0.00403900146484375,0.012195587158203125,0.018056154251098633,0.025406599044799805,0.031694650650024414,3.1412327898859775,0.5391430140684041,0.0,9,3.2222222222222223,0.975,0.9761794731756501,0.025,0.02382052682434987,679.3463228427848,0.9523589463513003,0.025,0.975,0.0,0.0,0.025,0.0,2,0.14473684210526316,voip,tunnel,ikev1,3DES_CBC,CRITICAL_FAIL,0
exp_011_voip_tunnel_3des_cbc_1789042789,3,0,77,23598.0,1.4869740009307861,15869.813450153531,51.78301702101118,306.46753246753246,22.71882588857618,270.0,350.0,310.0,270.0,278.0,286.0,326.0,342.0,342.0,0.08348981237471001,-1.150468385111529,3.355474977715361,0.015227774089224894,0.01956544738066824,0.00991184198043433,3.790855407714844e-05,0.050608158111572266,0.005014538764953613,0.01328277587890625,0.01972949504852295,0.025290369987487793,0.030966877937316895,2.8520353230670774,0.5065734104714015,0.03403432614147496,7,3.142857142857143,0.974025974025974,0.9733875752182388,0.025974025974025976,0.026612424781761165,516.4479568163413,0.9467751504364776,0.0,1.0,0.0,0.0,0.0,0.0,2,0.12,voip,tunnel,ikev1,3DES_CBC,CRITICAL_FAIL,0
exp_011_voip_tunnel_3des_cbc_1789042789,4,0,79,24103.0,1.493851900100708,16134.798903676527,52.88342170644508,305.1012658227848,23.492845631511884,270.0,350.0,302.0,270.0,276.4,286.0,322.0,342.0,342.0,0.11498793752222855,-1.1276271018370005,3.3538496440901535,0.1060333064486749,0.019151947437188566,0.009690828409431133,3.790855407714844e-05,0.050608158111572266,0.006024003028869629,0.013593077659606934,0.01913297176361084,0.02424567937850952,0.029836845397949216,2.824649671844968,0.5059706053708899,0.03387762743292057,4,3.25,0.9493670886075949,0.9470190432726217,0.05063291139240506,0.052980956727378334,0.05974679843212606,0.8940380865452433,0.0,1.0,0.0,0.0,0.0,0.0,2,0.06578947368421052,voip,tunnel,ikev1,3DES_CBC,CRITICAL_FAIL,0
exp_011_voip_tunnel_3des_cbc_1789042789,5,0,79,24099.0,1.472923994064331,16361.333033554654,53.634810973518306,305.0506329113924,24.316946601176852,270.0,366.0,302.0,270.0,270.0,286.0,322.0,342.0,342.0,0.31773791056424383,-0.8590144116481446,3.370583161674343,0.1067225607966768,0.018883640949542705,0.00984144080691806,5.1021575927734375e-05,0.0390779972076416,0.0051641702651977536,0.0119551420211792,0.01895606517791748,0.026283621788024902,0.031135416030883788,3.2308450921872502,0.5211346529284355,0.0,4,3.5,0.9493670886075949,0.9448524835055396,0.05063291139240506,0.05514751649446035,0.06050864058424591,0.8897049670110793,0.0,1.0,0.0,0.0,0.0,0.0,2,0.10526315789473684,voip,tunnel,ikev1,3DES_CBC,CRITICAL_FAIL,0
exp_011_voip_tunnel_3des_cbc_1789042789,6,0,75,23310.0,1.4735949039459229,15818.458612731072,50.89594148240371,310.8,23.415094846416206,270.0,366.0,310.0,275.6,278.0,294.0,330.0,342.0,342.0,0.07354330006342169,-0.9380426652939491,3.392040865795229,0.09522324742161296,0.019913444647917878,0.009372192528599249,5.316734313964844e-05,0.03567314147949219,0.006601452827453613,0.013138294219970703,0.020707368850708008,0.02764594554901123,0.03135170936584473,3.233385638067219,0.47062284157540607,0.0,3,3.3333333333333335,0.9733333333333334,0.9708279708279708,0.02666666666666667,0.02917202917202917,377.84012842152947,0.9416559416559417,0.0,1.0,0.0,0.0,0.0,0.0,2,0.0958904109589041,voip,tunnel,ikev1,3DES_CBC,CRITICAL_FAIL,0
exp_011_voip_tunnel_3des_cbc_1789042789,7,0,73,22925.0,1.4667880535125732,15629.388271264297,49.76860823565076,314.041095890411,23.27938611684394,270.0,374.0,318.0,278.0,278.0,294.0,334.0,342.0,345.19999999999993,-0.061973171412367,-0.6533664367126644,3.231705601378876,0.1647906450165032,0.02037205629878574,0.010157166932427205,5.9604644775390625e-06,0.06384396553039551,0.008336734771728516,0.01490253210067749,0.020848512649536133,0.025273442268371582,0.03157968521118164,2.37998559999131,0.4985588211932927,0.04352637409168007,5,3.2,0.9726027397260274,0.9698582333696838,0.0273972602739726,0.030141766630316248,349.8802607061845,0.9397164667393675,0.0,1.0,0.0,0.0,0.0,0.0,2,0.09859154929577464,voip,tunnel,ikev1,3DES_CBC,CRITICAL_FAIL,0
exp_011_voip_tunnel_3des_cbc_1789042789,8,0,49,15445.0,0.971221923828125,15902.64760408484,50.451908876669286,315.2040816326531,22.657142489494444,270.0,374.0,310.0,278.0,284.4,302.0,334.0,342.0,350.0,0.10885658443832658,-0.43708324848712854,3.1459774581819824,0.23078560456460662,0.020233790079752605,0.011582153209086909,5.9604644775390625e-06,0.06384396553039551,0.003613114356994629,0.013923048973083496,0.02068352699279785,0.025981605052947998,0.03159732818603516,2.527497149626387,0.5723881079782625,0.06573571288295366,5,3.0,0.9591836734693877,0.9552606021366138,0.04081632653061224,0.04473939786338621,352.54191806487154,0.9105212042732276,0.0,1.0,0.0,0.0,0.0,0.0,2,0.1276595744680851,voip,tunnel,ikev1,3DES_CBC,CRITICAL_FAIL,0
exp_011_voip_tunnel_3des_cbc_1789042789,9,0,12,3832.0,0.2265768051147461,16912.58731474895,52.962173219464354,319.3333333333333,16.599866130651645,294.0,350.0,314.0,298.4,302.0,308.0,334.0,334.0,341.2,0.22490141209270312,-1.1510509885535893,2.3553885422075336,0.30563102932614106,0.020597891374067825,0.010674805763351277,0.003966808319091797,0.03933405876159668,0.005990028381347656,0.011977076530456543,0.023663997650146484,0.027855515480041504,0.03148388862609863,2.9139770731827523,0.5182223435961174,0.0,1,3.0,1.0,1.0,0.0,0.0,1.0,1.0,0.0,1.0,0.0,0.0,0.0,0.0,1,0.0,voip,tunnel,ikev1,3DES_CBC,CRITICAL_FAIL,0
exp_012_voip_transport_3des_cbc_1789042832,-1,1,363,102718.0,9.290725946426392,11055.971362443395,39.0712202784999,282.969696969697,33.99476003482784,42.0,342.0,286.0,246.0,254.0,262.0,302.0,318.0,326.0,-2.983845262543932,17.15356414456317,2.118994330962801,0.34055135134610265,0.02566498880228285,0.1141788533940556,0.00010609626770019531,2.18817400932312,0.007831668853759766,0.014190673828125,0.0198899507522583,0.025091230869293213,0.03221211433410645,0.027460072977490715,4.448644245644649,0.23552239318444054,23,2.9565217391304346,0.9559228650137741,0.9565412099145233,0.0440771349862259,0.04345879008547674,0.048486666243172154,0.9130824198290465,0.06060606060606061,0.9393939393939394,0.0,0.0,0.005509641873278237,0.0,2,0.08831908831908832,voip,transport,ikev1,3DES_CBC,CRITICAL_FAIL,0
exp_012_voip_transport_3des_cbc_1789042832,0,0,9,1722.0,0.11724591255187988,14687.079169928726,76.76173782192714,191.33333333333334,62.87907265360851,94.0,278.0,206.0,100.4,106.8,134.0,218.0,278.0,278.0,-0.14351326179791993,-1.1679665260597276,2.725480556997868,0.19969227721102392,0.014655739068984985,0.013602501285233732,0.0006079673767089844,0.035491943359375,0.0006548643112182617,0.0010161399841308594,0.011115550994873047,0.026901543140411377,0.0329509973526001,2.4056390622295662,0.9280714640010125,0.0,3,2.6666666666666665,0.5555555555555556,0.5400696864111498,0.4444444444444444,0.45993031358885017,0.8687126377404034,0.08013937282229965,0.7777777777777778,0.2222222222222222,0.0,0.0,0.0,0.0,0,0.0,voip,transport,ikev1,3DES_CBC,CRITICAL_FAIL,0
exp_012_voip_transport_3des_cbc_1789042832,2,0,40,11584.0,0.6887199878692627,16819.607683868977,58.0787558144647,289.6,26.889403117213295,246.0,342.0,290.0,246.0,254.0,262.0,310.0,326.0,326.79999999999995,0.08972851395274035,-1.0256008891865727,3.470950594454668,0.1442639944713199,0.017659486868442632,0.010431537330774805,0.0002231597900390625,0.03943586349487305,0.00026521682739257815,0.012929081916809082,0.018969058990478516,0.023772597312927246,0.030647468566894535,2.934953580774896,0.5906709938679452,0.0,7,2.857142857142857,0.85,0.8408149171270718,0.15,0.15918508287292818,1.0768541878133004,0.6816298342541437,0.075,0.925,0.0,0.0,0.0,0.0,2,0.15384615384615385,voip,transport,ikev1,3DES_CBC,CRITICAL_FAIL,0
exp_012_voip_transport_3des_cbc_1789042832,3,0,76,21952.0,1.4283180236816406,15369.126228216599,53.20943847232423,288.8421052631579,25.684857627741305,246.0,342.0,290.0,246.0,254.0,262.0,310.0,322.0,326.0,0.04001422915236294,-0.9751366174071943,3.4799278117727206,0.07066113031230899,0.019044240315755207,0.008963127645113861,0.0002231597900390625,0.03943586349487305,0.003929471969604494,0.015331506729125977,0.019574880599975586,0.02324354648590088,0.030469846725463868,2.8837462992320826,0.47062297437639045,0.0,8,2.875,0.9078947368421053,0.900783527696793,0.09210526315789473,0.099216472303207,0.1244094854751853,0.801567055393586,0.06578947368421052,0.9342105263157895,0.0,0.0,0.0,0.0,2,0.10666666666666667,voip,transport,ikev1,3DES_CBC,CRITICAL_FAIL,0
exp_012_voip_transport_3des_cbc_1789042832,4,0,74,21236.0,1.4677948951721191,14467.961477349181,50.415763294586526,286.97297297297297,23.042248490235412,246.0,334.0,286.0,254.0,254.0,270.0,308.0,318.0,326.0,-0.009685241690539756,-0.9585921980089682,3.397369413390855,-0.06654752943245083,0.02010677938591944,0.007886243738457865,0.0002391338348388672,0.038683176040649414,0.011830615997314452,0.01708698272705078,0.019518136978149414,0.023241043090820312,0.02930459976196289,2.867451098079613,0.3921986404913633,0.0,3,3.0,0.972972972972973,0.9704275758146543,0.02702702702702703,0.029572424185345638,0.020975275659092938,0.9408551516293088,0.04054054054054054,0.9594594594594594,0.0,0.0,0.0,0.0,2,0.0821917808219178,voip,transport,ikev1,3DES_CBC,CRITICAL_FAIL,0
exp_012_voip_transport_3des_cbc_1789042832,5,0,77,21310.0,1.4726850986480713,14470.167464560234,52.28544790103886,276.75324675324674,43.909042894376,42.0,326.0,278.0,246.0,254.0,262.0,302.0,310.0,318.0,-3.8435853406312126,18.378042313557458,2.0178240385571833,0.3762898607014558,0.019377435508527253,0.008296859220653131,0.00010609626770019531,0.038683176040649414,0.009278535842895508,0.014211714267730713,0.019023656845092773,0.024569988250732422,0.02940952777862549,3.027418828595708,0.4281490741088049,0.0,3,3.0,0.987012987012987,0.9862036602534021,0.012987012987012988,0.013796339746597842,1.0,0.9724073205068043,0.06493506493506493,0.935064935064935,0.0,0.0,0.025974025974025976,0.0,2,0.06756756756756757,voip,transport,ikev1,3DES_CBC,CRITICAL_FAIL,0
exp_012_voip_transport_3des_cbc_1789042832,6,0,76,21032.0,1.479457139968872,14216.025210735415,51.370193800679516,276.7368421052632,44.10136900281484,42.0,334.0,278.0,252.0,254.0,262.0,302.0,310.0,320.0,-3.827133725765425,18.29645537494313,1.9742759624014599,0.399006638801284,0.019726095199584962,0.00864633023776168,0.00010609626770019531,0.04010295867919922,0.009322929382324218,0.014986991882324219,0.020339012145996094,0.024669170379638672,0.031799983978271495,3.085127655151882,0.438297182138787,0.0,4,3.0,0.9868421052631579,0.9841194370483073,0.013157894736842105,0.01588056295169266,1.0,0.9682388740966147,0.05263157894736842,0.9473684210526315,0.0,0.0,0.02631578947368421,0.0,2,0.0684931506849315,voip,transport,ikev1,3DES_CBC,CRITICAL_FAIL,0
exp_012_voip_transport_3des_cbc_1789042832,7,0,75,21490.0,1.4722950458526611,14596.259126549146,50.94087643048795,286.53333333333336,21.19958070864191,254.0,334.0,286.0,254.0,254.0,270.0,302.0,318.0,326.0,0.17314250567750084,-0.7404871014260541,3.278483844349637,0.09110506859708828,0.019895878998008935,0.009689054362079588,0.0002651214599609375,0.04109001159667969,0.00786285400390625,0.014232516288757324,0.019605636596679688,0.024761676788330078,0.033275198936462407,3.128113915168556,0.48696352644297447,0.0,5,3.0,0.9733333333333334,0.9715216379711493,0.02666666666666667,0.028478362028850627,0.020427399508330033,0.9430432759422988,0.0,1.0,0.0,0.0,0.0,0.0,2,0.0945945945945946,voip,transport,ikev1,3DES_CBC,CRITICAL_FAIL,0
exp_012_voip_transport_3des_cbc_1789042832,8,0,76,21872.0,1.4762451648712158,14815.967239363024,51.48196370663816,287.7894736842105,22.04678983045502,246.0,326.0,286.0,254.0,254.0,270.0,302.0,318.0,326.0,0.09481522116613468,-0.931266630926098,3.28348697418715,0.23808842466733476,0.019683268864949543,0.009596535007861824,0.0001289844512939453,0.04229092597961426,0.008501577377319335,0.012555122375488281,0.01957106590270996,0.023900866508483887,0.03532099723815918,3.0103365212646995,0.4875230608615456,0.0,3,3.0,0.9736842105263158,0.973482077542063,0.02631578947368421,0.026517922457937087,0.020375765367881212,0.9469641550841258,0.013157894736842105,0.9868421052631579,0.0,0.0,0.0,0.0,2,0.05333333333333334,voip,transport,ikev1,3DES_CBC,CRITICAL_FAIL,0
exp_012_voip_transport_3des_cbc_1789042832,9,0,75,21586.0,1.4732129573822021,14652.328362870792,50.90913681160518,287.81333333333333,22.345584699343977,246.0,326.0,286.0,254.0,262.0,270.0,302.0,318.0,326.0,0.008704465566169385,-0.9735076461782497,3.3663613180771885,0.26236171932627805,0.019908283207867597,0.00838396495107934,0.0001289844512939453,0.04229092597961426,0.010111665725708008,0.014220654964447021,0.01920342445373535,0.024357140064239502,0.03243100643157959,2.9614165458627277,0.42110832738399284,0.0,1,3.0,0.9866666666666667,0.9860094505698138,0.013333333333333334,0.013990549430186232,1.0,0.9720189011396275,0.04,0.96,0.0,0.0,0.0,0.0,2,0.02702702702702703,voip,transport,ikev1,3DES_CBC,CRITICAL_FAIL,0
exp_012_voip_transport_3des_cbc_1789042832,10,0,73,21046.0,1.479947805404663,14220.771788803308,49.326063887800125,288.3013698630137,22.915380329763718,246.0,326.0,286.0,254.0,255.6,262.0,310.0,318.0,318.0,-0.18514477260709017,-1.1880599621409107,3.2797372586101745,0.08624881416303339,0.02055483063062032,0.008546711911048145,0.0002579689025878906,0.04098081588745117,0.010489583015441895,0.014542937278747559,0.020778894424438477,0.025415003299713135,0.03234999179840088,3.0569389287314435,0.4157804208756622,0.0,2,3.0,0.9863013698630136,0.9864107193766036,0.0136986301369863,0.01358928062339637,1.0,0.9728214387532073,0.0410958904109589,0.958904109589041,0.0,0.0,0.0,0.0,2,0.08333333333333333,voip,transport,ikev1,3DES_CBC,CRITICAL_FAIL,0
exp_012_voip_transport_3des_cbc_1789042832,11,0,51,14658.0,1.0126731395721436,14474.561857336352,50.3617584066144,287.4117647058824,23.958441527261844,246.0,326.0,286.0,254.0,254.0,262.0,310.0,318.0,318.0,-0.10471109291876707,-1.3252165971269616,3.291210942045533,0.04893727676147266,0.02025346279144287,0.009039308758039764,0.0002579689025878906,0.0378720760345459,0.005754446983337403,0.013389289379119873,0.023276448249816895,0.025604963302612305,0.03113076686859131,2.984439954642329,0.4462872627685145,0.0,3,3.0,0.9803921568627451,0.9804884704598171,0.0196078431372549,0.019511529540182836,1.0,0.9609769409196344,0.0392156862745098,0.9607843137254902,0.0,0.0,0.0,0.0,2,0.18,voip,transport,ikev1,3DES_CBC,CRITICAL_FAIL,0
exp_012_voip_transport_3des_cbc_1789042832,12,0,15,4226.0,0.274183988571167,15413.00796601076,54.70778975157629,281.73333333333335,22.02866818993428,246.0,326.0,286.0,251.6,254.0,266.0,298.0,306.8,314.79999999999995,0.17960893012151236,-0.7796996738632993,3.1898980954642875,-0.08364833952469851,0.019584570612226213,0.00941776376136999,0.001146078109741211,0.0378720760345459,0.010191965103149413,0.01211458444595337,0.018975019454956055,0.026189088821411133,0.029681682586669925,2.753434386188785,0.4808521512000773,0.0,1,2.0,1.0,1.0,0.0,0.0,1.0,1.0,0.06666666666666667,0.9333333333333333,0.0,0.0,0.0,0.0,1,0.14285714285714285,voip,transport,ikev1,3DES_CBC,CRITICAL_FAIL,0
exp_013_voip_tunnel_aes_gcm_16_256_1789042875,-1,1,380,118842.0,9.33334493637085,12733.055599058378,40.71423509905743,312.7421052631579,42.93307908569327,42.0,514.0,317.0,269.8,282.0,294.0,338.0,350.0,358.0,-1.8597248561940471,11.969497747106148,1.6595695546314375,0.1993318328272396,0.024626239937653956,0.112573980144372,4.0531158447265625e-06,2.1939609050750732,0.0009253025054931643,0.006601452827453613,0.016169071197509766,0.02750837802886963,0.04055194854736328,0.02640328261551006,4.571116391011052,0.3194899333755436,59,3.3220338983050848,0.9263157894736842,0.9275508658555056,0.07368421052631578,0.07244913414449437,0.07725542750313255,0.8551017317110112,0.039473684210526314,0.9605263157894737,0.0,0.0,0.005263157894736842,0.0,2,0.5333333333333333,voip,tunnel,ikev2,AES_GCM_16_256,PASS,0
exp_013_voip_tunnel_aes_gcm_16_256_1789042875,0,0,4,1608.0,0.1119680404663086,14361.240880015672,35.72447980103401,402.0,109.36178491593853,270.0,514.0,412.0,277.2,284.4,306.0,508.0,511.6,512.8,-0.06935955084097174,-1.9029053366293442,1.5,0.62433452397764,0.037322680155436196,0.030161981402000795,0.01349020004272461,0.07987594604492188,0.01451253890991211,0.01604604721069336,0.01860189437866211,0.04923892021179199,0.06762113571166993,0.9182958340544896,0.8081191692885006,0.7133816552675735,0,1.0,0.5,0.5124378109452736,0.5,0.48756218905472637,1.0547376089994218,0.024875621890547265,0.0,1.0,0.0,0.0,0.0,0.0,0,0.0,voip,tunnel,ikev2,AES_GCM_16_256,PASS,0
exp_013_voip_tunnel_aes_gcm_16_256_1789042875,2,0,44,13497.0,0.6934740543365479,19462.87667952147,63.44866073193632,306.75,40.87793636936901,157.0,382.0,318.0,225.6,269.0,293.0,330.0,344.8,350.0,-1.600228161555853,3.4083866677600474,2.8254278395996826,0.3317619970438442,0.016127303589222042,0.016509861184056118,1.0967254638671875e-05,0.057772159576416016,2.6178359985351562e-05,0.00024497509002685547,0.012918949127197266,0.030128955841064453,0.03860230445861817,2.42683951605283,1.0236576396719774,0.1561055489488046,10,3.8,0.7272727272727273,0.7420908350003704,0.2727272727272727,0.25790916499962957,2.0439165373863837,0.4841816700007409,0.09090909090909091,0.9090909090909091,0.0,0.0,0.0,0.0,2,0.6756756756756757,voip,tunnel,ikev2,AES_GCM_16_256,PASS,0
exp_013_voip_tunnel_aes_gcm_16_256_1789042875,3,0,84,25947.0,1.4423561096191406,17989.3161106042,58.23804498750347,308.89285714285717,38.438887135525746,150.0,382.0,314.0,246.9,279.2,294.0,330.0,350.0,354.0,-1.8547465967779933,5.229441351915883,2.649387739393152,0.1350733170020421,0.01737778445324266,0.015379024534461662,1.0967254638671875e-05,0.057772159576416016,0.00011172294616699223,0.003966927528381348,0.015594005584716797,0.029376983642578125,0.03860230445861816,2.8905729385451107,0.8849309671708444,0.10991887174197644,15,3.6,0.8333333333333334,0.8440282113539137,0.16666666666666666,0.15597178864608624,0.26994204215078804,0.6880564227078275,0.05952380952380952,0.9404761904761905,0.0,0.0,0.0,0.0,2,0.5789473684210527,voip,tunnel,ikev2,AES_GCM_16_256,PASS,0
exp_013_voip_tunnel_aes_gcm_16_256_1789042875,4,0,79,24846.0,1.47983717918396,16789.684939326267,53.38425139687576,314.50632911392404,30.520328737931887,150.0,358.0,314.0,281.6,286.0,296.0,338.0,350.8,354.0,-1.8685513972555474,8.604991566364946,2.338022078783889,-0.15633544490024692,0.018972271527999487,0.015111755567494339,1.7881393432617188e-05,0.06562399864196777,0.002488398551940918,0.006192386150360107,0.016214489936828613,0.027259647846221924,0.04294376373291015,2.8019216665549855,0.7964760081145426,0.12024836282664723,11,3.090909090909091,0.9493670886075949,0.9528294292843918,0.05063291139240506,0.047170570715608144,0.05931970704802498,0.9056588585687837,0.012658227848101266,0.9873417721518988,0.0,0.0,0.0,0.0,2,0.5921052631578947,voip,tunnel,ikev2,AES_GCM_16_256,PASS,0
exp_013_voip_tunnel_aes_gcm_16_256_1789042875,5,0,78,24534.0,1.4810080528259277,16565.74382103217,52.666830441041384,314.53846153846155,32.583892633809086,166.0,358.0,318.0,281.4,282.0,295.0,337.0,354.0,358.0,-1.8126902937264253,6.228168747138746,2.5086763426503875,0.06535711312260621,0.01923387081592114,0.014206128386246752,1.7881393432617188e-05,0.06562399864196777,0.0035606384277343753,0.008168935775756836,0.016228914260864258,0.027545928955078125,0.03675680160522462,2.8361043414681375,0.7385611539687605,0.08619871412431634,9,3.111111111111111,0.9743589743589743,0.975299584250428,0.02564102564102564,0.024700415749572022,1045.8324544822483,0.9505991685008559,0.02564102564102564,0.9743589743589743,0.0,0.0,0.0,0.0,2,0.75,voip,tunnel,ikev2,AES_GCM_16_256,PASS,0
exp_013_voip_tunnel_aes_gcm_16_256_1789042875,6,0,78,23938.0,1.4741511344909668,16238.497831001523,52.911806784949405,306.8974358974359,57.60577556149004,42.0,378.0,318.0,183.0,282.0,294.0,338.0,354.0,358.0,-2.9424508399448652,10.08019634564099,2.2769210493533927,0.4451627743150691,0.019144819928454113,0.013813765248664216,8.821487426757812e-06,0.05565595626831055,0.0026262760162353515,0.007722139358520508,0.016988039016723633,0.026860952377319336,0.03977160453796388,3.0434444644796312,0.7215029338145237,0.03775457954487745,11,3.090909090909091,0.9743589743589743,0.9710084384660372,0.02564102564102564,0.028991561533962738,1096.3663772546743,0.9420168769320745,0.0641025641025641,0.9358974358974359,0.0,0.0,0.02564102564102564,0.0,2,0.581081081081081,voip,tunnel,ikev2,AES_GCM_16_256,PASS,0
exp_013_voip_tunnel_aes_gcm_16_256_1789042875,7,0,78,24505.0,1.460524082183838,16778.223857397188,53.405487079248346,314.1666666666667,54.11038496151881,42.0,378.0,322.0,278.0,286.0,302.0,346.0,354.0,358.0,-3.546926150099765,14.718174679956874,2.1364068199791064,0.4204423370537513,0.018967845223166725,0.013391431577193016,8.821487426757812e-06,0.05565595626831055,0.0026262760162353515,0.008441925048828125,0.018164873123168945,0.026870012283325195,0.03977160453796388,3.01761769553212,0.7059697846465639,0.038106839145775256,12,3.1666666666666665,0.9487179487179487,0.9451132421954703,0.05128205128205128,0.05488675780452969,0.060808282606312006,0.8902264843909407,0.038461538461538464,0.9615384615384616,0.0,0.0,0.02564102564102564,0.0,2,0.3698630136986301,voip,tunnel,ikev2,AES_GCM_16_256,PASS,0
exp_013_voip_tunnel_aes_gcm_16_256_1789042875,8,0,79,25270.0,1.4720430374145508,17166.61765839633,53.666909181373576,319.873417721519,34.71196747214905,142.0,370.0,326.0,285.6,286.0,306.0,344.0,350.8,358.0,-2.613007365313923,10.507719518195408,2.3481265684138735,-0.020907316112994387,0.01887234663351988,0.014411538518132167,4.0531158447265625e-06,0.06557607650756836,0.0017798185348510743,0.009324729442596436,0.017451047897338867,0.026829242706298828,0.034413361549377436,2.805832362343334,0.7635921067934317,0.12955532995713126,11,3.3636363636363638,0.9493670886075949,0.9474475662841314,0.05063291139240506,0.05255243371586862,0.05975121962605069,0.8948951325682628,0.02531645569620253,0.9746835443037974,0.0,0.0,0.0,0.0,2,0.39473684210526316,voip,tunnel,ikev2,AES_GCM_16_256,PASS,0
exp_013_voip_tunnel_aes_gcm_16_256_1789042875,9,0,75,23331.0,1.4681169986724854,15891.785205877037,51.08584674642226,311.08,39.03392029163012,142.0,370.0,314.0,278.0,282.0,294.0,334.0,350.0,355.2,-2.1368803476313043,6.5952815184207605,2.4310347848358043,-0.06388395123989246,0.01983941890097953,0.016304885483178117,4.0531158447265625e-06,0.06557607650756836,0.001266622543334961,0.008186578750610352,0.015883922576904297,0.027586817741394043,0.04071025848388672,2.8815241356609174,0.8218014732729829,0.20776474573661816,12,3.1666666666666665,0.9733333333333334,0.9709828125669709,0.02666666666666667,0.02901718743302902,601.458789016534,0.941965625133942,0.04,0.96,0.0,0.0,0.0,0.0,2,0.4246575342465753,voip,tunnel,ikev2,AES_GCM_16_256,PASS,0
exp_013_voip_tunnel_aes_gcm_16_256_1789042875,10,0,75,23242.0,1.442997932434082,16106.745184863059,51.975126446292464,309.8933333333333,33.51718895664664,170.0,358.0,306.0,280.8,282.0,290.0,336.0,350.0,355.2,-1.3758371874992594,4.299566420252857,2.5071783845510094,-0.2121763402705742,0.019499972059920028,0.0147731579172683,2.193450927734375e-05,0.06119084358215332,0.0010519027709960938,0.008135318756103516,0.015932440757751465,0.027447879314422607,0.04076640605926514,2.9107574777407286,0.7575600781271455,0.08441715082945993,12,3.1666666666666665,0.9733333333333334,0.9757335857499355,0.02666666666666667,0.02426641425006454,873.8638227708599,0.9514671714998709,0.02666666666666667,0.9733333333333334,0.0,0.0,0.0,0.0,2,0.4383561643835616,voip,tunnel,ikev2,AES_GCM_16_256,PASS,0
exp_013_voip_tunnel_aes_gcm_16_256_1789042875,11,0,61,18917.0,1.061781883239746,17816.276863078307,57.45059410307008,310.11475409836066,33.59942347312551,186.0,358.0,310.0,261.0,282.0,294.0,338.0,350.0,354.0,-1.2899783522787194,3.2085451580116615,2.792935021464821,-0.30774679053982024,0.017696364720662435,0.01349515497618471,2.193450927734375e-05,0.06119084358215332,0.0009593248367309571,0.00690460205078125,0.016071557998657227,0.025963902473449707,0.03619251251220703,2.732122401204111,0.7625516673919556,0.05763033307315969,11,3.272727272727273,0.9344262295081968,0.9391552571760851,0.06557377049180328,0.060844742823915,0.057552284541230896,0.87831051435217,0.03278688524590164,0.9672131147540983,0.0,0.0,0.0,0.0,2,0.5344827586206896,voip,tunnel,ikev2,AES_GCM_16_256,PASS,0
exp_013_voip_tunnel_aes_gcm_16_256_1789042875,12,0,21,6441.0,0.3144068717956543,20486.193457585323,66.79243325714823,306.7142857142857,34.81535356042525,194.0,358.0,310.0,261.0,282.0,294.0,326.0,346.0,354.0,-1.35577252271404,2.905264309823975,2.684017280829845,-0.31075148583967227,0.015720343589782713,0.010149207776037807,3.600120544433594e-05,0.029924869537353516,0.0008855342864990235,0.007034420967102051,0.01648092269897461,0.02491176128387451,0.02908923625946045,2.8282129458410017,0.6455687275121808,0.0,4,3.25,0.9047619047619048,0.9088650830616364,0.09523809523809523,0.0911349169383636,472.06701034021916,0.8177301661232728,0.047619047619047616,0.9523809523809523,0.0,0.0,0.0,0.0,2,0.6842105263157895,voip,tunnel,ikev2,AES_GCM_16_256,PASS,0
exp_014_voip_transport_aes_gcm_16_128_1789042918,-1,1,307,88610.0,8.309594869613647,10663.576430666577,36.94524279668931,288.6319218241042,35.39564223376189,42.0,514.0,290.0,251.2,254.0,270.0,306.0,318.0,326.0,-0.5647299313159984,22.753913418934722,1.502754205697784,0.35810871112932124,0.027155538789587083,0.12514922515951252,8.296966552734375e-05,2.199589967727661,0.003229498863220215,0.008285880088806152,0.017954587936401367,0.030194222927093506,0.03930103778839111,0.03169190511969153,4.60843799459082,0.2989040789554588,48,3.0208333333333335,0.9543973941368078,0.9471842907121092,0.04560260586319218,0.052815709287890755,0.04456635661429671,0.8943685814242185,0.006514657980456026,0.993485342019544,0.0,0.0,0.006514657980456026,0.0,2,0.5966666666666667,voip,transport,ikev2,AES_GCM_16_128,PASS,0
exp_014_voip_transport_aes_gcm_16_128_1789042918,0,0,4,1624.0,0.07928204536437988,20483.83076566837,50.45278513711421,406.0,104.65180361560904,286.0,514.0,412.0,290.8,295.6,310.0,508.0,511.6,512.8,-0.032665979665104164,-1.9508254627003763,1.5,0.5790099088852613,0.026427348454793293,0.020429137421573148,0.008795022964477539,0.05506396293640137,0.010120630264282227,0.012109041213989258,0.015423059463500977,0.03524351119995117,0.04713578224182129,1.584962500721156,0.7730009106137666,0.6945325727070697,0,1.0,0.5,0.5073891625615764,0.5,0.49261083743842365,0.9059551357333495,0.014778325123152709,0.0,1.0,0.0,0.0,0.0,0.0,0,0.0,voip,transport,ikev2,AES_GCM_16_128,PASS,0
exp_014_voip_transport_aes_gcm_16_128_1789042918,2,0,42,12144.0,0.6955718994140625,17459.014675880222,60.38196775255018,289.14285714285717,25.635328514126964,250.0,334.0,290.0,250.2,254.0,266.0,313.0,325.2,330.0,0.049602294981210236,-1.2058664771048608,3.427333493898265,-0.11861140466819481,0.016965168278391767,0.01604214237970087,0.00016999244689941406,0.055737972259521484,0.0002090930938720703,0.0020689964294433594,0.01306295394897461,0.03201007843017578,0.04285907745361328,2.789883872979428,0.9455371487816878,0.08013258198968959,14,2.9285714285714284,0.8571428571428571,0.847167325428195,0.14285714285714285,0.152832674571805,0.8653058685424029,0.69433465085639,0.0,1.0,0.0,0.0,0.0,0.0,2,0.6097560975609756,voip,transport,ikev2,AES_GCM_16_128,PASS,0
exp_014_voip_transport_aes_gcm_16_128_1789042918,3,0,78,22500.0,1.466778039932251,15339.744247220426,53.17778005703081,288.46153846153845,22.710944107379614,250.0,334.0,290.0,250.0,254.0,270.0,306.0,315.2,326.59999999999997,-0.04022431351509651,-0.925667598720032,3.4065891143613665,-0.09756551125511212,0.0190490654536656,0.01575888481004712,0.00016999244689941406,0.06108593940734863,0.001041555404663086,0.0049779415130615234,0.015121221542358398,0.03201007843017578,0.043002319335937504,2.9182873700925556,0.8272352054840214,0.07964661897465147,20,2.95,0.9102564102564102,0.9044444444444445,0.08974358974358974,0.09555555555555556,0.12087425073281578,0.8088888888888889,0.0,1.0,0.0,0.0,0.0,0.0,2,0.6493506493506493,voip,transport,ikev2,AES_GCM_16_128,PASS,0
exp_014_voip_transport_aes_gcm_16_128_1789042918,4,0,73,20990.0,1.4706859588623047,14272.251579961689,49.63670154060044,287.5342465753425,22.54619743887867,250.0,350.0,290.0,254.0,254.0,270.0,306.0,313.2,323.59999999999997,0.08499768045696793,-0.5794039272974101,3.214153297962865,-0.0031052957413079184,0.020426193873087566,0.013447273853604134,0.000164031982421875,0.06108593940734863,0.004058718681335449,0.01046675443649292,0.01834845542907715,0.028326213359832764,0.04008324146270752,2.9768386231509982,0.6583025518409877,0.041535678666983114,10,3.0,0.9726027397260274,0.9693187232015246,0.0273972602739726,0.030681276798475463,0.02107054391795412,0.938637446403049,0.0,1.0,0.0,0.0,0.0,0.0,2,0.4861111111111111,voip,transport,ikev2,AES_GCM_16_128,PASS,0
exp_014_voip_transport_aes_gcm_16_128_1789042918,5,0,76,21564.0,1.4622290134429932,14747.347920025866,51.97544249313513,283.7368421052632,45.8938616526886,42.0,350.0,294.0,254.0,254.0,269.0,306.0,320.0,323.0,-3.734420834368834,17.425460047501343,1.9265271990789872,0.48796619744682695,0.019496386845906575,0.012410584303462147,8.296966552734375e-05,0.056143999099731445,0.005562400817871094,0.008861422538757324,0.017847061157226562,0.026680469512939453,0.03905844688415527,3.0071725047973263,0.6365255201400343,0.03839617363872003,7,3.0,0.9868421052631579,0.9837692450380263,0.013157894736842105,0.01623075496197366,1.0,0.9675384900760526,0.02631578947368421,0.9736842105263158,0.0,0.0,0.02631578947368421,0.0,2,0.4383561643835616,voip,transport,ikev2,AES_GCM_16_128,PASS,0
exp_014_voip_transport_aes_gcm_16_128_1789042918,6,0,75,21250.0,1.4634380340576172,14520.601149801307,51.2491805287105,283.3333333333333,44.83966498041165,42.0,346.0,290.0,256.8,262.0,270.0,302.0,318.0,322.0,-4.050653691821378,19.513272562937953,1.9102791840117346,0.5089472866401242,0.019776189649427258,0.012496833696357793,8.296966552734375e-05,0.056143999099731445,0.005605316162109375,0.00838625431060791,0.017954587936401367,0.028538107872009277,0.03713426589965821,3.017443558555552,0.6318811680465276,0.03836445260621195,6,2.8333333333333335,0.9866666666666667,0.9837176470588235,0.013333333333333334,0.01628235294117647,1.0,0.9674352941176471,0.02666666666666667,0.9733333333333334,0.0,0.0,0.02666666666666667,0.0,2,0.5972222222222222,voip,transport,ikev2,AES_GCM_16_128,PASS,0
exp_014_voip_transport_aes_gcm_16_128_1789042918,7,0,73,21082.0,1.4655001163482666,14385.532805368948,49.81234677886032,288.7945205479452,22.459070171966243,250.0,346.0,290.0,254.0,258.8,270.0,306.0,318.0,323.59999999999997,0.23701981327080612,-0.4779325051020402,3.4119592383113617,0.20257802578117165,0.020354168282614812,0.011846876557576696,0.000164031982421875,0.0464930534362793,0.004984617233276367,0.010933458805084229,0.017990589141845703,0.030553996562957764,0.03530774116516113,3.1149620613688977,0.5820082837485072,0.0,8,3.0,0.9726027397260274,0.967365525092496,0.0273972602739726,0.032634474907504034,0.020750478197641406,0.9347310501849919,0.0,1.0,0.0,0.0,0.0,0.0,2,0.5833333333333334,voip,transport,ikev2,AES_GCM_16_128,PASS,0
exp_014_voip_transport_aes_gcm_16_128_1789042918,8,0,74,21408.0,1.4600770473480225,14662.239940614045,50.682256894872914,289.2972972972973,23.912978343065898,250.0,350.0,286.0,252.6,255.2,271.0,306.0,320.8,326.0,0.1894430156521979,-0.6507768468878594,3.340145666466608,0.06026325828695196,0.020001055443123597,0.012645455210186873,0.0001671314239501953,0.0464930534362793,0.003910636901855469,0.008753061294555664,0.01693415641784668,0.030281782150268555,0.037702846527099605,3.18416210840601,0.6322077871519043,0.0,10,3.1,0.972972972972973,0.9676756352765321,0.02702702702702703,0.03232436472346786,0.02064342455083823,0.9353512705530643,0.0,1.0,0.0,0.0,0.0,0.0,2,0.6986301369863014,voip,transport,ikev2,AES_GCM_16_128,PASS,0
exp_014_voip_transport_aes_gcm_16_128_1789042918,9,0,73,20914.0,1.451019048690796,14413.31870789014,50.309470482737886,286.4931506849315,24.15425501394452,250.0,350.0,282.0,250.0,254.8,270.0,306.0,318.0,322.0,0.31033532154952015,-0.851226404185542,3.2606526416316797,-0.2653275576631784,0.02015304234292772,0.01341585430019786,0.0001671314239501953,0.049041032791137695,0.003753852844238281,0.006781458854675293,0.019418001174926758,0.031854867935180664,0.03830258846282959,3.1678465983466864,0.6656656799624932,0.0,12,3.0833333333333335,0.9863013698630136,0.9832647986994358,0.0136986301369863,0.016735201300564214,1.0,0.9665295973988716,0.0,1.0,0.0,0.0,0.0,0.0,2,0.7083333333333334,voip,transport,ikev2,AES_GCM_16_128,PASS,0
exp_014_voip_transport_aes_gcm_16_128_1789042918,10,0,39,11194.0,0.7992680072784424,14005.314735561944,48.794646657755564,287.02564102564105,25.599967126869096,250.0,342.0,278.0,250.0,254.0,268.0,314.0,318.0,322.8,0.2862545862092364,-1.16496080942161,3.1144204111597245,-0.2826242386368107,0.02103336861259059,0.014623107033509818,0.0002410411834716797,0.056149959564208984,0.0034523248672485352,0.007622838020324707,0.02010953426361084,0.030423104763031006,0.039943456649780294,2.974755397454012,0.6952006643430614,0.07025172914827794,8,3.0,0.9743589743589743,0.9694479185277828,0.02564102564102564,0.03055208147221726,1.0,0.9388958370555655,0.0,1.0,0.0,0.0,0.0,0.0,2,0.6052631578947368,voip,transport,ikev2,AES_GCM_16_128,PASS,0
exp_014_voip_transport_aes_gcm_16_128_1789042918,11,0,3,926.0,0.056391000747680664,16421.05988051801,53.199978014637175,308.6666666666667,29.634814361190493,270.0,342.0,314.0,274.4,278.8,292.0,328.0,336.4,339.2,-0.2641238228605198,-1.4999999999999998,1.584962500721156,0.0,0.028195500373840332,0.027954459190368652,0.0002410411834716797,0.056149959564208984,0.0058319330215454105,0.014218270778656006,0.028195500373840332,0.04217272996902466,0.050559067726135255,1.0,0.9914159140225701,0.9957255381128949,1,3.0,0.6666666666666666,0.6306695464362851,0.3333333333333333,0.3693304535637149,1.0,0.2613390928725702,0.0,1.0,0.0,0.0,0.0,0.0,2,0.5,voip,transport,ikev2,AES_GCM_16_128,PASS,0
exp_015_voip_tunnel_aes_cbc_256_1789042961,-1,1,412,132142.0,10.370167016983032,12742.514154650882,39.72935048444978,320.7330097087379,34.3500904829139,42.0,514.0,314.0,282.0,283.3,298.0,346.0,362.0,362.0,-1.7333056463548697,23.26835488483954,1.554734074187071,0.21654882288796085,0.025231549919666744,0.11019829722621274,4.0531158447265625e-06,2.229705810546875,0.0006291866302490234,0.005590558052062988,0.016038179397583008,0.031458497047424316,0.04376697540283203,0.024632440622722126,4.367307211401652,0.3497658029255489,67,3.462686567164179,0.9271844660194175,0.9267606060147418,0.07281553398058252,0.07323939398525828,0.07621688911136282,0.8535212120294834,0.009708737864077669,0.9902912621359223,0.0,0.0,0.0048543689320388345,0.0,2,0.680306905370844,voip,tunnel,ikev2,AES_CBC_256,PASS,0
exp_015_voip_tunnel_aes_cbc_256_1789042961,0,0,4,1624.0,0.13710403442382812,11845.01978242119,29.174925572465987,406.0,104.65180361560904,286.0,514.0,412.0,290.8,295.6,310.0,508.0,511.6,512.8,-0.032665979665104164,-1.9508254627003763,1.5,0.5790099088852613,0.04570134480794271,0.042769565192870285,0.013978004455566406,0.10616207122802734,0.0145751953125,0.01547098159790039,0.016963958740234375,0.06156301498413086,0.08832244873046875,0.9182958340544896,0.9358286839023906,0.7743176316741326,0,1.0,0.5,0.5073891625615764,0.5,0.49261083743842365,0.9757408727763683,0.014778325123152709,0.0,1.0,0.0,0.0,0.0,0.0,0,0.0,voip,tunnel,ikev2,AES_CBC_256,PASS,0
exp_015_voip_tunnel_aes_cbc_256_1789042961,2,0,41,13359.0,0.6241672039031982,21402.918827615686,65.6875269056249,325.8292682926829,30.489424347231942,256.0,394.0,317.0,282.0,298.0,312.0,346.0,362.0,378.0,0.36028091268485746,-0.08113226736214907,3.0143871208128696,0.049220961699816754,0.015604180097579957,0.015858882314762155,5.9604644775390625e-06,0.05231499671936035,1.685619354248047e-05,0.00016963481903076172,0.008906006813049316,0.029201090335845947,0.03846299648284912,2.537898812832788,1.0162575641931582,0.08381567694074785,6,4.666666666666667,0.7073170731707317,0.6996032637173442,0.2926829268292683,0.3003967362826559,2.0859398321886458,0.3992065274346882,0.0,1.0,0.0,0.0,0.0,0.0,2,0.6470588235294118,voip,tunnel,ikev2,AES_CBC_256,PASS,0
exp_015_voip_tunnel_aes_cbc_256_1789042961,3,0,79,25572.0,1.3739120960235596,18612.544480838093,57.500039652205906,323.69620253164555,28.475329953469913,256.0,394.0,314.0,282.0,298.0,298.0,346.0,362.0,363.5999999999999,0.36383988138838297,-0.3006307643632029,2.914858480835635,0.0191939148296996,0.017614257641327687,0.015423439756062918,5.9604644775390625e-06,0.0561518669128418,4.954338073730469e-05,0.0027724504470825195,0.013677000999450684,0.029061555862426758,0.03952829837799072,2.912005429936176,0.875572760280129,0.07894745518736752,11,4.090909090909091,0.8227848101265823,0.8187861723760362,0.17721518987341772,0.1812138276239637,0.2742814487621024,0.6375723447520726,0.0,1.0,0.0,0.0,0.0,0.0,2,0.704225352112676,voip,tunnel,ikev2,AES_CBC_256,PASS,0
exp_015_voip_tunnel_aes_cbc_256_1789042961,4,0,75,24037.0,1.4640929698944092,16417.67325864119,51.226255123272004,320.49333333333334,26.74789628280242,248.0,362.0,314.0,282.0,298.0,298.0,346.0,362.0,362.0,0.08025525902967216,-0.7380621137740397,2.537536144816544,0.04151349755518641,0.019785040133708232,0.016711228386516532,2.4080276489257812e-05,0.06449413299560547,0.0010936737060546877,0.005792975425720215,0.01603853702545166,0.029665231704711914,0.046782398223876955,2.958422242715592,0.8445969114379114,0.19589955854652719,12,3.4166666666666665,0.9466666666666667,0.950784207679827,0.05333333333333334,0.04921579232017307,0.06378240814305093,0.9015684153596538,0.013333333333333334,0.9866666666666667,0.0,0.0,0.0,0.0,2,0.7916666666666666,voip,tunnel,ikev2,AES_CBC_256,PASS,0
exp_015_voip_tunnel_aes_cbc_256_1789042961,5,0,74,23298.0,1.4279568195343018,16315.619408994562,51.82229531571799,314.8378378378378,51.77289988877021,42.0,362.0,314.0,282.0,298.0,298.0,346.0,357.20000000000005,362.0,-3.8736984040229094,17.997999828373274,1.7974371687731374,0.3946727208822576,0.019561052322387695,0.01731846280928154,4.0531158447265625e-06,0.06449413299560547,0.0010637760162353516,0.004887104034423828,0.01582503318786621,0.029973983764648438,0.046234035491943354,2.973126788658407,0.8853090935382844,0.23951106016828386,15,3.2,0.972972972972973,0.9758777577474461,0.02702702702702703,0.02412224225255387,801.9077417020923,0.9517555154948922,0.04054054054054054,0.9594594594594594,0.0,0.0,0.02702702702702703,0.0,2,0.7571428571428571,voip,tunnel,ikev2,AES_CBC_256,PASS,0
exp_015_voip_tunnel_aes_cbc_256_1789042961,6,0,72,22657.0,1.4551808834075928,15569.885681114893,49.47838500420499,314.68055555555554,51.033710642217464,42.0,362.0,330.0,282.0,298.0,298.0,346.0,346.0,362.0,-4.159773426208813,19.74138680749166,1.756462879478566,0.38494930620581785,0.02049550540010694,0.017021819006437264,4.0531158447265625e-06,0.07050204277038574,0.0010099411010742188,0.005448579788208008,0.019174814224243164,0.033478498458862305,0.04202389717102051,2.833692042077233,0.8304742039756909,0.16555956438557667,14,3.2142857142857144,0.9722222222222222,0.973650527430816,0.027777777777777776,0.026349472569183918,959.4529988455182,0.9473010548616322,0.027777777777777776,0.9722222222222222,0.0,0.0,0.027777777777777776,0.0,2,0.7352941176470589,voip,tunnel,ikev2,AES_CBC_256,PASS,0
exp_015_voip_tunnel_aes_cbc_256_1789042961,7,0,74,23577.0,1.4478480815887451,16284.167033690861,51.110334669089525,318.6081081081081,22.55492848854653,267.0,362.0,314.0,282.0,298.0,298.0,330.0,346.0,351.5999999999999,-0.048090622970542056,-0.6099305769511001,2.5179032465707327,-0.2264742077362227,0.019833535364229386,0.01602700901700308,1.0013580322265625e-05,0.05914497375488281,0.0002657890319824219,0.004537105560302734,0.018141984939575195,0.0355229377746582,0.03878874778747558,2.8008020697960716,0.808035515967115,0.08164799434849157,14,3.4285714285714284,0.9459459459459459,0.9485515544810621,0.05405405405405406,0.05144844551893795,0.06294103911240562,0.8971031089621241,0.0,1.0,0.0,0.0,0.0,0.0,2,0.704225352112676,voip,tunnel,ikev2,AES_CBC_256,PASS,0
exp_015_voip_tunnel_aes_cbc_256_1789042961,8,0,76,24213.0,1.4461510181427002,16743.06465661995,52.553294259410904,318.5921052631579,22.346068553067525,270.0,362.0,314.0,282.0,282.0,298.0,330.0,346.0,350.0,-0.08556964957423378,-0.6343627977734694,2.5247678654380183,-0.05859533979484247,0.019282013575236002,0.015749265996258355,1.0013580322265625e-05,0.07364106178283691,0.0009527206420898438,0.0045931339263916016,0.01748180389404297,0.031154513359069824,0.03831677436828614,2.674629692535996,0.8167429813192776,0.09099598934779214,14,3.4285714285714284,0.9473684210526315,0.948911741626399,0.05263157894736842,0.05108825837360096,0.060873302423679894,0.897823483252798,0.0,1.0,0.0,0.0,0.0,0.0,2,0.6438356164383562,voip,tunnel,ikev2,AES_CBC_256,PASS,0
exp_015_voip_tunnel_aes_cbc_256_1789042961,9,0,73,23363.0,1.4611499309539795,15989.461112143626,49.96064979610858,320.041095890411,24.38303831976511,275.0,362.0,314.0,282.0,282.0,298.0,330.0,346.0,362.0,-0.024942987776864323,-0.8956481291323026,2.519249249074415,-0.09195287191975433,0.020293749041027494,0.016044004309486874,2.193450927734375e-05,0.07364106178283691,0.002436375617980957,0.008423984050750732,0.017618417739868164,0.026629507541656494,0.04322216510772705,2.791470241283214,0.7905495296863542,0.20854377746488664,10,3.2,0.9726027397260274,0.973419509480803,0.0273972602739726,0.02658049051919702,910.1380888415181,0.9468390189616059,0.0,1.0,0.0,0.0,0.0,0.0,2,0.6338028169014085,voip,tunnel,ikev2,AES_CBC_256,PASS,0
exp_015_voip_tunnel_aes_cbc_256_1789042961,10,0,74,23715.0,1.4774839878082275,16050.935371001888,50.08514515935651,320.47297297297297,25.093459346456054,282.0,362.0,314.0,282.0,282.0,298.0,346.0,357.20000000000005,362.0,0.049005607443445884,-1.1172738146819812,2.552190777942496,-0.2124034828224997,0.020239506682304488,0.016242272114407635,1.71661376953125e-05,0.06697297096252441,0.0025712013244628905,0.006660938262939453,0.015967130661010742,0.02957320213317871,0.04370937347412109,2.9101026681212487,0.8024637114745571,0.23378102722648655,8,3.375,0.972972972972973,0.9722116803710732,0.02702702702702703,0.02778831962892684,1145.517774891215,0.9444233607421463,0.0,1.0,0.0,0.0,0.0,0.0,2,0.6388888888888888,voip,tunnel,ikev2,AES_CBC_256,PASS,0
exp_015_voip_tunnel_aes_cbc_256_1789042961,11,0,75,23932.0,1.4612560272216797,16377.691215072333,51.32570788611169,319.0933333333333,24.020087889560735,249.0,362.0,314.0,282.0,288.0,298.0,330.0,346.0,362.0,-0.18557656759719834,-0.4037385478405229,2.5326143104865726,-0.018436456355668856,0.01974670307056324,0.01729576110676579,5.0067901611328125e-06,0.06697297096252441,0.001976847648620606,0.006024658679962158,0.014284610748291016,0.032416701316833496,0.04375300407409668,2.873669031069766,0.875836599576362,0.20114401287528438,12,3.3333333333333335,0.9466666666666667,0.9489386595353502,0.05333333333333334,0.05106134046464984,0.06198709783813892,0.8978773190707003,0.013333333333333334,0.9866666666666667,0.0,0.0,0.0,0.0,2,0.6805555555555556,voip,tunnel,ikev2,AES_CBC_256,PASS,0
exp_015_voip_tunnel_aes_cbc_256_1789042961,12,0,70,22537.0,1.3670339584350586,16486.057175784947,51.20575064582448,321.95714285714286,25.421271022672396,249.0,362.0,314.0,282.0,296.4,298.0,346.0,362.0,362.0,-0.1777083463190805,-0.42080760459538347,2.5841915873845234,-0.040700953283094726,0.019812086354131283,0.016872197365351546,5.0067901611328125e-06,0.06488895416259766,0.001355504989624024,0.005760908126831055,0.014697074890136719,0.03199291229248047,0.046603631973266606,2.928675565842914,0.851568355569877,0.12806265212541307,13,3.230769230769231,0.9428571428571428,0.9472423126414341,0.05714285714285714,0.05275768735856591,0.0635448230670212,0.8944846252828682,0.014285714285714285,0.9857142857142858,0.0,0.0,0.0,0.0,2,0.6119402985074627,voip,tunnel,ikev2,AES_CBC_256,PASS,0
exp_015_voip_tunnel_aes_cbc_256_1789042961,13,0,33,10776.0,0.6131200790405273,17575.676231095516,53.82306195491388,326.54545454545456,25.5616793078196,280.0,362.0,314.0,291.6,298.0,314.0,346.0,362.0,362.0,0.01761915981094452,-1.2426711497290455,2.439689665473563,-0.14967372639829254,0.01916000247001648,0.0153311655303039,7.867813110351562e-06,0.053431034088134766,0.0017065763473510743,0.006774246692657471,0.016249656677246094,0.030525684356689453,0.04600341320037843,3.030138673760707,0.8001233523295253,0.08714611691032706,5,3.2,0.9393939393939394,0.9419079435783222,0.06060606060606061,0.0580920564216778,784.8315360234662,0.8838158871566444,0.0,1.0,0.0,0.0,0.0,0.0,2,0.45161290322580644,voip,tunnel,ikev2,AES_CBC_256,PASS,0
exp_016_video_tunnel_aes_gcm_16_256_1789043005,-1,1,715,774443.0,6.970275163650513,111106.51757891352,102.57844679198233,1083.1370629370629,296.85185626907344,42.0,1514.0,1118.0,654.0,743.6,890.0,1334.0,1418.0,1462.0,-1.0145403536113418,1.412737565565359,3.0075478300298224,0.23200610610020644,0.009762290145168785,0.01452339485547543,4.0531158447265625e-06,0.0426480770111084,0.0012048721313476563,0.002199411392211914,0.002349853515625,0.002687215805053711,0.03664512634277344,1.2285874497835265,1.4875512905515884,0.0,161,5.39751552795031,0.9664335664335665,0.9819521901547306,0.033566433566433566,0.01804780984526944,0.0387279529522424,0.9639043803094611,0.032167832167832165,0.23356643356643356,0.7342657342657343,3.702971623802121,0.005594405594405594,0.2111888111888112,2,0.024566473988439308,video,tunnel,ikev2,AES_GCM_16_256,PASS,0
exp_016_video_tunnel_aes_gcm_16_256_1789043005,0,0,183,196811.0,1.4981951713562012,131365.394684754,122.1469695662843,1075.4699453551912,342.9954004431162,102.0,1514.0,1134.0,219.19999999999985,654.0,870.0,1354.0,1450.0,1461.6,-1.0313382815971885,0.75330307201558,3.0464514370188454,0.1507773124003385,0.008231841600858249,0.013447044262435162,4.0531158447265625e-06,0.04250192642211914,0.00020298957824707174,0.0013121366500854492,0.002286553382873535,0.0025035738945007324,0.03518955707550049,1.123755106880748,1.6333417930734087,0.0,34,6.264705882352941,0.9234972677595629,0.9605865525809025,0.07650273224043716,0.03941344741909751,0.11503882854611494,0.921173105161805,0.0546448087431694,0.23497267759562843,0.7103825136612022,3.2580610876288416,0.0,0.26229508196721313,2,0.04093567251461988,video,tunnel,ikev2,AES_GCM_16_256,PASS,0
exp_016_video_tunnel_aes_gcm_16_256_1789043005,1,0,155,162542.0,1.4642789363861084,111004.80650302827,105.85414851527224,1048.6580645161291,340.27579779348963,42.0,1486.0,1098.0,157.2,735.6,862.0,1324.0,1426.0,1454.0,-1.215083587967188,1.499383415377296,3.0057863899661146,0.19405399798364617,0.009508304781727976,0.014471456144337858,1.0013580322265625e-05,0.0426480770111084,0.0012013673782348632,0.0021581649780273438,0.0023049116134643555,0.0025455355644226074,0.03760192394256592,1.1966624916156061,1.5218206247994703,0.0,34,5.470588235294118,0.9741935483870968,0.9846931869916699,0.025806451612903226,0.015306813008330155,0.029186900315316767,0.9693863739833397,0.06451612903225806,0.23870967741935484,0.6967741935483871,3.3101905923954678,0.025806451612903226,0.2064516129032258,2,0.027586206896551724,video,tunnel,ikev2,AES_GCM_16_256,PASS,0
exp_016_video_tunnel_aes_gcm_16_256_1789043005,2,0,153,160750.0,1.498863935470581,107247.89368524714,102.07731094147938,1050.6535947712418,302.23479857135874,42.0,1506.0,1082.0,628.4000000000001,742.8,874.0,1314.0,1386.0,1440.4,-1.119762981319387,2.0159479780287315,2.9300415293902264,0.3986680399910489,0.009860946943885401,0.014882488965579683,1.4066696166992188e-05,0.0426480770111084,0.0012665033340454102,0.0022377967834472656,0.0023720264434814453,0.002614617347717285,0.038096618652343754,1.1159656208933781,1.5090822380470337,0.0,33,5.575757575757576,0.9738562091503268,0.9845225505443235,0.026143790849673203,0.015477449455676516,0.030739951155308632,0.9690451010886469,0.0392156862745098,0.24183006535947713,0.7189542483660131,3.694338124173916,0.026143790849673203,0.1830065359477124,2,0.02054794520547945,video,tunnel,ikev2,AES_GCM_16_256,PASS,0
exp_016_video_tunnel_aes_gcm_16_256_1789043005,3,0,157,177894.0,1.4686660766601562,121126.24021693393,106.89972519623275,1133.0828025477706,249.81781799608302,138.0,1506.0,1150.0,742.0,800.4,962.0,1342.0,1418.0,1466.8,-0.8925384612954633,1.395749180807262,2.8912866304866167,0.34692003995178994,0.0094145261324369,0.014364356356147422,1.6927719116210938e-05,0.042363882064819336,0.0012428760528564453,0.0015816688537597656,0.002382516860961914,0.0025318264961242676,0.03679251670837402,1.0578842254900451,1.525603153143146,0.0,34,5.588235294117647,0.9872611464968153,0.9930070716269239,0.012738853503184714,0.006992928373076101,531.9579497964073,0.9860141432538478,0.012738853503184714,0.17197452229299362,0.8152866242038217,4.292753077721957,0.0,0.2356687898089172,2,0.012903225806451613,video,tunnel,ikev2,AES_GCM_16_256,PASS,0
exp_016_video_tunnel_aes_gcm_16_256_1789043005,4,0,136,148880.0,1.4390041828155518,103460.43588886711,94.50980172545626,1094.7058823529412,248.5434663620838,158.0,1494.0,1130.0,738.0,762.0,928.0,1303.0,1370.0,1409.0,-0.8491325196806704,1.1594480003551464,2.935795446414123,0.12826723331933376,0.010659290243078162,0.014937923077223822,1.4066696166992188e-05,0.04225587844848633,0.0013209342956542968,0.0022815465927124023,0.002404928207397461,0.007640957832336426,0.03734593391418457,1.2268847409767245,1.4012679520544173,0.0,34,4.9411764705882355,0.9852941176470589,0.9916442772702848,0.014705882352941176,0.008355722729715206,718.1123321265851,0.9832885545405696,0.014705882352941176,0.23529411764705882,0.75,4.207099192980656,0.0,0.16176470588235295,2,0.014925373134328358,video,tunnel,ikev2,AES_GCM_16_256,PASS,0
exp_016_video_tunnel_aes_gcm_16_256_1789043005,5,0,148,162204.0,1.478377103805542,109717.60830336525,100.10977552278646,1095.972972972973,276.47491323430813,166.0,1514.0,1118.0,710.0,746.0,867.0,1346.0,1412.0000000000002,1464.6,-0.548812642678044,-0.04152849956282578,3.002300088279409,0.31182538122383646,0.010056987100717972,0.014569682609880676,1.0967254638671875e-05,0.041841983795166016,0.0011897087097167969,0.0022084712982177734,0.0023431777954101562,0.002764463424682617,0.037276506423950195,1.2313422256074014,1.4485684326280996,0.0,35,5.142857142857143,0.972972972972973,0.9846612907203275,0.02702702702702703,0.015338709279672512,0.031048277771233052,0.969322581440655,0.013513513513513514,0.2702702702702703,0.7162162162162162,3.8608708152511815,0.0,0.22972972972972974,2,0.027586206896551724,video,tunnel,ikev2,AES_GCM_16_256,PASS,0
exp_016_video_tunnel_aes_gcm_16_256_1789043005,6,0,165,186806.0,1.489804983139038,125389.5658251843,110.75275077436169,1132.1575757575758,300.7434817856362,102.0,1514.0,1174.0,706.0,746.0,934.0,1370.0,1460.4,1477.1999999999998,-1.0089371983393247,0.9881775807103592,2.8810684548582914,0.2953951389807467,0.00908417672645755,0.014089393853730085,8.106231689453125e-06,0.04256582260131836,0.0011749982833862305,0.0012723803520202637,0.0023049116134643555,0.002591729164123535,0.035882687568664556,1.1729304742837223,1.550811203561888,0.0,35,5.628571428571429,0.9757575757575757,0.9866813699774097,0.024242424242424242,0.01331863002259028,0.027919855292635933,0.9733627399548195,0.024242424242424242,0.2,0.7757575757575758,3.762342431025939,0.0,0.28484848484848485,2,0.01875,video,tunnel,ikev2,AES_GCM_16_256,PASS,0
exp_016_video_tunnel_aes_gcm_16_256_1789043005,7,0,141,153670.0,1.4980390071868896,102580.7734396523,94.1230497494044,1089.8581560283687,277.4462718815968,102.0,1514.0,1122.0,706.0,770.0,914.0,1318.0,1406.0,1462.0,-1.0667254494939917,1.9360987809963452,2.952155424035829,0.03475815187842243,0.010700278622763498,0.014981248456187311,8.106231689453125e-06,0.04256582260131836,0.0012457609176635743,0.00225222110748291,0.0023735761642456055,0.013191580772399902,0.03577582836151123,1.2551024821920227,1.3999493877600353,0.0,34,5.0588235294117645,0.9858156028368794,0.9919047309168999,0.014184397163120567,0.00809526908310015,605.506760462732,0.9838094618337997,0.028368794326241134,0.20567375886524822,0.7659574468085106,3.8640780002652675,0.0,0.1773049645390071,2,0.014598540145985401,video,tunnel,ikev2,AES_GCM_16_256,PASS,0
exp_016_video_tunnel_aes_gcm_16_256_1789043005,8,0,78,81196.0,0.9686729907989502,83821.88909079677,80.52253003943726,1040.974358974359,210.3393457443919,182.0,1386.0,1040.0,767.6,794.0,881.0,1211.0,1319.2,1354.0,-0.7295719628294939,1.747514740695813,2.8300626510730265,-0.0946129498116217,0.012580168711674678,0.015570204163672666,0.0021898746490478516,0.04221987724304199,0.002256441116333008,0.0023097991943359375,0.0024700164794921875,0.03338813781738281,0.03517637252807618,1.443253059998319,1.2375801104411164,0.0,24,4.208333333333333,1.0,1.0,0.0,0.0,1.0,1.0,0.01282051282051282,0.28205128205128205,0.7051282051282052,4.578229379726972,0.0,0.07692307692307693,1,0.0,video,tunnel,ikev2,AES_GCM_16_256,PASS,0
exp_016_video_tunnel_aes_gcm_16_256_1789043005,9,0,20,20408.0,0.21901416778564453,93181.18643344524,91.31829325112234,1020.4,205.44352021906164,710.0,1354.0,1040.0,729.0,751.6,790.0,1205.0,1260.4,1319.8,-0.08718190660734841,-1.3294758224951948,3.270950594454668,-0.0013464310327099003,0.011527061462402344,0.014592649472690924,0.0022368431091308594,0.041845083236694336,0.0023113250732421874,0.0025124549865722656,0.002772092819213867,0.019948959350585938,0.03481731414794922,1.5055213905049434,1.2658372372738849,0.0,6,4.166666666666667,1.0,1.0,0.0,0.0,1.0,1.0,0.0,0.35,0.65,0.0,0.0,0.05,1,0.0,video,tunnel,ikev2,AES_GCM_16_256,PASS,0
exp_017_video_transport_aes_gcm_16_128_1789043048,-1,1,717,774846.0,9.241027116775513,83848.47162642764,77.58877784249853,1080.6778242677824,257.277524581298,42.0,1498.0,1102.0,698.0,748.4000000000001,878.0,1302.0,1402.0,1450.0,-0.4734880843952343,0.16211761976855277,2.9267879436311732,0.3307227782199354,0.012906462453597084,0.08325697700017468,1.3113021850585938e-05,2.2034969329833984,0.0011911392211914062,0.0021902918815612793,0.0023690462112426758,0.002756357192993164,0.038620948791503906,0.01525908223490936,6.450297825733548,0.2384471882982926,155,5.6,0.9790794979079498,0.9884648046192405,0.02092050209205021,0.011535195380759531,0.019992937438777416,0.9769296092384809,0.005578800557880056,0.27475592747559274,0.7196652719665272,4.525592703724436,0.005578800557880056,0.18410041841004185,2,0.026836158192090395,video,transport,ikev2,AES_GCM_16_128,PASS,0
exp_017_video_transport_aes_gcm_16_128_1789043048,0,0,4,1624.0,0.039463043212890625,41152.42687288545,101.36065732237796,406.0,104.65180361560904,286.0,514.0,412.0,290.8,295.6,310.0,508.0,511.6,512.8,-0.032665979665104164,-1.9508254627003763,1.5,0.5790099088852613,0.013154347737630209,0.0036253622154714398,0.00999593734741211,0.01823115348815918,0.010243940353393554,0.010615944862365723,0.011235952377319336,0.014733552932739258,0.01683211326599121,1.584962500721156,0.275580873100091,0.0,0,1.0,0.5,0.5073891625615764,0.5,0.49261083743842365,0.9578861622266309,0.014778325123152709,0.0,1.0,0.0,0.0,0.0,0.0,0,0.0,video,transport,ikev2,AES_GCM_16_128,PASS,0
exp_017_video_transport_aes_gcm_16_128_1789043048,1,0,12,12092.0,0.005937099456787109,2036684.7629909245,2021.1889808047547,1007.6666666666666,383.48388347998264,626.0,1482.0,974.0,626.0,626.0,626.0,1379.0,1419.2,1449.0,0.028844822876646466,-1.9597940296152359,1.7295739585136223,-0.9897367031241818,0.0005397363142533736,0.0005578082481550959,1.3113021850585938e-05,0.0012249946594238281,1.7881393432617188e-05,3.0040740966796875e-05,6.699562072753906e-05,0.0011310577392578125,0.001157999038696289,0.9940302114769565,1.0315716430572903,0.0,1,12.0,0.5,0.6893814091961628,0.5,0.31061859080383725,1.0054390323392437,0.3787628183923255,0.0,0.5,0.5,0.0,0.0,0.3333333333333333,2,0.5454545454545454,video,transport,ikev2,AES_GCM_16_128,PASS,0
exp_017_video_transport_aes_gcm_16_128_1789043048,2,0,86,96456.0,0.724808931350708,133077.83034661383,118.65195954433929,1121.5813953488373,267.0040703947326,626.0,1498.0,1146.0,626.0,704.0,906.0,1345.0,1422.0,1482.0,-0.3999162775621888,-1.07711698165757,3.4429375276054777,-0.02020334287258329,0.008527163898243624,0.014220156360562466,1.3113021850585938e-05,0.042378902435302734,0.0011303424835205078,0.001210927963256836,0.0022830963134765625,0.0024688243865966797,0.036880683898925785,0.9623560829374594,1.667434694060126,0.0,17,6.0,0.9302325581395349,0.961059965165464,0.06976744186046512,0.03894003483453595,7.808199527524933,0.9221199303309281,0.0,0.2441860465116279,0.7558139534883721,0.0,0.0,0.2441860465116279,2,0.07058823529411765,video,transport,ikev2,AES_GCM_16_128,PASS,0
exp_017_video_transport_aes_gcm_16_128_1789043048,3,0,156,177084.0,1.4995241165161133,118093.4658199591,104.03300505925787,1135.1538461538462,235.34328864628395,626.0,1498.0,1146.0,715.0,806.0,940.0,1346.0,1422.0,1451.0,-0.3140865886400144,-1.0669823761190138,3.4660741141013203,0.39545621470580045,0.009674349138813635,0.014870811556322805,0.00011086463928222656,0.042378902435302734,0.0011899471282958984,0.0014220476150512695,0.002321958541870117,0.0025674104690551758,0.0386746883392334,1.0134513630518638,1.5369793216729568,0.0,34,5.5588235294117645,0.9935897435897436,0.9964649544848773,0.00641025641025641,0.0035350455151227666,1.0,0.9929299089697544,0.0,0.21794871794871795,0.782051282051282,0.0,0.0,0.24358974358974358,2,0.012903225806451613,video,transport,ikev2,AES_GCM_16_128,PASS,0
exp_017_video_transport_aes_gcm_16_128_1789043048,4,0,149,161130.0,1.4725310802459717,109423.83638726649,101.18631925589715,1081.4093959731545,223.26551483168637,626.0,1490.0,1098.0,731.6,779.6,894.0,1278.0,1357.2000000000003,1422.8,-0.11419732002391346,-1.0810272817082052,3.5134680743500173,0.2830368880510545,0.009949534325986295,0.014943954552987262,0.00011086463928222656,0.04241776466369629,0.0013650417327880859,0.002258896827697754,0.0023679733276367188,0.0025576353073120117,0.038589787483215336,1.0262210678459205,1.5018243305749335,0.0,33,5.484848484848484,0.9865771812080537,0.9922298764972383,0.013422818791946308,0.007770123502761745,0.009863187192233173,0.9844597529944765,0.0,0.2751677852348993,0.7248322147651006,0.0,0.0,0.1476510067114094,2,0.02702702702702703,video,transport,ikev2,AES_GCM_16_128,PASS,0
exp_017_video_transport_aes_gcm_16_128_1789043048,5,0,152,159100.0,1.4473810195922852,109922.67954765436,105.01726770109028,1046.7105263157894,274.1121944612362,42.0,1486.0,1070.0,717.4,770.0,866.0,1272.0,1361.6,1422.9999999999998,-1.0771679768747726,2.558837563344028,2.8664075594230116,0.4847951561196164,0.009585304765511822,0.014495853176651544,2.2172927856445312e-05,0.04241776466369629,0.0012898445129394531,0.0022505521774291992,0.0023670196533203125,0.0025409460067749023,0.036911964416503906,1.1247618188421833,1.5121419077768699,0.0,33,5.575757575757576,0.993421052631579,0.9960653676932747,0.006578947368421052,0.00393463230672533,1.0,0.9921307353865494,0.02631578947368421,0.28289473684210525,0.6907894736842105,4.163050161833392,0.02631578947368421,0.125,2,0.013605442176870748,video,transport,ikev2,AES_GCM_16_128,PASS,0
exp_017_video_transport_aes_gcm_16_128_1789043048,6,0,147,151010.0,1.4672141075134277,102922.94711909862,100.18987634267596,1027.2789115646258,278.4188540001573,42.0,1486.0,1030.0,703.2,764.4,838.0,1250.0,1363.6,1427.9999999999998,-0.922728823602891,2.1444746765972766,2.855471544912256,0.485435783379952,0.010049411695297451,0.014794122939076657,2.2172927856445312e-05,0.04224705696105957,0.0012769699096679688,0.002250492572784424,0.002360105514526367,0.002630770206451416,0.03708243370056152,1.1573419080933705,1.4719917340300368,0.0,34,5.294117647058823,0.9931972789115646,0.9958545791669425,0.006802721088435374,0.004145420833057413,1.0,0.9917091583338852,0.027210884353741496,0.30612244897959184,0.6666666666666666,4.0665494620796006,0.027210884353741496,0.1292517006802721,2,0.014084507042253521,video,transport,ikev2,AES_GCM_16_128,PASS,0
exp_017_video_transport_aes_gcm_16_128_1789043048,7,0,140,145764.0,1.4463210105895996,100782.60561296735,96.79732160077543,1041.1714285714286,238.53193685114613,626.0,1490.0,1030.0,702.0,730.0,828.0,1249.0,1370.8000000000002,1414.0,0.1438170375589383,-1.192616507220855,3.4735319893615673,0.20234340210964963,0.010405187126543883,0.015202197279182459,0.00016498565673828125,0.042591094970703125,0.0013480186462402344,0.002260446548461914,0.002382040023803711,0.0025680065155029297,0.03759489059448243,1.1049633363023876,1.4608806370976182,0.0,33,5.212121212121212,0.9857142857142858,0.9914107735792103,0.014285714285714285,0.00858922642078977,0.010790451721069,0.9828215471584204,0.0,0.34285714285714286,0.6571428571428571,0.0,0.0,0.15,2,0.02877697841726619,video,transport,ikev2,AES_GCM_16_128,PASS,0
exp_017_video_transport_aes_gcm_16_128_1789043048,8,0,167,187602.0,1.4661271572113037,127957.5233821019,113.90553621395837,1123.3652694610778,251.58078330889387,626.0,1490.0,1158.0,704.4,744.4000000000001,914.0,1352.0,1415.6,1452.8,-0.3421741115064446,-1.2068076780806338,3.455916981516997,0.3282676149688728,0.00883209130850183,0.014405277104483733,0.0001780986785888672,0.042591094970703125,0.0011900663375854492,0.0013759136199951172,0.0023241043090820312,0.002511918544769287,0.038754940032958984,0.926349651631057,1.630830770493529,0.0,32,6.1875,0.9880239520958084,0.9933262971610111,0.011976047904191617,0.006673702838988924,0.008786103931930833,0.9866525943220221,0.0,0.24550898203592814,0.7544910179640718,0.0,0.0,0.2694610778443114,2,0.024096385542168676,video,transport,ikev2,AES_GCM_16_128,PASS,0
exp_017_video_transport_aes_gcm_16_128_1789043048,9,0,154,168360.0,1.4744808673858643,114182.55992598175,104.44353901521258,1093.2467532467533,238.92389462865268,626.0,1482.0,1124.0,707.2,744.4,884.0,1309.0,1374.0,1444.8,-0.21484283907614013,-1.2137028297950787,3.5117576188393533,0.2556119816271359,0.00963712985219519,0.014655602461458108,0.0003440380096435547,0.041708946228027344,0.0011911392211914062,0.0021848678588867188,0.0023589134216308594,0.002843141555786133,0.0386307716369629,0.9806112539866273,1.520585703472353,0.0,33,5.636363636363637,0.9935064935064936,0.9962817771442147,0.006493506493506494,0.003718222855785222,1.0,0.9925635542884296,0.0,0.2662337662337662,0.7337662337662337,0.0,0.0,0.17532467532467533,2,0.013071895424836602,video,transport,ikev2,AES_GCM_16_128,PASS,0
exp_017_video_transport_aes_gcm_16_128_1789043048,10,0,144,156880.0,1.459942102432251,107456.31606804083,98.63404840513691,1089.4444444444443,239.82382937440238,626.0,1494.0,1110.0,704.4,755.2,888.0,1290.0,1420.8000000000002,1461.4,-0.06900584172505733,-1.185644866580834,3.530706988654147,0.30448414182154676,0.010209385331694062,0.015003200389952887,0.00020503997802734375,0.042181968688964844,0.0011911392211914062,0.0022133588790893555,0.002477884292602539,0.002934575080871582,0.03813414573669434,1.070071501044407,1.469405894347733,0.0,33,5.333333333333333,0.9930555555555556,0.9960096889342173,0.006944444444444444,0.003990311065782764,1.0,0.9920193778684345,0.0,0.2708333333333333,0.7291666666666666,0.0,0.0,0.16666666666666666,2,0.013986013986013986,video,transport,ikev2,AES_GCM_16_128,PASS,0
exp_017_video_transport_aes_gcm_16_128_1789043048,11,0,99,110822.0,0.9703130722045898,114212.62185843587,102.0289253396,1119.4141414141413,244.5080408130633,626.0,1494.0,1114.0,726.8,781.2,916.0,1330.0,1454.0,1474.0,-0.1684463535711287,-1.1187646052106248,3.47096427456789,0.44396085479478115,0.009901153798006018,0.015087170401602144,5.91278076171875e-05,0.042181968688964844,0.0011727571487426757,0.0016089081764221191,0.0024935007095336914,0.0029042959213256836,0.03901906013488769,1.02126030356757,1.5236251334169568,0.0,22,5.454545454545454,0.9797979797979798,0.9887026041760661,0.020202020202020204,0.011297395823933876,0.010418222679161098,0.9774052083521323,0.0,0.21212121212121213,0.7878787878787878,0.0,0.0,0.23232323232323232,2,0.030612244897959183,video,transport,ikev2,AES_GCM_16_128,PASS,0
exp_017_video_transport_aes_gcm_16_128_1789043048,12,0,20,20144.0,0.22545909881591797,89346.58262094403,88.70788584287533,1007.2,200.36806132714864,626.0,1362.0,990.0,724.8,805.6,867.0,1130.0,1295.6000000000001,1346.8,0.17395292336431759,-0.7826659930689144,3.2086949695628415,0.449545271954562,0.011866268358732524,0.015944879945121355,5.91278076171875e-05,0.04122185707092285,0.0022162437438964845,0.0023609399795532227,0.002660036087036133,0.018489599227905273,0.03882031440734863,1.0214554656116666,1.3436015318039323,0.0,6,4.166666666666667,0.95,0.9689237490071485,0.05,0.03107625099285147,1.0,0.937847498014297,0.0,0.3,0.7,0.0,0.0,0.05,2,0.05263157894736842,video,transport,ikev2,AES_GCM_16_128,PASS,0
exp_018_video_tunnel_aes_cbc_256_1789043091,-1,1,639,713030.0,12.262733936309814,58146.08746331243,52.10909763832748,1115.8528951486699,284.37295645008635,42.0,1514.0,1146.0,666.0,762.0,922.0,1354.0,1434.0,1482.0,-0.8900300840316018,1.0913431508595863,2.9409720851425107,0.3108320269251614,0.019220586107068675,0.17049547211101532,9.5367431640625e-07,4.025036096572876,0.0001690387725830078,0.0010935068130493164,0.003618001937866211,0.010747730731964111,0.03211913108825685,0.04744534675264298,8.87000017383145,0.5073737352488062,142,4.619718309859155,0.9593114241001565,0.9777400670378525,0.0406885758998435,0.022259932962147455,0.04088647967671548,0.9554801340757051,0.01564945226917058,0.22535211267605634,0.758998435054773,4.058964564119462,0.006259780907668232,0.28012519561815336,8,0.7718446601941747,video,tunnel,ikev2,AES_CBC_256,PASS,0
exp_018_video_tunnel_aes_cbc_256_1789043091,5,0,4,688.0,1.0567748546600342,651.0374437527003,3.785101417166862,172.0,130.49137902558928,42.0,318.0,164.0,42.0,42.0,42.0,294.0,308.4,313.2,0.022466173806275358,-1.9701013941635408,1.5,0.5889715041638778,0.35225828488667804,0.47769654376027615,0.010970830917358398,1.027811050415039,0.012375259399414062,0.014481902122497559,0.01799297332763672,0.5229020118713379,0.8258474349975586,0.9182958340544896,1.3560935488583399,0.9725922658764313,0,1.0,0.75,0.5843023255813954,0.25,0.41569767441860467,1.0,0.1686046511627907,0.5,0.5,0.0,0.0,0.5,0.0,0,0.0,video,tunnel,ikev2,AES_CBC_256,PASS,0
exp_018_video_tunnel_aes_cbc_256_1789043091,7,0,79,84238.0,0.4892849922180176,172165.50954921768,161.46009229074997,1066.3037974683543,338.54058913505236,114.0,1514.0,1098.0,590.0,650.8000000000001,778.0,1370.0,1450.0,1466.0,-0.6018234956721387,-0.4381466405219254,2.908070694897559,0.20615794219862932,0.00627288451561561,0.010350067545579598,4.0531158447265625e-06,0.038366079330444336,1.2683868408203126e-05,0.00034797191619873047,0.0017249584197998047,0.005792975425720215,0.029260969161987303,1.6550997442811783,1.6497064171038573,0.0,13,6.3076923076923075,0.8481012658227848,0.9105391865903749,0.1518987341772152,0.08946081340962511,5.092296821409105,0.8210783731807498,0.02531645569620253,0.3291139240506329,0.6455696202531646,3.458906834656275,0.0,0.3291139240506329,4,0.8611111111111112,video,tunnel,ikev2,AES_CBC_256,PASS,0
exp_018_video_tunnel_aes_cbc_256_1789043091,8,0,144,152092.0,1.2416810989379883,122488.77761776716,115.97180638665066,1056.1944444444443,286.36217544342577,114.0,1514.0,1066.0,590.0,666.0,842.0,1322.0,1402.0,1450.0,-0.4739630704490616,-0.05900122461356583,3.021318020461106,0.15111405155822294,0.00868308460795796,0.012128582960574525,4.0531158447265625e-06,0.04526686668395996,0.00012488365173339845,0.0007860660552978516,0.0031328201293945312,0.008484482765197754,0.03170733451843261,1.9793550582319108,1.3966449554694667,0.0,29,4.9655172413793105,0.9027777777777778,0.942192883254872,0.09722222222222222,0.05780711674512795,0.1229548697340745,0.8843857665097441,0.013888888888888888,0.3055555555555556,0.6805555555555556,3.841574371803345,0.0,0.2361111111111111,4,0.8235294117647058,video,tunnel,ikev2,AES_CBC_256,PASS,0
exp_018_video_tunnel_aes_cbc_256_1789043091,9,0,145,165454.0,1.4574658870697021,113521.69643754228,99.48774876064422,1141.0620689655173,228.75640471726177,590.0,1514.0,1146.0,765.2,842.0,954.0,1354.0,1434.0,1466.0,-0.1904916647031013,-1.0215421557302686,3.413151171118395,0.3454204516449283,0.010121290882428488,0.012703475287561064,8.106231689453125e-06,0.04526686668395996,0.0005032777786254883,0.0017192363739013672,0.003769993782043457,0.010907173156738281,0.03273382186889649,2.1919666611220214,1.2550000227333236,0.0,36,4.222222222222222,0.9862068965517241,0.9924087661827456,0.013793103448275862,0.0075912338172543425,692.1804784340306,0.9848175323654913,0.0,0.1793103448275862,0.8206896551724138,0.0,0.0,0.2689655172413793,2,0.7902097902097902,video,tunnel,ikev2,AES_CBC_256,PASS,0
exp_018_video_tunnel_aes_cbc_256_1789043091,10,0,166,195816.0,1.4968340396881104,130820.11419302132,110.90073822385065,1179.6144578313254,250.85529987966788,114.0,1514.0,1242.0,750.0,810.0,1006.0,1370.0,1450.0,1498.0,-0.8592972074785424,0.6198356237563596,2.783579899232028,0.3368208467024052,0.009071721452655215,0.01201672000317646,1.9073486328125e-06,0.04723501205444336,0.000280141830444336,0.0012309551239013672,0.0033729076385498047,0.009738922119140625,0.03028125762939453,2.0506294866835617,1.3244890263504847,0.0,36,4.805555555555555,0.9879518072289156,0.9935858152551375,0.012048192771084338,0.006414184744862524,541.0042819279957,0.9871716305102749,0.006024096385542169,0.1686746987951807,0.8253012048192772,4.59717706563776,0.0,0.3433734939759036,3,0.7317073170731707,video,tunnel,ikev2,AES_CBC_256,PASS,0
exp_018_video_tunnel_aes_cbc_256_1789043091,11,0,157,169954.0,1.4636759757995605,116114.49720431425,107.26417772501581,1082.5095541401274,278.9993862932865,42.0,1514.0,1082.0,726.8,762.0,890.0,1338.0,1392.4,1437.1999999999998,-0.8518414562142023,1.3699961129970353,2.854788989051731,0.26330374141578117,0.009382538306407439,0.012220768422221473,1.9073486328125e-06,0.04723501205444336,0.00016391277313232422,0.0012055039405822754,0.0042629241943359375,0.009760022163391113,0.03171849250793457,2.1586175675163797,1.3023625015604898,0.0,40,4.15,0.9745222929936306,0.985219529990468,0.025477707006369428,0.01478047000953199,0.028837274454864423,0.970439059980936,0.01910828025477707,0.28662420382165604,0.6942675159235668,4.161397975626077,0.012738853503184714,0.2229299363057325,3,0.7302631578947368,video,tunnel,ikev2,AES_CBC_256,PASS,0
exp_018_video_tunnel_aes_cbc_256_1789043091,12,0,147,161110.0,1.4635179042816162,110084.06492921083,100.44291195204514,1095.9863945578231,265.6769555547698,42.0,1514.0,1098.0,734.8,794.0,890.0,1330.0,1402.0,1482.0,-0.7684360953504524,1.6105473479795789,2.8855709488907797,0.4065092873678491,0.01002409523480559,0.012994254603666648,4.0531158447265625e-06,0.04595804214477539,0.00015044212341308594,0.0010036230087280273,0.004405975341796875,0.011013686656951904,0.031926512718200684,2.240666994985397,1.2961726845798525,0.0,41,3.902439024390244,0.9727891156462585,0.9844081683321954,0.027210884353741496,0.015591831667804605,0.03026428669814469,0.9688163366643908,0.013605442176870748,0.24489795918367346,0.7414965986394558,4.406814073553274,0.013605442176870748,0.23129251700680273,2,0.7887323943661971,video,tunnel,ikev2,AES_CBC_256,PASS,0
exp_018_video_tunnel_aes_cbc_256_1789043091,13,0,145,167854.0,1.4710309505462646,114106.36869174488,98.570325761096,1157.6137931034482,240.3534519800284,590.0,1514.0,1162.0,762.0,832.4,954.0,1370.0,1475.6,1510.7999999999997,-0.2085757882664239,-1.0872802414631346,3.4038096076115174,0.47244424193897444,0.010215492712126838,0.01325113370007394,2.86102294921875e-06,0.044770002365112305,0.00017800331115722657,0.0009632110595703125,0.00403594970703125,0.012551426887512207,0.03458266258239749,2.3401024652594122,1.2970335391464651,0.0,31,4.516129032258065,0.9862068965517241,0.9925173067070192,0.013793103448275862,0.007482693292980805,787.2254201254095,0.9850346134140384,0.0,0.18620689655172415,0.8137931034482758,0.0,0.0,0.3310344827586207,2,0.8041958041958042,video,tunnel,ikev2,AES_CBC_256,PASS,0
exp_018_video_tunnel_aes_cbc_256_1789043091,14,0,128,143748.0,1.4795382022857666,97157.34259373702,86.51348089711396,1123.03125,227.7752434384332,590.0,1514.0,1122.0,767.6,821.2,934.0,1338.0,1402.0,1460.3999999999999,-0.13743472074057705,-1.0883696167440826,3.414105940222834,0.22980027405484962,0.011649907104612335,0.013657480070945683,2.86102294921875e-06,0.04743695259094238,0.00030956268310546877,0.0017261505126953125,0.004157066345214844,0.019652962684631348,0.03485989570617676,2.4317361249020633,1.1722246129264038,0.0,30,4.2,0.984375,0.9912624871302558,0.015625,0.008737512869744274,562.9055590710257,0.9825249742605114,0.0,0.21875,0.78125,0.0,0.0,0.2265625,2,0.7222222222222222,video,tunnel,ikev2,AES_CBC_256,PASS,0
exp_018_video_tunnel_aes_cbc_256_1789043091,15,0,107,123822.0,0.998154878616333,124050.8889478606,107.19779294003557,1157.214953271028,292.792134745664,114.0,1514.0,1210.0,666.0,819.6,1010.0,1362.0,1456.4,1498.0,-1.4061181570300025,2.4808212627688215,2.867958091770758,0.023995742317331984,0.009416555458644652,0.012720372004197816,9.5367431640625e-07,0.04743695259094238,0.00017142295837402344,0.0011983513832092285,0.0031900405883789062,0.012257754802703857,0.03136706352233887,2.0525761974241212,1.3507084784429289,0.0,22,5.045454545454546,0.9626168224299065,0.9797128135549418,0.037383177570093455,0.02028718644505823,0.029546267595777526,0.9594256271098835,0.028037383177570093,0.14953271028037382,0.822429906542056,3.9208702166419753,0.0,0.2897196261682243,5,0.7115384615384616,video,tunnel,ikev2,AES_CBC_256,PASS,0
exp_018_video_tunnel_aes_cbc_256_1789043091,16,0,48,58556.0,0.25085997581481934,233421.05415502816,191.34180270922454,1219.9166666666667,361.30041939576483,114.0,1514.0,1354.0,280.6,699.6,1162.0,1450.0,1498.0,1508.4,-1.9119394561131657,2.998079663246073,2.4875168162362655,-0.013281642746175716,0.005337446293932326,0.009446918163389387,9.5367431640625e-07,0.04180598258972168,0.00010991096496582031,0.0002034902572631836,0.0013339519500732422,0.004606008529663086,0.017400884628295882,1.5976786188445329,1.7696006746619792,0.0,5,9.2,0.9583333333333334,0.9785504474349341,0.041666666666666664,0.02144955256506592,353.2304598964352,0.9571008948698682,0.0625,0.08333333333333333,0.8541666666666666,3.4212457567317225,0.0,0.5208333333333334,5,0.8260869565217391,video,tunnel,ikev2,AES_CBC_256,PASS,0
exp_019_video_transport_aes_cbc_128_1789043137,-1,1,751,819958.0,9.628993034362793,85155.1140471109,77.99361753819132,1091.821571238349,280.09685430283,42.0,1514.0,1130.0,698.0,746.0,890.0,1322.0,1402.0,1450.0,-0.9015596376217085,1.0951291976140203,2.953504303902376,0.2556726876793071,0.012838657379150391,0.08173977535005843,9.5367431640625e-07,2.199591875076294,0.00043368339538574224,0.00131988525390625,0.003551483154296875,0.011465311050415039,0.03183634281158448,0.029310710721973648,6.366195992331628,0.26475061581812964,167,4.550898203592815,0.9800266311584553,0.9889726059139614,0.019973368841544607,0.011027394086038552,0.019812674284746694,0.9779452118279229,0.019973368841544607,0.2396804260985353,0.7403462050599201,3.9276237906193296,0.005326231691078562,0.20905459387483355,2,0.7681940700808625,video,transport,ikev2,AES_CBC_128,PASS,0
exp_019_video_transport_aes_cbc_128_1789043137,0,0,4,1640.0,0.05943799018859863,27591.780859282553,67.297026486055,410.0,101.46920715172658,286.0,514.0,420.0,293.2,300.4,322.0,508.0,511.6,512.8,-0.08040378344839896,-1.8875703421157966,1.5,0.6328843056027117,0.019812663396199543,0.011954139156721014,0.011250019073486328,0.036717891693115234,0.011294031143188476,0.0113600492477417,0.01147007942199707,0.024093985557556152,0.0316683292388916,0.9182958340544896,0.603328062947407,0.0,0,1.0,0.5,0.5121951219512195,0.5,0.4878048780487805,0.9954126360576846,0.024390243902439025,0.0,1.0,0.0,0.0,0.0,0.0,0,0.0,video,transport,ikev2,AES_CBC_128,PASS,0
exp_019_video_transport_aes_cbc_128_1789043137,2,0,85,92866.0,0.7216789722442627,128680.48477456284,117.7809015768725,1092.5411764705882,300.2724078111966,138.0,1514.0,1162.0,634.0,698.0,874.0,1338.0,1405.2000000000003,1466.0,-0.838965089004063,0.46261777843154084,2.9625303809547683,-0.1399775834128743,0.008591416336241223,0.012184770734744855,2.86102294921875e-06,0.04089093208312988,0.0001493692398071289,0.0006977319717407227,0.003071904182434082,0.00823354721069336,0.0327864408493042,2.0124583001715313,1.4180843034050556,0.0,17,5.0588235294117645,0.9294117647058824,0.9590377533219908,0.07058823529411765,0.04096224667800918,3.9295002207283614,0.9180755066439816,0.023529411764705882,0.2823529411764706,0.6941176470588235,3.7344619941365007,0.0,0.23529411764705882,2,0.8333333333333334,video,transport,ikev2,AES_CBC_128,PASS,0
exp_019_video_transport_aes_cbc_128_1789043137,3,0,176,197152.0,1.4831671714782715,132926.35098139258,118.66497815251732,1120.1818181818182,281.6463992577857,138.0,1514.0,1170.0,634.0,730.0,906.0,1342.0,1450.0,1470.0,-0.8667159648300523,0.6377222249733481,2.928467058408646,0.07424977325973595,0.008475240979875837,0.011373454823469508,2.86102294921875e-06,0.04375290870666504,0.00031156539916992186,0.0012710094451904297,0.003186941146850586,0.009841561317443848,0.02811450958251952,2.121167268391032,1.3418040910436824,0.0,35,5.0285714285714285,0.9602272727272727,0.9774894497646486,0.03977272727272727,0.022510550235351402,0.052884477442098364,0.9549788995292972,0.017045454545454544,0.22727272727272727,0.7556818181818182,3.9071368976234013,0.0,0.25,2,0.8,video,transport,ikev2,AES_CBC_128,PASS,0
exp_019_video_transport_aes_cbc_128_1789043137,4,0,159,174470.0,1.4546549320220947,119939.097692036,109.3042731302443,1097.2955974842766,253.95628191732516,170.0,1514.0,1114.0,714.0,746.0,906.0,1322.0,1386.0,1450.0,-0.6256722294088498,0.47375554926533603,2.9464748218422883,0.28107613502927603,0.009206676784949967,0.01184707542449768,4.0531158447265625e-06,0.04425406455993652,0.0005604267120361328,0.0014408230781555176,0.0035785436630249023,0.010195016860961914,0.031187915802001958,2.1813076088175944,1.2866519645717622,0.0,39,4.333333333333333,0.9874213836477987,0.9927322748896659,0.012578616352201259,0.007267725110334155,0.009038129650166914,0.9854645497793317,0.012578616352201259,0.22012578616352202,0.7672955974842768,4.035288425062997,0.0,0.18238993710691823,2,0.7531645569620253,video,transport,ikev2,AES_CBC_128,PASS,0
exp_019_video_transport_aes_cbc_128_1789043137,5,0,159,170582.0,1.498533010482788,113832.66088015168,106.10376874432306,1072.8427672955975,280.31369522502257,42.0,1514.0,1082.0,698.0,730.0,874.0,1314.0,1402.0,1450.0,-0.8288385464246213,1.124085081514301,2.9464822322323303,0.384279674527496,0.009484386142296127,0.012769196783263983,5.0067901611328125e-06,0.04425406455993652,0.0005023956298828126,0.0010505318641662598,0.003224492073059082,0.010667681694030762,0.03268356323242188,2.065134931102183,1.3461968328653562,0.0,39,4.435897435897436,0.9937106918238994,0.9962833124245231,0.006289308176100629,0.003716687575476897,1.0,0.9925666248490462,0.025157232704402517,0.2641509433962264,0.710691823899371,3.831358513215805,0.006289308176100629,0.18238993710691823,2,0.7515923566878981,video,transport,ikev2,AES_CBC_128,PASS,0
exp_019_video_transport_aes_cbc_128_1789043137,6,0,170,187796.0,1.492506980895996,125825.87713409589,113.90231481392735,1104.6823529411765,292.84126243188297,42.0,1514.0,1130.0,698.0,760.4000000000001,906.0,1338.0,1434.0,1482.0,-1.0973226246982009,1.7315935797589939,2.9112712983570606,0.3790357991347011,0.008831402253822462,0.011777211999461369,2.1457672119140625e-06,0.04141092300415039,0.000373077392578125,0.0008881092071533203,0.003242969512939453,0.009727954864501953,0.030462789535522464,2.1827205733373924,1.333409831324707,0.0,36,4.777777777777778,0.9941176470588236,0.9966239962512513,0.0058823529411764705,0.0033760037487486423,1.0,0.9932479925025027,0.029411764705882353,0.21764705882352942,0.7529411764705882,3.826817137808577,0.011764705882352941,0.2235294117647059,2,0.7544910179640718,video,transport,ikev2,AES_CBC_128,PASS,0
exp_019_video_transport_aes_cbc_128_1789043137,7,0,163,180046.0,1.489124059677124,120907.32053515948,109.46032262439041,1104.5766871165645,263.0485479861346,42.0,1498.0,1130.0,730.0,765.2,930.0,1322.0,1386.0,1450.0,-0.981205566902031,1.7024183201626393,2.862088557693252,0.24891450625487677,0.009192123825167433,0.011457171775469725,2.1457672119140625e-06,0.04706311225891113,0.0004816532135009766,0.0013692378997802734,0.0036100149154663086,0.011637210845947266,0.030426287651062013,2.1866078862335696,1.2462762379099206,0.0,37,4.513513513513513,0.9877300613496932,0.9929573553425236,0.012269938650306749,0.007042644657476423,0.009170558819626981,0.9859147106850471,0.018404907975460124,0.2147239263803681,0.7668711656441718,4.158988775211861,0.006134969325153374,0.1901840490797546,2,0.7763975155279503,video,transport,ikev2,AES_CBC_128,PASS,0
exp_019_video_transport_aes_cbc_128_1789043137,8,0,147,159982.0,1.480909824371338,108029.53520003425,99.26330258657246,1088.312925170068,247.762416445691,122.0,1498.0,1130.0,718.8,755.6,914.0,1306.0,1370.0,1386.0,-0.8480292220390926,1.1456306323481353,2.8439986943674063,0.06430546010514314,0.010143217975146149,0.011990648672249856,1.5020370483398438e-05,0.04706311225891113,0.000698089599609375,0.0016255378723144531,0.0038175582885742188,0.017056703567504883,0.03106546401977539,2.3120267116597746,1.1820180423594562,0.0,34,4.352941176470588,0.9863945578231292,0.9920741083371879,0.013605442176870748,0.007925891662812067,0.010500931291059109,0.9841482166743759,0.013605442176870748,0.23129251700680273,0.7551020408163265,4.276692066687789,0.0,0.1564625850340136,2,0.8082191780821918,video,transport,ikev2,AES_CBC_128,PASS,0
exp_019_video_transport_aes_cbc_128_1789043137,9,0,143,158406.0,1.4775950908660889,107205.28308411657,96.77888136199809,1107.7342657342658,253.78083576598772,122.0,1498.0,1146.0,714.0,749.2,930.0,1322.0,1386.0,1402.0,-0.9320230598931567,1.3599788097749723,2.8568883647298806,0.15855754125004598,0.01040559923145133,0.012137159819560664,9.5367431640625e-07,0.045339107513427734,0.0007210254669189454,0.0016335248947143555,0.004286050796508789,0.014865338802337646,0.03243410587310791,2.4012530425271605,1.1662945357671841,0.0,30,4.5,0.993006993006993,0.9959976263525372,0.006993006993006993,0.004002373647462849,1.0,0.9919952527050743,0.013986013986013986,0.1958041958041958,0.7902097902097902,4.276004906192006,0.0,0.20279720279720279,2,0.7746478873239436,video,transport,ikev2,AES_CBC_128,PASS,0
exp_019_video_transport_aes_cbc_128_1789043137,10,0,142,153212.0,1.4794120788574219,103562.76130875485,95.98407504531754,1078.9577464788733,261.4968524637396,122.0,1498.0,1098.0,714.0,746.0,874.0,1318.0,1386.0,1402.0,-0.6598389644374733,0.5836642192661587,2.8954130674077305,0.27425027825583737,0.010492284247215758,0.012362996832543533,9.5367431640625e-07,0.042307138442993164,0.0005810260772705078,0.001806020736694336,0.004903078079223633,0.014106035232543945,0.0332188606262207,2.4468250138783456,1.1781818295662656,0.0,32,4.25,0.9929577464788732,0.9958619429287523,0.007042253521126761,0.004138057071247683,1.0,0.9917238858575046,0.014084507042253521,0.24647887323943662,0.7394366197183099,4.088112420763015,0.0,0.19014084507042253,2,0.723404255319149,video,transport,ikev2,AES_CBC_128,PASS,0
exp_019_video_transport_aes_cbc_128_1789043137,11,0,106,112132.0,1.375148057937622,81541.76515957848,77.0826089511943,1057.8490566037735,302.36897341495813,42.0,1498.0,1114.0,698.0,730.0,826.0,1322.0,1402.0,1430.0,-0.8482188183309414,1.0003341187129848,2.941536567880484,0.3658417147623032,0.013096648170834497,0.03513798786050999,9.5367431640625e-07,0.34968996047973633,0.00032849311828613286,0.0017201900482177734,0.00451207160949707,0.01265096664428711,0.03304891586303711,0.4651369455782085,2.6827707846630324,0.25429258941337834,26,4.115384615384615,0.9811320754716981,0.9886918988335176,0.018867924528301886,0.01130810116648236,0.013640400254677146,0.9773837976670353,0.02830188679245283,0.29245283018867924,0.6792452830188679,3.797420652258012,0.018867924528301886,0.22641509433962265,2,0.7281553398058253,video,transport,ikev2,AES_CBC_128,PASS,0
exp_019_video_transport_aes_cbc_128_1789043137,12,0,44,49992.0,0.6080930233001709,82211.10600593525,72.35735046129682,1136.1818181818182,358.1157299436285,42.0,1498.0,1322.0,646.0,739.6,854.0,1402.0,1445.2,1450.0,-1.357139379193569,1.4633980193271343,2.599606756778496,0.6067571584289203,0.014141698216283045,0.05246647937757609,9.5367431640625e-07,0.34968996047973633,0.0001331329345703125,0.0009959936141967773,0.0026009082794189453,0.007849931716918945,0.015687417984008804,0.31790121541508787,3.709792754905098,0.5750599778006663,9,4.888888888888889,0.9772727272727273,0.98731797087534,0.022727272727272728,0.012682029124659945,1.0,0.9746359417506801,0.045454545454545456,0.25,0.7045454545454546,3.610294331128728,0.045454545454545456,0.45454545454545453,2,0.7560975609756098,video,transport,ikev2,AES_CBC_128,PASS,0
exp_020_video_tunnel_3des_cbc_1789043180,-1,1,812,839268.0,10.40780782699585,80638.30673574703,78.01835059769535,1033.5812807881773,337.21741980659846,42.0,1454.0,1094.0,150.0,658.8000000000004,838.0,1318.0,1394.0,1398.0,-1.1193876054682625,0.9638101463649273,3.0239964185529713,0.08662620768453558,0.012833301882855547,0.07882832696444779,1.9073486328125e-06,2.234380006790161,0.0005509853363037109,0.0020145177841186523,0.006036996841430664,0.014663934707641602,0.026755094528198242,0.013693419636126794,6.142003490641675,0.248296643271068,151,4.397350993377484,0.9630541871921182,0.9797680836157223,0.03694581280788178,0.020231916384277727,0.04090029168449273,0.9595361672314445,0.0665024630541872,0.2413793103448276,0.6921182266009852,3.207258385697429,0.0024630541871921183,0.2019704433497537,2,0.7857142857142857,video,tunnel,ikev1,3DES_CBC,CRITICAL_FAIL,0
exp_020_video_tunnel_3des_cbc_1789043180,0,0,9,1774.0,0.20514297485351562,8647.627349982335,43.871841121669114,197.11111111111111,61.81773288276943,106.0,286.0,210.0,109.2,112.4,146.0,218.0,286.0,286.0,-0.021579189786528463,-1.108862186766865,2.197159723424149,0.20113822709857732,0.025642871856689453,0.025539167947958557,0.001544952392578125,0.06843900680541992,0.0017382144927978516,0.0020415186882019043,0.019134163856506348,0.03967857360839844,0.0625840663909912,1.75,0.9959170007822519,0.626459731855626,3,2.6666666666666665,0.5555555555555556,0.5445321307779031,0.4444444444444444,0.455467869222097,0.899687672874782,0.08906426155580609,0.7777777777777778,0.2222222222222222,0.0,0.0,0.0,0.0,0,0.0,video,tunnel,ikev1,3DES_CBC,CRITICAL_FAIL,0
exp_020_video_tunnel_3des_cbc_1789043180,2,0,76,76444.0,0.5465989112854004,139853.9192480858,139.04162344794256,1005.8421052631579,363.67159320028145,110.0,1454.0,1082.0,158.0,590.0,734.0,1338.0,1394.0,1412.0,-0.7588770242215935,-0.16580812640396836,3.0078001626659088,-0.10423030693142783,0.007287985483805339,0.008432214008877545,5.9604644775390625e-06,0.035054922103881836,0.00022354125976562503,0.0007219314575195312,0.0030028820037841797,0.010879993438720703,0.02038469314575196,2.3715927439044426,1.1568432983728985,0.0,9,6.555555555555555,0.8421052631578947,0.9023598974412642,0.15789473684210525,0.0976401025587358,6.3346792624170964,0.8047197948825284,0.06578947368421052,0.3026315789473684,0.631578947368421,3.0538998835579343,0.0,0.25,2,0.828125,video,tunnel,ikev1,3DES_CBC,CRITICAL_FAIL,0
exp_020_video_tunnel_3des_cbc_1789043180,3,0,177,183154.0,1.3028759956359863,140576.69387837264,135.85329731522083,1034.768361581921,380.688815953701,110.0,1454.0,1150.0,134.0,590.0,838.0,1350.0,1394.0,1407.6,-1.1326222156514207,0.4103628053601027,2.966669141877895,-0.04849536419829472,0.007402704520659013,0.008700427449817052,5.9604644775390625e-06,0.0395960807800293,0.00038802623748779297,0.0009996294975280762,0.0032395124435424805,0.01159137487411499,0.02028954029083252,2.252756929435491,1.175145148694105,0.0,26,5.923076923076923,0.9209039548022598,0.9524553108313223,0.07909604519774012,0.047544689168677726,0.10366893688655052,0.9049106216626446,0.096045197740113,0.192090395480226,0.711864406779661,2.9046614981847783,0.0,0.2598870056497175,2,0.7894736842105263,video,tunnel,ikev1,3DES_CBC,CRITICAL_FAIL,0
exp_020_video_tunnel_3des_cbc_1789043180,4,0,157,166022.0,1.465728998184204,113269.2334024051,107.11393456395899,1057.4649681528663,338.2656689430787,110.0,1454.0,1150.0,148.4,687.6000000000001,934.0,1310.0,1394.0,1394.8,-1.427984588035077,1.6145295241171747,2.945836479924106,-0.03210093998739124,0.009395698706309,0.009738306796322573,9.202957153320312e-05,0.04162311553955078,0.0005095005035400391,0.0017937421798706055,0.005883574485778809,0.014441609382629395,0.021961450576782227,2.5292571567381352,1.0363540537682894,0.0,27,4.703703703703703,0.9745222929936306,0.9850140342846129,0.025477707006369428,0.014985965715387118,0.029146292517812825,0.9700280685692257,0.07643312101910828,0.1592356687898089,0.7643312101910829,3.1799462186870966,0.0,0.1910828025477707,2,0.8028169014084507,video,tunnel,ikev1,3DES_CBC,CRITICAL_FAIL,0
exp_020_video_tunnel_3des_cbc_1789043180,5,0,135,143314.0,1.4852049350738525,96494.42754704665,90.89654687505268,1061.585185185185,280.82725374718876,42.0,1430.0,1102.0,710.0,753.2,890.0,1294.0,1378.8000000000002,1400.4,-1.2065294930123156,2.322066924751626,2.8788298910318346,0.16858897257436287,0.011083618918461586,0.00985711934672751,0.00011515617370605469,0.04162311553955078,0.001211810111999512,0.003828108310699463,0.007871031761169434,0.015057265758514404,0.02598252296447754,2.8108030803215054,0.8892610038501497,0.0,28,3.5357142857142856,0.9851851851851852,0.9913197594094088,0.014814814814814815,0.008680240590591288,96.86572981399597,0.9826395188188174,0.02962962962962963,0.23703703703703705,0.7333333333333333,3.985123446343149,0.014814814814814815,0.17037037037037037,2,0.8527131782945736,video,tunnel,ikev1,3DES_CBC,CRITICAL_FAIL,0
exp_020_video_tunnel_3des_cbc_1789043180,6,0,162,169476.0,1.4912590980529785,113646.24713523738,108.63303379775577,1046.148148148148,363.00308168304224,42.0,1438.0,1106.0,110.0,710.0,840.0,1350.0,1394.0,1414.0,-1.2131870123223576,1.0209737725659789,2.7878192421881205,0.06901913480330302,0.009262478869894276,0.009888702006860813,5.9604644775390625e-06,0.045178890228271484,0.0005998611450195312,0.0017898082733154297,0.005533933639526367,0.012578964233398438,0.025664091110229492,2.4221230419892565,1.067493340865544,0.0,27,4.814814814814815,0.9876543209876543,0.992659727631051,0.012345679012345678,0.007340272368948996,96.6082449032125,0.985319455262102,0.08024691358024691,0.2222222222222222,0.6975308641975309,3.1220237915253684,0.012345679012345678,0.2777777777777778,2,0.7891156462585034,video,tunnel,ikev1,3DES_CBC,CRITICAL_FAIL,0
exp_020_video_tunnel_3des_cbc_1789043180,7,0,140,144448.0,1.4538209438323975,99357.49007661329,96.2979661243206,1031.7714285714285,339.3103161005349,102.0,1438.0,1078.0,133.6,710.0,806.0,1334.0,1394.0,1398.0,-1.0612076672817679,0.8704265011072154,2.9498899905402682,-0.006059049626615394,0.010459143480808614,0.011331590239908613,5.0067901611328125e-06,0.04984402656555176,0.00040698051452636724,0.002036571502685547,0.005777835845947266,0.015129566192626953,0.02866921424865723,2.416369038994919,1.0833111668782418,0.0,22,4.909090909090909,0.9714285714285714,0.9827758085954807,0.02857142857142857,0.017224191404519272,0.03218018086018731,0.9655516171909615,0.06428571428571428,0.2714285714285714,0.6642857142857143,3.2640529819663633,0.0,0.21428571428571427,2,0.75,video,tunnel,ikev1,3DES_CBC,CRITICAL_FAIL,0
exp_020_video_tunnel_3des_cbc_1789043180,8,0,132,135168.0,1.4792351722717285,91376.95109859805,89.23530380722465,1024.0,279.76591947013435,110.0,1430.0,1010.0,654.0,742.0,828.0,1286.0,1366.0,1391.8,-0.7833930750934346,1.022847911934912,2.979560544233409,-0.010008497577331554,0.011291871544058996,0.011024851349954685,1.9073486328125e-06,0.04984402656555176,0.0006728172302246094,0.003059983253479004,0.007667064666748047,0.017407894134521484,0.028434038162231445,2.562194388327494,0.9762664267402111,0.0,27,3.888888888888889,0.9696969696969697,0.9815932765151515,0.030303030303030304,0.018406723484848484,0.03498164078258362,0.963186553030303,0.030303030303030304,0.3181818181818182,0.6515151515151515,3.76394387196589,0.0,0.13636363636363635,2,0.784,video,tunnel,ikev1,3DES_CBC,CRITICAL_FAIL,0
exp_020_video_tunnel_3des_cbc_1789043180,9,0,153,157910.0,1.4933559894561768,105741.69931009202,102.45380276387867,1032.0915032679738,346.2157202677043,110.0,1454.0,1078.0,142.0,703.6,862.0,1318.0,1394.0,1406.0,-1.1527076181931235,0.9951990571054163,2.975073817232771,-0.005580169633644637,0.009824710456948531,0.010849298697934853,1.9073486328125e-06,0.05917191505432129,0.0004846096038818361,0.0022383928298950195,0.0061337947845458984,0.013145089149475098,0.025192451477050785,2.128811126794117,1.104174476285576,0.03962344911200272,30,4.3,0.9869281045751634,0.9921220948641631,0.013071895424836602,0.007877905135836869,76.59151919532894,0.9842441897283263,0.0784313725490196,0.23529411764705882,0.6862745098039216,3.1278598603158336,0.0,0.20915032679738563,2,0.7697841726618705,video,tunnel,ikev1,3DES_CBC,CRITICAL_FAIL,0
exp_020_video_tunnel_3des_cbc_1789043180,10,0,142,149564.0,1.47446608543396,101436.03944337643,96.30604691609915,1053.2676056338028,315.45491219294934,110.0,1454.0,1110.0,179.6000000000003,742.0,878.0,1318.0,1394.0,1398.0,-1.2351220500676452,1.5828330833721083,2.983538694164527,0.07214121921088253,0.010457206279673475,0.011884306799761187,1.9073486328125e-06,0.05917191505432129,0.0005221366882324219,0.0016570091247558594,0.0060770511627197266,0.01530909538269043,0.027312040328979492,2.2499410907391795,1.1363618656919663,0.04013107906575281,34,3.8823529411764706,0.9859154929577465,0.9916824904388757,0.014084507042253521,0.008317509561124335,186.00690159790125,0.9833649808777514,0.056338028169014086,0.2112676056338028,0.7323943661971831,3.388025215582192,0.0,0.176056338028169,2,0.7803030303030303,video,tunnel,ikev1,3DES_CBC,CRITICAL_FAIL,0
exp_020_video_tunnel_3des_cbc_1789043180,11,0,141,149766.0,1.4604589939117432,102547.21332425886,96.54499071031141,1062.1702127659576,291.2573368618227,102.0,1430.0,1102.0,654.0,742.0,870.0,1318.0,1394.0,1394.0,-1.0558893935982308,1.3200638548276746,2.96731181029444,0.19577573801846354,0.01043184995651245,0.011203549466114146,2.1457672119140625e-06,0.058515071868896484,0.0007466793060302735,0.002258479595184326,0.005966544151306152,0.015053391456604004,0.027593302726745608,2.2414600525343245,1.0738723850926857,0.040066220354580254,31,3.967741935483871,0.9716312056737588,0.9833874177049531,0.028368794326241134,0.01661258229504694,0.0326200371930073,0.9667748354099062,0.03546099290780142,0.23404255319148937,0.7304964539007093,3.64704663301603,0.0,0.1773049645390071,2,0.8045112781954887,video,tunnel,ikev1,3DES_CBC,CRITICAL_FAIL,0
exp_020_video_tunnel_3des_cbc_1789043180,12,0,134,140820.0,1.3687748908996582,102880.32088858883,97.89776309523437,1050.8955223880596,297.9959498036072,102.0,1430.0,1066.0,690.4,736.4,840.0,1316.0,1382.0,1395.4,-0.9285147048517807,0.9643895836599548,2.917288360909514,0.13900562307341813,0.010291540533080137,0.010715164211025778,2.1457672119140625e-06,0.05206799507141113,0.0008140087127685549,0.0024411678314208984,0.006302833557128906,0.013878107070922852,0.022970867156982423,2.3866247599179538,1.041061162361939,0.0757194928182227,24,4.25,0.9850746268656716,0.9911660275529044,0.014925373134328358,0.008833972447095583,326.57772291890745,0.9823320551058088,0.03731343283582089,0.2835820895522388,0.6791044776119403,3.60426746579046,0.0,0.20149253731343283,2,0.7559055118110236,video,tunnel,ikev1,3DES_CBC,CRITICAL_FAIL,0
exp_020_video_tunnel_3des_cbc_1789043180,13,0,57,58902.0,0.6480410099029541,90892.39585133776,87.95739641313118,1033.3684210526317,231.9344002521272,710.0,1398.0,998.0,730.8,746.8,830.0,1270.0,1358.0,1369.1999999999998,0.17041108055713378,-1.4433580131746502,3.3777791500545256,-0.04141566847006135,0.011572160891124181,0.011950649370319203,0.00029397010803222656,0.05206799507141113,0.0007574558258056641,0.0026346445083618164,0.008876919746398926,0.014152109622955322,0.02217841148376465,2.3701522845289293,1.0326175780969684,0.15993268780437375,11,3.6363636363636362,1.0,1.0,0.0,0.0,1.0,1.0,0.0,0.3684210526315789,0.631578947368421,0.0,0.0,0.14035087719298245,1,0.7142857142857143,video,tunnel,ikev1,3DES_CBC,CRITICAL_FAIL,0
exp_021_video_transport_3des_cbc_1789043225,-1,1,607,632450.0,5.979063987731934,105777.42624893872,101.52090715962653,1041.9275123558484,313.43936984306424,42.0,1454.0,1102.0,622.0,710.0,830.0,1302.0,1382.0,1418.0,-1.1142705672170243,1.4318775514034776,2.974787558284441,-0.039650599933730844,0.00986644222398009,0.010412057406137164,9.5367431640625e-07,0.05770587921142578,0.0006536245346069336,0.002017080783843994,0.006029486656188965,0.014144539833068848,0.025189995765686035,2.2233673998160044,1.0551931462880562,0.018082573690450424,122,4.245901639344262,0.9818780889621087,0.9891817534983003,0.018121911037891267,0.01081824650169974,0.019990784074217897,0.9783635069966006,0.044481054365733116,0.26688632619439867,0.6886326194398682,3.578240810969666,0.0032948929159802307,0.17627677100494235,27,0.8443708609271523,video,transport,ikev1,3DES_CBC,CRITICAL_FAIL,0
exp_021_video_transport_3des_cbc_1789043225,0,0,181,185214.0,1.4987211227416992,123581.36359696931,120.76963302477915,1023.2817679558011,350.1182012706034,78.0,1454.0,1102.0,102.0,622.0,814.0,1310.0,1418.0,1418.0,-1.0544030122687613,0.8475126506354034,3.036737129715843,0.02115952851095775,0.008326228459676106,0.009189799949120109,1.9073486328125e-06,0.044699907302856445,0.00034844875335693365,0.001446068286895752,0.004302501678466797,0.012227892875671387,0.023079490661621092,2.252966733893245,1.1035844631405194,0.0,39,4.461538461538462,0.9613259668508287,0.9764920578358007,0.03867403314917127,0.023507942164199252,0.05199598437433256,0.9529841156716015,0.06629834254143646,0.27071823204419887,0.6629834254143646,3.239667718369559,0.0,0.20994475138121546,14,0.8833333333333333,video,transport,ikev1,3DES_CBC,CRITICAL_FAIL,0
exp_021_video_transport_3des_cbc_1789043225,1,0,165,176946.0,1.4873709678649902,118965.61370563306,110.93399263859853,1072.4,336.95759646902434,42.0,1454.0,1174.0,206.00000000000057,697.2,870.0,1334.0,1414.0,1421.1999999999998,-1.3139453715162843,1.62428981688449,2.8819076577054683,0.037527039613023484,0.009069335169908477,0.010176855729503841,9.5367431640625e-07,0.0479278564453125,0.0006206750869750977,0.0014708638191223145,0.005260467529296875,0.013221144676208496,0.024017810821533207,2.317573004704987,1.1219933485221505,0.0,33,4.424242424242424,0.9878787878787879,0.99296960654663,0.012121212121212121,0.007030393453369955,0.00905653839934633,0.98593921309326,0.05454545454545454,0.22424242424242424,0.7212121212121212,3.4522902026183364,0.012121212121212121,0.23030303030303031,9,0.8703703703703703,video,transport,ikev1,3DES_CBC,CRITICAL_FAIL,0
exp_021_video_transport_3des_cbc_1789043225,2,0,131,139126.0,1.4865689277648926,93588.66407168937,88.12238541603516,1062.030534351145,279.15488433723095,42.0,1454.0,1110.0,678.0,718.0,858.0,1294.0,1366.0,1414.0,-1.0381257986485677,1.6562496798994886,2.909853351931906,0.14396258172364595,0.011435145598191481,0.011713369185637125,9.5367431640625e-07,0.05770587921142578,0.000895977020263672,0.001929163932800293,0.00681459903717041,0.017871618270874023,0.027385902404785157,2.394318200338288,1.024240998426033,0.0727291302399536,28,3.7857142857142856,0.9923664122137404,0.9955292324942857,0.007633587786259542,0.004470767505714244,1.0,0.9910584649885715,0.022900763358778626,0.2824427480916031,0.6946564885496184,4.115876369264127,0.015267175572519083,0.16030534351145037,3,0.8125,video,transport,ikev1,3DES_CBC,CRITICAL_FAIL,0
exp_021_video_transport_3des_cbc_1789043225,3,0,139,144394.0,1.46504807472229,98559.2230667044,94.87743262373722,1038.8057553956835,270.3190461833301,78.0,1454.0,1070.0,692.4,726.0,818.0,1278.0,1358.0,1376.3999999999999,-0.8403087374872169,1.2648841554028225,2.9234162871834948,-0.12035343591845732,0.010616290396538334,0.01079474253498256,3.0994415283203125e-06,0.05770587921142578,0.0014058589935302735,0.0025094151496887207,0.007070064544677734,0.01471400260925293,0.026482796669006346,2.3171101323461607,1.0167135052180623,0.07379748625557926,34,3.6470588235294117,0.9928057553956835,0.9956923417870549,0.007194244604316547,0.004307658212945136,1.0,0.9913846835741097,0.02158273381294964,0.2949640287769784,0.6834532374100719,4.067240567876576,0.0,0.1366906474820144,5,0.8333333333333334,video,transport,ikev1,3DES_CBC,CRITICAL_FAIL,0
exp_021_video_transport_3des_cbc_1789043225,4,0,144,147856.0,1.4721770286560059,100433.57362733892,97.81432341154098,1026.7777777777778,266.6667824073823,78.0,1454.0,1042.0,696.4,736.4,812.0,1254.0,1350.0,1374.0,-0.7569372343118368,1.185620982331204,2.9103760530737928,-0.1730134665363566,0.010294944256335705,0.010227095928456019,3.0994415283203125e-06,0.04994487762451172,0.0016093254089355469,0.002726435661315918,0.007351875305175781,0.01351785659790039,0.02384405136108398,2.4571425545413454,0.9933130632639819,0.0,33,3.6666666666666665,0.9861111111111112,0.9915864083973596,0.013888888888888888,0.008413591602640406,0.010486145509430861,0.9831728167947192,0.020833333333333332,0.3194444444444444,0.6597222222222222,4.094524385107875,0.0,0.1111111111111111,5,0.8251748251748252,video,transport,ikev1,3DES_CBC,CRITICAL_FAIL,0
exp_021_video_transport_3des_cbc_1789043225,5,0,142,147056.0,1.4700250625610352,100036.38968154957,96.59699253876101,1035.605633802817,312.4705948474458,78.0,1446.0,1098.0,622.0,734.8,836.0,1292.0,1373.2,1418.0,-1.1553517902330852,1.546215357423299,2.9623850526947475,-0.2174940576104216,0.010425709663553441,0.010728774672791,9.5367431640625e-07,0.04615592956542969,0.0007190704345703125,0.0018069744110107422,0.006247997283935547,0.015990018844604492,0.026273012161254883,2.5824685648517542,1.028970309808609,0.0,25,4.52,0.9859154929577465,0.9915406375802416,0.014084507042253521,0.008459362419758459,0.010392900364749007,0.983081275160483,0.04929577464788732,0.2746478873239437,0.676056338028169,3.5436285677027364,0.0,0.15492957746478872,9,0.8439716312056738,video,transport,ikev1,3DES_CBC,CRITICAL_FAIL,0
exp_021_video_transport_3des_cbc_1789043225,6,0,151,160254.0,1.4542357921600342,110198.08538886832,103.83460564927624,1061.2847682119204,333.48223693440417,78.0,1446.0,1134.0,106.0,702.0,886.0,1318.0,1390.0,1418.0,-1.33859686019724,1.6627536950059412,2.896558089619135,-0.17077216569542683,0.009694905281066894,0.010244422003647493,9.5367431640625e-07,0.04274702072143555,0.0006774425506591797,0.0019418001174926758,0.005581021308898926,0.014490365982055664,0.025862908363342284,2.5642304593472676,1.0565719968048455,0.0,23,5.0,0.9933774834437086,0.9961186616246709,0.006622516556291391,0.003881338375329165,1.0,0.9922373232493417,0.059602649006622516,0.1986754966887417,0.7417218543046358,3.371981693427956,0.0,0.2119205298013245,11,0.84,video,transport,ikev1,3DES_CBC,CRITICAL_FAIL,0
exp_021_video_transport_3des_cbc_1789043225,7,0,73,77934.0,0.7141599655151367,109126.81158735183,102.2179953021362,1067.5890410958905,283.6117274280049,78.0,1418.0,1126.0,690.8,705.2,902.0,1294.0,1366.0,1390.0,-1.178568515867617,1.837589118588248,2.8115739258686396,0.03239287851982324,0.009918888409932455,0.009855525258376475,8.106231689453125e-06,0.04274702072143555,0.0014964580535888673,0.003031909465789795,0.0064280033111572266,0.013841629028320312,0.023076105117797847,2.553869919077351,0.9935117060902082,0.0,13,4.230769230769231,1.0,1.0,0.0,0.0,1.0,1.0,0.0273972602739726,0.2191780821917808,0.7534246575342466,3.942393573160645,0.0,0.1643835616438356,3,0.7916666666666666,video,transport,ikev1,3DES_CBC,CRITICAL_FAIL,0
exp_022_video_tunnel_aes_gcm_16_256_1789043267,-1,1,762,750740.0,9.230556011199951,81332.04533823153,82.55190684888566,985.2230971128608,377.24725434400835,42.0,1394.0,1074.0,142.0,190.0,811.0,1317.0,1342.0,1374.0,-1.084903141532683,0.2448381068927934,2.996567242515699,0.03595354770598557,0.012129508556110316,0.07983398423939102,0.0,2.1921029090881348,0.0003209114074707031,0.0016798973083496094,0.005055904388427734,0.012905120849609375,0.024799823760986328,0.014472403908906268,6.581256166640884,0.27606696994025015,138,4.746376811594203,0.9658792650918635,0.9791991901324026,0.03412073490813648,0.020800809867597303,0.03804213638007268,0.9583983802648054,0.11811023622047244,0.21653543307086615,0.6653543307086615,2.8019375461868052,0.0026246719160104987,0.08661417322834646,78,0.9111709286675639,video,tunnel,ikev2,AES_GCM_16_256,PASS,0
exp_022_video_tunnel_aes_gcm_16_256_1789043267,0,0,4,1608.0,0.030303001403808594,53064.05060582219,132.00012588512982,402.0,109.36178491593853,270.0,514.0,412.0,277.2,284.4,306.0,508.0,511.6,512.8,-0.06935955084097174,-1.9029053366293442,1.5,0.62433452397764,0.010101000467936197,0.003764655517657464,0.006788015365600586,0.015366792678833008,0.007060050964355469,0.007468104362487793,0.008148193359375,0.011757493019104004,0.013923072814941406,1.584962500721156,0.3726643578770859,0.0,0,1.0,0.5,0.5124378109452736,0.5,0.48756218905472637,0.9421169075554469,0.024875621890547265,0.0,1.0,0.0,0.0,0.0,0.0,0,0.0,video,tunnel,ikev2,AES_GCM_16_256,PASS,0
exp_022_video_tunnel_aes_gcm_16_256_1789043267,2,0,97,94014.0,0.7546370029449463,124581.75206505039,128.538621378836,969.2164948453608,393.7795245498732,102.0,1394.0,1094.0,146.8,206.00000000000003,718.0,1338.0,1374.0,1380.3999999999999,-0.7828178560097089,-0.43959030880861283,2.907565676026051,0.040647032611058384,0.007860802114009857,0.010514207179487383,4.0531158447265625e-06,0.05705094337463379,6.198883056640625e-05,0.0005582571029663086,0.003606438636779785,0.011521220207214355,0.020412564277648926,1.9203047330678373,1.3373787621480446,0.14238761371007055,12,6.666666666666667,0.8762886597938144,0.9211181313421405,0.12371134020618557,0.07888186865785947,6.086530321110352,0.8422362626842811,0.1134020618556701,0.27835051546391754,0.6082474226804123,2.765127295241169,0.0,0.18556701030927836,11,0.8888888888888888,video,tunnel,ikev2,AES_GCM_16_256,PASS,0
exp_022_video_tunnel_aes_gcm_16_256_1789043267,3,0,186,178512.0,1.495802879333496,119341.92831580981,124.34793552669078,959.741935483871,398.4392913438338,94.0,1394.0,1054.0,135.0,188.0,731.0,1338.0,1360.0,1378.0,-0.8153280894083197,-0.39917212788385914,2.9234304645416582,-0.04013719652618674,0.008085420969370248,0.010092213191623981,9.5367431640625e-07,0.05705094337463379,0.00011529922485351563,0.0008618831634521484,0.003704071044921875,0.012259960174560547,0.020450639724731445,2.0037477316045833,1.2480444970465023,0.07183497474916527,31,5.290322580645161,0.9247311827956989,0.9515326700726001,0.07526881720430108,0.04846732992739984,0.11213678225026283,0.9030653401452003,0.12903225806451613,0.27419354838709675,0.5967741935483871,2.7243120076557474,0.0,0.13440860215053763,23,0.9269662921348315,video,tunnel,ikev2,AES_GCM_16_256,PASS,0
exp_022_video_tunnel_aes_gcm_16_256_1789043267,4,0,155,149862.0,1.4775419235229492,101426.56368265976,104.90396078266846,966.8516129032258,358.0659119996041,94.0,1394.0,1018.0,161.2,203.6,788.0,1266.0,1338.0,1359.1999999999998,-1.0246361029918853,0.3404207488841249,3.010348826555409,-0.0025219400108866547,0.009594428074824345,0.010232539407743976,9.5367431640625e-07,0.049894094467163086,0.0005729436874389648,0.0017540454864501953,0.0063506364822387695,0.01321399211883545,0.024748611450195322,2.3753467959404104,1.066397385082926,0.0,33,4.121212121212121,0.9741935483870968,0.9835048244384834,0.025806451612903226,0.016495175561516594,0.029408004853926122,0.9670096488769668,0.10967741935483871,0.25806451612903225,0.632258064516129,2.885436471637694,0.0,0.06451612903225806,16,0.9276315789473685,video,tunnel,ikev2,AES_GCM_16_256,PASS,0
exp_022_video_tunnel_aes_gcm_16_256_1789043267,5,0,158,157096.0,1.480046033859253,106142.6444894884,106.75343630225574,994.2784810126582,378.79919989452276,42.0,1394.0,1112.0,134.0,168.8,840.0,1300.0,1338.0,1362.6,-1.2432885863718668,0.534466344919271,2.96037681500792,0.048892815347447244,0.009427044801651293,0.01100339730883228,1.9073486328125e-06,0.046415090560913086,0.0004663467407226563,0.0017948150634765625,0.004991054534912109,0.012359857559204102,0.025618600845336917,2.335269317456942,1.1670921744989025,0.0,31,4.548387096774194,0.9873417721518988,0.9921321994194633,0.012658227848101266,0.007867800580536741,633.760977428721,0.9842643988389265,0.12658227848101267,0.16455696202531644,0.7088607594936709,2.7821184896550766,0.006329113924050633,0.056962025316455694,18,0.9032258064516129,video,tunnel,ikev2,AES_GCM_16_256,PASS,0
exp_022_video_tunnel_aes_gcm_16_256_1789043267,6,0,189,185622.0,1.4892330169677734,124642.68377419193,126.91096547457886,982.1269841269841,427.6522158687656,42.0,1394.0,1154.0,131.6,161.2,766.0,1334.0,1338.0,1378.0,-1.0670609987928972,-0.24786063677794212,2.836784525739432,-0.0018504494659985515,0.007921452217913688,0.010147286859673423,0.0,0.046415090560913086,0.0002953290939331055,0.0010309219360351562,0.0037779808044433594,0.010395824909210205,0.022754001617431643,2.1192266647156623,1.2808265143876914,0.0,32,5.4375,0.9894179894179894,0.993341306526166,0.010582010582010581,0.00665869347383392,567.3220950302884,0.9866826130523322,0.1693121693121693,0.14814814814814814,0.6825396825396826,2.553089254025383,0.010582010582010581,0.07407407407407407,30,0.918918918918919,video,tunnel,ikev2,AES_GCM_16_256,PASS,0
exp_022_video_tunnel_aes_gcm_16_256_1789043267,7,0,155,156346.0,1.476181983947754,105912.41574557348,105.0006040484815,1008.6838709677419,354.60854846306245,42.0,1394.0,1090.0,158.0,590.0,838.0,1320.0,1338.0,1372.3999999999999,-1.1849160347701981,0.7223909408143596,2.920247203787155,-0.013343691295219893,0.009585597298362038,0.010254050127110304,0.0,0.05192089080810547,0.0004287481307983399,0.001963496208190918,0.005961298942565918,0.014115333557128906,0.024635291099548342,2.322196814890569,1.0696235387776545,0.035172418694105326,23,4.956521739130435,0.9741935483870968,0.9841889143310351,0.025806451612903226,0.015811085668964987,0.029790681042790743,0.96837782866207,0.0967741935483871,0.22580645161290322,0.6774193548387096,2.983410388424274,0.0064516129032258064,0.07096774193548387,14,0.8874172185430463,video,tunnel,ikev2,AES_GCM_16_256,PASS,0
exp_022_video_tunnel_aes_gcm_16_256_1789043267,8,0,154,152540.0,1.4850900173187256,102714.31241279586,103.69741780235061,990.5194805194806,379.7143701089842,98.0,1382.0,1070.0,144.6,180.4,856.0,1321.0,1338.0,1350.0,-1.1818796462124541,0.4043904715888953,2.809902045309678,0.12269453996128467,0.00970647070142958,0.01185660206429219,1.1920928955078125e-06,0.0741429328918457,0.00026555061340332036,0.001692056655883789,0.0058019161224365234,0.013721942901611328,0.02512278556823731,1.8653853052030624,1.221389425625165,0.08488631815568641,22,5.2727272727272725,0.974025974025974,0.9837944145797823,0.025974025974025976,0.016205585420217647,0.02970907630640077,0.9675888291595647,0.12987012987012986,0.17532467532467533,0.6948051948051948,2.7528413794702984,0.0,0.05844155844155844,20,0.9006622516556292,video,tunnel,ikev2,AES_GCM_16_256,PASS,0
exp_022_video_tunnel_aes_gcm_16_256_1789043267,9,0,152,148840.0,1.4764201641082764,100811.41101855373,102.9517231578888,979.2105263157895,376.9958926130249,98.0,1394.0,1066.0,144.2,182.0,865.0,1295.0,1338.0,1347.8,-1.2266132107672107,0.480395802297076,2.8497244926729652,0.08165654742683943,0.009777616980849512,0.012891019447847624,1.1920928955078125e-06,0.0741429328918457,0.0002582073211669922,0.0016304254531860352,0.0047109127044677734,0.01238858699798584,0.024745941162109375,1.8604820982592165,1.318286570901944,0.09598752049840494,26,4.961538461538462,0.9868421052631579,0.9916957807041118,0.013157894736842105,0.008304219295888203,1008.8960797123926,0.9833915614082236,0.13815789473684212,0.14473684210526316,0.7171052631578947,2.7075001690986635,0.0,0.05263157894736842,20,0.9266666666666666,video,tunnel,ikev2,AES_GCM_16_256,PASS,0
exp_022_video_tunnel_aes_gcm_16_256_1789043267,10,0,143,146354.0,1.4725329875946045,99389.28447305656,97.1115765858609,1023.4545454545455,304.23198563059975,94.0,1394.0,1066.0,198.8,742.0,860.0,1276.0,1341.2,1377.6,-1.2702164876331297,1.721212110722763,2.9110768151436868,-0.10675866486771692,0.010369950616863412,0.011907410636433542,4.0531158447265625e-06,0.06757497787475586,0.0012967348098754882,0.0024644136428833008,0.006533503532409668,0.013102054595947266,0.024955797195434573,2.0363008424024764,1.1481503553851475,0.08328094178814947,34,3.911764705882353,0.986013986013986,0.9915547234786887,0.013986013986013986,0.008445276521311341,861.7380279538241,0.9831094469573773,0.06293706293706294,0.23776223776223776,0.6993006993006993,3.3658670328935307,0.0,0.0979020979020979,8,0.9148936170212766,video,tunnel,ikev2,AES_GCM_16_256,PASS,0
exp_022_video_tunnel_aes_gcm_16_256_1789043267,11,0,105,107994.0,0.9708251953125,111239.38740098076,108.15541305167861,1028.5142857142857,338.02800994918175,94.0,1394.0,1098.0,153.20000000000002,722.0,842.0,1330.0,1366.8000000000002,1381.2,-1.204634745253469,1.0788529925439496,2.881269232889365,-0.07670508916401923,0.009334857647235576,0.010287154907445544,1.1205673217773438e-05,0.055058956146240234,0.0011014461517333987,0.0024015307426452637,0.006260991096496582,0.012684345245361328,0.021961379051208495,2.1472826919652706,1.1018971471240948,0.0567135632780083,26,3.8461538461538463,0.9809523809523809,0.9885549197177621,0.01904761904761905,0.011445080282237901,779.7926342835052,0.9771098394355242,0.0761904761904762,0.2571428571428571,0.6666666666666666,3.1962692666454107,0.0,0.12380952380952381,9,0.9029126213592233,video,tunnel,ikev2,AES_GCM_16_256,PASS,0
exp_022_video_tunnel_aes_gcm_16_256_1789043267,12,0,20,20740.0,0.22608304023742676,91736.20444160416,88.46307082121905,1037.0,297.5631025513748,94.0,1386.0,1058.0,702.0,759.2,885.0,1258.0,1342.0,1344.2,-1.4090985568613463,2.4739875474382282,2.8464393446710154,0.08201771227009907,0.011899107380917198,0.010325971541317518,0.0008180141448974609,0.04144597053527832,0.002664518356323242,0.003897428512573242,0.008243083953857422,0.016802549362182617,0.02360782623291015,2.694781460584273,0.8677208709793716,0.0,5,3.0,1.0,1.0,0.0,0.0,1.0,1.0,0.05,0.25,0.7,3.6678893498270364,0.0,0.05,2,0.8947368421052632,video,tunnel,ikev2,AES_GCM_16_256,PASS,0
exp_023_video_transport_aes_gcm_16_128_1789043310,-1,1,613,605114.0,8.449944019317627,71611.59868238581,72.54485930304455,987.1353996737357,359.24737750073206,42.0,1394.0,1054.0,126.0,536.4000000000003,818.0,1306.0,1354.0,1358.0,-1.11697569974345,0.6388415558085581,2.943230748246556,-0.015362820459349176,0.013807098070780436,0.09348491312717828,9.5367431640625e-07,2.3060989379882812,0.0005472898483276367,0.0018515586853027344,0.0055609941482543945,0.013953924179077148,0.02533643245697021,0.017481868576240414,6.770296144188271,0.32339166416537113,120,4.441666666666666,0.9771615008156607,0.9862637453438525,0.022838499184339316,0.013736254656147437,0.021859470073410197,0.9725274906877052,0.09461663947797716,0.2561174551386623,0.6492659053833605,2.9980783389157795,0.0065252854812398045,0.17128874388254486,56,0.8923841059602649,video,transport,ikev2,AES_GCM_16_128,PASS,0
exp_023_video_transport_aes_gcm_16_128_1789043310,0,0,4,1624.0,0.09798502922058105,16573.960460266826,40.82256271001681,406.0,104.65180361560904,286.0,514.0,412.0,290.8,295.6,310.0,508.0,511.6,512.8,-0.032665979665104164,-1.9508254627003763,1.5,0.5790099088852613,0.03266167640686035,0.029269858159914217,0.0084991455078125,0.07384991645812988,0.009926509857177735,0.012067556381225586,0.015635967254638672,0.04474294185638428,0.06220712661743164,1.584962500721156,0.8961255285793567,0.7536857114353774,0,1.0,0.5,0.5073891625615764,0.5,0.49261083743842365,0.9202361122582291,0.014778325123152709,0.0,1.0,0.0,0.0,0.0,0.0,0,0.0,video,transport,ikev2,AES_GCM_16_128,PASS,0
exp_023_video_transport_aes_gcm_16_128_1789043310,2,0,68,66416.0,0.5846772193908691,113594.30091905034,116.30348805250877,976.7058823529412,386.58044816903816,90.0,1378.0,1094.0,125.0,488.0000000000001,741.0,1336.0,1354.0,1360.6,-0.8774730676163779,-0.1630936846411406,2.8266088694736933,0.08587289664488834,0.008726525662550286,0.011210686049020918,2.86102294921875e-06,0.05376887321472168,9.703636169433594e-05,0.0017735958099365234,0.004782199859619141,0.010924696922302246,0.0229039192199707,2.0230570706165025,1.284520548260986,0.09196334564007709,15,4.2,0.9117647058823529,0.9434473620814262,0.08823529411764706,0.05655263791857384,2.488818363695191,0.8868947241628523,0.10294117647058823,0.3088235294117647,0.5882352941176471,2.916635494340645,0.0,0.23529411764705882,9,0.8208955223880597,video,transport,ikev2,AES_GCM_16_128,PASS,0
exp_023_video_transport_aes_gcm_16_128_1789043310,3,0,161,159110.0,1.3367960453033447,119023.39220632186,120.43722044634416,988.2608695652174,399.4644321691081,78.0,1394.0,1098.0,118.0,146.0,774.0,1334.0,1354.0,1362.0,-1.0542760645084837,0.06982597376420285,2.771437852916265,-0.008380120643256385,0.008354975283145905,0.01108407421470515,2.86102294921875e-06,0.0628349781036377,0.00014619827270507814,0.0013637542724609375,0.0038399696350097656,0.011500895023345947,0.022225856781005845,1.8177570158952383,1.3264848014883257,0.08722635867156513,30,5.033333333333333,0.9565217391304348,0.972459304883414,0.043478260869565216,0.02754069511658601,0.05234078612935266,0.944918609766828,0.12422360248447205,0.22981366459627328,0.6459627329192547,2.7896966481758976,0.0,0.2236024844720497,22,0.8625,video,transport,ikev2,AES_GCM_16_128,PASS,0
exp_023_video_transport_aes_gcm_16_128_1789043310,4,0,146,145532.0,1.4409260749816895,100998.93570310285,101.32372682745385,996.7945205479452,346.87279887606144,78.0,1394.0,1052.0,127.0,656.0,843.0,1305.0,1354.0,1357.0,-1.2089993224129367,1.0322894228825845,2.8809253789404026,-0.04897434772370703,0.009937421206770273,0.010938438822662622,2.86102294921875e-06,0.0628349781036377,0.0004901409149169922,0.0017800331115722656,0.005640983581542969,0.015594959259033203,0.0232248306274414,2.0950103180663486,1.1006213758792107,0.04360735723686322,28,4.571428571428571,0.9863013698630136,0.9913970810543385,0.0136986301369863,0.008602918945661436,0.009995302774443755,0.9827941621086771,0.08904109589041095,0.22602739726027396,0.684931506849315,3.062474784954359,0.0,0.1506849315068493,15,0.8827586206896552,video,transport,ikev2,AES_GCM_16_128,PASS,0
exp_023_video_transport_aes_gcm_16_128_1789043310,5,0,137,133054.0,1.4884600639343262,89390.3727912653,92.04143484903382,971.1970802919708,313.75488688237226,42.0,1382.0,986.0,153.2,704.4,822.0,1182.0,1350.0,1354.0,-1.1784922317354696,1.5243602012613202,2.9166074575708367,-0.07417643202061135,0.010944559293634751,0.011350709490023357,3.0994415283203125e-06,0.06285595893859863,0.0010838508605957031,0.0029773712158203125,0.00692296028137207,0.014986097812652588,0.02415299415588379,2.222568380882251,1.0370150291565472,0.07700365878622867,29,3.896551724137931,0.9927007299270073,0.9952951433252665,0.0072992700729927005,0.004704856674733567,1.0,0.9905902866505328,0.072992700729927,0.2846715328467153,0.6423357664233577,3.273864150958594,0.021897810218978103,0.10948905109489052,9,0.9022556390977443,video,transport,ikev2,AES_GCM_16_128,PASS,0
exp_023_video_transport_aes_gcm_16_128_1789043310,6,0,153,151082.0,1.477442979812622,102259.10716308057,103.55729601111534,987.4640522875817,373.40916642539327,42.0,1390.0,1070.0,123.60000000000001,178.0,838.0,1306.0,1354.0,1367.6,-1.1887396997760313,0.6791928505837896,2.8425576253263776,-0.06850641046191618,0.009720019604030409,0.01121488404866734,3.0994415283203125e-06,0.06285595893859863,0.000871562957763672,0.0020621418952941895,0.005565524101257324,0.012296438217163086,0.02467701435089112,2.030618882857092,1.153673637693063,0.0425437460514181,29,4.482758620689655,0.9934640522875817,0.9958565547186297,0.006535947712418301,0.004143445281370382,1.0,0.9917131094372592,0.1111111111111111,0.20915032679738563,0.6797385620915033,2.8847262625688903,0.026143790849673203,0.1895424836601307,15,0.8783783783783784,video,transport,ikev2,AES_GCM_16_128,PASS,0
exp_023_video_transport_aes_gcm_16_128_1789043310,7,0,125,129726.0,1.4761948585510254,87878.64234084511,84.67716797408106,1037.808,313.5979004011347,42.0,1390.0,1102.0,248.4000000000001,727.6,862.0,1306.0,1354.0,1366.0,-1.3280081617564221,1.8379625231619485,2.764160868788753,-0.03877920789588632,0.011904797246379236,0.012189525753845704,5.9604644775390625e-06,0.04968404769897461,0.0008913755416870118,0.003356039524078369,0.007639050483703613,0.01595669984817505,0.03028073310852051,2.611831767124871,1.0238311220655765,0.0,24,3.9166666666666665,0.984,0.9903488891972311,0.016,0.009651110802768913,0.01198058290262286,0.9806977783944621,0.056,0.216,0.728,3.4448816668638855,0.008,0.152,8,0.8373983739837398,video,transport,ikev2,AES_GCM_16_128,PASS,0
exp_023_video_transport_aes_gcm_16_128_1789043310,8,0,144,141276.0,1.4541780948638916,97151.78663396327,99.02500973477952,981.0833333333334,345.1819870252019,78.0,1390.0,1034.0,118.6,644.0,825.0,1275.0,1354.0,1354.0,-1.1332613752059129,0.884911549898177,2.888574154899557,-0.006473497331626863,0.01016907758646078,0.010907675360188343,9.5367431640625e-07,0.05634808540344238,0.0007811546325683594,0.002727508544921875,0.005953073501586914,0.01476144790649414,0.02458300590515136,2.2588654059529176,1.0725262681092536,0.0387490951778616,28,4.107142857142857,0.9861111111111112,0.9911379144369886,0.013888888888888888,0.00886208556301141,0.010421632856385924,0.9822758288739771,0.09027777777777778,0.2847222222222222,0.625,3.093871427688468,0.0,0.1388888888888889,15,0.916083916083916,video,transport,ikev2,AES_GCM_16_128,PASS,0
exp_023_video_transport_aes_gcm_16_128_1789043310,9,0,162,158132.0,1.4658660888671875,107876.15676559068,110.51486983043084,976.1234567901234,391.1184779203952,78.0,1390.0,1060.0,114.2,155.20000000000002,816.0,1320.0,1354.0,1358.0,-1.0811076004542315,0.20412453717450418,2.82500246635745,-0.0584623628091108,0.009104758315945264,0.011444209694895471,9.5367431640625e-07,0.0651237964630127,0.0005059242248535156,0.0015130043029785156,0.004453182220458984,0.01164388656616211,0.02409815788269043,1.8990445644368208,1.2568101741570827,0.08286697044770837,31,4.741935483870968,0.9938271604938271,0.9960412819669643,0.006172839506172839,0.003958718033035691,1.0,0.9920825639339286,0.12962962962962962,0.24691358024691357,0.6234567901234568,2.805542108009223,0.0,0.2037037037037037,23,0.9440993788819876,video,transport,ikev2,AES_GCM_16_128,PASS,0
exp_023_video_transport_aes_gcm_16_128_1789043310,10,0,98,99184.0,0.9260509014129639,107104.26375987059,105.82571632992537,1012.0816326530612,341.22814420462805,82.0,1386.0,1082.0,145.4,694.8000000000001,836.0,1309.0,1354.0,1358.0,-1.1928807122730185,0.9750138237242072,2.8203798634972927,-0.12418513831784854,0.009546916509412,0.012435400145965522,4.0531158447265625e-06,0.0651237964630127,0.0004546642303466798,0.001338958740234375,0.003744840621948242,0.013210058212280273,0.025952100753784194,1.9750185983949593,1.3024202854839737,0.07032420827369978,20,4.7,0.9897959183673469,0.993688498144862,0.01020408163265306,0.0063115018551379255,1.0,0.9873769962897242,0.08163265306122448,0.2653061224489796,0.6530612244897959,3.161740866649061,0.0,0.1836734693877551,10,0.9381443298969072,video,transport,ikev2,AES_GCM_16_128,PASS,0
exp_023_video_transport_aes_gcm_16_128_1789043310,11,0,24,23468.0,0.17823004722595215,131672.52304123732,134.6574293927772,977.8333333333334,212.94280661456705,626.0,1354.0,948.0,681.6,711.6,810.0,1127.0,1288.3999999999999,1351.0,0.18780452187590163,-0.9879560014124356,3.3443609377704333,0.014011329268469548,0.007749132488084876,0.008496953903401232,9.012222290039062e-05,0.03280305862426758,0.0009623050689697266,0.0014510154724121094,0.003744840621948242,0.012412548065185547,0.014973688125610353,2.296636697410334,1.0963624062510577,0.0,6,4.166666666666667,0.9583333333333334,0.9733253792398159,0.041666666666666664,0.026674620760184082,1.0,0.9466507584796319,0.0,0.4166666666666667,0.5833333333333334,0.0,0.0,0.08333333333333333,2,0.9565217391304348,video,transport,ikev2,AES_GCM_16_128,PASS,0
exp_024_video_tunnel_aes_cbc_256_1789043352,-1,1,707,775734.0,9.249427080154419,83868.3297114062,76.4371667426775,1097.2192362093351,296.73791058617513,42.0,1506.0,1138.0,590.0,754.0,914.0,1346.0,1426.0,1442.0,-1.1099766904839254,1.6189769622215033,2.9742220611374197,0.09550207375113007,0.013101171501635154,0.08480643956342028,2.86102294921875e-06,2.2297558784484863,0.0012329816818237305,0.0021600723266601562,0.0023670196533203125,0.002636849880218506,0.038469910621643066,0.01544645494718604,6.472701074996341,0.2410696207587444,159,5.415094339622642,0.9632248939179632,0.9794156244279612,0.036775106082036775,0.02058437557203887,0.04113854711014792,0.9588312488559223,0.0297029702970297,0.214992927864215,0.7553041018387553,3.7589326915670274,0.005657708628005658,0.23055162659123055,2,0.026905829596412557,video,tunnel,ikev2,AES_CBC_256,PASS,0
exp_024_video_tunnel_aes_cbc_256_1789043352,0,0,4,1624.0,0.030201196670532227,53772.703701657025,132.44508300900745,406.0,104.65180361560904,286.0,514.0,412.0,290.8,295.6,310.0,508.0,511.6,512.8,-0.032665979665104164,-1.9508254627003763,1.5,0.5790099088852613,0.010067065556844076,0.0008047800763401991,0.008951187133789062,0.010818958282470703,0.009247159957885743,0.009691119194030762,0.010431051254272461,0.010625004768371582,0.010741376876831054,1.584962500721156,0.07993393286887422,0.0,0,1.0,0.5,0.5073891625615764,0.5,0.49261083743842365,1.0747991120062867,0.014778325123152709,0.0,1.0,0.0,0.0,0.0,0.0,0,0.0,video,tunnel,ikev2,AES_CBC_256,PASS,0
exp_024_video_tunnel_aes_cbc_256_1789043352,2,0,86,93460.0,0.7037649154663086,132800.02731888703,122.19989674111153,1086.7441860465117,318.76885939817254,122.0,1490.0,1138.0,590.0,674.0,838.0,1374.0,1430.0,1454.0,-0.761038293622488,-0.019102412785558354,2.9407732680796554,-0.08514837885159443,0.0082795872407801,0.014550973597919199,2.86102294921875e-06,0.04224109649658203,1.4925003051757813e-05,0.0011899471282958984,0.0022919178009033203,0.002463102340698242,0.040126276016235356,0.8321043338459191,1.7572393327684301,0.0,16,6.3125,0.8604651162790697,0.9188529852343248,0.13953488372093023,0.08114701476567515,16.972832650725646,0.8377059704686497,0.023255813953488372,0.3023255813953488,0.6744186046511628,3.597461141217165,0.0,0.27906976744186046,2,0.07792207792207792,video,tunnel,ikev2,AES_CBC_256,PASS,0
exp_024_video_tunnel_aes_cbc_256_1789043352,3,0,171,185514.0,1.4701290130615234,126188.92515675862,116.31632222800287,1084.877192982456,342.31308487455044,122.0,1506.0,1154.0,590.0,674.0,850.0,1378.0,1434.0,1474.0,-0.9780524421041954,0.5596725150538107,3.0243830521492376,-0.10746342697820717,0.008647817723891314,0.014506577662175193,2.86102294921875e-06,0.04224109649658203,4.4751167297363346e-05,0.001215517520904541,0.002315998077392578,0.0024813413619995117,0.03981754779815674,0.9925147169415877,1.6772902522968576,0.0,33,6.121212121212121,0.9181286549707602,0.9523054863783865,0.08187134502923976,0.04769451362161346,0.1212724242600559,0.904610972756773,0.04678362573099415,0.2573099415204678,0.695906432748538,3.342509799015712,0.0,0.29239766081871343,2,0.05161290322580645,video,tunnel,ikev2,AES_CBC_256,PASS,0
exp_024_video_tunnel_aes_cbc_256_1789043352,4,0,144,155288.0,1.4745380878448486,105312.97989526023,97.65770120625852,1078.388888888889,313.1951182550032,122.0,1506.0,1106.0,602.6,738.0,882.0,1346.0,1434.0,1471.6,-1.027081576334489,1.2474637790656198,3.0244808779748547,-0.046558812076204034,0.010311455159754186,0.015244937717150344,2.86102294921875e-06,0.04210090637207031,0.00117034912109375,0.0022133588790893555,0.002377033233642578,0.0026854276657104492,0.03795027732849121,1.1295535022692094,1.478303418631663,0.0,34,5.176470588235294,0.9722222222222222,0.9837205708103652,0.027777777777777776,0.016279429189634743,0.03222088358628543,0.9674411416207305,0.041666666666666664,0.24305555555555555,0.7152777777777778,3.53000154946768,0.0,0.2361111111111111,2,0.02962962962962963,video,tunnel,ikev2,AES_CBC_256,PASS,0
exp_024_video_tunnel_aes_cbc_256_1789043352,5,0,137,149934.0,1.465250015258789,102326.56436691387,93.49940185859911,1094.4087591240875,285.1035553891612,42.0,1490.0,1106.0,722.0,779.6,930.0,1330.0,1410.0,1442.0,-1.1700017298871996,2.3308637887647894,2.844705451936932,0.21867673940364898,0.010773897171020508,0.015380590214496791,1.0013580322265625e-05,0.04210090637207031,0.0013710260391235352,0.0022444725036621094,0.0023865699768066406,0.002861201763153076,0.038307905197143555,1.1266454907334973,1.427446589083325,0.0,34,5.0,0.9854014598540146,0.9915696239678792,0.014598540145985401,0.0084303760321208,725.7531103842391,0.9831392479357584,0.029197080291970802,0.20437956204379562,0.7664233576642335,3.9313366485198866,0.014598540145985401,0.22627737226277372,2,0.015267175572519083,video,tunnel,ikev2,AES_CBC_256,PASS,0
exp_024_video_tunnel_aes_cbc_256_1789043352,6,0,160,176844.0,1.4508130550384521,121893.03052233215,110.28298886913406,1105.275,300.60268524249744,42.0,1490.0,1154.0,719.6,770.0,930.0,1362.0,1426.8,1442.7999999999997,-1.2962120509127535,2.349879708561656,2.856187201006724,0.12688631524038313,0.00912461040904687,0.014300663590285432,1.0013580322265625e-05,0.04213881492614746,0.0013226032257080077,0.0015085935592651367,0.002346038818359375,0.0025385618209838867,0.03730597496032715,1.0092852792464493,1.5670911806741348,0.0,33,5.818181818181818,0.9875,0.9928524575331931,0.0125,0.007147542466806904,666.026069611194,0.9857049150663862,0.0375,0.175,0.7875,3.7266930269878475,0.0125,0.2625,2,0.013157894736842105,video,tunnel,ikev2,AES_CBC_256,PASS,0
exp_024_video_tunnel_aes_cbc_256_1789043352,7,0,150,164148.0,1.483464002609253,110651.82553218777,101.1146881462349,1094.32,262.68501594114576,122.0,1506.0,1090.0,738.0,813.2,930.0,1326.0,1410.0,1434.0,-0.9417596846640809,1.824198049329735,2.9104487058280943,0.06466840731579686,0.009956134245699685,0.014861896676189092,1.2874603271484375e-05,0.04213881492614746,0.001340484619140625,0.0022459030151367188,0.0023789405822753906,0.0026421546936035156,0.0378140926361084,1.0438050683217177,1.492587757627923,0.0,34,5.382352941176471,0.9733333333333334,0.9845992640787582,0.02666666666666667,0.015400735921241806,0.030616919913593197,0.9691985281575164,0.02,0.2,0.78,4.086138970129223,0.0,0.19333333333333333,2,0.027777777777777776,video,tunnel,ikev2,AES_CBC_256,PASS,0
exp_024_video_tunnel_aes_cbc_256_1789043352,8,0,138,150204.0,1.4926750659942627,100627.39267366935,92.45146726429637,1088.4347826086957,242.2553137725563,122.0,1506.0,1058.0,738.0,818.0,914.0,1314.0,1410.0,1427.2,-0.38461732563202117,0.37851122979253127,2.83646221564785,0.15847681161203087,0.010895438437914327,0.01533998180152392,1.2159347534179688e-05,0.04271984100341797,0.0013689517974853516,0.002268075942993164,0.0023908615112304688,0.002953052520751953,0.03808732032775879,1.1114067821848144,1.4077977762117404,0.0,35,4.914285714285715,0.9710144927536232,0.9831695560704109,0.028985507246376812,0.016830443929589094,0.03317547919607064,0.9663391121408218,0.007246376811594203,0.2318840579710145,0.7608695652173914,4.390487816968004,0.0,0.15942028985507245,2,0.029850746268656716,video,tunnel,ikev2,AES_CBC_256,PASS,0
exp_024_video_tunnel_aes_cbc_256_1789043352,9,0,148,166260.0,1.4910690784454346,111503.88831974176,99.2576414731251,1123.3783783783783,266.02650257642756,122.0,1506.0,1170.0,727.6,818.0,958.0,1346.0,1426.0,1439.2,-1.0802347306438842,1.9618455911359165,2.8949150342291707,0.06243047899991226,0.010143327064254658,0.014930316408132057,1.2159347534179688e-05,0.04271984100341797,0.0013235092163085937,0.0018999576568603516,0.002362966537475586,0.0026379823684692383,0.03764019012451172,1.1045485920355298,1.4717897316956277,0.0,35,5.2,0.9864864864864865,0.992397449777457,0.013513513513513514,0.007602550222543005,781.4395810318298,0.984794899554914,0.02027027027027027,0.18243243243243243,0.7972972972972973,4.114878085138889,0.0,0.21621621621621623,2,0.013986013986013986,video,tunnel,ikev2,AES_CBC_256,PASS,0
exp_024_video_tunnel_aes_cbc_256_1789043352,10,0,135,152586.0,1.4324760437011719,106519.05884984622,94.24241375178089,1130.2666666666667,257.14567711563666,122.0,1506.0,1170.0,733.2,824.4,994.0,1330.0,1394.0,1434.0,-1.4139198864584879,3.1311208987912282,2.858459671461727,0.05734469389875481,0.010690119729113223,0.015161946014156134,1.3113021850585938e-05,0.04179811477661133,0.0013319969177246094,0.0022721290588378906,0.002375364303588867,0.003638029098510742,0.03841125965118409,1.1653806975474665,1.4181812942257401,0.0,34,4.9411764705882355,0.9851851851851852,0.9917161469597473,0.014814814814814815,0.00828385304025271,768.9417160301385,0.9834322939194946,0.022222222222222223,0.17037037037037037,0.8074074074074075,4.2753997702726485,0.0,0.18518518518518517,2,0.015384615384615385,video,tunnel,ikev2,AES_CBC_256,PASS,0
exp_024_video_tunnel_aes_cbc_256_1789043352,11,0,97,108254.0,0.9731030464172363,111246.18343203094,99.6811184150886,1116.020618556701,289.63119027307613,42.0,1490.0,1170.0,725.2,770.0,946.0,1346.0,1410.0,1442.0,-1.4668887685798364,2.9565419682528704,2.855708592707959,0.3423735961137125,0.010136490066846212,0.014835340794554347,1.2159347534179688e-05,0.04111194610595703,0.001320958137512207,0.002249598503112793,0.002364039421081543,0.002855837345123291,0.03785252571105957,1.1356893595531858,1.4634135961397439,0.0,24,5.0,0.979381443298969,0.9883237570898074,0.020618556701030927,0.011676242910192695,733.5183193129312,0.9766475141796146,0.030927835051546393,0.1958762886597938,0.7731958762886598,4.021666170294426,0.020618556701030927,0.21649484536082475,2,0.021739130434782608,video,tunnel,ikev2,AES_CBC_256,PASS,0
exp_024_video_tunnel_aes_cbc_256_1789043352,12,0,40,45728.0,0.2451159954071045,186556.5726302438,163.18804463807191,1143.2,375.4274363975015,42.0,1490.0,1338.0,133.20000000000002,752.4,982.0,1398.0,1443.6,1474.0,-1.6673316428318163,2.23553283217531,2.5796899633546597,0.3971004748626986,0.006285025523259089,0.011638799333423388,1.2159347534179688e-05,0.04111194610595703,0.0012696743011474609,0.001345992088317871,0.002226114273071289,0.0023690462112426758,0.032299709320068364,0.9145046306871467,1.8515354877829175,0.0,7,6.571428571428571,1.0,1.0,0.0,0.0,1.0,1.0,0.075,0.1,0.825,3.226060126326384,0.05,0.4,1,0.0,video,tunnel,ikev2,AES_CBC_256,PASS,0
exp_025_video_transport_aes_cbc_128_1789043396,-1,1,588,620616.0,8.10998797416687,76524.8976912022,72.50319012469369,1055.469387755102,283.1466845669534,42.0,1514.0,1074.0,698.0,730.0,842.0,1306.0,1386.0,1434.0,-0.7761705392958673,0.866172108011237,2.986468720532395,0.29618569227680186,0.01381599314168121,0.08775614121256767,0.0,2.1080119609832764,0.001178598403930664,0.002167940139770508,0.002274036407470703,0.005051612854003906,0.03709263801574707,0.018123819700448685,6.351319734525812,0.25992787753792324,141,5.113475177304965,0.9778911564625851,0.9888916818129084,0.022108843537414966,0.011108318187091536,0.023806558590763745,0.977783363625817,0.025510204081632654,0.27721088435374147,0.6972789115646258,3.7308478468660518,0.003401360544217687,0.1564625850340136,2,0.025817555938037865,video,transport,ikev2,AES_CBC_128,PASS,0
exp_025_video_transport_aes_cbc_128_1789043396,0,0,4,1640.0,0.015756845474243164,104081.74673546279,253.8579188669824,410.0,101.46920715172658,286.0,514.0,420.0,293.2,300.4,322.0,508.0,511.6,512.8,-0.08040378344839896,-1.8875703421157966,1.5,0.6328843056027117,0.005252281824747722,0.000799230152792788,0.0043468475341796875,0.006290912628173828,0.0045012950897216795,0.004732966423034668,0.0051190853118896484,0.005704998970031738,0.006056547164916992,1.584962500721156,0.1521392111551467,0.0,1,2.0,0.5,0.5121951219512195,0.5,0.4878048780487805,0.829544698525875,0.024390243902439025,0.0,1.0,0.0,0.0,0.0,0.0,0,0.0,video,transport,ikev2,AES_CBC_128,PASS,0
exp_025_video_transport_aes_cbc_128_1789043396,1,0,32,37920.0,0.10283517837524414,368745.40987939405,311.17756107965744,1185.0,387.33835338112334,170.0,1514.0,1354.0,439.6,634.0,1106.0,1450.0,1496.4,1498.0,-1.3596895643130062,0.535239526046337,2.1798536930233805,-0.15134177187258677,0.0033172638185562627,0.009108430546393733,0.0,0.03965616226196289,1.811981201171875e-05,0.0010665655136108398,0.0011169910430908203,0.0011620521545410156,0.0021631717681884766,0.345117314944953,2.7449386319007942,0.0,3,11.333333333333334,0.8125,0.9110759493670886,0.1875,0.0889240506329114,4.595872716593232,0.8221518987341773,0.0625,0.15625,0.78125,3.0699773438913405,0.0,0.53125,2,0.16129032258064516,video,transport,ikev2,AES_CBC_128,PASS,0
exp_025_video_transport_aes_cbc_128_1789043396,2,0,99,105838.0,0.8603360652923584,123019.36913923777,115.07131223931422,1069.0707070707072,310.27382017398537,138.0,1514.0,1130.0,634.0,710.8,842.0,1322.0,1418.0,1467.6,-0.8976487607725766,0.6767468763574525,3.0679466111716582,-0.03216052242953936,0.00877893944175876,0.014106324237891385,0.0,0.042120933532714844,0.001067948341369629,0.0011615753173828125,0.002169489860534668,0.0022811293601989746,0.03629601001739502,1.0331748540697396,1.6066539332605771,0.0,21,5.666666666666667,0.9393939393939394,0.968139987528109,0.06060606060606061,0.031860012471891005,10.448323166175456,0.936279975056218,0.04040404040404041,0.23232323232323232,0.7272727272727273,3.3912696460162013,0.0,0.18181818181818182,2,0.05102040816326531,video,transport,ikev2,AES_CBC_128,PASS,0
exp_025_video_transport_aes_cbc_128_1789043396,3,0,148,154680.0,1.4757599830627441,104813.79206324743,100.2873107406298,1045.1351351351352,267.73546465829395,122.0,1498.0,1082.0,714.0,741.2,842.0,1258.0,1342.8000000000002,1370.0,-0.9057890073863712,1.3163504131396513,2.8643066850065426,0.11979139524956652,0.01003918355824996,0.014404227730587842,7.200241088867188e-05,0.042305946350097656,0.0011968135833740235,0.002164006233215332,0.0022602081298828125,0.0026705265045166016,0.03681778907775879,1.3023307317883215,1.434657807501136,0.0,35,5.142857142857143,0.9932432432432432,0.9959012154124645,0.006756756756756757,0.004098784587535557,1.0,0.9918024308249289,0.02702702702702703,0.2635135135135135,0.7094594594594594,3.861949761049051,0.0,0.10135135135135136,2,0.013605442176870748,video,transport,ikev2,AES_CBC_128,PASS,0
exp_025_video_transport_aes_cbc_128_1789043396,4,0,137,142714.0,1.460090160369873,97743.27906151178,93.82982210173574,1041.7080291970804,264.04938048969524,122.0,1498.0,1050.0,698.0,739.6,842.0,1274.0,1360.4,1386.0,-0.7047622197220668,0.8978926182919458,2.899243262658098,0.21889965859762894,0.010735957061543185,0.015026863972559165,7.200241088867188e-05,0.04248380661010742,0.0011965036392211914,0.0022382140159606934,0.00235593318939209,0.013449907302856445,0.03788948059082031,1.3977988396171543,1.3995458756542152,0.0,34,4.9411764705882355,0.9854014598540146,0.9911150973275222,0.014598540145985401,0.008884902672477824,0.011146157205350431,0.9822301946550444,0.021897810218978103,0.2773722627737226,0.7007299270072993,3.8913174466884413,0.0,0.12408759124087591,2,0.029411764705882353,video,transport,ikev2,AES_CBC_128,PASS,0
exp_025_video_transport_aes_cbc_128_1789043396,5,0,145,149402.0,1.449826955795288,103048.1599219867,100.01193550747696,1030.3586206896553,278.37237962130604,42.0,1498.0,1018.0,701.2,730.0,826.0,1274.0,1395.6,1450.0,-0.5134382351547857,0.9474487876539412,2.9186531297095026,0.5316122497815814,0.01006824274857839,0.014805191405458516,7.152557373046875e-06,0.04248380661010742,0.0012908220291137696,0.0021781325340270996,0.002274036407470703,0.0025153160095214844,0.03750770092010499,1.1571670852132527,1.470338115301547,0.0,34,5.235294117647059,0.9862068965517241,0.9915128311535321,0.013793103448275862,0.008487168846467918,0.010053020408245648,0.9830256623070641,0.020689655172413793,0.31724137931034485,0.6620689655172414,3.938968234211962,0.013793103448275862,0.15172413793103448,2,0.028169014084507043,video,transport,ikev2,AES_CBC_128,PASS,0
exp_025_video_transport_aes_cbc_128_1789043396,6,0,159,172790.0,1.448692798614502,119273.04406099938,109.75411774812721,1086.7295597484276,286.42225251590384,42.0,1514.0,1114.0,728.4,742.8,850.0,1330.0,1418.0,1450.0,-0.7452916092005912,0.8262819222200357,2.832290242979359,0.5090203983039195,0.009168941763382924,0.01418025065697625,7.152557373046875e-06,0.04249000549316406,0.001256108283996582,0.0014516115188598633,0.002260446548461914,0.002418041229248047,0.03540999889373779,1.048143321902415,1.546383938183807,0.0,34,5.647058823529412,0.9937106918238994,0.9963308061809133,0.006289308176100629,0.0036691938190867527,1.0,0.9926616123618265,0.018867924528301886,0.29559748427672955,0.6855345911949685,4.039116778838443,0.012578616352201259,0.22012578616352202,2,0.01282051282051282,video,transport,ikev2,AES_CBC_128,PASS,0
exp_025_video_transport_aes_cbc_128_1789043396,7,0,137,148122.0,1.4808170795440674,100027.20933338077,92.5164909917039,1081.1824817518248,252.9402635394143,154.0,1514.0,1114.0,698.0,762.0,858.0,1306.0,1370.0,1386.0,-0.7681641033407338,0.6736695444832197,2.8424785815083773,0.18665778153348458,0.010888360879000495,0.01511003061466744,0.00012683868408203125,0.04249000549316406,0.0013589859008789062,0.0022425055503845215,0.0023169517517089844,0.019589662551879883,0.03744101524353027,1.2783239988439536,1.3875957260087013,0.0,35,4.857142857142857,0.9927007299270073,0.9957197445349104,0.0072992700729927005,0.0042802554650895885,1.0,0.9914394890698208,0.014598540145985401,0.2773722627737226,0.708029197080292,4.1589215832119235,0.0,0.145985401459854,2,0.014705882352941176,video,transport,ikev2,AES_CBC_128,PASS,0
exp_025_video_transport_aes_cbc_128_1789043396,8,0,145,153162.0,1.4847450256347656,103157.10600513338,97.65986583319845,1056.2896551724139,272.582234785341,154.0,1498.0,1098.0,698.0,736.4,858.0,1274.0,1370.0,1430.7999999999997,-0.8352636776862268,1.1169783068318972,3.0099499019861122,0.2793130272339492,0.010310729344685873,0.014540010972993463,9.989738464355469e-05,0.04256486892700195,0.0012335777282714844,0.0021896958351135254,0.0022919178009033203,0.012731492519378662,0.036865782737731945,1.3757680412988327,1.4100458310115196,0.0,36,4.944444444444445,0.9862068965517241,0.9946461916141079,0.013793103448275862,0.005353808385892062,0.010441864614685145,0.9892923832282159,0.027586206896551724,0.25517241379310346,0.7172413793103448,3.769081204073592,0.0,0.13793103448275862,2,0.027777777777777776,video,transport,ikev2,AES_CBC_128,PASS,0
exp_025_video_transport_aes_cbc_128_1789043396,9,0,122,128852.0,1.351032018661499,95373.01723437826,90.30133876535986,1056.1639344262296,275.90977263174386,154.0,1498.0,1050.0,714.8,778.0,858.0,1290.0,1384.4,1434.0,-0.8777834179783315,1.4332694977675953,2.951172983958231,0.30593753497138393,0.011165553873235529,0.01511795647116255,9.989738464355469e-05,0.04256486892700195,0.0012249946594238281,0.0021698474884033203,0.002248048782348633,0.021683931350708008,0.03777313232421875,1.4224989706937343,1.353860523379367,0.0,33,4.636363636363637,0.9918032786885246,0.9985564834073201,0.00819672131147541,0.0014435165926799738,1.0,0.99711296681464,0.03278688524590164,0.2540983606557377,0.7131147540983607,3.717690314032265,0.0,0.14754098360655737,2,0.01652892561983471,video,transport,ikev2,AES_CBC_128,PASS,0
exp_025_video_transport_aes_cbc_128_1789043396,10,0,44,44472.0,0.5873651504516602,75714.40008962537,74.91081138567,1010.7272727272727,225.89985347859988,154.0,1386.0,1018.0,778.0,794.0,858.0,1166.0,1301.2,1335.6,-0.9439520290646675,2.6337222005643435,2.696957186327418,0.009887591903811,0.013659654661666515,0.01620076461128769,0.0021238327026367188,0.04238295555114746,0.002175140380859375,0.0022094249725341797,0.0022661685943603516,0.03400003910064697,0.03891067504882813,1.6186983989724082,1.1859435006983259,0.0,15,3.8,1.0,1.0,0.0,0.0,1.0,1.0,0.022727272727272728,0.3181818181818182,0.6590909090909091,4.327825423880387,0.0,0.045454545454545456,1,0.0,video,transport,ikev2,AES_CBC_128,PASS,0
exp_026_video_tunnel_3des_cbc_1789043438,-1,1,688,752964.0,6.9870851039886475,107765.11074269912,98.467385148529,1094.4244186046512,247.80239944595698,42.0,1510.0,1110.0,718.0,758.0,902.0,1310.0,1392.4000000000005,1460.6,-0.42382958669164483,-6.791121244154041e-05,2.9033306468227997,0.29492503033643164,0.010170429554568629,0.012706845959549325,9.5367431640625e-07,0.056561946868896484,0.0002720832824707032,0.001387476921081543,0.004227876663208008,0.013261914253234863,0.0325904369354248,2.062533456762687,1.2492684426882632,0.015638560062136167,150,4.52,0.9651162790697675,0.9803018471002598,0.03488372093023256,0.019698152899740227,0.040363390484609914,0.9606036942005195,0.00436046511627907,0.24273255813953487,0.752906976744186,4.610982658188416,0.0029069767441860465,0.1875,3,0.7310549777117384,video,tunnel,ikev1,3DES_CBC,CRITICAL_FAIL,0
exp_026_video_tunnel_3des_cbc_1789043438,0,0,181,198634.0,1.499783992767334,132441.7389156751,120.68404575116644,1097.4254143646408,294.56277406080585,42.0,1510.0,1182.0,590.0,718.0,902.0,1334.0,1406.0,1470.0,-0.8850225940312186,0.7599351758536259,2.917766304751814,0.2332858674850942,0.008332133293151855,0.012102483432829958,9.5367431640625e-07,0.04727292060852051,0.00017066001892089845,0.0006882548332214355,0.0025703907012939453,0.009034276008605957,0.03140661716461181,2.0235762386764815,1.4523328749314193,0.0,33,5.484848484848484,0.9226519337016574,0.9564425022906451,0.07734806629834254,0.043557497709354895,0.1142219599354482,0.9128850045812902,0.016574585635359115,0.23204419889502761,0.7513812154696132,3.983537718539799,0.011049723756906077,0.20994475138121546,3,0.7660818713450293,video,tunnel,ikev1,3DES_CBC,CRITICAL_FAIL,0
exp_026_video_tunnel_3des_cbc_1789043438,1,0,146,152964.0,1.4937200546264648,102404.73074337331,97.742545229809,1047.6986301369864,260.0939074316332,42.0,1502.0,1062.0,718.0,742.0,854.0,1270.0,1362.0,1380.0,-0.7253571023711456,1.2050058457100539,2.9013610953031272,0.21082617045296448,0.010301517618113551,0.012856270254792997,5.0067901611328125e-06,0.056561946868896484,0.00025830268859863283,0.0013859272003173828,0.004244804382324219,0.014542818069458008,0.032282447814941405,2.0826001567056336,1.2478765609863673,0.03786649760355594,32,4.375,0.9726027397260274,0.9838393347454303,0.0273972602739726,0.016160665254569703,0.032162789570560464,0.9676786694908606,0.0136986301369863,0.2808219178082192,0.7054794520547946,4.368101015484155,0.0136986301369863,0.1232876712328767,2,0.7446808510638298,video,tunnel,ikev1,3DES_CBC,CRITICAL_FAIL,0
exp_026_video_tunnel_3des_cbc_1789043438,2,0,124,133368.0,1.4942231178283691,89255.7466209133,82.98626792778815,1075.5483870967741,236.2244474946925,590.0,1486.0,1090.0,727.2,752.4,878.0,1278.0,1403.6,1438.0,0.009247667708578166,-1.1513146060684045,3.4600685096146195,0.3591630001655671,0.012148155429498935,0.013793021985131961,2.86102294921875e-06,0.056561946868896484,0.0005991935729980468,0.0019080638885498047,0.0053670406341552734,0.02457296848297119,0.035724639892578125,2.1725346955987215,1.1353070643611665,0.037853749011125495,26,4.230769230769231,0.9838709677419355,0.9907324095735109,0.016129032258064516,0.009267590426489112,233.10793870911792,0.9814648191470218,0.0,0.27419354838709675,0.7258064516129032,0.0,0.0,0.1693548387096774,2,0.6967213114754098,video,tunnel,ikev1,3DES_CBC,CRITICAL_FAIL,0
exp_026_video_tunnel_3des_cbc_1789043438,3,0,147,165746.0,1.4837899208068848,111704.4924458493,99.07062848901239,1127.5238095238096,239.12281116794708,590.0,1510.0,1150.0,752.4,794.8,934.0,1346.0,1444.4,1483.6,-0.12496242132689248,-1.1357670844390315,3.437023937695571,0.5267176700956098,0.010162944663060855,0.012279251678084899,2.86102294921875e-06,0.0462949275970459,0.0004936456680297852,0.0016783475875854492,0.004628539085388184,0.012672245502471924,0.03200101852416992,2.2653245713290486,1.2081187063829433,0.0,29,4.689655172413793,0.9863945578231292,0.992542806462901,0.013605442176870748,0.007457193537098935,202.7188957585325,0.9850856129258021,0.0,0.2108843537414966,0.7891156462585034,0.0,0.0,0.25170068027210885,2,0.7034482758620689,video,tunnel,ikev1,3DES_CBC,CRITICAL_FAIL,0
exp_026_video_tunnel_3des_cbc_1789043438,4,0,141,153990.0,1.4694600105285645,104793.59689727782,95.95361492639894,1092.127659574468,218.87685099529054,590.0,1510.0,1094.0,742.0,838.0,934.0,1254.0,1374.0,1478.0,-0.01758262106535853,-0.7532198163211841,3.446417914184202,0.34332406037976654,0.010496142932346889,0.012537873740344256,3.0994415283203125e-06,0.052706003189086914,0.00027356147766113283,0.0016618967056274414,0.004572510719299316,0.014166474342346191,0.030672812461853032,2.2281095459764595,1.1944082138492054,0.035867599534150356,35,4.057142857142857,0.9716312056737588,0.9839470095460744,0.028368794326241134,0.01605299045392558,0.03320779425015048,0.9678940190921489,0.0,0.20567375886524822,0.7943262411347518,0.0,0.0,0.16312056737588654,2,0.6594202898550725,video,tunnel,ikev1,3DES_CBC,CRITICAL_FAIL,0
exp_026_video_tunnel_3des_cbc_1789043438,5,0,143,154298.0,1.45648193359375,105938.83551942337,98.18178770481498,1079.006993006993,222.13381894149177,590.0,1494.0,1078.0,758.0,798.0,894.0,1262.0,1380.4,1429.2,-0.01602238558940754,-0.9590182211564278,3.43029571681599,0.21292136030313602,0.010256915025308098,0.012372287327616338,3.0994415283203125e-06,0.046362876892089844,0.000321793556213379,0.001391768455505371,0.004498481750488281,0.014304697513580322,0.032393479347229005,2.373670497593762,1.2061210584306565,0.0,37,4.054054054054054,0.972027972027972,0.9839790535198123,0.027972027972027972,0.01602094648018769,0.03118235107030465,0.9679581070396246,0.0,0.25874125874125875,0.7412587412587412,0.0,0.0,0.15384615384615385,2,0.6642857142857143,video,tunnel,ikev1,3DES_CBC,CRITICAL_FAIL,0
exp_026_video_tunnel_3des_cbc_1789043438,6,0,155,174602.0,1.481468915939331,117857.34963550884,104.62588740967384,1126.4645161290323,242.77150487568468,590.0,1494.0,1158.0,750.0,798.0,894.0,1350.0,1426.8,1464.3999999999999,-0.19236471157067975,-1.2625018468547198,3.4237456672997792,0.36203184671877237,0.009619928025580073,0.011899526709727971,2.86102294921875e-06,0.04120802879333496,0.0005940198898315431,0.0013756155967712402,0.003921985626220703,0.011014282703399658,0.03224606513977051,2.303129583309431,1.236837722732108,0.0,34,4.588235294117647,0.9870967741935484,0.9929210432870185,0.012903225806451613,0.007078956712981524,162.74178418681944,0.9858420865740369,0.0,0.25806451612903225,0.7419354838709677,0.0,0.0,0.27741935483870966,2,0.7189542483660131,video,tunnel,ikev1,3DES_CBC,CRITICAL_FAIL,0
exp_026_video_tunnel_3des_cbc_1789043438,7,0,139,153946.0,1.4756419658660889,104324.76411013798,94.1962909806632,1107.525179856115,228.2189511275184,590.0,1486.0,1126.0,742.0,796.4,914.0,1310.0,1390.0,1439.6,-0.17174900299013535,-1.1287857614904089,3.4283785557580755,0.3181058436330907,0.01069305772366731,0.012367393923480423,2.86102294921875e-06,0.04341387748718262,0.0007490634918212891,0.0018325448036193848,0.004878520965576172,0.018902182579040527,0.03182892799377441,2.4385257978659314,1.156473458723699,0.0,30,4.366666666666666,0.9856115107913669,0.9919712106842659,0.014388489208633094,0.008028789315734088,196.84521573273202,0.9839424213685318,0.0,0.23741007194244604,0.762589928057554,0.0,0.0,0.19424460431654678,2,0.7518248175182481,video,tunnel,ikev1,3DES_CBC,CRITICAL_FAIL,0
exp_026_video_tunnel_3des_cbc_1789043438,8,0,87,92370.0,0.9819290637969971,94069.9317350041,88.60110491442413,1061.7241379310344,198.67496065703128,590.0,1374.0,1070.0,746.8,794.8,898.0,1238.0,1313.2,1339.6,-0.2210840487774742,-0.9846587951952386,3.3874722735754075,0.11565040258379314,0.011417779811592988,0.013355054765687343,2.86102294921875e-06,0.04341387748718262,0.0007935762405395508,0.0018783807754516602,0.005013465881347656,0.020458579063415527,0.03512704372406006,2.388459129759678,1.1695693398105935,0.0,22,3.909090909090909,0.9770114942528736,0.9866190321532965,0.022988505747126436,0.013380967846703475,212.07213239829235,0.9732380643065931,0.0,0.25287356321839083,0.7471264367816092,0.0,0.0,0.04597701149425287,2,0.8352941176470589,video,tunnel,ikev1,3DES_CBC,CRITICAL_FAIL,0
exp_026_video_tunnel_3des_cbc_1789043438,9,0,22,23468.0,0.23138809204101562,101422.67820696704,95.07835863956345,1066.7272727272727,171.82924447310575,798.0,1358.0,1070.0,831.6,862.0,894.0,1206.0,1315.6000000000001,1333.2,0.12610679308390274,-1.1702943117071212,3.2655833228877333,0.08624127991199732,0.011018480573381697,0.01467840146123847,3.0994415283203125e-06,0.039639949798583984,0.0007390975952148438,0.0015609264373779297,0.0024569034576416016,0.008303165435791016,0.03664088249206543,1.8776205033895346,1.3320411396427474,0.0,7,3.7142857142857144,1.0,1.0,0.0,0.0,1.0,1.0,0.0,0.2727272727272727,0.7272727272727273,0.0,0.0,0.045454545454545456,1,0.8095238095238095,video,tunnel,ikev1,3DES_CBC,CRITICAL_FAIL,0
exp_027_video_transport_3des_cbc_1789043482,-1,1,600,651732.0,8.361525774002075,77944.14770882919,71.75723859699617,1086.22,274.50460518298536,42.0,1494.0,1126.0,693.6,726.0,868.0,1318.0,1398.0,1446.3999999999996,-0.7481057829977625,0.5436634680134986,2.9460116812982644,0.405681348794697,0.013959141525879926,0.09209205519180641,9.5367431640625e-07,2.244671106338501,0.0003722667694091797,0.0012810230255126953,0.004288911819458008,0.0133894681930542,0.0327399730682373,0.01780951971622003,6.596785213178685,0.26845233358219195,145,4.2620689655172415,0.9733333333333334,0.9873322163097715,0.02666666666666667,0.0126677836902285,0.025737190455944414,0.974664432619543,0.015,0.26166666666666666,0.7233333333333334,3.9446863678173085,0.0033333333333333335,0.19,2,0.7278911564625851,video,transport,ikev1,3DES_CBC,CRITICAL_FAIL,0
exp_027_video_transport_3des_cbc_1789043482,0,0,9,1722.0,0.11789584159851074,14606.113130471535,76.33857036831813,191.33333333333334,62.87907265360851,94.0,278.0,206.0,100.4,106.8,134.0,218.0,278.0,278.0,-0.14351326179791993,-1.1679665260597276,2.725480556997868,0.19969227721102392,0.014736980199813843,0.012998294365226062,0.0006458759307861328,0.03276801109313965,0.0006565570831298829,0.0014799237251281738,0.014678359031677246,0.02555638551712036,0.029398274421691895,2.1556390622295662,0.8819590058473715,0.0,3,2.6666666666666665,0.5555555555555556,0.5400696864111498,0.4444444444444444,0.45993031358885017,0.9515185993277733,0.08013937282229965,0.7777777777777778,0.2222222222222222,0.0,0.0,0.0,0.0,0,0.0,video,transport,ikev1,3DES_CBC,CRITICAL_FAIL,0
exp_027_video_transport_3des_cbc_1789043482,2,0,65,70070.0,0.6372029781341553,109964.95999622843,102.00831168481301,1078.0,278.9201153901073,622.0,1486.0,1094.0,622.0,694.0,822.0,1326.0,1442.8,1454.0,-0.186295365463319,-1.34175196876381,3.427224691006886,0.0068430346426273094,0.009956296533346176,0.013464746151762269,2.1457672119140625e-06,0.04153895378112793,0.00022602081298828125,0.0010459423065185547,0.003322005271911621,0.010149240493774414,0.03456268310546875,2.123948116682619,1.352249187986913,0.0,15,4.666666666666667,0.9076923076923077,0.9467389753104039,0.09230769230769231,0.05326102468959612,3.434735644598604,0.8934779506208078,0.0,0.3230769230769231,0.676923076923077,0.0,0.0,0.23076923076923078,2,0.828125,video,transport,ikev1,3DES_CBC,CRITICAL_FAIL,0
exp_027_video_transport_3des_cbc_1789043482,3,0,151,168066.0,1.3640539646148682,123210.66787665717,110.69943265964105,1113.0198675496688,263.7723147761466,622.0,1486.0,1182.0,682.0,726.0,862.0,1338.0,1406.0,1458.0,-0.41411215520174305,-1.2058423436886831,3.414768543188554,0.20421799944626517,0.009093693097432454,0.012445565679722768,2.1457672119140625e-06,0.04528093338012695,0.00021960735321044922,0.0009606480598449707,0.0034314393997192383,0.009230554103851318,0.0327439546585083,2.0822556289610255,1.368442623230058,0.0,34,4.705882352941177,0.9536423841059603,0.9740935108826294,0.046357615894039736,0.025906489117370556,0.05710107114491596,0.9481870217652589,0.0,0.271523178807947,0.7284768211920529,0.0,0.0,0.23178807947019867,2,0.7466666666666667,video,transport,ikev1,3DES_CBC,CRITICAL_FAIL,0
exp_027_video_transport_3des_cbc_1789043482,4,0,153,165190.0,1.4793250560760498,111665.78928783306,103.42554489399151,1079.673202614379,241.02726312490424,622.0,1470.0,1102.0,711.6,750.0,854.0,1294.0,1372.4,1398.0,-0.18530021178101388,-1.3302386119143865,3.4580512573411397,0.3476308122476801,0.009732401684710854,0.012019315313454319,9.5367431640625e-07,0.04528093338012695,0.0003503799438476564,0.0011943578720092773,0.004248499870300293,0.012106835842132568,0.030206298828125,2.285563663902995,1.2348524907108436,0.0,38,4.2368421052631575,0.9869281045751634,0.9924692778013197,0.013071895424836602,0.0075307221986803076,0.009791803315200798,0.9849385556026394,0.0,0.3137254901960784,0.6862745098039216,0.0,0.0,0.1437908496732026,2,0.6776315789473685,video,transport,ikev1,3DES_CBC,CRITICAL_FAIL,0
exp_027_video_transport_3des_cbc_1789043482,5,0,144,151288.0,1.470531940460205,102879.77828802155,97.92374856879,1050.611111111111,248.37485981406073,42.0,1478.0,1074.0,726.0,774.0,860.0,1246.0,1342.0,1406.0,-0.7738951563605969,1.911599281841438,2.82882675482657,0.3571462240531005,0.010283440143078358,0.012018929971462316,9.5367431640625e-07,0.048887014389038086,0.0005819797515869141,0.0015550851821899414,0.004812955856323242,0.013918519020080566,0.030294132232666016,2.3447275457251795,1.1686518472812841,0.0,36,4.055555555555555,0.9930555555555556,0.9958886362434561,0.006944444444444444,0.00411136375654381,1.0,0.9917772724869124,0.013888888888888888,0.2916666666666667,0.6944444444444444,4.566323480507746,0.013888888888888888,0.09722222222222222,2,0.723404255319149,video,transport,ikev1,3DES_CBC,CRITICAL_FAIL,0
exp_027_video_transport_3des_cbc_1789043482,6,0,149,163158.0,1.4616949558258057,111622.46907243483,101.9364535713406,1095.020134228188,257.0081467854199,42.0,1478.0,1118.0,721.2,790.0,934.0,1310.0,1406.0,1450.8,-0.914046246589156,1.9280129045757075,2.858887808743851,0.42335196393853186,0.009876317269093281,0.012446089996482387,9.5367431640625e-07,0.04979991912841797,0.0003693580627441407,0.0011525154113769531,0.0043354034423828125,0.011576831340789795,0.030699348449707037,2.178405145641211,1.2600678562211372,0.0,39,3.9743589743589745,0.9932885906040269,0.9961877443950036,0.006711409395973154,0.003812255604996384,1.0,0.9923754887900073,0.013422818791946308,0.2214765100671141,0.7651006711409396,4.513748473777651,0.013422818791946308,0.174496644295302,2,0.7465753424657534,video,transport,ikev1,3DES_CBC,CRITICAL_FAIL,0
exp_027_video_transport_3des_cbc_1789043482,7,0,127,136890.0,1.463136911392212,93559.25541496024,86.79980595879867,1077.8740157480315,235.68613160707028,622.0,1462.0,1118.0,698.8,735.6,866.0,1282.0,1361.2,1409.1999999999998,-0.21875108809228208,-1.218452740318062,3.5031453331232236,0.18359196886730292,0.011612197709461999,0.01312161474616516,9.5367431640625e-07,0.04979991912841797,0.00039649009704589844,0.0018796920776367188,0.0053015947341918945,0.02172154188156128,0.03291440010070801,2.2906621355067442,1.1298881733042536,0.0,35,3.7142857142857144,0.984251968503937,0.9909124114252319,0.015748031496062992,0.009087588574768062,0.012131381667179092,0.9818248228504639,0.0,0.2992125984251969,0.7007874015748031,0.0,0.0,0.13385826771653545,2,0.6587301587301587,video,transport,ikev1,3DES_CBC,CRITICAL_FAIL,0
exp_027_video_transport_3des_cbc_1789043482,8,0,131,144546.0,1.4783790111541748,97773.30367207562,88.61056536356527,1103.4045801526718,254.03536384899726,622.0,1494.0,1198.0,706.0,734.0,870.0,1318.0,1398.0,1458.0,-0.29344784543686786,-1.3089963222774263,3.411195299311073,0.21596066463575753,0.011372146239647498,0.013124740284124234,9.5367431640625e-07,0.04339003562927246,0.0007415533065795899,0.001697242259979248,0.004904985427856445,0.019024312496185303,0.03368179798126221,2.462744957221284,1.15401138854353,0.0,32,4.0625,0.9847328244274809,0.9913937431682648,0.015267175572519083,0.008606256831735225,0.011127544752809948,0.9827874863365296,0.0,0.29770992366412213,0.7022900763358778,0.0,0.0,0.19083969465648856,2,0.6461538461538462,video,transport,ikev1,3DES_CBC,CRITICAL_FAIL,0
exp_027_video_transport_3des_cbc_1789043482,9,0,159,183322.0,1.4810149669647217,123781.3284059585,107.35880699832755,1152.9685534591194,250.46621739296543,622.0,1494.0,1246.0,718.0,748.4,934.0,1358.0,1423.6000000000001,1470.0,-0.47932650558209083,-1.138327297845608,3.3285813115776524,0.44948726573547504,0.009373512449143808,0.012340158279604191,9.5367431640625e-07,0.04896187782287598,0.00035064220428466803,0.001210033893585205,0.003297090530395508,0.010604619979858398,0.03103857040405274,2.1228889721012707,1.3163520072695878,0.0,34,4.676470588235294,0.9937106918238994,0.9966070629820752,0.006289308176100629,0.0033929370179247445,1.0,0.9932141259641505,0.0,0.20125786163522014,0.7987421383647799,0.0,0.0,0.2893081761006289,2,0.7658227848101266,video,transport,ikev1,3DES_CBC,CRITICAL_FAIL,0
exp_027_video_transport_3des_cbc_1789043482,10,0,93,107046.0,0.8290669918060303,129116.22469351022,112.174288590853,1151.032258064516,238.17868288518738,622.0,1494.0,1214.0,722.8,785.2,942.0,1358.0,1414.0,1447.6,-0.46568148909207596,-1.0403611297458848,3.3819991380807144,0.49842908277704884,0.009011597737022068,0.01169938371541654,9.5367431640625e-07,0.041311025619506836,0.0003659248352050781,0.0011785626411437988,0.00312960147857666,0.009493649005889893,0.031186819076538096,2.1431229046602556,1.2981144900495956,0.0,18,4.944444444444445,0.989247311827957,0.9941894138968294,0.010752688172043012,0.005810586103170599,1.0,0.9883788277936588,0.0,0.15053763440860216,0.8494623655913979,0.0,0.0,0.27956989247311825,2,0.8260869565217391,video,transport,ikev1,3DES_CBC,CRITICAL_FAIL,0
exp_027_video_transport_3des_cbc_1789043482,11,0,10,10444.0,0.08036684989929199,129954.07948784127,124.42941352723217,1044.4,228.99572048403002,622.0,1358.0,998.0,722.8,823.6,910.0,1226.0,1358.0,1358.0,-0.13448498075167925,-0.9815747716050716,2.7219280948873625,0.02190557145827759,0.00892964998881022,0.012408724543537272,0.0003399848937988281,0.03442692756652832,0.00045843124389648436,0.0020339488983154297,0.002936124801635742,0.004379987716674805,0.030422067642211916,1.4466166676282082,1.3894536857994606,0.0,3,4.0,0.9,0.9404442742244351,0.1,0.059555725775564915,1.0,0.8808885484488702,0.0,0.2,0.8,0.0,0.0,0.2,2,0.7777777777777778,video,transport,ikev1,3DES_CBC,CRITICAL_FAIL,0
exp_028_video_tunnel_aes_gcm_16_256_1789043525,-1,1,607,621354.0,8.36350393295288,74293.50245796084,72.5772361519878,1023.6474464579901,326.777769992627,42.0,1450.0,1078.0,173.60000000000002,654.0,834.0,1302.0,1386.0,1398.0,-1.050079176312047,0.8659083352045358,3.0957303447264306,0.025841271472472924,0.013801161605532807,0.09174766225142907,2.1457672119140625e-06,2.255908966064453,0.0004875659942626953,0.0021462440490722656,0.007218003273010254,0.01500934362411499,0.02470254898071289,0.01763148189211935,6.647340095963709,0.2864287083029947,115,4.191304347826087,0.957166392092257,0.9747132874335724,0.042833607907743,0.025286712566427512,0.043222840516800934,0.949426574867145,0.060955518945634266,0.27182866556836904,0.6672158154859967,3.2581199816337065,0.0032948929159802307,0.1696869851729819,2,0.8312611012433393,video,tunnel,ikev2,AES_GCM_16_256,PASS,0
exp_028_video_tunnel_aes_gcm_16_256_1789043525,0,0,4,1608.0,0.09320592880249023,17252.121411798413,42.91572490497117,402.0,109.36178491593853,270.0,514.0,412.0,277.2,284.4,306.0,508.0,511.6,512.8,-0.06935955084097174,-1.9029053366293442,1.5,0.62433452397764,0.03106864293416341,0.022653590165711973,0.012504100799560547,0.06296277046203613,0.013551092147827149,0.01512157917022705,0.017739057540893555,0.040350914001464844,0.05391802787780762,1.584962500721156,0.7291229646158129,0.6755232341008969,0,1.0,0.5,0.5124378109452736,0.5,0.48756218905472637,0.9351205295910704,0.024875621890547265,0.0,1.0,0.0,0.0,0.0,0.0,0,0.0,video,tunnel,ikev2,AES_GCM_16_256,PASS,0
exp_028_video_tunnel_aes_gcm_16_256_1789043525,2,0,74,72496.0,0.6295621395111084,115153.0491593687,117.54201111500336,979.6756756756756,373.82059969947966,106.0,1426.0,1086.0,162.0,590.0,670.0,1306.0,1386.0,1388.8,-0.8060077784816899,-0.2997615017193951,2.9686461920996363,-0.016721560665754785,0.008624138897412445,0.010638447350376971,1.2874603271484375e-05,0.03953409194946289,0.00012345314025878905,0.0011899471282958984,0.00460505485534668,0.009484052658081055,0.026412391662597647,2.4090946053024087,1.2334233079502666,0.0,13,4.923076923076923,0.8378378378378378,0.8970425954535423,0.16216216216216217,0.10295740454645774,4.049501272422795,0.7940851909070845,0.0945945945945946,0.2702702702702703,0.6351351351351351,2.8429025439886275,0.0,0.17567567567567569,2,0.7258064516129032,video,tunnel,ikev2,AES_GCM_16_256,PASS,0
exp_028_video_tunnel_aes_gcm_16_256_1789043525,3,0,162,161804.0,1.377938985824585,117424.64772718032,117.56688914861938,998.7901234567901,362.6107907680992,106.0,1446.0,1090.0,162.0,590.0,820.0,1306.0,1386.0,1397.8,-0.9782411219734698,0.22825613713490256,3.074414668992034,-0.12244980273125941,0.008558627241146491,0.010272621287509297,1.2874603271484375e-05,0.04317212104797363,0.0003490447998046875,0.0013949871063232422,0.00460505485534668,0.010648965835571289,0.024068832397460938,2.328245577744308,1.2001248416669796,0.0,34,4.470588235294118,0.9135802469135802,0.9461818002027144,0.08641975308641975,0.0538181997972856,0.12043382026782769,0.8923636004054288,0.09259259259259259,0.25925925925925924,0.6481481481481481,2.9418397214954233,0.0,0.1728395061728395,2,0.8098591549295775,video,tunnel,ikev2,AES_GCM_16_256,PASS,0
exp_028_video_tunnel_aes_gcm_16_256_1789043525,4,0,150,150376.0,1.485353946685791,101239.16951614649,100.98603119794363,1002.5066666666667,306.04515454785786,110.0,1446.0,1046.0,177.2,709.6,847.0,1239.0,1360.3999999999999,1390.3999999999999,-1.05925607610477,1.2608469318015878,3.0355206723759074,-0.14339767947911627,0.009968818434132826,0.01075699033884007,1.6927719116210938e-05,0.04490184783935547,0.0004979133605957031,0.002093076705932617,0.006451845169067383,0.01297903060913086,0.027068138122558597,2.5286828533706682,1.078955490504448,0.0,35,3.8285714285714287,0.9733333333333334,0.9834548066180774,0.02666666666666667,0.016545193381922646,0.031162408792938228,0.9669096132361547,0.06,0.31333333333333335,0.6266666666666667,3.3930003404950018,0.0,0.11333333333333333,2,0.8428571428571429,video,tunnel,ikev2,AES_GCM_16_256,PASS,0
exp_028_video_tunnel_aes_gcm_16_256_1789043525,5,0,134,137600.0,1.484976053237915,92661.4268963935,90.23714537875529,1026.865671641791,297.10618713433774,42.0,1442.0,1068.0,631.6,735.2,843.0,1279.0,1376.0,1394.0,-0.9813846119048875,1.2664613314252051,2.9711339291504753,-0.012909277411168728,0.011165233482991843,0.010833856398376243,2.193450927734375e-05,0.04546403884887695,0.0006625175476074221,0.002783060073852539,0.008203983306884766,0.0157010555267334,0.028259420394897462,2.6078026158515732,0.9702337332349472,0.0,25,3.8,0.9850746268656716,0.9909593023255814,0.014925373134328358,0.009040697674418605,494.26368472958825,0.9819186046511628,0.04477611940298507,0.3283582089552239,0.6268656716417911,3.5980400621419806,0.007462686567164179,0.1417910447761194,2,0.8125,video,tunnel,ikev2,AES_GCM_16_256,PASS,0
exp_028_video_tunnel_aes_gcm_16_256_1789043525,6,0,129,132734.0,1.4805409908294678,89652.3641170085,87.13031304032198,1028.9457364341085,313.59382978419904,42.0,1442.0,1066.0,345.20000000000016,738.0,834.0,1298.0,1382.8,1394.0,-1.1123370171093523,1.4157775340587913,2.957735343011248,0.00782208616390457,0.011566726490855217,0.010080236803703664,1.6927719116210938e-05,0.04546403884887695,0.0007377624511718752,0.0031595230102539062,0.008364081382751465,0.0181044340133667,0.02544062137603759,2.706372515825994,0.8714103684654476,0.0,23,3.739130434782609,0.9844961240310077,0.9906278722859252,0.015503875968992248,0.009372127714074766,655.4277902211384,0.9812557445718505,0.05426356589147287,0.2868217054263566,0.6589147286821705,3.4592730630027373,0.015503875968992248,0.16279069767441862,2,0.8278688524590164,video,tunnel,ikev2,AES_GCM_16_256,PASS,0
exp_028_video_tunnel_aes_gcm_16_256_1789043525,7,0,136,143160.0,1.4216399192810059,100700.60502549981,95.66416794822558,1052.6470588235295,304.2813019668537,42.0,1450.0,1070.0,590.0,734.0,866.0,1324.0,1386.0,1400.0,-1.1210542036115099,1.4987276068364652,2.948849710097393,0.2664103789499911,0.010530666068748192,0.009706572038371743,3.814697265625e-06,0.036602020263671875,0.0007936954498291016,0.0025490522384643555,0.007775783538818359,0.01685357093811035,0.02454962730407715,2.870653938498671,0.9216558875879246,0.0,24,4.375,0.9705882352941176,0.9826208438111205,0.029411764705882353,0.017379156188879575,0.032930534939265316,0.9652416876222408,0.04411764705882353,0.23529411764705882,0.7205882352941176,3.5339657271107554,0.007352941176470588,0.22058823529411764,2,0.8828125,video,tunnel,ikev2,AES_GCM_16_256,PASS,0
exp_028_video_tunnel_aes_gcm_16_256_1789043525,8,0,168,180108.0,1.477031946182251,121939.13643204063,113.7416157004843,1072.0714285714287,349.27952326775426,106.0,1450.0,1166.0,163.4,721.2,896.0,1358.0,1395.2,1418.0,-1.23782397498684,1.0355744328819414,2.85522183289328,0.010741420441927387,0.008844502671750005,0.010431648992199354,2.1457672119140625e-06,0.0766758918762207,0.0003209114074707032,0.001376509666442871,0.004559040069580078,0.01244044303894043,0.022427892684936526,1.7360322583116914,1.179316696779149,0.05191214182902965,28,5.035714285714286,0.9761904761904762,0.9861860661380949,0.023809523809523808,0.013813933861905079,0.02709532982543487,0.9723721322761898,0.07142857142857142,0.18452380952380953,0.7440476190476191,3.143499390668032,0.0,0.2857142857142857,2,0.864516129032258,video,tunnel,ikev2,AES_GCM_16_256,PASS,0
exp_028_video_tunnel_aes_gcm_16_256_1789043525,9,0,159,166110.0,1.4899451732635498,111487.32381618819,106.71533614336236,1044.7169811320755,314.3156513846421,106.0,1450.0,1094.0,189.2,724.4,842.0,1306.0,1386.0,1402.8,-1.1685466491439593,1.3414464281007925,2.9906360424545397,-0.04251622061012416,0.009430032742174365,0.008467423807925013,2.1457672119140625e-06,0.03901505470275879,0.0005895853042602539,0.002313852310180664,0.007609009742736816,0.014492273330688477,0.02206757068634034,2.688254748511323,0.8978257248604158,0.0,30,3.966666666666667,0.9874213836477987,0.9925109866955631,0.012578616352201259,0.007489013304436819,633.9100816785071,0.9850219733911264,0.05660377358490566,0.2389937106918239,0.7044025157232704,3.3772792019189346,0.0,0.15723270440251572,2,0.8145695364238411,video,tunnel,ikev2,AES_GCM_16_256,PASS,0
exp_028_video_tunnel_aes_gcm_16_256_1789043525,10,0,82,84032.0,0.8629448413848877,97378.18220819555,95.02345464908647,1024.780487804878,248.02886458647254,154.0,1398.0,1078.0,710.0,742.0,840.0,1212.0,1313.2,1346.0,-0.9487226944930409,1.4232098513016629,2.978006885715941,0.37445716326258954,0.01065364001709738,0.007873901976823212,4.0531158447265625e-06,0.03391408920288086,0.0016248226165771484,0.004294157028198242,0.009011030197143555,0.015865087509155273,0.022828102111816406,2.9728159122558924,0.7390115446592331,0.0,16,3.25,0.975609756097561,0.9851961157654227,0.024390243902439025,0.014803884234577304,787.2911541221227,0.9703922315308454,0.024390243902439025,0.3170731707317073,0.6585365853658537,4.037761664448169,0.0,0.04878048780487805,2,0.825,video,tunnel,ikev2,AES_GCM_16_256,PASS,0
exp_028_video_tunnel_aes_gcm_16_256_1789043525,11,0,12,11072.0,0.08770895004272461,126235.69196309645,136.8161401334138,922.6666666666666,339.8346002919002,154.0,1374.0,980.0,393.8,596.4,735.0,1176.0,1332.0,1358.6,-0.6495448023210876,-0.17499303105234798,3.084962500721156,0.31186010107452367,0.007973540912974964,0.0059031128679392685,1.2874603271484375e-05,0.020164012908935547,9.107589721679688e-05,0.0029081106185913086,0.009100914001464844,0.01069653034210205,0.013841867446899414,2.2998963911678914,0.7402448532597806,0.0,2,4.0,0.8333333333333334,0.8876445086705202,0.16666666666666666,0.11235549132947976,702.3940579018409,0.7752890173410405,0.08333333333333333,0.4166666666666667,0.5,3.0936617445477164,0.0,0.08333333333333333,2,1.0,video,tunnel,ikev2,AES_GCM_16_256,PASS,0
exp_029_video_transport_aes_gcm_16_128_1789043567,-1,1,595,621266.0,8.273068904876709,75094.98677495404,71.9201068963981,1044.1445378151261,325.31262163939414,42.0,1454.0,1090.0,110.0,714.0,862.0,1304.0,1404.4,1418.0,-1.2115744383853906,1.5593156242121102,2.997790028062939,0.03367295330292062,0.013927725429085368,0.08952490191527443,9.5367431640625e-07,2.177767038345337,0.0005491495132446292,0.0021518468856811523,0.006429433822631836,0.015346825122833252,0.02519214153289796,0.017939055706859868,6.427357791713832,0.3019895004479281,112,4.276785714285714,0.9764705882352941,0.9866208677120589,0.023529411764705882,0.013379132287941076,0.022453118986806662,0.9732417354241178,0.052100840336134456,0.23529411764705882,0.7126050420168067,3.4420515514724466,0.011764705882352941,0.17478991596638654,29,0.8344709897610921,video,transport,ikev2,AES_GCM_16_128,PASS,0
exp_029_video_transport_aes_gcm_16_128_1789043567,0,0,4,1624.0,0.06733393669128418,24118.59576020027,59.405408276355345,406.0,104.65180361560904,286.0,514.0,412.0,290.8,295.6,310.0,508.0,511.6,512.8,-0.032665979665104164,-1.9508254627003763,1.5,0.5790099088852613,0.022444645563761394,0.01980977775917378,0.007072925567626953,0.050414085388183594,0.007627725601196289,0.008459925651550293,0.009846925735473633,0.030130505561828613,0.042300653457641606,0.9182958340544896,0.8825666298124552,0.7487173313410217,0,1.0,0.5,0.5073891625615764,0.5,0.49261083743842365,0.9539510859975715,0.014778325123152709,0.0,1.0,0.0,0.0,0.0,0.0,0,0.0,video,transport,ikev2,AES_GCM_16_128,PASS,0
exp_029_video_transport_aes_gcm_16_128_1789043567,2,0,83,87678.0,0.7511410713195801,116726.40912308278,110.49855103008588,1056.3614457831325,313.75842822887915,82.0,1434.0,1110.0,626.0,638.8000000000001,840.0,1310.0,1389.2,1418.0,-1.0668684864801115,1.0621554444256898,2.9812186633231987,-0.24424163076425623,0.009160256967311951,0.010384021958537689,1.9073486328125e-06,0.05677008628845215,0.0001554727554321288,0.0015445351600646973,0.005304455757141113,0.013917684555053711,0.02251484394073487,2.127117766345907,1.1334713124616693,0.07557846116538444,16,4.5,0.927710843373494,0.9571614316019982,0.07228915662650602,0.04283856839800178,1.8662108769137227,0.9143228632039965,0.03614457831325301,0.25301204819277107,0.7108433734939759,3.620187597794822,0.0,0.20481927710843373,5,0.8658536585365854,video,transport,ikev2,AES_GCM_16_128,PASS,0
exp_029_video_transport_aes_gcm_16_128_1789043567,3,0,153,163690.0,1.4842190742492676,110286.95348279094,103.08451269391541,1069.8692810457517,310.66327299354975,82.0,1442.0,1110.0,626.0,694.0,882.0,1322.0,1385.2,1418.0,-1.2143460980722363,1.5843780464096424,2.962042234074269,-0.10196794940255818,0.00976459917269255,0.01089782918428903,1.9073486328125e-06,0.05677008628845215,0.00037240982055664073,0.00205308198928833,0.005372524261474609,0.014638721942901611,0.02274775505065918,2.2059720631551167,1.1159406598176305,0.03824912863161189,32,4.3125,0.954248366013072,0.9732298857596676,0.0457516339869281,0.026770114240332335,0.05971109896539899,0.9464597715193354,0.0392156862745098,0.22875816993464052,0.7320261437908496,3.645694214069221,0.0,0.22875816993464052,8,0.8092105263157895,video,transport,ikev2,AES_GCM_16_128,PASS,0
exp_029_video_transport_aes_gcm_16_128_1789043567,4,0,126,134100.0,1.478147029876709,90721.69228739387,85.24185852506807,1064.2857142857142,269.93446756582483,90.0,1442.0,1096.0,687.0,764.0,882.0,1282.0,1370.0,1409.0,-1.0610637928249387,1.8913722595931457,2.9205342612003258,0.036909797841095486,0.011825176239013671,0.011967454210266376,5.0067901611328125e-06,0.04605412483215332,0.0006350040435791016,0.0028498172760009766,0.007097005844116211,0.017853975296020508,0.031036996841430665,2.6828025509953353,1.0119462088503839,0.0,30,3.7666666666666666,0.9841269841269841,0.9906636838180463,0.015873015873015872,0.009336316181953765,0.012379899384491916,0.9813273676360925,0.023809523809523808,0.2619047619047619,0.7142857142857143,4.094985522952422,0.0,0.15079365079365079,5,0.776,video,transport,ikev2,AES_GCM_16_128,PASS,0
exp_029_video_transport_aes_gcm_16_128_1789043567,5,0,138,144472.0,1.4723808765411377,98121.35046156551,93.72574868276234,1046.8985507246377,315.3763863550398,42.0,1450.0,1088.0,547.4000000000003,713.2,876.0,1296.0,1358.0,1418.0,-1.3751024991091516,2.2506247236383903,2.93872286386179,0.16384641091344926,0.010747305668183486,0.010891939505087692,6.198883056640625e-05,0.052258968353271484,0.0005856990814208985,0.002199888229370117,0.007049083709716797,0.016546964645385742,0.026990556716918947,2.4621504895408757,1.0133633933885395,0.035492832857240246,30,3.966666666666667,0.9927536231884058,0.9956669804529598,0.007246376811594203,0.004333019547040257,1.0,0.9913339609059195,0.050724637681159424,0.21739130434782608,0.7318840579710145,3.577432036138321,0.028985507246376812,0.11594202898550725,6,0.835820895522388,video,transport,ikev2,AES_GCM_16_128,PASS,0
exp_029_video_transport_aes_gcm_16_128_1789043567,6,0,158,168344.0,1.4788708686828613,113832.79200700841,106.8382665085024,1065.4683544303798,357.64775951295127,42.0,1454.0,1148.0,88.80000000000001,697.2,935.0,1333.0,1418.0,1430.0,-1.453796938299565,1.8381220965392266,2.87048875682283,0.15447041297910657,0.009419559673139245,0.009955116732989896,9.5367431640625e-07,0.052258968353271484,0.0004909992218017578,0.001806020736694336,0.006069183349609375,0.014544010162353516,0.02306642532348633,2.3054547675050236,1.056743662627055,0.035337073344216534,26,4.653846153846154,0.9936708860759493,0.9962814237513663,0.006329113924050633,0.00371857624863375,1.0,0.9925628475027325,0.0759493670886076,0.13924050632911392,0.7848101265822784,3.1859302848910738,0.0379746835443038,0.22151898734177214,10,0.8496732026143791,video,transport,ikev2,AES_GCM_16_128,PASS,0
exp_029_video_transport_aes_gcm_16_128_1789043567,7,0,131,137426.0,1.471031904220581,93421.49521414662,89.05313312657871,1049.0534351145038,289.328501668109,42.0,1454.0,1038.0,670.0,770.0,888.0,1286.0,1406.0,1422.0,-1.1898349009251663,2.3993063581947096,2.85901486432872,0.09259363674007694,0.011315630032466007,0.011779739818537069,9.5367431640625e-07,0.05569100379943848,0.0006164789199829101,0.0036159157752990723,0.007496476173400879,0.015237867832183838,0.02529830932617188,2.4211108353914654,1.0409229412592316,0.10956238740801189,23,3.869565217391304,0.9847328244274809,0.9908896424257418,0.015267175572519083,0.009110357574258146,0.011519692570745883,0.9817792848514837,0.03816793893129771,0.22900763358778625,0.732824427480916,3.7701665154865593,0.015267175572519083,0.15267175572519084,6,0.8372093023255814,video,transport,ikev2,AES_GCM_16_128,PASS,0
exp_029_video_transport_aes_gcm_16_128_1789043567,8,0,139,145134.0,1.4861550331115723,97657.37541939486,93.52994600366478,1044.1294964028777,286.8792349768408,82.0,1446.0,1054.0,705.2,761.2,868.0,1280.0,1398.0,1418.0,-1.0764060737957726,1.9865601319277673,2.936131943604585,-0.13045574410161645,0.010769239370373712,0.01134695657450533,8.106231689453125e-06,0.05569100379943848,0.0006817340850830079,0.002720654010772705,0.007019996643066406,0.015435993671417236,0.02530529499053955,2.3842474232231305,1.0535472967962092,0.10844747942771393,26,4.038461538461538,0.9856115107913669,0.9913734893271046,0.014388489208633094,0.008626510672895393,0.011165935142130464,0.9827469786542092,0.03597122302158273,0.2589928057553957,0.7050359712230215,3.783316921823449,0.0,0.14388489208633093,7,0.8478260869565217,video,transport,ikev2,AES_GCM_16_128,PASS,0
exp_029_video_transport_aes_gcm_16_128_1789043567,9,0,165,170502.0,1.4838850498199463,114902.4313040209,111.19459692650788,1033.3454545454545,358.63398501342783,74.0,1446.0,1082.0,99.60000000000001,723.6,834.0,1314.0,1418.0,1418.0,-1.1890479514663614,1.0781151462704477,2.878605000652765,-0.03371523538620041,0.009048079572072843,0.009520582329707719,2.1457672119140625e-06,0.04531097412109375,0.0006203174591064454,0.0017858147621154785,0.005692124366760254,0.014523446559906006,0.020952439308166506,2.414362893280766,1.052105051555743,0.0,26,4.923076923076923,0.9939393939393939,0.9963284888153805,0.006060606060606061,0.003671511184619535,1.0,0.9926569776307609,0.07878787878787878,0.23030303030303031,0.6909090909090909,3.144018616452959,0.006060606060606061,0.19393939393939394,15,0.8658536585365854,video,transport,ikev2,AES_GCM_16_128,PASS,0
exp_029_video_transport_aes_gcm_16_128_1789043567,10,0,85,84386.0,0.7727329730987549,109204.60616764119,109.9991885413398,992.7764705882353,374.6986358150519,74.0,1418.0,1034.0,94.8,653.2,798.0,1310.0,1410.0000000000002,1418.0,-1.0260121749202467,0.5177490668482401,2.8682130030785813,0.06673589958276746,0.009199202060699463,0.009805160470655059,2.1457672119140625e-06,0.04531097412109375,0.0006713390350341798,0.0018972158432006836,0.005661964416503906,0.015193164348602295,0.02034220695495606,2.37717427532696,1.0657549047253865,0.0,14,4.714285714285714,0.9882352941176471,0.9925817078662338,0.011764705882352941,0.0074182921337662645,1.0,0.9851634157324675,0.09411764705882353,0.2823529411764706,0.6235294117647059,3.017922091218008,0.011764705882352941,0.15294117647058825,10,0.8452380952380952,video,transport,ikev2,AES_GCM_16_128,PASS,0
exp_029_video_transport_aes_gcm_16_128_1789043567,11,0,3,2134.0,0.007534027099609375,283248.2511392405,398.193417721519,711.3333333333334,77.72315542287825,626.0,814.0,694.0,632.8,639.6,660.0,754.0,790.0,802.0,0.323429023595436,-1.5000000000000013,1.584962500721156,0.0,0.0037670135498046875,0.0036630630493164062,0.00010395050048828125,0.007430076599121094,0.0008365631103515625,0.0019354820251464844,0.0037670135498046875,0.005598545074462891,0.006697463989257813,1.0,0.9721469949348454,0.0,1,2.0,0.6666666666666666,0.7066541705716963,0.3333333333333333,0.2933458294283037,1.0,0.4133083411433927,0.0,1.0,0.0,0.0,0.0,0.0,2,1.0,video,transport,ikev2,AES_GCM_16_128,PASS,0
exp_030_video_tunnel_aes_cbc_256_1789043609,-1,1,860,839576.0,10.38230586051941,80866.0437555244,82.83323681209443,976.2511627906977,382.1300304517646,42.0,1386.0,1082.0,130.0,210.0,806.0,1322.0,1338.0,1354.0,-1.0678523461806402,0.09663161390751007,2.9547298849025188,0.013056908809813939,0.012086502747985343,0.07600247285605949,9.5367431640625e-07,2.209968090057373,0.0004406452178955078,0.0015730857849121094,0.00512385368347168,0.012285947799682617,0.024933290481567384,0.01302487693053558,6.2876902235846055,0.3012361003043479,161,4.6397515527950315,0.9651162790697675,0.9781032330604972,0.03488372093023256,0.021896766939502797,0.03501411977091892,0.9562064661209944,0.1313953488372093,0.19767441860465115,0.6709302325581395,2.7160012745394284,0.004651162790697674,0.0755813953488372,111,0.9151732377538829,video,tunnel,ikev2,AES_CBC_256,PASS,0
exp_030_video_tunnel_aes_cbc_256_1789043609,0,0,4,1624.0,0.13233280181884766,12272.08959289714,30.226821657382118,406.0,104.65180361560904,286.0,514.0,412.0,290.8,295.6,310.0,508.0,511.6,512.8,-0.032665979665104164,-1.9508254627003763,1.5,0.5790099088852613,0.04411093393961588,0.04483093023967096,0.009720802307128906,0.10743308067321777,0.01081242561340332,0.012449860572814941,0.015178918838500977,0.061305999755859375,0.08898224830627442,0.9182958340544896,1.0162993601921715,0.8118401424031247,0,1.0,0.5,0.5073891625615764,0.5,0.49261083743842365,0.9554768535708947,0.014778325123152709,0.0,1.0,0.0,0.0,0.0,0.0,0,0.0,video,tunnel,ikev2,AES_CBC_256,PASS,0
exp_030_video_tunnel_aes_cbc_256_1789043609,2,0,98,87012.0,0.6536200046539307,133123.2204957831,149.93421147182855,887.8775510204082,434.2177405757821,114.0,1386.0,1010.0,114.0,146.0,609.0,1322.0,1322.0,1356.3999999999999,-0.6212029553524924,-0.9739257605221474,2.8439329580838946,0.015994532792755704,0.006738350563442584,0.00820246534514669,2.1457672119140625e-06,0.03700995445251465,7.01427459716798e-05,0.0008070468902587891,0.0036919116973876953,0.008352994918823242,0.019111967086792005,2.279626549151273,1.2171002632866037,0.0,16,5.4375,0.8775510204081632,0.9133912563784305,0.12244897959183673,0.08660874362156944,2.994500897565905,0.8267825127568611,0.19387755102040816,0.24489795918367346,0.5612244897959183,2.468754517914936,0.0,0.07142857142857142,21,0.9010989010989011,video,tunnel,ikev2,AES_CBC_256,PASS,0
exp_030_video_tunnel_aes_cbc_256_1789043609,3,0,197,180726.0,1.4050018787384033,128630.43298011796,140.2133356411542,917.3908629441624,427.7753033665236,114.0,1386.0,1050.0,114.0,162.0,666.0,1322.0,1322.0,1354.0,-0.763938821735817,-0.7730558577710829,2.901208279779338,-0.06923620749605633,0.007168376932338793,0.010210235397842184,2.1457672119140625e-06,0.07570099830627441,0.00017654895782470703,0.0008696317672729492,0.003392934799194336,0.009234428405761719,0.020083308219909668,1.4763822060505023,1.4241454305167078,0.09701332342327895,31,5.741935483870968,0.9289340101522843,0.951351770082888,0.07106598984771574,0.048648229917112096,0.09799394547247743,0.9027035401657758,0.18781725888324874,0.20304568527918782,0.6091370558375635,2.469107941529195,0.0,0.06598984771573604,39,0.9365079365079365,video,tunnel,ikev2,AES_CBC_256,PASS,0
exp_030_video_tunnel_aes_cbc_256_1789043609,4,0,158,154732.0,1.4886040687561035,103944.36186735405,106.13970720369373,979.3164556962025,381.223730592922,114.0,1386.0,1058.0,159.60000000000002,205.20000000000002,798.0,1322.0,1338.0,1354.0,-1.0664029413757614,0.10792844814507241,2.8870266378764233,-0.08396923226814394,0.009481554578064353,0.013064914125138589,1.9073486328125e-06,0.07570099830627441,0.0003003120422363282,0.0013279914855957031,0.004828929901123047,0.011188030242919922,0.02717561721801759,1.812300529766574,1.377784226558651,0.1638560279887207,24,5.333333333333333,0.9746835443037974,0.9837654783755138,0.02531645569620253,0.016234521624486208,0.029847680521530865,0.9675309567510276,0.13291139240506328,0.20253164556962025,0.6645569620253164,2.7258583191741512,0.0,0.0759493670886076,23,0.9354838709677419,video,tunnel,ikev2,AES_CBC_256,PASS,0
exp_030_video_tunnel_aes_cbc_256_1789043609,5,0,139,139098.0,1.4789719581604004,94050.46473836813,93.98420249488252,1000.705035971223,374.4936044297841,42.0,1386.0,1098.0,144.4,210.0,826.0,1322.0,1338.0,1354.0,-1.238723058397529,0.5517505277629335,2.8561635587850525,0.15671215500613536,0.010717188102611597,0.012885313110488558,1.9073486328125e-06,0.05800604820251465,0.0005219697952270508,0.001890718936920166,0.0065975189208984375,0.01228266954421997,0.02984392642974853,2.303076817090946,1.2021913580103076,0.14834220985166183,25,4.28,0.9856115107913669,0.9909703949733282,0.014388489208633094,0.009029605026671843,908.7124940804157,0.9819407899466563,0.1223021582733813,0.17985611510791366,0.697841726618705,2.8130065806951223,0.014388489208633094,0.07913669064748201,17,0.9037037037037037,video,tunnel,ikev2,AES_CBC_256,PASS,0
exp_030_video_tunnel_aes_cbc_256_1789043609,6,0,152,146284.0,1.4842510223388672,98557.45274777524,102.40855334596974,962.3947368421053,395.55630642330374,42.0,1386.0,1074.0,130.0,195.60000000000002,774.0,1322.0,1336.4,1354.0,-1.0432516021867884,-0.06270220365806445,2.8766899843645692,-0.005197186050673883,0.00982947696913157,0.011861557013452545,2.1457672119140625e-06,0.05800604820251465,0.0005190372467041016,0.0020380020141601562,0.0053179264068603516,0.012926936149597168,0.029597997665405273,2.168767387146724,1.206610528736166,0.07531146592990008,32,4.3125,0.9868421052631579,0.9914139618823659,0.013157894736842105,0.008586038117634191,520.9996966080193,0.9828279237647316,0.1513157894736842,0.17763157894736842,0.6710526315789473,2.6276394181673752,0.013157894736842105,0.07894736842105263,23,0.8986486486486487,video,tunnel,ikev2,AES_CBC_256,PASS,0
exp_030_video_tunnel_aes_cbc_256_1789043609,7,0,138,139396.0,1.464040994644165,95213.18085350485,94.25965564136466,1010.1159420289855,333.279163840465,114.0,1386.0,1090.0,191.60000000000002,666.0,814.0,1318.0,1354.0,1372.4,-1.0938475602507112,0.7264621347494096,2.951798221897233,-0.129167989967429,0.010686430617840621,0.012830255944069653,2.1457672119140625e-06,0.06801795959472656,0.0007348060607910157,0.002279043197631836,0.005713939666748047,0.01339101791381836,0.028997898101806648,2.0534673712296994,1.2004995777611875,0.12430949708279261,31,4.096774193548387,0.9710144927536232,0.9819793968263077,0.028985507246376812,0.018020603173692216,0.033084055198627754,0.9639587936526156,0.07971014492753623,0.2536231884057971,0.6666666666666666,3.0988750420041886,0.0,0.11594202898550725,13,0.9037037037037037,video,tunnel,ikev2,AES_CBC_256,PASS,0
exp_030_video_tunnel_aes_cbc_256_1789043609,8,0,164,166840.0,1.492093801498413,111816.02646727263,109.91266087648474,1017.3170731707318,367.25178702677607,114.0,1386.0,1122.0,166.8,242.0,858.0,1322.0,1349.2000000000003,1370.0,-1.2174015602340533,0.526977499265409,2.8873143013197526,0.10668382988679115,0.009153949702444252,0.011504613980386331,1.9073486328125e-06,0.06801795959472656,0.000697469711303711,0.00182342529296875,0.004835844039916992,0.011822938919067383,0.021736192703247073,1.8913856458091618,1.2566550723173007,0.15743457283493348,33,4.484848484848484,0.975609756097561,0.9849436585950612,0.024390243902439025,0.015056341404938863,0.02827247777954805,0.9698873171901222,0.11585365853658537,0.18292682926829268,0.7012195121951219,2.8313161652982717,0.0,0.10365853658536585,21,0.937888198757764,video,tunnel,ikev2,AES_CBC_256,PASS,0
exp_030_video_tunnel_aes_cbc_256_1789043609,9,0,155,156122.0,1.4954850673675537,104395.55927817835,103.64530103456043,1007.2387096774194,363.8502542720273,114.0,1386.0,1114.0,141.2,226.0,874.0,1322.0,1331.6,1358.7999999999997,-1.306258627553776,0.7562299080683812,2.9071258497546526,0.13305144040909989,0.009710941995893205,0.00996030264445919,1.9073486328125e-06,0.0542910099029541,0.0007171869277954101,0.0021619796752929688,0.006982564926147461,0.014566183090209961,0.021621513366699225,2.2634469327080704,1.0255727071548622,0.07168507580447345,27,4.444444444444445,0.9870967741935484,0.9919550095438183,0.012903225806451613,0.008044990456181704,614.1379538423532,0.9839100190876366,0.12258064516129032,0.16129032258064516,0.7161290322580646,2.8162940680283755,0.0,0.06451612903225806,21,0.934640522875817,video,tunnel,ikev2,AES_CBC_256,PASS,0
exp_030_video_tunnel_aes_cbc_256_1789043609,10,0,153,149046.0,1.477508783340454,100876.55767637907,103.55268389950753,974.156862745098,379.202019341288,42.0,1370.0,1082.0,130.0,210.0,858.0,1322.0,1322.0,1338.0,-1.161791986803865,0.32851169939694014,2.8986398460338645,-0.07112724869577952,0.009720452521976671,0.01036574607603426,9.5367431640625e-07,0.0542910099029541,0.0005379915237426758,0.0018756985664367676,0.007058620452880859,0.014222860336303711,0.022592425346374515,2.2235828088671665,1.0662754411031763,0.07326321367615704,26,4.576923076923077,0.9869281045751634,0.9915730714007756,0.013071895424836602,0.008426928599224401,894.3557197008531,0.9831461428015512,0.13725490196078433,0.16993464052287582,0.6928104575163399,2.7045586379660036,0.013071895424836602,0.0457516339869281,21,0.9194630872483222,video,tunnel,ikev2,AES_CBC_256,PASS,0
exp_030_video_tunnel_aes_cbc_256_1789043609,11,0,179,173446.0,1.4846878051757812,116823.21320034326,120.56406698835052,968.9720670391062,400.95508086739716,42.0,1370.0,1066.0,130.0,206.8,810.0,1322.0,1338.0,1354.0,-1.02749283570414,-0.14102806418824,2.825836861838826,-0.0734676363321074,0.008340942725706636,0.011383721971051785,9.5367431640625e-07,0.059227943420410156,0.00038704872131347653,0.001434028148651123,0.0034580230712890625,0.00986778736114502,0.022043681144714364,1.8867445030988972,1.3646367932941526,0.11128812930046608,35,4.828571428571428,0.9776536312849162,0.9855171061886697,0.0223463687150838,0.014482893811330328,0.02552129683684193,0.9710342123773393,0.1564245810055866,0.16201117318435754,0.6815642458100558,2.581330631918369,0.0111731843575419,0.0670391061452514,28,0.9022988505747126,video,tunnel,ikev2,AES_CBC_256,PASS,0
exp_030_video_tunnel_aes_cbc_256_1789043609,12,0,131,134038.0,1.3518400192260742,99152.26513026038,96.90495778856824,1023.1908396946565,321.3918944835929,114.0,1386.0,1082.0,218.0,666.0,850.0,1314.0,1338.0,1362.0,-1.2612309408177236,1.2500172378634788,2.9198960074969276,-0.036777944240338145,0.010398769378662109,0.012891835034990319,1.9073486328125e-06,0.059227943420410156,0.0005172252655029297,0.0015909671783447266,0.0051114559173583984,0.014196634292602539,0.02993242740631104,2.233351160206722,1.2396270114836725,0.08231158646835607,31,4.0,0.9694656488549618,0.9812590459421955,0.030534351145038167,0.018740954057804505,0.03155690296657,0.962518091884391,0.07633587786259542,0.20610687022900764,0.7175572519083969,3.1509750501264535,0.0,0.07633587786259542,12,0.8828125,video,tunnel,ikev2,AES_CBC_256,PASS,0
exp_030_video_tunnel_aes_cbc_256_1789043609,13,0,48,49164.0,0.6119229793548584,80343.44461427629,78.44124443668665,1024.25,244.692877229123,114.0,1386.0,1034.0,688.4,741.2,854.0,1198.0,1326.8000000000002,1348.4,-0.9936642618279597,2.0568961980493468,2.890088068405363,-0.09059275965694165,0.013019637858614009,0.013199249310383299,7.152557373046875e-06,0.048071861267089844,0.0006703376770019532,0.0017840862274169922,0.007415056228637695,0.02158045768737793,0.033099365234375,2.7212352803808755,1.0137175654302626,0.0,13,3.4615384615384617,0.9583333333333334,0.9744528516800911,0.041666666666666664,0.025547148319908876,902.3330822839841,0.9489057033601822,0.020833333333333332,0.25,0.7291666666666666,4.185771736264303,0.0,0.0625,3,0.8695652173913043,video,tunnel,ikev2,AES_CBC_256,PASS,0
exp_031_web_tunnel_aes_gcm_16_256_1789043654,-1,1,56,8052.0,7.0025999546051025,1149.8586313937274,7.997029726533622,143.78571428571428,51.65397035137981,42.0,226.0,146.0,42.0,54.0,118.0,183.0,206.0,216.0,-0.5589269889236388,-0.4793076825464153,3.0835063805214444,0.27844608265290893,0.12731999917463824,0.24121353634120166,6.9141387939453125e-06,0.9816508293151855,7.438659667968751e-06,1.2993812561035156e-05,6.604194641113281e-05,0.14776146411895752,0.5095863342285157,1.6425958717490603,1.8945306579815964,0.9962365981475694,18,4.0,0.39285714285714285,0.3879781420765027,0.6071428571428571,0.6120218579234973,1.7556259003441177,-0.22404371584699453,1.0,0.0,0.0,0.0,0.16071428571428573,0.0,2,0.5,web,tunnel,ikev2,AES_GCM_16_256,PASS,0
exp_031_web_tunnel_aes_gcm_16_256_1789043654,0,0,12,1976.0,1.2599718570709229,1568.2889970206472,9.524022249113242,164.66666666666666,45.98792111945145,54.0,226.0,170.0,89.2,120.0,142.5,200.0,213.2,219.39999999999998,-0.8707791400594972,0.3520479310406843,3.084962500721156,0.2035403783080155,0.11454289609735663,0.26576176797318773,7.867813110351562e-06,0.8837900161743164,1.0013580322265625e-05,1.4424324035644531e-05,7.891654968261719e-05,0.0007355213165283203,0.3743751049041748,0.8658566174572235,2.32017398593901,0.9985660505174839,3,4.666666666666667,0.3333333333333333,0.354251012145749,0.6666666666666666,0.645748987854251,2.33345769851185,-0.291497975708502,1.0,0.0,0.0,0.0,0.08333333333333333,0.0,2,0.5714285714285714,web,tunnel,ikev2,AES_GCM_16_256,PASS,0
exp_031_web_tunnel_aes_gcm_16_256_1789043654,1,0,14,1784.0,0.7373390197753906,2419.511177563131,18.987195339620982,127.42857142857143,49.8307338980305,42.0,206.0,141.0,42.0,45.6,110.5,167.0,176.8,187.79999999999998,-0.4720250535547772,-0.79732895046532,2.4137995646056805,0.3607349276752771,0.05671838613656851,0.11260767350030113,7.867813110351562e-06,0.3396570682525635,9.107589721679688e-06,1.5974044799804688e-05,7.510185241699219e-05,0.005574941635131836,0.24704146385192882,1.1451104143815827,1.9853471832217158,0.9918344422082995,5,3.6,0.42857142857142855,0.38789237668161436,0.5714285714285714,0.6121076233183856,1.3998558700082735,-0.2242152466367713,1.0,0.0,0.0,0.0,0.21428571428571427,0.0,2,0.5714285714285714,web,tunnel,ikev2,AES_GCM_16_256,PASS,0
exp_031_web_tunnel_aes_gcm_16_256_1789043654,2,0,14,1829.0,1.053680181503296,1735.8208231557965,13.286764091952515,130.64285714285714,53.360776315375986,42.0,222.0,142.0,42.0,45.6,110.5,169.75,188.00000000000003,203.79999999999998,-0.30782093298479357,-0.7820342016014648,2.8423709931771084,0.3636576999486334,0.08105232165409969,0.17523678632650988,7.867813110351562e-06,0.5974969863891602,1.1777877807617189e-05,1.5974044799804688e-05,8.893013000488281e-05,0.005574941635131836,0.2938214778900148,1.1451104143815827,2.1619938918030313,0.9942610570760422,5,3.6,0.42857142857142855,0.3870967741935484,0.5714285714285714,0.6129032258064516,1.400018578017647,-0.22580645161290322,1.0,0.0,0.0,0.0,0.21428571428571427,0.0,2,0.5714285714285714,web,tunnel,ikev2,AES_GCM_16_256,PASS,0
exp_031_web_tunnel_aes_gcm_16_256_1789043654,3,0,9,1469.0,0.6100399494171143,2408.0390167949026,14.75313216552357,163.22222222222223,51.85830647656443,54.0,226.0,162.0,79.6,105.2,138.0,198.0,222.8,224.4,-0.7091072557045528,-0.284859163457198,2.725480556997868,0.2532497219525912,0.07625499367713928,0.14317200535707936,6.9141387939453125e-06,0.41574692726135254,8.416175842285156e-06,1.0669231414794922e-05,5.900859832763672e-05,0.04858142137527466,0.2605653047561645,1.061278124459133,1.8775180605901771,0.9996162103073718,3,3.6666666666666665,0.3333333333333333,0.36078965282505104,0.6666666666666666,0.639210347174949,2.5000694087308832,-0.2784206943498979,1.0,0.0,0.0,0.0,0.1111111111111111,0.0,2,0.6,web,tunnel,ikev2,AES_GCM_16_256,PASS,0
exp_031_web_tunnel_aes_gcm_16_256_1789043654,4,0,12,1950.0,1.2009389400482178,1623.7295127774835,9.992181617092205,162.5,45.34405510464777,54.0,226.0,170.0,89.2,120.0,141.0,200.0,206.0,215.0,-0.824297942070829,0.3172892706408925,2.8553885422075336,0.14932270912680673,0.1091762672771107,0.19500341393028925,6.9141387939453125e-06,0.5539150238037109,6.9141387939453125e-06,8.940696716308594e-06,6.008148193359375e-05,0.09706401824951172,0.4526841640472412,1.2776134368191154,1.7861173740073288,0.9997661354155355,4,3.75,0.3333333333333333,0.3548717948717949,0.6666666666666666,0.6451282051282051,2.3332984228387614,-0.29025641025641025,1.0,0.0,0.0,0.0,0.08333333333333333,0.0,2,0.5714285714285714,web,tunnel,ikev2,AES_GCM_16_256,PASS,0
exp_031_web_tunnel_aes_gcm_16_256_1789043654,5,0,15,2299.0,1.2716691493988037,1807.860166370222,11.795520876708713,153.26666666666668,38.637575263235945,54.0,206.0,154.0,98.80000000000001,118.4,133.0,180.0,199.6,206.0,-0.7936543785909218,0.5666672141256006,2.923231428797621,0.18848505006660266,0.09083351067134313,0.1754262378903138,6.9141387939453125e-06,0.5475211143493652,6.985664367675781e-06,8.285045623779297e-06,6.151199340820312e-05,0.0645684003829956,0.37239205837249784,1.4345491399952024,1.9312729995875682,0.9997232725014047,5,3.8,0.3333333333333333,0.352327098738582,0.6666666666666666,0.647672901261418,2.2499857627362863,-0.29534580252283604,1.0,0.0,0.0,0.0,0.06666666666666667,0.0,2,0.5555555555555556,web,tunnel,ikev2,AES_GCM_16_256,PASS,0
exp_031_web_tunnel_aes_gcm_16_256_1789043654,6,0,9,1245.0,0.2713170051574707,4588.72822688504,33.1715293509762,138.33333333333334,38.568841770988605,54.0,190.0,138.0,79.6,105.2,119.0,162.0,183.6,186.8,-0.7325114010638138,0.11517187954840846,2.725480556997868,0.07694992674984727,0.03391462564468384,0.06368608165248571,6.9141387939453125e-06,0.1850438117980957,7.081031799316406e-06,7.867813110351562e-06,5.996227264404297e-05,0.021564245223999023,0.11576085090637206,1.061278124459133,1.8777799448458146,0.9992442789278603,3,3.6666666666666665,0.3333333333333333,0.3646586345381526,0.6666666666666666,0.6353413654618474,2.499905577267723,-0.27068273092369477,1.0,0.0,0.0,0.0,0.1111111111111111,0.0,2,0.6,web,tunnel,ikev2,AES_GCM_16_256,PASS,0
exp_031_web_tunnel_aes_gcm_16_256_1789043654,7,0,6,778.0,0.25600504875183105,3039.0025657430924,23.437037782080402,129.66666666666666,40.700805342837576,54.0,186.0,131.0,70.0,86.0,119.5,153.0,172.0,179.0,-0.5757183326584869,-0.35680881480273907,2.584962500721156,0.4656670263752005,0.05120100975036621,0.10233204673072256,6.9141387939453125e-06,0.25586509704589844,6.9141387939453125e-06,6.9141387939453125e-06,6.198883056640625e-05,6.413459777832031e-05,0.1535447120666504,0.7219280948873623,1.9985943370121453,0.9994533244300651,2,3.5,0.3333333333333333,0.38046272493573263,0.6666666666666666,0.6195372750642674,2.9999089444465867,-0.2390745501285347,1.0,0.0,0.0,0.0,0.16666666666666666,0.0,2,0.6666666666666666,web,tunnel,ikev2,AES_GCM_16_256,PASS,0
exp_031_web_tunnel_aes_gcm_16_256_1789043654,8,0,9,1052.0,0.9905910491943359,1061.9922326732196,9.085484880284199,116.88888888888889,55.257869111696955,42.0,190.0,124.0,42.0,42.0,54.0,158.0,186.8,188.4,-0.19004146937471506,-1.4150841157558123,2.197159723424149,-0.02765201038121587,0.12382388114929199,0.23895650728519413,6.9141387939453125e-06,0.7167119979858398,6.9141387939453125e-06,4.374980926513672e-05,6.306171417236328e-05,0.07732975482940674,0.39411916732788077,1.061278124459133,1.9297939563300799,0.9818149435357318,3,3.3333333333333335,0.5555555555555556,0.5418250950570342,0.4444444444444444,0.45817490494296575,2.902758166183917,0.08365019011406843,1.0,0.0,0.0,0.0,0.3333333333333333,0.0,2,0.5,web,tunnel,ikev2,AES_GCM_16_256,PASS,0
exp_031_web_tunnel_aes_gcm_16_256_1789043654,9,0,3,274.0,0.01787400245666504,15329.526817751337,167.84153450092705,91.33333333333333,69.76786907707269,42.0,190.0,42.0,42.0,42.0,42.0,116.0,160.4,175.2,0.7071067811865478,-1.4999999999999998,0.9182958340544896,0.0,0.00893700122833252,0.008880972862243652,5.602836608886719e-05,0.017817974090576172,0.0018322229385375978,0.004496514797210693,0.00893700122833252,0.013377487659454346,0.016041779518127443,1.0,0.9936195616187552,0.0,1,3.0,1.0,1.0,0.0,0.0,1.0,1.0,1.0,0.0,0.0,0.0,0.6666666666666666,0.0,1,0.0,web,tunnel,ikev2,AES_GCM_16_256,PASS,0
exp_032_web_transport_aes_gcm_16_128_1789043698,-1,1,20,2992.0,9.737693071365356,307.2596330642491,2.05387455256851,149.6,138.52884176228426,42.0,514.0,100.0,42.0,42.0,90.0,110.0,336.8000000000003,506.4,1.774475360855627,1.825841388748299,1.6709505944546688,0.9047191282721809,0.5125101616508082,0.7730562957592203,1.0013580322265625e-05,2.197598934173584,4.8160552978515625e-05,0.0001264810562133789,0.008421182632446289,0.8137260675430298,1.8160473823547363,1.7732143550933814,1.508369677782609,0.9966970714209551,7,3.2857142857142856,0.6,0.5521390374331551,0.4,0.44786096256684493,0.6372130972221302,0.10427807486631016,0.8,0.2,0.0,0.0,0.2,0.0,2,0.5454545454545454,web,transport,ikev2,AES_GCM_16_128,PASS,0
exp_032_web_transport_aes_gcm_16_128_1789043698,0,0,4,1624.0,0.030868053436279297,52611.02723410829,129.583810921449,406.0,104.65180361560904,286.0,514.0,412.0,290.8,295.6,310.0,508.0,511.6,512.8,-0.032665979665104164,-1.9508254627003763,1.5,0.5790099088852613,0.010289351145426432,0.0021154049041318284,0.008421182632446289,0.013247013092041016,0.008576917648315429,0.00881052017211914,0.009199857711791992,0.011223435401916504,0.012437582015991211,1.584962500721156,0.20557169276696888,0.0,0,1.0,0.5,0.5073891625615764,0.5,0.49261083743842365,1.273795222649814,0.014778325123152709,0.0,1.0,0.0,0.0,0.0,0.0,0,0.0,web,transport,ikev2,AES_GCM_16_128,PASS,0
exp_032_web_transport_aes_gcm_16_128_1789043698,5,0,6,368.0,1.0423738956451416,353.04030687783006,5.75609195996462,61.333333333333336,27.944389220179584,42.0,110.0,42.0,42.0,42.0,42.0,78.0,100.0,105.0,0.8395132519949936,-1.129488388425323,1.2516291673878228,0.7695095939010378,0.20847477912902831,0.41682415304097203,1.0013580322265625e-05,1.0421230792999268,1.1157989501953124e-05,1.2874603271484375e-05,8.392333984375e-05,0.00014400482177734375,0.625331449508667,0.7219280948873623,1.9993888728099884,0.9997593796753135,2,3.5,0.8333333333333334,0.7554347826086957,0.16666666666666666,0.24456521739130435,1.0,0.5108695652173914,1.0,0.0,0.0,0.0,0.6666666666666666,0.0,2,1.0,web,transport,ikev2,AES_GCM_16_128,PASS,0
exp_032_web_transport_aes_gcm_16_128_1789043698,6,0,6,368.0,0.4443528652191162,828.17064725921,13.50278229226973,61.333333333333336,27.94438922017958,42.0,110.0,42.0,42.0,42.0,42.0,78.0,100.0,105.0,0.839513251994994,-1.1294883884253213,1.2516291673878228,0.42597852519521745,0.08887057304382324,0.17763326592631687,1.0013580322265625e-05,0.4441370964050293,1.1157989501953124e-05,1.2874603271484375e-05,8.392333984375e-05,0.00010895729064941406,0.2665258407592774,0.7219280948873623,1.998763607331723,0.9995144201129872,2,3.5,0.8333333333333334,0.7554347826086957,0.16666666666666666,0.24456521739130435,1.0,0.5108695652173914,1.0,0.0,0.0,0.0,0.6666666666666666,0.0,2,1.0,web,transport,ikev2,AES_GCM_16_128,PASS,0
exp_032_web_transport_aes_gcm_16_128_1789043698,9,0,4,400.0,0.5859479904174805,682.6544446632629,6.826544446632629,100.0,10.0,90.0,110.0,100.0,90.0,90.0,90.0,110.0,110.0,110.0,0.0,-2.0,1.0,-0.9999999999999999,0.1953159968058268,0.27578090654759174,0.00015783309936523438,0.5853290557861328,0.00021848678588867187,0.0003094673156738281,0.0004611015319824219,0.2928950786590576,0.4683554649353028,0.9182958340544896,1.4119657329247062,0.9989437038073863,2,2.5,0.5,0.55,0.5,0.45,1.0005162676092114,0.1,1.0,0.0,0.0,0.0,0.0,0.0,2,0.6666666666666666,web,transport,ikev2,AES_GCM_16_128,PASS,0
exp_033_web_tunnel_aes_cbc_256_1789043742,-1,1,26,3676.0,8.8937509059906,413.3239213529065,2.9234009671315477,141.3846153846154,125.8115431059417,42.0,514.0,122.0,42.0,42.0,54.0,138.0,302.0,459.0,1.9461960342578972,3.0027668408537425,1.6912539120823422,0.8382516315206526,0.35575003623962403,0.6460988680308529,1.3828277587890625e-05,2.216157913208008,1.5783309936523438e-05,7.104873657226562e-05,0.00018715858459472656,0.4621129035949707,1.2975069999694826,1.4815101887362598,1.8161545637653707,0.9897252225318033,7,3.857142857142857,0.46153846153846156,0.49510337323177367,0.5384615384615384,0.5048966267682263,1.1833348677540563,-0.009793253536452665,0.8461538461538461,0.15384615384615385,0.0,0.0,0.38461538461538464,0.0,2,0.5454545454545454,web,tunnel,ikev2,AES_CBC_256,PASS,0
exp_033_web_tunnel_aes_cbc_256_1789043742,0,0,4,1624.0,0.06374311447143555,25477.261559407238,62.75187576208679,406.0,104.65180361560904,286.0,514.0,412.0,290.8,295.6,310.0,508.0,511.6,512.8,-0.032665979665104164,-1.9508254627003763,1.5,0.5790099088852613,0.021247704823811848,0.012555146178588281,0.011612892150878906,0.03898119926452637,0.01192011833190918,0.01238095760345459,0.013149023056030273,0.02606511116027832,0.03381476402282715,0.9182958340544896,0.5908664213980073,0.0,0,1.0,0.5,0.5073891625615764,0.5,0.49261083743842365,0.9705141978889446,0.014778325123152709,0.0,1.0,0.0,0.0,0.0,0.0,0,0.0,web,tunnel,ikev2,AES_CBC_256,PASS,0
exp_033_web_tunnel_aes_cbc_256_1789043742,2,0,3,314.0,0.001,314000.0,3000.0,104.66666666666667,36.41733408999377,54.0,138.0,122.0,60.8,67.6,88.0,130.0,134.8,136.4,-0.6061201421137351,-1.5000000000000002,1.584962500721156,0.0,8.702278137207031e-05,7.200241088867188e-05,1.5020370483398438e-05,0.0001590251922607422,2.9420852661132814e-05,5.1021575927734375e-05,8.702278137207031e-05,0.00012302398681640625,0.00014462471008300782,1.0,0.8179974520950356,0.0,1,3.0,0.3333333333333333,0.4394904458598726,0.6666666666666666,0.5605095541401274,1.0,-0.12101910828025478,1.0,0.0,0.0,0.0,0.3333333333333333,0.0,2,1.0,web,tunnel,ikev2,AES_CBC_256,PASS,0
exp_033_web_tunnel_aes_cbc_256_1789043742,3,0,6,628.0,1.25742506980896,499.43333807986807,4.771656096304472,104.66666666666667,36.41733408999377,54.0,138.0,122.0,54.0,54.0,71.0,134.0,138.0,138.0,-0.6061201421137351,-1.5000000000000002,1.584962500721156,-0.34344103065818143,0.251485013961792,0.5027819205046435,1.5020370483398438e-05,1.2570488452911377,1.6260147094726563e-05,1.811981201171875e-05,0.0001590251922607422,0.00018405914306640625,0.7543029308319092,0.7219280948873623,1.999244063652107,0.9997007976643257,2,3.5,0.3333333333333333,0.4394904458598726,0.6666666666666666,0.5605095541401274,2.9998898713930444,-0.12101910828025478,1.0,0.0,0.0,0.0,0.3333333333333333,0.0,2,0.6666666666666666,web,tunnel,ikev2,AES_CBC_256,PASS,0
exp_033_web_tunnel_aes_cbc_256_1789043742,4,0,6,628.0,0.7809011936187744,804.1990524944456,7.683430437845022,104.66666666666667,36.41733408999377,54.0,138.0,122.0,54.0,54.0,71.0,134.0,138.0,138.0,-0.6061201421137351,-1.5000000000000002,1.584962500721156,-0.34344103065818143,0.1561802387237549,0.31216188322421323,1.811981201171875e-05,0.7805039882659912,1.811981201171875e-05,1.811981201171875e-05,0.00017690658569335938,0.00018405914306640625,0.4683760166168214,0.7219280948873623,1.9987156317561845,0.9994913500503918,2,3.5,0.3333333333333333,0.4394904458598726,0.6666666666666666,0.5605095541401274,2.999946329341251,-0.12101910828025478,1.0,0.0,0.0,0.0,0.3333333333333333,0.0,2,0.6666666666666666,web,tunnel,ikev2,AES_CBC_256,PASS,0
exp_033_web_tunnel_aes_cbc_256_1789043742,5,0,7,482.0,0.8099179267883301,595.1220291064991,8.642851045115133,68.85714285714286,39.11677963457104,42.0,138.0,42.0,42.0,42.0,42.0,88.0,128.4,133.2,0.954400893798805,-0.9888137656888438,1.6644977792004614,0.808868146079702,0.13498632113138834,0.289949705989854,1.811981201171875e-05,0.7831888198852539,4.458427429199219e-05,9.751319885253906e-05,0.005207419395446777,0.014728307723999023,0.39970695972442627,0.6500224216483541,2.147977332683229,0.9669977586382505,2,3.0,0.7142857142857143,0.6348547717842323,0.2857142857142857,0.3651452282157676,10590.035172572854,0.2697095435684647,1.0,0.0,0.0,0.0,0.7142857142857143,0.0,2,1.0,web,tunnel,ikev2,AES_CBC_256,PASS,0
exp_033_web_tunnel_aes_cbc_256_1789043742,6,0,7,482.0,0.48882508277893066,986.0377811626796,14.320050763773356,68.85714285714286,39.116779634571046,42.0,138.0,42.0,42.0,42.0,42.0,88.0,128.4,133.2,0.9544008937988047,-0.9888137656888456,1.6644977792004614,0.3076982566400532,0.08147084712982178,0.17033860518533164,1.6927719116210938e-05,0.4621129035949707,4.398822784423828e-05,9.357929229736328e-05,0.005199551582336426,0.014728307723999023,0.23916900157928467,0.6500224216483541,2.090766457202138,0.9453543197249548,2,3.5,0.7142857142857143,0.6348547717842323,0.2857142857142857,0.3651452282157676,6814.126506177915,0.2697095435684647,1.0,0.0,0.0,0.0,0.7142857142857143,0.0,2,1.0,web,tunnel,ikev2,AES_CBC_256,PASS,0
exp_033_web_tunnel_aes_cbc_256_1789043742,7,0,3,314.0,0.001,314000.0,3000.0,104.66666666666667,36.41733408999377,54.0,138.0,122.0,60.8,67.6,88.0,130.0,134.8,136.4,-0.6061201421137351,-1.5000000000000002,1.584962500721156,0.0,8.90493392944336e-05,7.212162017822266e-05,1.6927719116210938e-05,0.00016117095947265625,3.135204315185547e-05,5.2988529205322266e-05,8.90493392944336e-05,0.00012511014938354492,0.00014674663543701172,1.0,0.8009122636914323,0.0,1,3.0,0.3333333333333333,0.4394904458598726,0.6666666666666666,0.5605095541401274,1.0,-0.12101910828025478,1.0,0.0,0.0,0.0,0.3333333333333333,0.0,2,1.0,web,tunnel,ikev2,AES_CBC_256,PASS,0
exp_033_web_tunnel_aes_cbc_256_1789043742,8,0,3,314.0,0.001,314000.0,3000.0,104.66666666666667,36.41733408999377,54.0,138.0,122.0,60.8,67.6,88.0,130.0,134.8,136.4,-0.6061201421137351,-1.5000000000000002,1.584962500721156,0.0,7.68899917602539e-05,6.306171417236328e-05,1.3828277587890625e-05,0.0001399517059326172,2.6440620422363283e-05,4.5359134674072266e-05,7.68899917602539e-05,0.00010842084884643555,0.00012733936309814454,1.0,0.8096253799392842,0.0,1,3.0,0.3333333333333333,0.4394904458598726,0.6666666666666666,0.5605095541401274,1.0,-0.12101910828025478,1.0,0.0,0.0,0.0,0.3333333333333333,0.0,2,1.0,web,tunnel,ikev2,AES_CBC_256,PASS,0
exp_033_web_tunnel_aes_cbc_256_1789043742,9,0,3,314.0,0.001,314000.0,3000.0,104.66666666666667,36.41733408999377,54.0,138.0,122.0,60.8,67.6,88.0,130.0,134.8,136.4,-0.6061201421137351,-1.5000000000000002,1.584962500721156,0.0,7.68899917602539e-05,6.306171417236328e-05,1.3828277587890625e-05,0.0001399517059326172,2.6440620422363283e-05,4.5359134674072266e-05,7.68899917602539e-05,0.00010842084884643555,0.00012733936309814454,1.0,0.8096253799392842,0.0,1,3.0,0.3333333333333333,0.4394904458598726,0.6666666666666666,0.5605095541401274,1.0,-0.12101910828025478,1.0,0.0,0.0,0.0,0.3333333333333333,0.0,2,1.0,web,tunnel,ikev2,AES_CBC_256,PASS,0
exp_033_web_tunnel_aes_cbc_256_1789043742,10,0,3,314.0,0.001,314000.0,3000.0,104.66666666666667,36.41733408999377,54.0,138.0,122.0,60.8,67.6,88.0,130.0,134.8,136.4,-0.6061201421137351,-1.5000000000000002,1.584962500721156,0.0,0.0001004934310913086,8.666515350341797e-05,1.3828277587890625e-05,0.00018715858459472656,3.1161308288574216e-05,5.716085433959961e-05,0.0001004934310913086,0.00014382600784301758,0.00016982555389404296,1.0,0.8538991397921077,0.0,1,3.0,0.3333333333333333,0.4394904458598726,0.6666666666666666,0.5605095541401274,1.0,-0.12101910828025478,1.0,0.0,0.0,0.0,0.3333333333333333,0.0,2,1.0,web,tunnel,ikev2,AES_CBC_256,PASS,0
exp_033_web_tunnel_aes_cbc_256_1789043742,11,0,3,314.0,0.001,314000.0,3000.0,104.66666666666667,36.41733408999377,54.0,138.0,122.0,60.8,67.6,88.0,130.0,134.8,136.4,-0.6061201421137351,-1.5000000000000002,1.584962500721156,0.0,0.0001004934310913086,8.666515350341797e-05,1.3828277587890625e-05,0.00018715858459472656,3.1161308288574216e-05,5.716085433959961e-05,0.0001004934310913086,0.00014382600784301758,0.00016982555389404296,1.0,0.8538991397921077,0.0,1,3.0,0.3333333333333333,0.4394904458598726,0.6666666666666666,0.5605095541401274,1.0,-0.12101910828025478,1.0,0.0,0.0,0.0,0.3333333333333333,0.0,2,1.0,web,tunnel,ikev2,AES_CBC_256,PASS,0
exp_034_web_transport_aes_cbc_128_1789043786,-1,1,46,7436.0,8.701934099197388,854.5226745265574,5.28618114957257,161.65217391304347,91.80253321107078,42.0,514.0,154.0,42.0,106.0,122.0,170.0,202.0,322.0,2.3457866814926867,6.6426919952349355,2.42030711317145,0.8034840902418399,0.1933763133154975,0.3651817817303093,5.984306335449219e-05,2.20993709564209,0.00010728836059570314,0.00017189979553222656,0.012722015380859375,0.24193716049194336,0.48652019500732424,1.2976009834247126,1.88844169705942,0.9875847146504998,19,3.0526315789473686,0.5652173913043478,0.5174825174825175,0.43478260869565216,0.4825174825174825,0.7757029809030618,0.03496503496503497,0.9130434782608695,0.08695652173913043,0.0,0.0,0.08695652173913043,0.0,2,0.5405405405405406,web,transport,ikev2,AES_CBC_128,PASS,0
exp_034_web_transport_aes_cbc_128_1789043786,0,0,4,1640.0,0.05888199806213379,27852.315715737604,67.93247735545756,410.0,101.46920715172658,286.0,514.0,420.0,293.2,300.4,322.0,508.0,511.6,512.8,-0.08040378344839896,-1.8875703421157966,1.5,0.6328843056027117,0.01962733268737793,0.014431003097426988,0.00728297233581543,0.03987407684326172,0.008171367645263671,0.009503960609436035,0.01172494888305664,0.02579951286315918,0.03424425125122071,1.584962500721156,0.7352128847248903,0.0,0,1.0,0.5,0.5121951219512195,0.5,0.4878048780487805,0.9138958462771639,0.024390243902439025,0.0,1.0,0.0,0.0,0.0,0.0,0,0.0,web,transport,ikev2,AES_CBC_128,PASS,0
exp_034_web_transport_aes_cbc_128_1789043786,2,0,10,1332.0,0.6823608875274658,1952.0462329347467,14.655001748759359,133.2,20.301724064719235,106.0,170.0,130.0,106.0,106.0,122.0,150.0,155.6,162.79999999999998,0.28195751179734446,-1.027198024767563,2.2464393446710154,0.04419417382415924,0.07581787639194065,0.11854358923637892,0.0001430511474609375,0.33261895179748535,0.0001598358154296875,0.00017189979553222656,0.000209808349609375,0.09422016143798828,0.2600735187530518,1.4466166676282082,1.563510234886306,0.9800917461004064,5,2.8,0.5,0.481981981981982,0.5,0.5180180180180181,0.9998962841727203,-0.036036036036036036,1.0,0.0,0.0,0.0,0.0,0.0,2,0.5555555555555556,web,transport,ikev2,AES_CBC_128,PASS,0
exp_034_web_transport_aes_cbc_128_1789043786,3,0,12,1704.0,1.3375720977783203,1273.9500194646023,8.9714790103141,142.0,27.80887148615228,106.0,202.0,138.0,106.0,107.6,122.0,158.0,170.0,184.39999999999998,0.5654360314069012,-0.4819976218787163,2.5220552088742,0.446198714195486,0.12159746343439276,0.2010300057277832,0.0001430511474609375,0.6549661159515381,0.000164031982421875,0.0001728534698486328,0.00024509429931640625,0.16807866096496582,0.33261895179748535,1.6729330318733675,1.6532281745175748,0.9896605886723145,6,2.8333333333333335,0.5,0.4765258215962441,0.5,0.5234741784037559,0.9999199637902706,-0.046948356807511735,1.0,0.0,0.0,0.0,0.0,0.0,2,0.5454545454545454,web,transport,ikev2,AES_CBC_128,PASS,0
exp_034_web_transport_aes_cbc_128_1789043786,4,0,6,940.0,0.8258659839630127,1138.199197270848,7.2651012591756245,156.66666666666666,33.83620677453205,106.0,202.0,162.0,110.0,114.0,130.0,182.0,194.0,198.0,-0.21930028695348805,-1.3432352146907915,2.584962500721156,0.12321601452253604,0.16517319679260253,0.22912189467120928,0.0001270771026611328,0.5834329128265381,0.00015263557434082032,0.00019097328186035156,0.00024509429931640625,0.24186992645263672,0.4468077182769776,1.3709505944546687,1.3871530730608082,0.9993181161413919,3,2.6666666666666665,0.5,0.474468085106383,0.5,0.5255319148936171,1.0000631293270918,-0.05106382978723404,1.0,0.0,0.0,0.0,0.0,0.0,2,0.6,web,transport,ikev2,AES_CBC_128,PASS,0
exp_034_web_transport_aes_cbc_128_1789043786,5,0,12,1288.0,0.9652318954467773,1334.394362718218,12.432245615387123,107.33333333333333,51.622561820282506,42.0,186.0,114.0,42.0,42.0,42.0,154.0,168.4,177.2,-0.10479582151642038,-1.402063461475985,2.4182958340544896,0.5563286494440399,0.08774835413152521,0.14528292268296056,0.0001270771026611328,0.48059988021850586,0.0001399517059326172,0.00018990039825439453,0.004441022872924805,0.10417318344116211,0.24186992645263672,1.6729330318733675,1.655658028721212,0.9643446076992923,5,3.0,0.6666666666666666,0.5590062111801242,0.3333333333333333,0.4409937888198758,0.47196359010078254,0.11801242236024845,1.0,0.0,0.0,0.0,0.3333333333333333,0.0,2,0.5714285714285714,web,transport,ikev2,AES_CBC_128,PASS,0
exp_034_web_transport_aes_cbc_128_1789043786,6,0,10,1012.0,0.9037871360778809,1119.7326888184368,11.064552261051748,101.2,51.124944987745465,42.0,170.0,114.0,42.0,42.0,42.0,150.0,155.6,162.79999999999998,-0.11292263623004468,-1.6957755882587124,2.321928094887362,0.41414982655695026,0.10042079289754231,0.2037962101549628,0.0001399517059326172,0.6611781120300293,0.00015997886657714844,0.0001888275146484375,0.004441022872924805,0.05501818656921387,0.25489816665649423,0.9864267287308424,2.0294022270931835,0.9620899039189523,4,3.0,0.7,0.575098814229249,0.3,0.424901185770751,0.33338537321462297,0.15019762845849802,1.0,0.0,0.0,0.0,0.4,0.0,2,0.6,web,transport,ikev2,AES_CBC_128,PASS,0
exp_034_web_transport_aes_cbc_128_1789043786,7,0,8,1216.0,0.9075040817260742,1339.9388768446815,8.815387347662378,152.0,30.397368307141328,106.0,202.0,146.0,111.6,117.2,134.0,174.0,190.8,196.39999999999998,0.17944137135266428,-1.088547815820543,2.75,0.2572478777137633,0.12964344024658203,0.16589611897784692,9.202957153320312e-05,0.45691418647766113,0.00011234283447265625,0.00014543533325195312,0.0002110004425048828,0.22499799728393555,0.3249110221862794,1.6644977792004614,1.2796238593981715,0.9993455669318727,4,2.75,0.5,0.48026315789473684,0.5,0.5197368421052632,0.9999459798173381,-0.039473684210526314,1.0,0.0,0.0,0.0,0.0,0.0,2,0.5714285714285714,web,transport,ikev2,AES_CBC_128,PASS,0
exp_034_web_transport_aes_cbc_128_1789043786,8,0,8,1264.0,1.0882689952850342,1161.4775441332308,7.3511236970457645,158.0,31.74901573277509,106.0,202.0,162.0,111.6,117.2,134.0,186.0,190.8,196.39999999999998,-0.25197631533948484,-1.2592592592592593,2.75,0.21428571428571433,0.15546699932643346,0.1925413459334801,8.487701416015625e-05,0.45691418647766113,8.916854858398438e-05,0.00010895729064941406,0.0002110004425048828,0.3154205083847046,0.43341803550720215,1.3787834934861753,1.238462878326519,0.9995278813967963,4,2.75,0.5,0.47468354430379744,0.5,0.5253164556962026,1.0000038160575493,-0.05063291139240506,1.0,0.0,0.0,0.0,0.0,0.0,2,0.5714285714285714,web,transport,ikev2,AES_CBC_128,PASS,0
exp_034_web_transport_aes_cbc_128_1789043786,9,0,5,834.0,0.8032069206237793,1038.3376669019565,6.225045964640027,166.8,27.527440854536405,122.0,202.0,170.0,128.4,134.8,154.0,186.0,195.6,198.8,-0.39587033734381827,-1.0054784514243964,2.321928094887362,-0.8366600265340756,0.20080173015594482,0.2072978441010296,7.605552673339844e-05,0.4747810363769531,7.870197296142579e-05,8.26716423034668e-05,0.1641749143600464,0.36489397287368774,0.430826210975647,1.5,1.0323457451999813,0.9997996375071463,2,2.5,0.6,0.5347721822541966,0.4,0.46522781774580335,0.8457336352885511,0.06954436450839328,1.0,0.0,0.0,0.0,0.0,0.0,2,0.5,web,transport,ikev2,AES_CBC_128,PASS,0
exp_034_web_transport_aes_cbc_128_1789043786,10,0,8,1248.0,1.085576057434082,1149.620048686253,7.36935928645034,156.0,34.351128074635334,106.0,202.0,162.0,111.6,117.2,122.0,178.0,202.0,202.0,-0.010657632381673705,-1.3881758115484055,2.25,-0.05490576062241803,0.15508229391915457,0.17648814670504082,5.984306335449219e-05,0.4904670715332031,6.957054138183594e-05,8.547306060791016e-05,0.09771919250488281,0.2485795021057129,0.3931457996368409,2.1280852788913944,1.1380216543314114,0.9997874039474343,3,2.6666666666666665,0.625,0.5913461538461539,0.375,0.40865384615384615,0.5921703265515474,0.18269230769230768,1.0,0.0,0.0,0.0,0.0,0.0,2,0.7142857142857143,web,transport,ikev2,AES_CBC_128,PASS,0
exp_034_web_transport_aes_cbc_128_1789043786,11,0,5,754.0,0.2667679786682129,2826.42618414773,18.742879205223673,150.8,34.166650406500196,106.0,202.0,154.0,109.2,112.4,122.0,170.0,189.2,195.6,0.13802317223309074,-1.2793167128347185,2.321928094887362,0.11437725271791936,0.06669199466705322,0.071209138336085,5.984306335449219e-05,0.16889405250549316,7.03573226928711e-05,8.612871170043945e-05,0.04890704154968262,0.1155129075050354,0.14754159450531007,1.5,1.0677154128642357,0.9994199691484361,2,2.5,0.6,0.5915119363395226,0.4,0.40848806366047746,1.3636341667123937,0.1830238726790451,1.0,0.0,0.0,0.0,0.0,0.0,2,1.0,web,transport,ikev2,AES_CBC_128,PASS,0
exp_035_web_tunnel_3des_cbc_1789043830,-1,1,37,4390.0,14.318825960159302,306.5893818539827,2.5840107354435897,118.64864864864865,63.3788336294374,42.0,286.0,118.0,42.0,49.2,54.0,134.0,210.0,231.5999999999997,0.8984721216996463,0.5576180430320461,2.3177312450967613,0.5042638047566552,0.39774516555998063,0.8066812301297956,1.5974044799804688e-05,4.061740875244141,3.445148468017578e-05,0.00016266107559204102,0.0007939338684082031,0.568265438079834,1.284598469734192,1.4418296494515233,2.028130752672579,0.9879274213654116,12,3.6666666666666665,0.4594594594594595,0.5025056947608201,0.5405405405405406,0.49749430523918,1.1875306154867327,0.005011389521640091,0.9459459459459459,0.05405405405405406,0.0,0.0,0.32432432432432434,0.0,2,0.5333333333333333,web,tunnel,ikev1,3DES_CBC,CRITICAL_FAIL,0
exp_035_web_tunnel_3des_cbc_1789043830,0,0,6,1248.0,0.08406209945678711,14846.167393684305,71.3758047773284,208.0,64.61166045433802,114.0,286.0,208.0,122.0,130.0,159.0,269.0,286.0,286.0,-0.0740289963842402,-1.4038820743635652,2.2516291673878226,0.336428976081655,0.01681241989135742,0.017792224901029784,0.0005941390991210938,0.04162788391113281,0.0008860588073730469,0.0013239383697509766,0.00541996955871582,0.035096168518066406,0.03901519775390625,1.9219280948873623,1.0582157000775017,0.0,2,2.5,0.5,0.5208333333333334,0.5,0.4791666666666667,0.9912327828179844,0.041666666666666664,0.6666666666666666,0.3333333333333333,0.0,0.0,0.0,0.0,0,0.0,web,tunnel,ikev1,3DES_CBC,CRITICAL_FAIL,0
exp_035_web_tunnel_3des_cbc_1789043830,4,0,3,526.0,0.03766012191772461,13967.028602539916,79.65985894984743,175.33333333333334,49.02607016226729,106.0,210.0,210.0,116.4,126.8,158.0,210.0,210.0,210.0,-0.7071067811865483,-1.4999999999999991,0.9182958340544896,0.0,0.018830060958862305,0.017852067947387695,0.0009779930114746094,0.03668212890625,0.004548406600952149,0.009904026985168457,0.018830060958862305,0.027756094932556152,0.03311171531677246,1.0,0.9480117974439526,0.0,1,2.0,0.6666666666666666,0.6007604562737643,0.3333333333333333,0.39923954372623577,1.0,0.20152091254752852,1.0,0.0,0.0,0.0,0.0,0.0,0,0.0,web,tunnel,ikev1,3DES_CBC,CRITICAL_FAIL,0
exp_035_web_tunnel_3des_cbc_1789043830,5,0,4,568.0,1.0871150493621826,522.4837981345665,3.679463367144835,142.0,71.66589146867567,42.0,210.0,158.0,51.6,61.2,90.0,210.0,210.0,210.0,-0.2837674684758463,-1.6310594811773953,1.5,0.7898653305191228,0.36237168312072754,0.4860598281438308,0.0009779930114746094,1.049454927444458,0.008118820190429688,0.018830060958862305,0.03668212890625,0.543068528175354,0.8469003677368164,0.9182958340544896,1.3413257974026036,0.965357740250381,1,2.0,0.75,0.6302816901408451,0.25,0.36971830985915494,1.0,0.2605633802816901,1.0,0.0,0.0,0.0,0.25,0.0,0,0.0,web,tunnel,ikev1,3DES_CBC,CRITICAL_FAIL,0
exp_035_web_tunnel_3des_cbc_1789043830,6,0,4,168.0,0.04844212532043457,3468.0559304265653,82.57276024825156,42.0,0.0,42.0,42.0,42.0,42.0,42.0,42.0,42.0,42.0,42.0,0.0,0.0,-0.0,0.0,0.016147375106811523,0.0195949513687735,0.00010418891906738281,0.043736934661865234,0.001003551483154297,0.002352595329284668,0.004601001739501953,0.024168968200683594,0.035909748077392584,1.584962500721156,1.2134317687795213,0.0,1,4.0,1.0,1.0,0.0,0.0,1.0,1.0,1.0,0.0,0.0,0.0,1.0,0.0,0,0.0,web,tunnel,ikev1,3DES_CBC,CRITICAL_FAIL,0
exp_035_web_tunnel_3des_cbc_1789043830,7,0,6,432.0,1.090198040008545,396.25827982282374,5.503587219761441,72.0,38.695391629150535,42.0,134.0,48.0,42.0,42.0,42.0,102.0,126.0,130.0,0.7157761782694901,-1.3802632403187935,1.7924812503605778,0.2251782879168101,0.218039608001709,0.4335830974172297,1.5974044799804688e-05,1.0851988792419434,5.125999450683594e-05,0.00010418891906738281,0.0002779960632324219,0.004601001739501953,0.6529597282409669,0.7219280948873623,1.988542874609079,0.9954144471158998,2,3.5,0.6666666666666666,0.6018518518518519,0.3333333333333333,0.39814814814814814,21403.34616282411,0.2037037037037037,1.0,0.0,0.0,0.0,0.6666666666666666,0.0,2,1.0,web,tunnel,ikev1,3DES_CBC,CRITICAL_FAIL,0
exp_035_web_tunnel_3des_cbc_1789043830,8,0,6,612.0,0.9298210144042969,658.191190045416,6.452854804366823,102.0,34.56395039150859,54.0,134.0,118.0,54.0,54.0,70.0,130.0,134.0,134.0,-0.5951700641394972,-1.5000000000000004,1.584962500721156,-0.34040873587189113,0.18596420288085938,0.3716679469443483,1.5974044799804688e-05,0.92930006980896,2.0742416381835938e-05,2.7894973754882812e-05,0.0001990795135498047,0.0002779960632324219,0.5576912403106691,0.7219280948873623,1.9985886670554243,0.9994397366941952,2,3.5,0.3333333333333333,0.43790849673202614,0.6666666666666666,0.5620915032679739,3.0001549839652273,-0.12418300653594772,1.0,0.0,0.0,0.0,0.3333333333333333,0.0,2,0.6666666666666666,web,tunnel,ikev1,3DES_CBC,CRITICAL_FAIL,0
exp_035_web_tunnel_3des_cbc_1789043830,9,0,3,306.0,0.001,306000.0,3000.0,102.0,34.56395039150859,54.0,134.0,118.0,60.4,66.8,86.0,126.0,130.8,132.4,-0.5951700641394972,-1.5000000000000004,1.584962500721156,0.0,0.00011348724365234375,8.559226989746094e-05,2.7894973754882812e-05,0.0001990795135498047,4.5013427734375e-05,7.069110870361328e-05,0.00011348724365234375,0.00015628337860107422,0.0001819610595703125,1.0,0.7476140325063081,0.0,1,3.0,0.3333333333333333,0.43790849673202614,0.6666666666666666,0.5620915032679739,1.0,-0.12418300653594772,1.0,0.0,0.0,0.0,0.3333333333333333,0.0,2,1.0,web,tunnel,ikev1,3DES_CBC,CRITICAL_FAIL,0
exp_035_web_tunnel_3des_cbc_1789043830,11,0,3,306.0,0.001,306000.0,3000.0,102.0,34.56395039150859,54.0,134.0,118.0,60.4,66.8,86.0,126.0,130.8,132.4,-0.5951700641394972,-1.5000000000000004,1.584962500721156,0.0,0.0001914501190185547,0.00015544891357421875,3.600120544433594e-05,0.00034689903259277344,6.709098815917968e-05,0.00011372566223144531,0.0001914501190185547,0.00026917457580566406,0.00031580924987792967,1.0,0.8077361259476876,0.0,1,3.0,0.3333333333333333,0.43790849673202614,0.6666666666666666,0.5620915032679739,1.0,-0.12418300653594772,1.0,0.0,0.0,0.0,0.3333333333333333,0.0,2,1.0,web,tunnel,ikev1,3DES_CBC,CRITICAL_FAIL,0
exp_035_web_tunnel_3des_cbc_1789043830,12,0,3,306.0,0.001,306000.0,3000.0,102.0,34.56395039150859,54.0,134.0,118.0,60.4,66.8,86.0,126.0,130.8,132.4,-0.5951700641394972,-1.5000000000000004,1.584962500721156,0.0,0.0001914501190185547,0.00015544891357421875,3.600120544433594e-05,0.00034689903259277344,6.709098815917968e-05,0.00011372566223144531,0.0001914501190185547,0.00026917457580566406,0.00031580924987792967,1.0,0.8077361259476876,0.0,1,3.0,0.3333333333333333,0.43790849673202614,0.6666666666666666,0.5620915032679739,1.0,-0.12418300653594772,1.0,0.0,0.0,0.0,0.3333333333333333,0.0,2,1.0,web,tunnel,ikev1,3DES_CBC,CRITICAL_FAIL,0
exp_035_web_tunnel_3des_cbc_1789043830,13,0,6,612.0,0.5769920349121094,1060.6732207199761,10.39875706588212,102.0,34.56395039150859,54.0,134.0,118.0,54.0,54.0,70.0,130.0,134.0,134.0,-0.5951700641394972,-1.5000000000000004,1.584962500721156,-0.34040873587189113,0.11539840698242188,0.23030743663011757,3.790855407714844e-05,0.5760130882263184,3.8003921508789064e-05,3.814697265625e-05,0.0002930164337158203,0.0006098747253417969,0.34585180282592776,0.7219280948873623,1.9957419422891747,0.9983033618723348,2,3.5,0.3333333333333333,0.43790849673202614,0.6666666666666666,0.5620915032679739,2.9981376590363245,-0.12418300653594772,1.0,0.0,0.0,0.0,0.3333333333333333,0.0,2,0.6666666666666666,web,tunnel,ikev1,3DES_CBC,CRITICAL_FAIL,0
exp_035_web_tunnel_3des_cbc_1789043830,14,0,9,918.0,1.1430079936981201,803.1439894220487,7.87396068060832,102.0,34.56395039150859,54.0,134.0,118.0,54.0,54.0,54.0,134.0,134.0,134.0,-0.5951700641394972,-1.5000000000000004,1.584962500721156,-0.4121678698554467,0.14287599921226501,0.24710330495891158,3.790855407714844e-05,0.5760130882263184,3.807544708251953e-05,3.9577484130859375e-05,0.0002930164337158203,0.1418781280517578,0.5687819480895996,0.8112781244591328,1.729482746147285,0.998852136250989,3,3.6666666666666665,0.3333333333333333,0.43790849673202614,0.6666666666666666,0.5620915032679739,2.4999014318420403,-0.12418300653594772,1.0,0.0,0.0,0.0,0.3333333333333333,0.0,2,0.6,web,tunnel,ikev1,3DES_CBC,CRITICAL_FAIL,0
exp_035_web_tunnel_3des_cbc_1789043830,15,0,3,306.0,0.001,306000.0,3000.0,102.0,34.56395039150859,54.0,134.0,118.0,60.4,66.8,86.0,126.0,130.8,132.4,-0.5951700641394972,-1.5000000000000004,1.584962500721156,0.0,0.0001665353775024414,0.0001264810562133789,4.00543212890625e-05,0.0002930164337158203,6.535053253173829e-05,0.00010329484939575195,0.0001665353775024414,0.00022977590560913086,0.00026772022247314455,1.0,0.7549513308706143,0.0,1,3.0,0.3333333333333333,0.43790849673202614,0.6666666666666666,0.5620915032679739,1.0,-0.12418300653594772,1.0,0.0,0.0,0.0,0.3333333333333333,0.0,2,1.0,web,tunnel,ikev1,3DES_CBC,CRITICAL_FAIL,0
exp_035_web_tunnel_3des_cbc_1789043830,16,0,3,306.0,0.001,306000.0,3000.0,102.0,34.56395039150859,54.0,134.0,118.0,60.4,66.8,86.0,126.0,130.8,132.4,-0.5951700641394972,-1.5000000000000004,1.584962500721156,0.0,0.00013947486877441406,0.00010657310485839844,3.2901763916015625e-05,0.0002460479736328125,5.4216384887695314e-05,8.618831634521484e-05,0.00013947486877441406,0.00019276142120361328,0.00022473335266113282,1.0,0.7586631387393725,0.0,1,3.0,0.3333333333333333,0.43790849673202614,0.6666666666666666,0.5620915032679739,1.0,-0.12418300653594772,1.0,0.0,0.0,0.0,0.3333333333333333,0.0,2,1.0,web,tunnel,ikev1,3DES_CBC,CRITICAL_FAIL,0
exp_035_web_tunnel_3des_cbc_1789043830,17,0,3,306.0,0.001,306000.0,3000.0,102.0,34.56395039150859,54.0,134.0,118.0,60.4,66.8,86.0,126.0,130.8,132.4,-0.5951700641394972,-1.5000000000000004,1.584962500721156,0.0,0.00013947486877441406,0.00010657310485839844,3.2901763916015625e-05,0.0002460479736328125,5.4216384887695314e-05,8.618831634521484e-05,0.00013947486877441406,0.00019276142120361328,0.00022473335266113282,1.0,0.7586631387393725,0.0,1,3.0,0.3333333333333333,0.43790849673202614,0.6666666666666666,0.5620915032679739,1.0,-0.12418300653594772,1.0,0.0,0.0,0.0,0.3333333333333333,0.0,2,1.0,web,tunnel,ikev1,3DES_CBC,CRITICAL_FAIL,0
exp_035_web_tunnel_3des_cbc_1789043830,18,0,3,306.0,0.001,306000.0,3000.0,102.0,34.56395039150859,54.0,134.0,118.0,60.4,66.8,86.0,126.0,130.8,132.4,-0.5951700641394972,-1.5000000000000004,1.584962500721156,0.0,0.000102996826171875,7.915496826171875e-05,2.384185791015625e-05,0.00018215179443359375,3.96728515625e-05,6.341934204101562e-05,0.000102996826171875,0.00014257431030273438,0.00016632080078125,1.0,0.761128691859305,0.0,1,3.0,0.3333333333333333,0.43790849673202614,0.6666666666666666,0.5620915032679739,1.0,-0.12418300653594772,1.0,0.0,0.0,0.0,0.3333333333333333,0.0,2,1.0,web,tunnel,ikev1,3DES_CBC,CRITICAL_FAIL,0
exp_035_web_tunnel_3des_cbc_1789043830,19,0,3,306.0,0.001,306000.0,3000.0,102.0,34.56395039150859,54.0,134.0,118.0,60.4,66.8,86.0,126.0,130.8,132.4,-0.5951700641394972,-1.5000000000000004,1.584962500721156,0.0,0.000102996826171875,7.915496826171875e-05,2.384185791015625e-05,0.00018215179443359375,3.96728515625e-05,6.341934204101562e-05,0.000102996826171875,0.00014257431030273438,0.00016632080078125,1.0,0.761128691859305,0.0,1,3.0,0.3333333333333333,0.43790849673202614,0.6666666666666666,0.5620915032679739,1.0,-0.12418300653594772,1.0,0.0,0.0,0.0,0.3333333333333333,0.0,2,1.0,web,tunnel,ikev1,3DES_CBC,CRITICAL_FAIL,0
exp_036_web_transport_3des_cbc_1789043880,-1,1,18,1540.0,7.89481782913208,195.06466562374126,2.2799766111865862,85.55555555555556,25.57390645478365,42.0,110.0,86.0,42.0,42.0,86.0,110.0,110.0,110.0,-0.7582017597833982,-0.8056864714517507,1.541982284286398,0.4136476066583811,0.4644010487724753,0.6538236989848824,7.891654968261719e-05,1.8693749904632568,0.00016913414001464843,0.00022912025451660156,0.0066831111907958984,1.0583570003509521,1.49252405166626,1.8980933736695382,1.4078828909413588,0.9929407446550274,8,2.875,0.6111111111111112,0.6090909090909091,0.3888888888888889,0.39090909090909093,0.6000016096775352,0.21818181818181817,1.0,0.0,0.0,0.0,0.2222222222222222,0.0,2,0.6923076923076923,web,transport,ikev1,3DES_CBC,CRITICAL_FAIL,0
exp_036_web_transport_3des_cbc_1789043880,0,0,8,560.0,1.4605238437652588,383.4240723905672,5.477486748436674,70.0,29.257477676655586,42.0,110.0,64.0,42.0,42.0,42.0,92.0,110.0,110.0,0.2414911031918904,-1.684775962966198,1.5,0.7288878807788907,0.20864626339503697,0.3662727308845644,7.891654968261719e-05,1.0583570003509521,0.0001395702362060547,0.00022292137145996094,0.0066831111907958984,0.1974794864654541,0.6324903011322024,1.1488348542809166,1.755463862428386,0.9633092774737217,3,2.6666666666666665,0.75,0.6928571428571428,0.25,0.30714285714285716,0.27592876574784797,0.38571428571428573,1.0,0.0,0.0,0.0,0.5,0.0,2,0.6666666666666666,web,transport,ikev1,3DES_CBC,CRITICAL_FAIL,0
exp_036_web_transport_3des_cbc_1789043880,1,0,8,560.0,0.8071699142456055,693.7820527210623,9.911172181729462,70.0,29.257477676655586,42.0,110.0,64.0,42.0,42.0,42.0,92.0,110.0,110.0,0.2414911031918904,-1.684775962966198,1.5,0.3438785242713266,0.1153099877493722,0.1667402900477286,7.891654968261719e-05,0.4049539566040039,0.0001690387725830078,0.0002474784851074219,0.0066831111907958984,0.1974794864654541,0.3711290836334229,1.6644977792004614,1.4460052186018708,0.9335495682194384,3,2.6666666666666665,0.75,0.6928571428571428,0.25,0.30714285714285716,0.20000885270453148,0.38571428571428573,1.0,0.0,0.0,0.0,0.5,0.0,2,0.6666666666666666,web,transport,ikev1,3DES_CBC,CRITICAL_FAIL,0
exp_036_web_transport_3des_cbc_1789043880,2,0,4,392.0,1.0744280815124512,364.84526674711384,3.7229108851746306,98.0,12.0,86.0,110.0,98.0,86.0,86.0,86.0,110.0,110.0,110.0,0.0,-2.0,1.0,-1.0,0.3581426938374837,0.5060143402759316,0.00022912025451660156,1.0737550258636475,0.00027208328247070314,0.00033652782440185547,0.0004439353942871094,0.5370994806289673,0.8590928077697755,0.9182958340544896,1.4128807765788773,0.9993735684496851,2,2.5,0.5,0.5612244897959183,0.5,0.4387755102040816,0.999799092210432,0.12244897959183673,1.0,0.0,0.0,0.0,0.0,0.0,2,0.6666666666666666,web,transport,ikev1,3DES_CBC,CRITICAL_FAIL,0
exp_037_web_tunnel_aes_gcm_16_256_1789043925,-1,1,65,9986.0,10.29361605644226,970.115841240286,6.314593398820208,153.63076923076923,83.86831605481191,42.0,514.0,143.0,44.400000000000006,54.0,110.0,182.0,212.4,259.59999999999985,2.2340157628344697,7.734410169913026,2.4339706147890188,0.711688023056115,0.16083775088191032,0.36563630493992544,1.1920928955078125e-05,2.2802040576934814,1.4066696166992188e-05,1.8596649169921875e-05,0.00019156932830810547,0.07644122838973999,0.6171138525009157,1.1554909383951601,2.2733097772462796,0.9905978417148712,20,3.95,0.38461538461538464,0.39234928900460647,0.6153846153846154,0.6076507109953936,1.6262033820693749,-0.2153014219907871,0.9384615384615385,0.06153846153846154,0.0,0.0,0.15384615384615385,0.0,2,0.5135135135135135,web,tunnel,ikev2,AES_GCM_16_256,PASS,0
exp_037_web_tunnel_aes_gcm_16_256_1789043925,0,0,4,1608.0,0.09605693817138672,16740.071364038005,41.64196856725872,402.0,109.36178491593853,270.0,514.0,412.0,277.2,284.4,306.0,508.0,511.6,512.8,-0.06935955084097174,-1.9029053366293442,1.5,0.62433452397764,0.03201897939046224,0.031151251714811055,0.007825136184692383,0.07599997520446777,0.008706474304199218,0.010028481483459473,0.012231826782226562,0.04411590099334717,0.06324634552001954,0.9182958340544896,0.9728691994127281,0.7911971446442223,0,1.0,0.5,0.5124378109452736,0.5,0.48756218905472637,0.9500447622846788,0.024875621890547265,0.0,1.0,0.0,0.0,0.0,0.0,0,0.0,web,tunnel,ikev2,AES_GCM_16_256,PASS,0
exp_037_web_tunnel_aes_gcm_16_256_1789043925,2,0,9,1267.0,0.33771610260009766,3751.671863572056,26.6496028193753,140.77777777777777,46.028439946956894,54.0,218.0,134.0,75.2,96.4,110.0,162.0,195.6,206.79999999999998,-0.14112256674047835,-0.5058027285923035,2.725480556997868,0.34861844260960345,0.04221451282501221,0.10209288416752633,1.4066696166992188e-05,0.31142711639404297,1.5401840209960936e-05,1.9729137420654297e-05,0.00019097328186035156,0.006613492965698242,0.11131806373596187,0.5435644431995964,2.4183736578236585,0.9221565510094007,3,3.6666666666666665,0.3333333333333333,0.35832675611681136,0.6666666666666666,0.6416732438831886,2.5009115494184146,-0.2833464877663773,1.0,0.0,0.0,0.0,0.1111111111111111,0.0,2,0.6,web,tunnel,ikev2,AES_GCM_16_256,PASS,0
exp_037_web_tunnel_aes_gcm_16_256_1789043925,3,0,12,1777.0,1.2472670078277588,1424.714987927745,9.621035371487304,148.08333333333334,43.35600368525166,54.0,218.0,152.0,83.15,107.3,125.0,175.0,197.2,207.0,-0.41982982845923805,-0.241843014653353,3.2516291673878226,0.36210663015644806,0.11338790980252353,0.2668230355958938,1.4066696166992188e-05,0.9093539714813232,1.5974044799804688e-05,1.9431114196777344e-05,0.00017905235290527344,0.012928009033203125,0.31142711639404297,0.8658566174572235,2.3531669548687693,0.9787648356076375,4,3.75,0.3333333333333333,0.35115362971299946,0.6666666666666666,0.6488463702870005,2.333511177595511,-0.29769274057400114,1.0,0.0,0.0,0.0,0.08333333333333333,0.0,2,0.5714285714285714,web,tunnel,ikev2,AES_GCM_16_256,PASS,0
exp_037_web_tunnel_aes_gcm_16_256_1789043925,4,0,9,1266.0,0.8381929397583008,1510.3921065775864,10.737384643916492,140.66666666666666,40.5736641458745,54.0,198.0,142.0,76.4,98.8,126.0,170.0,185.2,191.6,-0.6612154541636732,-0.05391404540768541,2.94770277922009,0.5516999126152724,0.1047741174697876,0.25675019850651776,1.4066696166992188e-05,0.7823929786682129,1.6736984252929688e-05,1.8596649169921875e-05,0.00017201900482177734,0.013952374458312988,0.273359966278076,0.5435644431995964,2.4504882906053806,0.9992877533396518,3,3.6666666666666665,0.3333333333333333,0.358609794628752,0.6666666666666666,0.641390205371248,2.4999850838684092,-0.28278041074249605,1.0,0.0,0.0,0.0,0.1111111111111111,0.0,2,0.6,web,tunnel,ikev2,AES_GCM_16_256,PASS,0
exp_037_web_tunnel_aes_gcm_16_256_1789043925,5,0,9,1050.0,0.7855651378631592,1336.6173591360464,11.456720221166112,116.66666666666667,39.508086373410805,54.0,182.0,126.0,54.0,54.0,110.0,130.0,159.6,170.79999999999998,-0.2816720060453532,-0.6704277167511576,2.5032583347756456,0.29992410574477946,0.0981956422328949,0.23937523782627826,1.4066696166992188e-05,0.7297229766845703,1.4066696166992188e-05,1.7642974853515625e-05,0.00018358230590820312,0.0139695405960083,0.2575589656829833,0.5435644431995964,2.4377130661815025,0.9991863180024638,3,3.6666666666666665,0.3333333333333333,0.3942857142857143,0.6666666666666666,0.6057142857142858,2.4998664483339152,-0.21142857142857144,1.0,0.0,0.0,0.0,0.2222222222222222,0.0,2,0.6,web,tunnel,ikev2,AES_GCM_16_256,PASS,0
exp_037_web_tunnel_aes_gcm_16_256_1789043925,6,0,11,1351.0,0.7779421806335449,1736.6329190426015,14.139868326771738,122.81818181818181,56.43470592691922,42.0,218.0,130.0,42.0,42.0,80.5,162.0,190.0,204.0,-0.050641859833667854,-1.0729089048795464,2.481714572986073,0.511812169720453,0.07779421806335449,0.16582603307687413,1.4066696166992188e-05,0.5637969970703125,1.4066696166992188e-05,4.762411117553711e-05,0.00022292137145996094,0.05915278196334839,0.15400438308715803,1.1567796494470395,2.131571029749278,0.9487245496833211,3,3.6666666666666665,0.45454545454545453,0.3982235381199112,0.5454545454545454,0.6017764618800888,1.250107690153279,-0.20355292376017764,1.0,0.0,0.0,0.0,0.2727272727272727,0.0,2,0.6,web,tunnel,ikev2,AES_GCM_16_256,PASS,0
exp_037_web_tunnel_aes_gcm_16_256_1789043925,7,0,14,1837.0,1.1875090599060059,1546.9355662393034,11.789383738350706,131.21428571428572,53.59927847519241,42.0,218.0,134.0,42.0,45.6,107.75,162.0,190.0,199.79999999999998,-0.35102113223975934,-0.8701859909004264,2.5027361715940035,0.3752402774382831,0.09134685076200046,0.1767078232725054,1.2874603271484375e-05,0.5637969970703125,1.4495849609375001e-05,1.71661376953125e-05,0.00016999244689941406,0.050148963928222656,0.361783027648926,1.1451104143815827,1.934449708432698,0.9663325418900757,4,4.0,0.42857142857142855,0.38105606967882416,0.5714285714285714,0.6189439303211758,1.5989892373459502,-0.23788786064235165,1.0,0.0,0.0,0.0,0.21428571428571427,0.0,2,0.5714285714285714,web,tunnel,ikev2,AES_GCM_16_256,PASS,0
exp_037_web_tunnel_aes_gcm_16_256_1789043925,8,0,12,1562.0,1.1035020351409912,1415.4935380798167,10.874470202917927,130.16666666666666,42.477118023184616,54.0,190.0,132.0,54.0,59.60000000000001,110.0,162.0,187.20000000000002,190.0,-0.44249397816124375,-0.559765205900586,2.584962500721156,0.29648970069139935,0.1003183668309992,0.21180812852003772,1.2874603271484375e-05,0.6807091236114502,1.5020370483398438e-05,1.704692840576172e-05,0.00016999244689941406,0.025177478790283203,0.3719019889831543,0.8658566174572235,2.1113383707540296,0.9993276327595814,4,3.75,0.3333333333333333,0.3738796414852753,0.6666666666666666,0.6261203585147247,2.3331224011320817,-0.25224071702944945,1.0,0.0,0.0,0.0,0.16666666666666666,0.0,2,0.5714285714285714,web,tunnel,ikev2,AES_GCM_16_256,PASS,0
exp_037_web_tunnel_aes_gcm_16_256_1789043925,9,0,12,1768.0,1.2171130180358887,1452.6177715633205,9.859396639570049,147.33333333333334,40.00277768133386,54.0,210.0,150.0,84.80000000000001,111.0,127.5,176.0,189.2,199.0,-0.6565183131950012,0.2290975263603956,3.0849625007211556,0.2866606738315796,0.1106466380032626,0.2087522164727812,1.2874603271484375e-05,0.6807091236114502,1.5020370483398438e-05,1.9550323486328125e-05,0.0001728534698486328,0.10393953323364258,0.3279390335083008,1.2776134368191154,1.8866396087607928,0.9993190911865404,4,3.75,0.3333333333333333,0.3506787330316742,0.6666666666666666,0.6493212669683258,2.3331448287894467,-0.2986425339366516,1.0,0.0,0.0,0.0,0.08333333333333333,0.0,2,0.5714285714285714,web,tunnel,ikev2,AES_GCM_16_256,PASS,0
exp_037_web_tunnel_aes_gcm_16_256_1789043925,10,0,11,1581.0,0.9676640033721924,1633.8315722093678,11.367582096333361,143.72727272727272,53.750418026435185,42.0,210.0,154.0,42.0,42.0,131.5,178.0,198.0,204.0,-0.9160663793515402,-0.3214265137878214,2.7321588913645702,0.5405605259734719,0.09676640033721924,0.2030254755775101,1.1920928955078125e-05,0.6310479640960693,1.277923583984375e-05,2.866983413696289e-05,0.00013244152069091797,0.006114840507507324,0.35824992656707755,0.9219280948873623,2.0980771920088594,0.9910330385985384,4,3.5,0.45454545454545453,0.3681214421252372,0.5454545454545454,0.6318785578747628,1.2607594074379052,-0.2637571157495256,1.0,0.0,0.0,0.0,0.18181818181818182,0.0,2,0.6,web,tunnel,ikev2,AES_GCM_16_256,PASS,0
exp_037_web_tunnel_aes_gcm_16_256_1789043925,11,0,11,1448.0,0.6709878444671631,2158.012267941856,16.393739604530676,131.63636363636363,59.58992094042373,42.0,214.0,143.0,42.0,42.0,82.0,178.0,198.0,206.0,-0.3558930633266656,-1.251258562130808,2.6635327548042547,0.3854358996701753,0.06709878444671631,0.17402540040611186,1.1920928955078125e-05,0.5846009254455566,1.4710426330566407e-05,2.5451183319091797e-05,0.00013697147369384766,0.006099343299865723,0.12844858169555645,0.9219280948873623,2.593531437411767,0.9871503915500935,4,3.5,0.45454545454545453,0.393646408839779,0.5454545454545454,0.606353591160221,1.2499178291171231,-0.212707182320442,1.0,0.0,0.0,0.0,0.2727272727272727,0.0,2,0.6,web,tunnel,ikev2,AES_GCM_16_256,PASS,0
exp_037_web_tunnel_aes_gcm_16_256_1789043925,12,0,9,1351.0,1.0359129905700684,1304.1635854537722,8.687988356094706,150.11111111111111,45.97691315442867,54.0,214.0,159.0,76.4,98.8,130.0,186.0,198.0,206.0,-0.6470709692750202,-0.2597515436698141,3.169925001442312,0.23243572642149446,0.12948912382125854,0.3140339176232402,1.4066696166992188e-05,0.9576170444488525,1.4734268188476562e-05,1.6450881958007812e-05,0.0001519918441772461,0.019576966762542725,0.34172060489654527,0.5435644431995964,2.425157288881091,0.9994874490613667,3,3.6666666666666665,0.3333333333333333,0.35677276091783866,0.6666666666666666,0.6432272390821614,2.500016705323718,-0.28645447816432273,1.0,0.0,0.0,0.0,0.1111111111111111,0.0,2,0.6,web,tunnel,ikev2,AES_GCM_16_256,PASS,0
exp_037_web_tunnel_aes_gcm_16_256_1789043925,13,0,3,498.0,0.001,498000.0,3000.0,166.0,22.861904265976328,138.0,194.0,166.0,140.8,143.6,152.0,180.0,188.4,191.2,0.0,-1.4999999999999996,1.584962500721156,0.0,8.45193862915039e-05,7.045269012451172e-05,1.4066696166992188e-05,0.00015497207641601562,2.815723419189453e-05,4.929304122924805e-05,8.45193862915039e-05,0.00011974573135375977,0.00014088153839111328,1.0,0.8238212781879023,0.0,1,3.0,0.3333333333333333,0.3333333333333333,0.6666666666666666,0.6666666666666666,1.0,-0.3333333333333333,1.0,0.0,0.0,0.0,0.0,0.0,2,1.0,web,tunnel,ikev2,AES_GCM_16_256,PASS,0
exp_038_web_transport_aes_gcm_16_128_1789043970,-1,1,20,2992.0,10.052043914794922,297.65090814976224,1.9896451079529562,149.6,138.52884176228426,42.0,514.0,100.0,42.0,42.0,90.0,110.0,336.8000000000003,506.4,1.774475360855627,1.825841388748299,1.6709505944546688,0.9047191282721809,0.5290549428839433,0.7984796729900333,5.602836608886719e-05,2.2684359550476074,0.00015635490417480468,0.00022804737091064453,0.014744043350219727,1.0004814863204956,1.8897228717803953,1.61078454839968,1.509253763670872,0.9977324718044934,7,3.142857142857143,0.6,0.5521390374331551,0.4,0.44786096256684493,0.6367688674581959,0.10427807486631016,0.8,0.2,0.0,0.0,0.2,0.0,2,0.5454545454545454,web,transport,ikev2,AES_GCM_16_128,PASS,0
exp_038_web_transport_aes_gcm_16_128_1789043970,0,0,4,1624.0,0.10704684257507324,15170.928548042593,37.36681908384875,406.0,104.65180361560904,286.0,514.0,412.0,290.8,295.6,310.0,508.0,511.6,512.8,-0.032665979665104164,-1.9508254627003763,1.5,0.5790099088852613,0.03568228085835775,0.03559929542175519,0.006500959396362305,0.08580183982849121,0.00814957618713379,0.010622501373291016,0.014744043350219727,0.05027294158935547,0.07159028053283692,1.584962500721156,0.9976463644994995,0.8015354564831498,0,1.0,0.5,0.5073891625615764,0.5,0.49261083743842365,0.9180075633055231,0.014778325123152709,0.0,1.0,0.0,0.0,0.0,0.0,0,0.0,web,transport,ikev2,AES_GCM_16_128,PASS,0
exp_038_web_transport_aes_gcm_16_128_1789043970,3,0,4,400.0,0.9060320854187012,441.4854688232697,4.414854688232697,100.0,10.0,90.0,110.0,100.0,90.0,90.0,90.0,110.0,110.0,110.0,0.0,-2.0,1.0,-0.9999999999999999,0.3020106951395671,0.42678157493038715,0.0001811981201171875,0.9055709838867188,0.00020093917846679686,0.00023055076599121094,0.0002799034118652344,0.452925443649292,0.7245127677917481,0.9182958340544896,1.4131292986291835,0.999491075934944,2,2.5,0.5,0.55,0.5,0.45,0.9998899320152156,0.1,1.0,0.0,0.0,0.0,0.0,0.0,2,0.6666666666666666,web,transport,ikev2,AES_GCM_16_128,PASS,0
exp_038_web_transport_aes_gcm_16_128_1789043970,5,0,4,168.0,0.06260395050048828,2683.536720237642,63.893731434229565,42.0,0.0,42.0,42.0,42.0,42.0,42.0,42.0,42.0,42.0,42.0,0.0,0.0,-0.0,0.0,0.02086798350016276,0.029315290658983632,5.602836608886719e-05,0.06232595443725586,8.92162322998047e-05,0.00013899803161621094,0.0002219676971435547,0.03127396106719971,0.049905157089233404,0.9182958340544896,1.4047301661221303,0.9955594485490137,1,4.0,1.0,1.0,0.0,0.0,1.0,1.0,1.0,0.0,0.0,0.0,1.0,0.0,0,0.0,web,transport,ikev2,AES_GCM_16_128,PASS,0
exp_038_web_transport_aes_gcm_16_128_1789043970,6,0,6,368.0,0.1620190143585205,2271.338345422091,37.03269041449062,61.333333333333336,27.94438922017958,42.0,110.0,42.0,42.0,42.0,42.0,78.0,100.0,105.0,0.839513251994994,-1.1294883884253213,1.2516291673878228,0.42597852519521745,0.0324038028717041,0.04119204216566471,5.602836608886719e-05,0.0992438793182373,0.00010209083557128907,0.00017118453979492188,0.0002219676971435547,0.06232595443725586,0.08447670936584473,1.3709505944546687,1.27117089181967,0.9972276056313157,2,3.5,0.8333333333333334,0.7554347826086957,0.16666666666666666,0.24456521739130435,1.0,0.5108695652173914,1.0,0.0,0.0,0.0,0.6666666666666666,0.0,2,1.0,web,transport,ikev2,AES_GCM_16_128,PASS,0
exp_038_web_transport_aes_gcm_16_128_1789043970,9,0,4,400.0,1.095932960510254,364.98582889026767,3.6498582889026765,100.0,10.0,90.0,110.0,100.0,90.0,90.0,90.0,110.0,110.0,110.0,0.0,-2.0,1.0,-0.9999999999999999,0.3653109868367513,0.5162452281249248,0.00023412704467773438,1.0953919887542725,0.0002486705780029297,0.00027048587799072266,0.00030684471130371094,0.5478494167327881,0.8763749599456787,0.9182958340544896,1.4131625753513033,0.9995063824380922,2,2.5,0.5,0.55,0.5,0.45,1.0000654580975514,0.1,1.0,0.0,0.0,0.0,0.0,0.0,2,0.6666666666666666,web,transport,ikev2,AES_GCM_16_128,PASS,0
exp_039_web_tunnel_aes_cbc_256_1789044015,-1,1,22,3604.0,8.795114994049072,409.77292536124077,2.5013885565891503,163.8181818181818,127.83925857520393,54.0,514.0,130.0,54.0,54.0,73.0,146.0,314.80000000000007,496.59999999999985,1.7466831287674085,2.1763757349583557,2.1626441180472606,0.7951869631207928,0.4188149997166225,0.7148347660447099,7.152557373046875e-06,2.172096014022827,1.0967254638671875e-05,2.09808349609375e-05,0.00019216537475585938,0.6742010116577148,1.7929468154907227,1.5064431878202946,1.7067990872564045,0.9967451071156348,6,4.0,0.36363636363636365,0.4716981132075472,0.6363636363636364,0.5283018867924528,1.8584411561595942,-0.05660377358490566,0.8181818181818182,0.18181818181818182,0.0,0.0,0.2727272727272727,0.0,2,0.5454545454545454,web,tunnel,ikev2,AES_CBC_256,PASS,0
exp_039_web_tunnel_aes_cbc_256_1789044015,0,0,4,1624.0,0.027593135833740234,58855.217101283975,144.96358891941867,406.0,104.65180361560904,286.0,514.0,412.0,290.8,295.6,310.0,508.0,511.6,512.8,-0.032665979665104164,-1.9508254627003763,1.5,0.5790099088852613,0.009197711944580078,0.0028690892791002173,0.006257057189941406,0.013089179992675781,0.0066550254821777345,0.0072519779205322266,0.008246898651123047,0.010668039321899414,0.012120723724365234,1.584962500721156,0.3119011983836169,0.0,0,1.0,0.5,0.5073891625615764,0.5,0.49261083743842365,0.6797535915386299,0.014778325123152709,0.0,1.0,0.0,0.0,0.0,0.0,0,0.0,web,tunnel,ikev2,AES_CBC_256,PASS,0
exp_039_web_tunnel_aes_cbc_256_1789044015,1,0,3,330.0,0.001,330000.0,3000.0,110.0,40.13311184877976,54.0,146.0,130.0,61.6,69.2,92.0,138.0,142.8,144.4,-0.6237520947068693,-1.5000000000000002,1.584962500721156,0.0,3.0994415283203125e-05,2.384185791015625e-05,7.152557373046875e-06,5.4836273193359375e-05,1.1920928955078125e-05,1.9073486328125e-05,3.0994415283203125e-05,4.291534423828125e-05,5.0067901611328125e-05,1.0,0.7451881117100172,0.0,1,3.0,0.3333333333333333,0.44242424242424244,0.6666666666666666,0.5575757575757576,1.0,-0.11515151515151516,1.0,0.0,0.0,0.0,0.3333333333333333,0.0,2,1.0,web,tunnel,ikev2,AES_CBC_256,PASS,0
exp_039_web_tunnel_aes_cbc_256_1789044015,2,0,6,660.0,0.6746180057525635,978.331432561963,8.893922114199663,110.0,40.13311184877976,54.0,146.0,130.0,54.0,54.0,73.0,142.0,146.0,146.0,-0.6237520947068693,-1.5000000000000002,1.584962500721156,-0.3488089197868621,0.1349236011505127,0.2696387324779155,7.152557373046875e-06,0.6742010116577148,1.1539459228515626e-05,1.811981201171875e-05,5.4836273193359375e-05,0.0003368854522705078,0.4046553611755372,0.7219280948873623,1.998440093049635,0.9993818811663892,2,3.5,0.3333333333333333,0.44242424242424244,0.6666666666666666,0.5575757575757576,2.998651715703489,-0.11515151515151516,1.0,0.0,0.0,0.0,0.3333333333333333,0.0,2,0.6666666666666666,web,tunnel,ikev2,AES_CBC_256,PASS,0
exp_039_web_tunnel_aes_cbc_256_1789044015,3,0,3,330.0,0.001,330000.0,3000.0,110.0,40.13311184877976,54.0,146.0,130.0,61.6,69.2,92.0,138.0,142.8,144.4,-0.6237520947068693,-1.5000000000000002,1.584962500721156,0.0,0.00017750263214111328,0.00015938282012939453,1.811981201171875e-05,0.0003368854522705078,4.999637603759766e-05,9.781122207641602e-05,0.00017750263214111328,0.00025719404220581055,0.0003050088882446289,1.0,0.8928877866820261,0.0,1,3.0,0.3333333333333333,0.44242424242424244,0.6666666666666666,0.5575757575757576,1.0,-0.11515151515151516,1.0,0.0,0.0,0.0,0.3333333333333333,0.0,2,1.0,web,tunnel,ikev2,AES_CBC_256,PASS,0
exp_039_web_tunnel_aes_cbc_256_1789044015,5,0,3,330.0,0.001,330000.0,3000.0,110.0,40.13311184877976,54.0,146.0,130.0,61.6,69.2,92.0,138.0,142.8,144.4,-0.6237520947068693,-1.5000000000000002,1.584962500721156,0.0,0.00010657310485839844,8.559226989746094e-05,2.09808349609375e-05,0.00019216537475585938,3.809928894042969e-05,6.377696990966797e-05,0.00010657310485839844,0.0001493692398071289,0.0001750469207763672,1.0,0.7956660729475876,0.0,1,3.0,0.3333333333333333,0.44242424242424244,0.6666666666666666,0.5575757575757576,1.0,-0.11515151515151516,1.0,0.0,0.0,0.0,0.3333333333333333,0.0,2,1.0,web,tunnel,ikev2,AES_CBC_256,PASS,0
exp_039_web_tunnel_aes_cbc_256_1789044015,6,0,3,330.0,0.001,330000.0,3000.0,110.0,40.13311184877976,54.0,146.0,130.0,61.6,69.2,92.0,138.0,142.8,144.4,-0.6237520947068693,-1.5000000000000002,1.584962500721156,0.0,0.00010657310485839844,8.559226989746094e-05,2.09808349609375e-05,0.00019216537475585938,3.809928894042969e-05,6.377696990966797e-05,0.00010657310485839844,0.0001493692398071289,0.0001750469207763672,1.0,0.7956660729475876,0.0,1,3.0,0.3333333333333333,0.44242424242424244,0.6666666666666666,0.5575757575757576,1.0,-0.11515151515151516,1.0,0.0,0.0,0.0,0.3333333333333333,0.0,2,1.0,web,tunnel,ikev2,AES_CBC_256,PASS,0
exp_039_web_tunnel_aes_cbc_256_1789044015,7,0,3,330.0,0.001,330000.0,3000.0,110.0,40.13311184877976,54.0,146.0,130.0,61.6,69.2,92.0,138.0,142.8,144.4,-0.6237520947068693,-1.5000000000000002,1.584962500721156,0.0,9.250640869140625e-05,7.343292236328125e-05,1.9073486328125e-05,0.0001659393310546875,3.376007080078125e-05,5.5789947509765625e-05,9.250640869140625e-05,0.00012922286987304688,0.00015125274658203124,1.0,0.7853250209365611,0.0,1,3.0,0.3333333333333333,0.44242424242424244,0.6666666666666666,0.5575757575757576,1.0,-0.11515151515151516,1.0,0.0,0.0,0.0,0.3333333333333333,0.0,2,1.0,web,tunnel,ikev2,AES_CBC_256,PASS,0
exp_039_web_tunnel_aes_cbc_256_1789044015,8,0,3,330.0,0.001,330000.0,3000.0,110.0,40.13311184877976,54.0,146.0,130.0,61.6,69.2,92.0,138.0,142.8,144.4,-0.6237520947068693,-1.5000000000000002,1.584962500721156,0.0,9.250640869140625e-05,7.343292236328125e-05,1.9073486328125e-05,0.0001659393310546875,3.376007080078125e-05,5.5789947509765625e-05,9.250640869140625e-05,0.00012922286987304688,0.00015125274658203124,1.0,0.7853250209365611,0.0,1,3.0,0.3333333333333333,0.44242424242424244,0.6666666666666666,0.5575757575757576,1.0,-0.11515151515151516,1.0,0.0,0.0,0.0,0.3333333333333333,0.0,2,1.0,web,tunnel,ikev2,AES_CBC_256,PASS,0
exp_039_web_tunnel_aes_cbc_256_1789044015,9,0,3,330.0,0.001,330000.0,3000.0,110.0,40.13311184877976,54.0,146.0,130.0,61.6,69.2,92.0,138.0,142.8,144.4,-0.6237520947068693,-1.5000000000000002,1.584962500721156,0.0,5.9485435485839844e-05,4.851818084716797e-05,1.0967254638671875e-05,0.00010800361633300781,2.067089080810547e-05,3.522634506225586e-05,5.9485435485839844e-05,8.374452590942383e-05,9.829998016357422e-05,1.0,0.8021465077907307,0.0,1,3.0,0.3333333333333333,0.44242424242424244,0.6666666666666666,0.5575757575757576,1.0,-0.11515151515151516,1.0,0.0,0.0,0.0,0.3333333333333333,0.0,2,1.0,web,tunnel,ikev2,AES_CBC_256,PASS,0
exp_039_web_tunnel_aes_cbc_256_1789044015,10,0,6,660.0,0.9647958278656006,684.0825602035463,6.2189323654867845,110.0,40.13311184877976,54.0,146.0,130.0,54.0,54.0,73.0,142.0,146.0,146.0,-0.6237520947068693,-1.5000000000000002,1.584962500721156,-0.3488089197868621,0.19295916557312012,0.38580889908904414,1.0013580322265625e-05,0.9645769596099854,1.0395050048828125e-05,1.0967254638671875e-05,8.988380432128906e-05,0.00010800361633300781,0.5787893772125245,0.7219280948873623,1.999422512636921,0.9997731455202294,2,3.5,0.3333333333333333,0.44242424242424244,0.6666666666666666,0.5575757575757576,3.000015879382994,-0.11515151515151516,1.0,0.0,0.0,0.0,0.3333333333333333,0.0,2,0.6666666666666666,web,tunnel,ikev2,AES_CBC_256,PASS,0
exp_039_web_tunnel_aes_cbc_256_1789044015,11,0,3,330.0,0.001,330000.0,3000.0,110.0,40.13311184877976,54.0,146.0,130.0,61.6,69.2,92.0,138.0,142.8,144.4,-0.6237520947068693,-1.5000000000000002,1.584962500721156,0.0,4.9948692321777344e-05,3.993511199951172e-05,1.0013580322265625e-05,8.988380432128906e-05,1.800060272216797e-05,2.9981136322021484e-05,4.9948692321777344e-05,6.99162483215332e-05,8.189678192138672e-05,1.0,0.7838299704984182,0.0,1,3.0,0.3333333333333333,0.44242424242424244,0.6666666666666666,0.5575757575757576,1.0,-0.11515151515151516,1.0,0.0,0.0,0.0,0.3333333333333333,0.0,2,1.0,web,tunnel,ikev2,AES_CBC_256,PASS,0
exp_040_web_transport_aes_cbc_128_1789044058,-1,1,42,7492.0,9.606359958648682,779.8999862851166,4.3721035002636,178.38095238095238,86.98465994507097,106.0,514.0,170.0,106.0,106.0,122.0,186.0,202.0,331.5999999999998,2.690700220725998,7.466896370849307,2.0088056225401765,0.8279779636745315,0.23430146240606542,0.40942000809923695,7.200241088867188e-05,2.165320873260498,0.00012087821960449219,0.00017690658569335938,0.0028600692749023438,0.31302499771118164,0.6598880290985107,1.6320278452275,1.7473995104228928,0.9965297076138748,17,3.235294117647059,0.5,0.48558462359850507,0.5,0.5144153764014949,1.0006709413841963,-0.028830752802989856,0.9047619047619048,0.09523809523809523,0.0,0.0,0.0,0.0,2,0.5135135135135135,web,transport,ikev2,AES_CBC_128,PASS,0
exp_040_web_transport_aes_cbc_128_1789044058,0,0,4,1640.0,0.024523019790649414,66875.9399943611,163.1120487667344,410.0,101.46920715172658,286.0,514.0,420.0,293.2,300.4,322.0,508.0,511.6,512.8,-0.08040378344839896,-1.8875703421157966,1.5,0.6328843056027117,0.00817433993021647,0.0011939714623886678,0.006577014923095703,0.009447097778320312,0.006961393356323242,0.007537961006164551,0.008498907089233398,0.008973002433776855,0.00925745964050293,1.584962500721156,0.14604548221605915,0.0,0,1.0,0.5,0.5121951219512195,0.5,0.4878048780487805,0.8400244009285792,0.024390243902439025,0.0,1.0,0.0,0.0,0.0,0.0,0,0.0,web,transport,ikev2,AES_CBC_128,PASS,0
exp_040_web_transport_aes_cbc_128_1789044058,1,0,4,568.0,0.0026581287384033203,213684.15750291507,1504.818010583909,142.0,30.72458299147443,106.0,186.0,138.0,108.4,110.8,118.0,162.0,176.4,181.2,0.27803055565396284,-1.4266015512783683,2.0,0.1889822365046136,0.0008860429128011068,0.0011497101653094874,7.200241088867188e-05,0.0025119781494140625,7.243156433105469e-05,7.30752944946289e-05,7.414817810058594e-05,0.0012930631637573242,0.002024412155151367,0.9182958340544896,1.2961156091974504,0.0,1,4.0,0.5,0.4859154929577465,0.5,0.5140845070422535,0.9987840689577241,-0.028169014084507043,1.0,0.0,0.0,0.0,0.0,0.0,2,0.6666666666666666,web,transport,ikev2,AES_CBC_128,PASS,0
exp_040_web_transport_aes_cbc_128_1789044058,2,0,8,1104.0,0.7183380126953125,1536.8809397370267,11.136818403891496,138.0,27.712812921102035,106.0,186.0,130.0,106.0,106.0,118.0,158.0,174.8,180.39999999999998,0.4330127018922193,-1.1666666666666667,2.5,0.27116307227332015,0.10261971609933036,0.21231511089265798,7.200241088867188e-05,0.6159310340881348,7.328987121582031e-05,0.00011849403381347656,0.00017690658569335938,0.050960540771484375,0.30601787567138694,1.1488348542809166,2.068930318973319,0.9958266510185441,3,3.3333333333333335,0.5,0.4855072463768116,0.5,0.5144927536231884,0.999849771919351,-0.028985507246376812,1.0,0.0,0.0,0.0,0.0,0.0,2,0.5714285714285714,web,transport,ikev2,AES_CBC_128,PASS,0
exp_040_web_transport_aes_cbc_128_1789044058,3,0,6,924.0,0.9045999050140381,1021.4460502133934,6.632766559827229,154.0,34.56395039150859,106.0,202.0,154.0,110.0,114.0,126.0,182.0,194.0,198.0,0.0,-1.5000000000000004,2.584962500721156,0.8610338613230188,0.18091998100280762,0.3142122198532754,0.0001628398895263672,0.8046269416809082,0.00016846656799316407,0.00017690658569335938,0.00022411346435546875,0.09940910339355469,0.5225398063659669,1.3709505944546687,1.7367373209655508,0.9993766747747266,3,2.6666666666666665,0.5,0.48268398268398266,0.5,0.5173160173160173,0.9999300410859405,-0.03463203463203463,1.0,0.0,0.0,0.0,0.0,0.0,2,0.6,web,transport,ikev2,AES_CBC_128,PASS,0
exp_040_web_transport_aes_cbc_128_1789044058,4,0,4,776.0,0.6603832244873047,1175.0752763328528,6.057089053262128,194.0,8.0,186.0,202.0,194.0,186.0,186.0,186.0,202.0,202.0,202.0,0.0,-2.0,1.0,-1.0,0.22012774149576822,0.31095748205164014,0.00022411346435546875,0.6598880290985107,0.0002335071563720703,0.00024759769439697266,0.00027108192443847656,0.3300795555114746,0.5279646396636963,0.9182958340544896,1.412616453165967,0.9992501393578276,2,2.5,0.5,0.4793814432989691,0.5,0.520618556701031,0.9999273381422444,-0.041237113402061855,1.0,0.0,0.0,0.0,0.0,0.0,2,0.6666666666666666,web,transport,ikev2,AES_CBC_128,PASS,0
exp_040_web_transport_aes_cbc_128_1789044058,5,0,6,956.0,0.4839649200439453,1975.349783437181,12.397592783078542,159.33333333333334,35.37733109712426,106.0,202.0,170.0,110.0,114.0,130.0,186.0,194.0,198.0,-0.3323477320913995,-1.472107438016528,2.251629167387823,0.2307692307692308,0.09679298400878907,0.11971082298503437,0.00012087821960449219,0.27049803733825684,0.00014052391052246093,0.00016999244689941406,0.00027108192443847656,0.2129049301147461,0.24746079444885255,1.3709505944546687,1.2367589185518433,0.9988388567690167,3,2.6666666666666665,0.5,0.48326359832635984,0.5,0.5167364016736402,1.0003063985528802,-0.03347280334728033,1.0,0.0,0.0,0.0,0.0,0.0,2,0.6,web,transport,ikev2,AES_CBC_128,PASS,0
exp_040_web_transport_aes_cbc_128_1789044058,6,0,6,876.0,1.2462959289550781,702.8828223281268,4.814265906357034,146.0,27.325202042558928,106.0,186.0,146.0,110.0,114.0,126.0,166.0,178.0,182.0,0.0,-1.2685714285714282,2.584962500721156,0.14864864864864868,0.24925918579101564,0.3778124220573891,0.00012087821960449219,0.9752910137176514,0.00014052391052246093,0.00016999244689941406,0.00021600723266601562,0.27049803733825684,0.6933738231658937,1.3709505944546687,1.5157351377975543,0.9995932925018901,3,2.6666666666666665,0.5,0.4726027397260274,0.5,0.5273972602739726,0.9999614688152316,-0.0547945205479452,1.0,0.0,0.0,0.0,0.0,0.0,2,0.6,web,transport,ikev2,AES_CBC_128,PASS,0
exp_040_web_transport_aes_cbc_128_1789044058,7,0,8,1200.0,0.704348087310791,1703.703071845646,11.358020478970975,150.0,26.229754097208,106.0,186.0,154.0,111.6,117.2,134.0,170.0,174.8,180.39999999999998,-0.2766253136265852,-1.2666306111411574,2.1556390622295662,0.19192210494974501,0.100621155330113,0.15913400642968878,0.0001270771026611328,0.3874850273132324,0.00018043518066406252,0.00024950504302978516,0.00035190582275390625,0.157942533493042,0.342809009552002,1.1488348542809166,1.581500673560558,0.9945509012439705,3,3.3333333333333335,0.5,0.47333333333333333,0.5,0.5266666666666666,0.9999005934760136,-0.05333333333333334,1.0,0.0,0.0,0.0,0.0,0.0,2,0.5714285714285714,web,transport,ikev2,AES_CBC_128,PASS,0
exp_040_web_transport_aes_cbc_128_1789044058,8,0,10,1460.0,1.0932440757751465,1335.4748791707939,9.147088213498588,146.0,29.718680993610736,106.0,186.0,146.0,106.0,106.0,122.0,170.0,186.0,186.0,0.0,-1.5160680529300568,2.5219280948873624,0.12347864514340776,0.12147156397501628,0.20825093722592217,0.0001270771026611328,0.6369688510894775,0.00013737678527832032,0.00023412704467773438,0.00035190582275390625,0.13925409317016602,0.3778137683868409,1.4466166676282082,1.7143866105333376,0.996344701157893,4,3.25,0.5,0.48356164383561645,0.5,0.5164383561643836,0.9999845629136281,-0.03287671232876712,1.0,0.0,0.0,0.0,0.0,0.0,2,0.5555555555555556,web,transport,ikev2,AES_CBC_128,PASS,0
exp_040_web_transport_aes_cbc_128_1789044058,9,0,6,876.0,0.9448180198669434,927.1626721549671,6.350429261335391,146.0,27.325202042558928,106.0,186.0,146.0,110.0,114.0,126.0,166.0,178.0,182.0,0.0,-1.2685714285714282,2.584962500721156,0.10028244211278006,0.18896360397338868,0.3126772840247525,0.0001399517059326172,0.8049719333648682,0.00017113685607910155,0.00021791458129882812,0.00023412704467773438,0.13925409317016602,0.5386847972869874,1.3709505944546687,1.6546870548771444,0.9993734313704215,3,2.6666666666666665,0.5,0.4726027397260274,0.5,0.5273972602739726,1.0000150462371786,-0.0547945205479452,1.0,0.0,0.0,0.0,0.0,0.0,2,0.6,web,transport,ikev2,AES_CBC_128,PASS,0
exp_040_web_transport_aes_cbc_128_1789044058,10,0,6,892.0,0.7507429122924805,1188.1564053347831,7.9920834439559405,148.66666666666666,28.72087897138402,106.0,186.0,154.0,110.0,114.0,126.0,170.0,178.0,182.0,-0.1856953381770509,-1.4839476813317478,2.251629167387823,0.29475317237328164,0.1501485824584961,0.18906415183630354,0.00010895729064941406,0.44585299491882324,0.0001273632049560547,0.00015497207641601562,0.00021791458129882812,0.30440807342529297,0.38927502632141114,1.3709505944546687,1.2591720119405865,0.9993581771596179,3,2.6666666666666665,0.5,0.4820627802690583,0.5,0.5179372197309418,1.0001425095845662,-0.03587443946188341,1.0,0.0,0.0,0.0,0.0,0.0,2,0.6,web,transport,ikev2,AES_CBC_128,PASS,0
exp_040_web_transport_aes_cbc_128_1789044058,11,0,8,1328.0,1.0421950817108154,1274.2336087597166,7.6761060768657625,166.0,32.7414110874898,106.0,202.0,170.0,111.6,117.2,158.0,190.0,202.0,202.0,-0.7111355716262543,-0.7997326798841611,2.1556390622295662,0.2581391619749032,0.14888501167297363,0.17629596614245746,0.00010895729064941406,0.4331779479980469,0.00011324882507324219,0.00013554096221923828,0.00021982192993164062,0.3042086362838745,0.3559160232543946,1.3787834934861753,1.1841002667845617,0.99942442527743,4,2.75,0.5,0.4759036144578313,0.5,0.5240963855421686,1.0000344153020753,-0.04819277108433735,1.0,0.0,0.0,0.0,0.0,0.0,2,0.5714285714285714,web,transport,ikev2,AES_CBC_128,PASS,0
exp_040_web_transport_aes_cbc_128_1789044058,12,0,4,744.0,0.433513879776001,1716.2080263368475,9.22692487277875,186.0,16.0,170.0,202.0,186.0,170.0,170.0,170.0,202.0,202.0,202.0,0.0,-2.0,1.0,-0.9999999999999998,0.14450462659200033,0.20412286750508538,0.00011610984802246094,0.4331779479980469,0.00013685226440429688,0.00016796588897705078,0.00021982192993164062,0.21669888496398926,0.34658632278442386,0.9182958340544896,1.4125599972754652,0.9992250956806096,2,2.5,0.5,0.45698924731182794,0.5,0.543010752688172,1.0002370488193884,-0.08602150537634409,1.0,0.0,0.0,0.0,0.0,0.0,2,0.6666666666666666,web,transport,ikev2,AES_CBC_128,PASS,0
exp_041_web_tunnel_3des_cbc_1789044102,-1,1,24,2320.0,8.010149002075195,289.6325648123344,2.996198946334494,96.66666666666667,30.8688984074406,54.0,126.0,110.0,54.0,54.0,54.0,126.0,126.0,126.0,-0.5673165779937296,-1.4999999999999993,1.584962500721156,-0.4718754345616259,0.34826734791631286,0.5930128565440052,1.0967254638671875e-05,1.8795039653778076,2.02178955078125e-05,2.7060508728027344e-05,0.00020194053649902344,0.5930010080337524,1.0392619132995606,1.44726249944121,1.702746919414288,0.9997689377027711,8,3.875,0.3333333333333333,0.43448275862068964,0.6666666666666666,0.5655172413793104,2.142835526256742,-0.1310344827586207,1.0,0.0,0.0,0.0,0.3333333333333333,0.0,2,0.5333333333333333,web,tunnel,ikev1,3DES_CBC,CRITICAL_FAIL,0
exp_041_web_tunnel_3des_cbc_1789044102,0,0,6,580.0,1.0202040672302246,568.5137107663718,5.881176318272812,96.66666666666667,30.8688984074406,54.0,126.0,110.0,54.0,54.0,68.0,122.0,126.0,126.0,-0.5673165779937296,-1.4999999999999996,1.584962500721156,-0.33351147532520714,0.2040408134460449,0.40789614487944464,1.0967254638671875e-05,1.0198330879211426,1.773834228515625e-05,2.7894973754882812e-05,9.703636169433594e-05,0.00023508071899414062,0.6119938850402833,0.7219280948873623,1.9990811588591633,0.9996363675454762,2,3.5,0.3333333333333333,0.43448275862068964,0.6666666666666666,0.5655172413793104,2.9995031732089408,-0.1310344827586207,1.0,0.0,0.0,0.0,0.3333333333333333,0.0,2,0.6666666666666666,web,tunnel,ikev1,3DES_CBC,CRITICAL_FAIL,0
exp_041_web_tunnel_3des_cbc_1789044102,1,0,6,580.0,1.0119609832763672,573.1446267050413,5.929082345224565,96.66666666666667,30.8688984074406,54.0,126.0,110.0,54.0,54.0,68.0,122.0,126.0,126.0,-0.5673165779937296,-1.4999999999999996,1.584962500721156,-0.33351147532520714,0.20239219665527344,0.4045508711574845,2.002716064453125e-05,1.0114939212799072,2.3174285888671876e-05,2.7894973754882812e-05,0.00018405914306640625,0.00023508071899414062,0.606990385055542,0.7219280948873623,1.9988363138832994,0.9995384584937773,2,3.5,0.3333333333333333,0.43448275862068964,0.6666666666666666,0.5655172413793104,3.000083009633942,-0.1310344827586207,1.0,0.0,0.0,0.0,0.3333333333333333,0.0,2,0.6666666666666666,web,tunnel,ikev1,3DES_CBC,CRITICAL_FAIL,0
exp_041_web_tunnel_3des_cbc_1789044102,2,0,3,290.0,0.001,290000.0,3000.0,96.66666666666667,30.8688984074406,54.0,126.0,110.0,59.6,65.2,82.0,118.0,122.8,124.4,-0.5673165779937296,-1.4999999999999993,1.584962500721156,0.0,0.00010204315185546875,8.20159912109375e-05,2.002716064453125e-05,0.00018405914306640625,3.643035888671875e-05,6.103515625e-05,0.00010204315185546875,0.0001430511474609375,0.00016765594482421876,1.0,0.7959383009360531,0.0,1,3.0,0.3333333333333333,0.43448275862068964,0.6666666666666666,0.5655172413793104,1.0,-0.1310344827586207,1.0,0.0,0.0,0.0,0.3333333333333333,0.0,2,1.0,web,tunnel,ikev1,3DES_CBC,CRITICAL_FAIL,0
exp_041_web_tunnel_3des_cbc_1789044102,4,0,6,580.0,0.5638089179992676,1028.7173215673638,10.641903326558936,96.66666666666667,30.8688984074406,54.0,126.0,110.0,54.0,54.0,68.0,122.0,126.0,126.0,-0.5673165779937296,-1.4999999999999996,1.584962500721156,-0.33351147532520714,0.11276178359985352,0.2252466701531167,2.09808349609375e-05,0.5632550716400146,2.25067138671875e-05,2.47955322265625e-05,0.00020194053649902344,0.00030612945556640625,0.33807549476623544,0.7219280948873623,1.9975266924273525,0.9990176700978439,2,3.5,0.3333333333333333,0.43448275862068964,0.6666666666666666,0.5655172413793104,3.0004270129202064,-0.1310344827586207,1.0,0.0,0.0,0.0,0.3333333333333333,0.0,2,0.6666666666666666,web,tunnel,ikev1,3DES_CBC,CRITICAL_FAIL,0
exp_041_web_tunnel_3des_cbc_1789044102,5,0,6,580.0,0.5638089179992676,1028.7173215673638,10.641903326558936,96.66666666666667,30.8688984074406,54.0,126.0,110.0,54.0,54.0,68.0,122.0,126.0,126.0,-0.5673165779937296,-1.4999999999999996,1.584962500721156,-0.33351147532520714,0.11276178359985352,0.2252466701531167,2.09808349609375e-05,0.5632550716400146,2.25067138671875e-05,2.47955322265625e-05,0.00020194053649902344,0.00030612945556640625,0.33807549476623544,0.7219280948873623,1.9975266924273525,0.9990176700978439,2,3.5,0.3333333333333333,0.43448275862068964,0.6666666666666666,0.5655172413793104,3.0004270129202064,-0.1310344827586207,1.0,0.0,0.0,0.0,0.3333333333333333,0.0,2,0.6666666666666666,web,tunnel,ikev1,3DES_CBC,CRITICAL_FAIL,0
exp_041_web_tunnel_3des_cbc_1789044102,7,0,3,290.0,0.001,290000.0,3000.0,96.66666666666667,30.8688984074406,54.0,126.0,110.0,59.6,65.2,82.0,118.0,122.8,124.4,-0.5673165779937296,-1.4999999999999993,1.584962500721156,0.0,0.00012958049774169922,0.00010335445404052734,2.6226043701171875e-05,0.00023293495178222656,4.689693450927734e-05,7.790327072143555e-05,0.00012958049774169922,0.0001812577247619629,0.0002122640609741211,1.0,0.7914999240160073,0.0,1,3.0,0.3333333333333333,0.43448275862068964,0.6666666666666666,0.5655172413793104,1.0,-0.1310344827586207,1.0,0.0,0.0,0.0,0.3333333333333333,0.0,2,1.0,web,tunnel,ikev1,3DES_CBC,CRITICAL_FAIL,0
exp_041_web_tunnel_3des_cbc_1789044102,8,0,6,580.0,0.6233060359954834,930.522033327787,9.626089999942623,96.66666666666667,30.8688984074406,54.0,126.0,110.0,54.0,54.0,68.0,122.0,126.0,126.0,-0.5673165779937296,-1.4999999999999996,1.584962500721156,-0.33351147532520714,0.12466120719909668,0.24904288854487844,2.6226043701171875e-05,0.6227469444274902,2.8514862060546874e-05,3.1948089599609375e-05,0.00023293495178222656,0.00026798248291015625,0.3737553596496582,0.7219280948873623,1.9977416904478091,0.9991030223747148,2,3.5,0.3333333333333333,0.43448275862068964,0.6666666666666666,0.5655172413793104,2.9996629836037187,-0.1310344827586207,1.0,0.0,0.0,0.0,0.3333333333333333,0.0,2,0.6666666666666666,web,tunnel,ikev1,3DES_CBC,CRITICAL_FAIL,0
exp_041_web_tunnel_3des_cbc_1789044102,9,0,6,580.0,1.0445818901062012,555.2460802676104,5.743924968285625,96.66666666666667,30.8688984074406,54.0,126.0,110.0,54.0,54.0,68.0,122.0,126.0,126.0,-0.5673165779937296,-1.4999999999999996,1.584962500721156,-0.33351147532520714,0.20891637802124025,0.41760138071861086,1.5020370483398438e-05,1.044119119644165,2.1791458129882814e-05,3.1948089599609375e-05,0.00014781951904296875,0.00026798248291015625,0.6265786647796632,0.7219280948873623,1.9988829300555078,0.9995569801980876,2,3.5,0.3333333333333333,0.43448275862068964,0.6666666666666666,0.5655172413793104,3.000293424130084,-0.1310344827586207,1.0,0.0,0.0,0.0,0.3333333333333333,0.0,2,0.6666666666666666,web,tunnel,ikev1,3DES_CBC,CRITICAL_FAIL,0
exp_041_web_tunnel_3des_cbc_1789044102,10,0,3,290.0,0.001,290000.0,3000.0,96.66666666666667,30.8688984074406,54.0,126.0,110.0,59.6,65.2,82.0,118.0,122.8,124.4,-0.5673165779937296,-1.4999999999999993,1.584962500721156,0.0,8.14199447631836e-05,6.639957427978516e-05,1.5020370483398438e-05,0.00014781951904296875,2.830028533935547e-05,4.8220157623291016e-05,8.14199447631836e-05,0.00011461973190307617,0.0001345396041870117,1.0,0.8056250761944865,0.0,1,3.0,0.3333333333333333,0.43448275862068964,0.6666666666666666,0.5655172413793104,1.0,-0.1310344827586207,1.0,0.0,0.0,0.0,0.3333333333333333,0.0,2,1.0,web,tunnel,ikev1,3DES_CBC,CRITICAL_FAIL,0
exp_042_web_transport_3des_cbc_1789044148,-1,1,27,3262.0,8.937260866165161,364.9887867041385,3.0210598531611708,120.81481481481481,65.11814734660834,42.0,278.0,110.0,42.0,42.0,86.0,122.0,210.8,259.99999999999994,1.0865215621423194,0.3290484927495667,2.430632409490747,0.7117640517021426,0.3437408025448139,0.5870558675813559,3.600120544433594e-05,2.2043721675872803,0.00022745132446289062,0.0002765655517578125,0.013197064399719238,0.6366420984268188,1.1813470125198364,1.6597224094502603,1.707839614603816,0.9832847230971881,11,3.0,0.5925925925925926,0.5726548129981607,0.4074074074074074,0.4273451870018394,0.6667464255539678,0.14530962599632127,0.9259259259259259,0.07407407407407407,0.0,0.0,0.14814814814814814,0.0,2,0.5384615384615384,web,transport,ikev1,3DES_CBC,CRITICAL_FAIL,0
exp_042_web_transport_3des_cbc_1789044148,0,0,9,1722.0,0.11974787712097168,14380.213172884905,75.15790856908488,191.33333333333334,62.87907265360851,94.0,278.0,206.0,100.4,106.8,134.0,218.0,278.0,278.0,-0.14351326179791993,-1.1679665260597276,2.725480556997868,0.19969227721102392,0.01496848464012146,0.012869331492469107,0.0011539459228515625,0.03345608711242676,0.001268768310546875,0.001362144947052002,0.013197064399719238,0.026862144470214844,0.031281137466430665,2.1556390622295662,0.859704378731684,0.0,3,2.6666666666666665,0.5555555555555556,0.5400696864111498,0.4444444444444444,0.45993031358885017,0.9016082365372583,0.08013937282229965,0.7777777777777778,0.2222222222222222,0.0,0.0,0.0,0.0,0,0.0,web,transport,ikev1,3DES_CBC,CRITICAL_FAIL,0
exp_042_web_transport_3des_cbc_1789044148,3,0,4,392.0,0.7941479682922363,493.61078243764894,5.03684471875152,98.0,12.0,86.0,110.0,98.0,86.0,86.0,86.0,110.0,110.0,110.0,0.0,-2.0,1.0,-1.0,0.2647159894307454,0.37405659640641914,0.0001990795135498047,0.7937119007110596,0.00020666122436523436,0.0002180337905883789,0.00023698806762695312,0.39697444438934326,0.635016918182373,0.9182958340544896,1.4130434061327177,0.9994508988266828,2,2.5,0.5,0.5612244897959183,0.5,0.4387755102040816,1.0000464894786782,0.12244897959183673,1.0,0.0,0.0,0.0,0.0,0.0,2,0.6666666666666666,web,transport,ikev1,3DES_CBC,CRITICAL_FAIL,0
exp_042_web_transport_3des_cbc_1789044148,4,0,4,392.0,0.9524030685424805,411.590442059265,4.1999024699925,98.0,12.0,86.0,110.0,98.0,86.0,86.0,86.0,110.0,110.0,110.0,0.0,-2.0,1.0,-1.0,0.31746768951416016,0.4486211723343974,0.0001990795135498047,0.9519138336181641,0.00021729469299316406,0.0002446174621582031,0.00029015541076660156,0.47610199451446533,0.7615890979766846,0.9182958340544896,1.413119426110799,0.9994863152582393,2,2.5,0.5,0.5612244897959183,0.5,0.4387755102040816,0.9999033024419346,0.12244897959183673,1.0,0.0,0.0,0.0,0.0,0.0,2,0.6666666666666666,web,transport,ikev1,3DES_CBC,CRITICAL_FAIL,0
exp_042_web_transport_3des_cbc_1789044148,5,0,6,364.0,1.1618731021881104,313.28722501148616,5.16407513755197,60.666666666666664,27.29265265394496,42.0,110.0,42.0,42.0,42.0,42.0,75.0,98.0,104.0,0.9043088185189075,-0.9511907542107862,1.2516291673878228,0.800991683930063,0.23237462043762208,0.45074458427609465,3.600120544433594e-05,1.1336610317230225,0.0001376628875732422,0.00029015541076660156,0.0023889541625976562,0.025496959686279297,0.6903954029083252,0.7219280948873623,1.9397240701379455,0.9757184580553959,2,3.0,0.8333333333333334,0.7637362637362637,0.16666666666666666,0.23626373626373626,1.0,0.5274725274725275,1.0,0.0,0.0,0.0,0.6666666666666666,0.0,2,1.0,web,transport,ikev1,3DES_CBC,CRITICAL_FAIL,0
exp_042_web_transport_3des_cbc_1789044148,6,0,6,364.0,0.24886178970336914,1462.6592552993768,24.10976794449522,60.666666666666664,27.29265265394496,42.0,110.0,42.0,42.0,42.0,42.0,75.0,98.0,104.0,0.9043088185189077,-0.9511907542107862,1.2516291673878228,0.3794171134405563,0.04977235794067383,0.08600883259219659,3.600120544433594e-05,0.22072196006774902,0.00010876655578613281,0.00021791458129882812,0.0023889541625976562,0.025496959686279297,0.14263195991516114,1.3709505944546687,1.728009444223409,0.8869258729145949,2,3.5,0.8333333333333334,0.7637362637362637,0.16666666666666666,0.23626373626373626,1.0,0.5274725274725275,1.0,0.0,0.0,0.0,0.6666666666666666,0.0,2,1.0,web,transport,ikev1,3DES_CBC,CRITICAL_FAIL,0
exp_042_web_transport_3des_cbc_1789044148,7,0,4,392.0,1.229522943496704,318.82284269146766,3.2532943131782415,98.0,12.0,86.0,110.0,98.0,86.0,86.0,86.0,110.0,110.0,110.0,0.0,-2.0,1.0,-1.0,0.40984098116556805,0.5792562273072688,0.00021791458129882812,1.2290329933166504,0.00022873878479003906,0.00024497509002685547,0.0002720355987548828,0.6146525144577026,0.9832808017730713,0.9182958340544896,1.4133647940601302,0.9996015119663727,2,2.5,0.5,0.5612244897959183,0.5,0.4387755102040816,0.9999551608662454,0.12244897959183673,1.0,0.0,0.0,0.0,0.0,0.0,2,0.6666666666666666,web,transport,ikev1,3DES_CBC,CRITICAL_FAIL,0
exp_042_web_transport_3des_cbc_1789044148,10,0,4,392.0,0.775784969329834,505.2946570215601,5.15606792879143,98.0,12.0,86.0,110.0,98.0,86.0,86.0,86.0,110.0,110.0,110.0,0.0,-2.0,1.0,-1.0,0.25859498977661133,0.36535299103272134,0.00023889541625976562,0.7752821445465088,0.00024390220642089844,0.00025141239166259766,0.0002639293670654297,0.3877730369567871,0.6202785015106201,0.9182958340544896,1.412833166316045,0.9993518503152239,2,2.5,0.5,0.5612244897959183,0.5,0.4387755102040816,1.00003099067411,0.12244897959183673,1.0,0.0,0.0,0.0,0.0,0.0,2,0.6666666666666666,web,transport,ikev1,3DES_CBC,CRITICAL_FAIL,0
exp_043_web_tunnel_aes_gcm_16_256_1789044192,-1,1,69,10607.0,11.619340896606445,912.8744990258346,5.938374699046157,153.7246376811594,82.08265259330247,42.0,514.0,142.0,46.800000000000004,54.0,118.0,186.0,207.60000000000002,250.79999999999973,2.226442465626271,8.038679131240848,2.4366569360765737,0.6877123742808441,0.17087266024421244,0.36249383828827914,1.2874603271484375e-05,2.230703830718994,2.0694732666015624e-05,2.956390380859375e-05,0.00024700164794921875,0.22148317098617554,0.5596153259277346,1.292251814812986,2.12141436995148,0.9932916655791536,21,3.9523809523809526,0.391304347826087,0.40595832940510984,0.6086956521739131,0.5940416705948902,1.8125950098718213,-0.18808334118978035,0.9420289855072463,0.057971014492753624,0.0,0.0,0.15942028985507245,0.0,2,1.0,web,tunnel,ikev2,AES_GCM_16_256,PASS,0
exp_043_web_tunnel_aes_gcm_16_256_1789044192,0,0,4,1608.0,0.09839010238647461,16343.107294306941,40.65449575698244,402.0,109.36178491593853,270.0,514.0,412.0,277.2,284.4,306.0,508.0,511.6,512.8,-0.06935955084097174,-1.9029053366293442,1.5,0.62433452397764,0.03279670079549154,0.032499447496052096,0.007898092269897461,0.07870292663574219,0.008676290512084961,0.009843587875366211,0.011789083480834961,0.045246005058288574,0.06532015800476075,0.9182958340544896,0.990906274153204,0.7999069492437203,0,1.0,0.5,0.5124378109452736,0.5,0.48756218905472637,0.9569912504189698,0.024875621890547265,0.0,1.0,0.0,0.0,0.0,0.0,0,0.0,web,tunnel,ikev2,AES_GCM_16_256,PASS,0
exp_043_web_tunnel_aes_gcm_16_256_1789044192,2,0,3,503.0,0.001,503000.0,3000.0,167.66666666666666,25.772509040103607,135.0,198.0,170.0,138.5,142.0,152.5,184.0,192.4,195.2,-0.1350615227847397,-1.4999999999999998,1.584962500721156,0.0,0.000152587890625,0.00012445449829101562,2.8133392333984375e-05,0.0002770423889160156,5.30242919921875e-05,9.036064147949219e-05,0.000152587890625,0.0002148151397705078,0.0002521514892578125,1.0,0.8103145227437466,0.0,1,3.0,0.3333333333333333,0.3379721669980119,0.6666666666666666,0.6620278330019881,1.0,-0.3240556660039761,1.0,0.0,0.0,0.0,0.0,0.0,2,1.0,web,tunnel,ikev2,AES_GCM_16_256,PASS,0
exp_043_web_tunnel_aes_gcm_16_256_1789044192,3,0,9,1363.0,1.002441167831421,1359.6807909920294,8.978082992610611,151.44444444444446,45.56585249482607,54.0,214.0,150.0,79.6,105.2,135.0,186.0,201.2,207.6,-0.6767435387194476,-0.0854831820655586,2.94770277922009,0.4590405340175548,0.1253051459789276,0.3096823827442813,2.002716064453125e-05,0.943091869354248,2.5701522827148437e-05,3.0994415283203125e-05,0.0002620220184326172,0.014844357967376709,0.3238278627395628,0.5435644431995964,2.471406173455847,0.9990819454100006,3,3.6666666666666665,0.3333333333333333,0.36243580337490827,0.6666666666666666,0.6375641966250917,2.4998400274814174,-0.2751283932501834,1.0,0.0,0.0,0.0,0.1111111111111111,0.0,2,1.0,web,tunnel,ikev2,AES_GCM_16_256,PASS,0
exp_043_web_tunnel_aes_gcm_16_256_1789044192,4,0,12,1662.0,1.010617971420288,1644.5383389178028,11.873923024677277,138.5,47.51227911463169,54.0,214.0,138.0,54.0,60.400000000000006,118.0,171.0,193.2,203.0,-0.3833503881499196,-0.5473530911660096,3.084962500721156,0.32766753194032816,0.09187436103820801,0.22587421180663061,2.002716064453125e-05,0.7905018329620361,2.288818359375e-05,2.9921531677246094e-05,0.00024700164794921875,0.029372572898864746,0.1604781150817871,0.8658566174572235,2.458485161355685,0.9988036818572256,4,3.75,0.3333333333333333,0.3778580024067389,0.6666666666666666,0.6221419975932612,2.3331233579914494,-0.24428399518652227,1.0,0.0,0.0,0.0,0.16666666666666666,0.0,2,1.0,web,tunnel,ikev2,AES_GCM_16_256,PASS,0
exp_043_web_tunnel_aes_gcm_16_256_1789044192,5,0,15,2127.0,0.9001531600952148,2362.9312147001892,16.663830851200206,141.8,43.888039372931665,54.0,206.0,138.0,54.0,79.60000000000001,123.5,172.0,194.0,197.6,-0.5985007988103153,-0.2368837839420057,2.472905595320056,0.2115146397800303,0.06429665429251534,0.10398754784502658,1.9073486328125e-05,0.27954602241516113,2.0885467529296874e-05,2.4318695068359375e-05,0.00019252300262451172,0.12043559551239014,0.23157224655151368,1.2916919971380596,1.6172836939267845,0.9986711750128989,5,3.8,0.3333333333333333,0.3695345557122708,0.6666666666666666,0.6304654442877292,2.250130098431579,-0.2609308885754584,1.0,0.0,0.0,0.0,0.13333333333333333,0.0,2,1.0,web,tunnel,ikev2,AES_GCM_16_256,PASS,0
exp_043_web_tunnel_aes_gcm_16_256_1789044192,6,0,12,1838.0,1.0531351566314697,1745.2650672863094,11.394548861499299,153.16666666666666,41.1599184752459,54.0,206.0,154.0,89.2,119.1,135.0,182.0,201.2,203.8,-0.8167560906490583,0.35555916242228225,2.4591479170272446,0.1361040888415302,0.09573955969376997,0.17281922994983526,1.9073486328125e-05,0.5485849380493164,2.002716064453125e-05,2.205371856689453e-05,0.00017905235290527344,0.11220097541809082,0.27954602241516113,1.2776134368191154,1.8050785424965605,0.9992381998515338,4,3.75,0.3333333333333333,0.35690968443960824,0.6666666666666666,0.6430903155603918,2.3332845366042707,-0.28618063112078346,1.0,0.0,0.0,0.0,0.08333333333333333,0.0,2,1.0,web,tunnel,ikev2,AES_GCM_16_256,PASS,0
exp_043_web_tunnel_aes_gcm_16_256_1789044192,7,0,9,1315.0,0.9586279392242432,1371.752216051773,9.38841820871936,146.11111111111111,42.443280961365744,54.0,202.0,138.0,79.6,105.2,132.0,174.0,195.6,198.8,-0.7176995650772461,0.028063493683480267,2.197159723424149,0.15546782636292888,0.1198284924030304,0.20856153716268822,2.002716064453125e-05,0.5237360000610352,2.0694732666015624e-05,2.1696090698242188e-05,0.00017201900482177734,0.10874927043914795,0.46108102798461914,1.061278124459133,1.7404858602022573,0.9993083426412358,3,3.6666666666666665,0.3333333333333333,0.3634980988593156,0.6666666666666666,0.6365019011406844,2.499728876600766,-0.27300380228136883,1.0,0.0,0.0,0.0,0.1111111111111111,0.0,2,1.0,web,tunnel,ikev2,AES_GCM_16_256,PASS,0
exp_043_web_tunnel_aes_gcm_16_256_1789044192,8,0,12,1686.0,0.9802391529083252,1719.988428331713,12.241910521933901,140.5,49.48484616526559,54.0,222.0,138.0,54.0,60.400000000000006,118.0,173.0,194.0,206.59999999999997,-0.30830564422207235,-0.588723596359364,2.918295834054489,0.3194724027195194,0.0891126502643932,0.1773464846153314,1.2874603271484375e-05,0.5237360000610352,1.9073486328125e-05,2.09808349609375e-05,0.00016498565673828125,0.030997037887573242,0.3939671516418457,1.2776134368191154,1.9901158137856356,0.9991859262284256,4,3.75,0.3333333333333333,0.37722419928825623,0.6666666666666666,0.6227758007117438,2.3332020095601087,-0.24555160142348753,1.0,0.0,0.0,0.0,0.16666666666666666,0.0,2,1.0,web,tunnel,ikev2,AES_GCM_16_256,PASS,0
exp_043_web_tunnel_aes_gcm_16_256_1789044192,9,0,12,1803.0,0.8698117733001709,2072.862262095166,13.796088266856346,150.25,42.856592258367904,54.0,222.0,154.0,86.45,113.5,124.0,181.0,193.6,206.59999999999997,-0.48023478555050136,0.02553145672023316,3.0849625007211556,0.25382021818324985,0.07907379757274281,0.17239728518715342,1.2874603271484375e-05,0.585352897644043,1.811981201171875e-05,2.3484230041503906e-05,0.0001499652862548828,0.030992507934570312,0.22194290161132812,1.2776134368191154,2.1801799116660527,0.9991055998004525,4,3.75,0.3333333333333333,0.35718247365501943,0.6666666666666666,0.6428175263449806,2.332869356615621,-0.2856350526899612,1.0,0.0,0.0,0.0,0.08333333333333333,0.0,2,1.0,web,tunnel,ikev2,AES_GCM_16_256,PASS,0
exp_043_web_tunnel_aes_gcm_16_256_1789044192,10,0,12,1780.0,1.2160530090332031,1463.7519801995727,9.867990877749929,148.33333333333334,41.04536785341583,54.0,214.0,150.5,86.45,113.5,124.0,180.0,189.6,200.79999999999998,-0.5857903186788125,0.12055667341095422,3.0849625007211556,0.03254709365377317,0.11055027354847301,0.20066159463183403,1.811981201171875e-05,0.6286611557006836,2.288818359375e-05,2.6464462280273438e-05,0.0002079010009765625,0.11109495162963867,0.36452317237854004,1.2776134368191154,1.8150998011239616,0.9992387014909923,4,3.75,0.3333333333333333,0.35730337078651686,0.6666666666666666,0.6426966292134831,2.3331606814002046,-0.2853932584269663,1.0,0.0,0.0,0.0,0.08333333333333333,0.0,2,1.0,web,tunnel,ikev2,AES_GCM_16_256,PASS,0
exp_043_web_tunnel_aes_gcm_16_256_1789044192,11,0,9,1329.0,0.5866439342498779,2265.428690913421,15.341503550203754,147.66666666666666,44.42721888412303,54.0,214.0,151.0,79.6,105.2,124.0,186.0,191.6,202.79999999999998,-0.5782738318155113,-0.09768783653537394,2.725480556997868,0.09966572903529103,0.07333049178123474,0.13174092210522997,2.288818359375e-05,0.36452317237854004,2.4390220642089843e-05,3.0934810638427734e-05,0.000217437744140625,0.055538833141326904,0.2642879009246826,1.061278124459133,1.7965122337650574,0.9986519345369332,3,3.6666666666666665,0.3333333333333333,0.36267870579382994,0.6666666666666666,0.63732129420617,2.4996331041349076,-0.2746425884123401,1.0,0.0,0.0,0.0,0.1111111111111111,0.0,2,1.0,web,tunnel,ikev2,AES_GCM_16_256,PASS,0
exp_043_web_tunnel_aes_gcm_16_256_1789044192,12,0,10,1362.0,1.310276985168457,1039.4748708990664,7.631974088833088,136.2,35.58033164544704,54.0,186.0,140.0,81.0,108.0,119.5,156.0,178.8,182.39999999999998,-0.8091503707269714,0.4627770538494751,2.7219280948873625,0.0720121375219575,0.14558633168538412,0.25182778044171783,2.5987625122070312e-05,0.7856180667877197,2.923011779785156e-05,3.2901763916015625e-05,0.0002751350402832031,0.2019939422607422,0.4145147800445558,1.4466166676282082,1.7297369044850723,0.999293265644049,3,3.6666666666666665,0.4,0.43171806167400884,0.6,0.5682819383259912,1.9709111326905608,-0.13656387665198239,1.0,0.0,0.0,0.0,0.1,0.0,2,1.0,web,tunnel,ikev2,AES_GCM_16_256,PASS,0
exp_043_web_tunnel_aes_gcm_16_256_1789044192,13,0,7,894.0,0.5243508815765381,1704.9651891726728,13.34983928882406,127.71428571428571,35.959160508690914,54.0,178.0,138.0,72.0,90.0,116.0,146.0,161.20000000000002,169.59999999999997,-0.8043997889925749,0.09841521273339326,2.521640636343318,-0.023145519026833296,0.08739181359608968,0.12812344349331356,2.5987625122070312e-05,0.32173895835876465,2.8014183044433594e-05,7.95125961303711e-05,0.0002809762954711914,0.15157896280288696,0.2618664503097534,1.2516291673878228,1.4660638354713225,0.9988214362200113,2,3.5,0.42857142857142855,0.4809843400447427,0.5714285714285714,0.5190156599552572,2.4424317609409947,-0.03803131991051454,1.0,0.0,0.0,0.0,0.14285714285714285,0.0,2,1.0,web,tunnel,ikev2,AES_GCM_16_256,PASS,0
exp_043_web_tunnel_aes_gcm_16_256_1789044192,14,0,4,168.0,0.05329298973083496,3152.3845978338186,75.05677613890045,42.0,0.0,42.0,42.0,42.0,42.0,42.0,42.0,42.0,42.0,42.0,0.0,0.0,-0.0,0.0,0.01776432991027832,0.013862148392525881,0.00010800361633300781,0.03397011756896973,0.0039293766021728516,0.009661436080932617,0.019214868545532227,0.026592493057250977,0.03101906776428223,1.584962500721156,0.7802922018636866,0.0,1,3.0,1.0,1.0,0.0,0.0,1.0,1.0,1.0,0.0,0.0,0.0,1.0,0.0,0,0.0,web,tunnel,ikev2,AES_GCM_16_256,PASS,0
exp_043_web_tunnel_aes_gcm_16_256_1789044192,15,0,4,168.0,0.05329298973083496,3152.3845978338186,75.05677613890045,42.0,0.0,42.0,42.0,42.0,42.0,42.0,42.0,42.0,42.0,42.0,0.0,0.0,-0.0,0.0,0.01776432991027832,0.013862148392525881,0.00010800361633300781,0.03397011756896973,0.0039293766021728516,0.009661436080932617,0.019214868545532227,0.026592493057250977,0.03101906776428223,1.584962500721156,0.7802922018636866,0.0,1,3.0,1.0,1.0,0.0,0.0,1.0,1.0,1.0,0.0,0.0,0.0,1.0,0.0,0,0.0,web,tunnel,ikev2,AES_GCM_16_256,PASS,0
exp_044_web_transport_aes_gcm_16_128_1789044238,-1,1,14,2624.0,8.946019887924194,293.31479617455494,1.564941747882534,187.42857142857142,149.3651873217902,90.0,514.0,110.0,90.0,90.0,90.0,242.0,449.6000000000002,508.8,1.358944003187061,0.25604834505361396,1.2916919971380594,0.8971280727247053,0.6881553759941688,0.8871334590559903,0.00014209747314453125,2.22599196434021,0.0001987457275390625,0.00022602081298828125,0.00890803337097168,1.766273021697998,1.9205860137939454,1.7004397181410922,1.2891451565414365,0.9981627472091483,5,3.0,0.5,0.5236280487804879,0.5,0.4763719512195122,1.00069610724095,0.04725609756097561,0.7142857142857143,0.2857142857142857,0.0,0.0,0.0,0.0,2,0.5555555555555556,web,transport,ikev2,AES_GCM_16_128,PASS,0
exp_044_web_transport_aes_gcm_16_128_1789044238,0,0,4,1624.0,0.07893991470336914,20572.609003980695,50.67145074872092,406.0,104.65180361560904,286.0,514.0,412.0,290.8,295.6,310.0,508.0,511.6,512.8,-0.032665979665104164,-1.9508254627003763,1.5,0.5790099088852613,0.026313304901123047,0.026393013909969884,0.00642085075378418,0.06361103057861328,0.00691828727722168,0.00766444206237793,0.00890803337097168,0.03625953197479248,0.052670431137084965,0.9182958340544896,1.0029911110759941,0.8058158007598959,0,1.0,0.5,0.5073891625615764,0.5,0.49261083743842365,0.9656897349274642,0.014778325123152709,0.0,1.0,0.0,0.0,0.0,0.0,0,0.0,web,transport,ikev2,AES_GCM_16_128,PASS,0
exp_045_web_tunnel_aes_cbc_256_1789044282,-1,1,16,2880.0,7.907444953918457,364.2137272890966,2.0234095960505365,180.0,144.07636863830237,54.0,514.0,130.0,54.0,54.0,105.0,175.0,412.0,508.0,1.3927682834064699,0.6688431650764572,2.25,0.8482490072358277,0.5271629969278971,0.8677634453966423,1.7881393432617188e-05,2.261514902114868,2.0599365234375e-05,0.00011157989501953125,0.0002799034118652344,0.8777800798416138,1.9355342864990235,1.2366407419411674,1.646097704800828,0.9974268403389134,4,4.0,0.375,0.4777777777777778,0.625,0.5222222222222223,1.80200730043362,-0.044444444444444446,0.75,0.25,0.0,0.0,0.25,0.0,2,0.5714285714285714,web,tunnel,ikev2,AES_CBC_256,PASS,0
exp_045_web_tunnel_aes_cbc_256_1789044282,0,0,4,1624.0,0.08479499816894531,19152.07305936073,47.17259374226781,406.0,104.65180361560904,286.0,514.0,412.0,290.8,295.6,310.0,508.0,511.6,512.8,-0.032665979665104164,-1.9508254627003763,1.5,0.5790099088852613,0.028264999389648438,0.026347316592798146,0.009122848510742188,0.0655210018157959,0.009328508377075195,0.009636998176574707,0.010151147842407227,0.03783607482910156,0.05444703102111817,0.9182958340544896,0.9321204684681006,0.7726989000607328,0,1.0,0.5,0.5073891625615764,0.5,0.49261083743842365,0.9863980905206915,0.014778325123152709,0.0,1.0,0.0,0.0,0.0,0.0,0,0.0,web,tunnel,ikev2,AES_CBC_256,PASS,0
exp_045_web_tunnel_aes_cbc_256_1789044282,2,0,3,314.0,0.001,314000.0,3000.0,104.66666666666667,36.41733408999377,54.0,138.0,122.0,60.8,67.6,88.0,130.0,134.8,136.4,-0.6061201421137351,-1.5000000000000002,1.584962500721156,0.0,0.00010752677917480469,8.96453857421875e-05,1.7881393432617188e-05,0.0001971721649169922,3.5810470581054685e-05,6.270408630371094e-05,0.00010752677917480469,0.00015234947204589844,0.00017924308776855468,1.0,0.826020880964275,0.0,1,3.0,0.3333333333333333,0.4394904458598726,0.6666666666666666,0.5605095541401274,1.0,-0.12101910828025478,1.0,0.0,0.0,0.0,0.3333333333333333,0.0,2,1.0,web,tunnel,ikev2,AES_CBC_256,PASS,0
exp_045_web_tunnel_aes_cbc_256_1789044282,3,0,3,314.0,0.001,314000.0,3000.0,104.66666666666667,36.41733408999377,54.0,138.0,122.0,60.8,67.6,88.0,130.0,134.8,136.4,-0.6061201421137351,-1.5000000000000002,1.584962500721156,0.0,0.00010752677917480469,8.96453857421875e-05,1.7881393432617188e-05,0.0001971721649169922,3.5810470581054685e-05,6.270408630371094e-05,0.00010752677917480469,0.00015234947204589844,0.00017924308776855468,1.0,0.826020880964275,0.0,1,3.0,0.3333333333333333,0.4394904458598726,0.6666666666666666,0.5605095541401274,1.0,-0.12101910828025478,1.0,0.0,0.0,0.0,0.3333333333333333,0.0,2,1.0,web,tunnel,ikev2,AES_CBC_256,PASS,0
exp_045_web_tunnel_aes_cbc_256_1789044282,4,0,3,314.0,0.001,314000.0,3000.0,104.66666666666667,36.41733408999377,54.0,138.0,122.0,60.8,67.6,88.0,130.0,134.8,136.4,-0.6061201421137351,-1.5000000000000002,1.584962500721156,0.0,0.0001475811004638672,0.0001285076141357422,1.9073486328125e-05,0.0002760887145996094,4.477500915527344e-05,8.33272933959961e-05,0.0001475811004638672,0.00021183490753173828,0.00025038719177246095,1.0,0.8648987908592951,0.0,1,3.0,0.3333333333333333,0.4394904458598726,0.6666666666666666,0.5605095541401274,1.0,-0.12101910828025478,1.0,0.0,0.0,0.0,0.3333333333333333,0.0,2,1.0,web,tunnel,ikev2,AES_CBC_256,PASS,0
exp_045_web_tunnel_aes_cbc_256_1789044282,5,0,3,314.0,0.001,314000.0,3000.0,104.66666666666667,36.41733408999377,54.0,138.0,122.0,60.8,67.6,88.0,130.0,134.8,136.4,-0.6061201421137351,-1.5000000000000002,1.584962500721156,0.0,0.0001475811004638672,0.0001285076141357422,1.9073486328125e-05,0.0002760887145996094,4.477500915527344e-05,8.33272933959961e-05,0.0001475811004638672,0.00021183490753173828,0.00025038719177246095,1.0,0.8648987908592951,0.0,1,3.0,0.3333333333333333,0.4394904458598726,0.6666666666666666,0.5605095541401274,1.0,-0.12101910828025478,1.0,0.0,0.0,0.0,0.3333333333333333,0.0,2,1.0,web,tunnel,ikev2,AES_CBC_256,PASS,0
exp_045_web_tunnel_aes_cbc_256_1789044282,7,0,3,314.0,0.001,314000.0,3000.0,104.66666666666667,36.41733408999377,54.0,138.0,122.0,60.8,67.6,88.0,130.0,134.8,136.4,-0.6061201421137351,-1.5000000000000002,1.584962500721156,0.0,0.0001285076141357422,0.00010561943054199219,2.288818359375e-05,0.00023412704467773438,4.401206970214844e-05,7.56978988647461e-05,0.0001285076141357422,0.00018131732940673828,0.00021300315856933593,1.0,0.8155461070519621,0.0,1,3.0,0.3333333333333333,0.4394904458598726,0.6666666666666666,0.5605095541401274,1.0,-0.12101910828025478,1.0,0.0,0.0,0.0,0.3333333333333333,0.0,2,1.0,web,tunnel,ikev2,AES_CBC_256,PASS,0
exp_045_web_tunnel_aes_cbc_256_1789044282,8,0,3,314.0,0.001,314000.0,3000.0,104.66666666666667,36.41733408999377,54.0,138.0,122.0,60.8,67.6,88.0,130.0,134.8,136.4,-0.6061201421137351,-1.5000000000000002,1.584962500721156,0.0,0.0001285076141357422,0.00010561943054199219,2.288818359375e-05,0.00023412704467773438,4.401206970214844e-05,7.56978988647461e-05,0.0001285076141357422,0.00018131732940673828,0.00021300315856933593,1.0,0.8155461070519621,0.0,1,3.0,0.3333333333333333,0.4394904458598726,0.6666666666666666,0.5605095541401274,1.0,-0.12101910828025478,1.0,0.0,0.0,0.0,0.3333333333333333,0.0,2,1.0,web,tunnel,ikev2,AES_CBC_256,PASS,0
exp_045_web_tunnel_aes_cbc_256_1789044282,9,0,3,314.0,0.001,314000.0,3000.0,104.66666666666667,36.41733408999377,54.0,138.0,122.0,60.8,67.6,88.0,130.0,134.8,136.4,-0.6061201421137351,-1.5000000000000002,1.584962500721156,0.0,0.00015294551849365234,0.00012695789337158203,2.5987625122070312e-05,0.0002799034118652344,5.137920379638672e-05,8.946657180786133e-05,0.00015294551849365234,0.00021642446517944336,0.00025451183319091797,1.0,0.8246936618477588,0.0,1,3.0,0.3333333333333333,0.4394904458598726,0.6666666666666666,0.5605095541401274,1.0,-0.12101910828025478,1.0,0.0,0.0,0.0,0.3333333333333333,0.0,2,1.0,web,tunnel,ikev2,AES_CBC_256,PASS,0
exp_045_web_tunnel_aes_cbc_256_1789044282,10,0,3,314.0,0.001,314000.0,3000.0,104.66666666666667,36.41733408999377,54.0,138.0,122.0,60.8,67.6,88.0,130.0,134.8,136.4,-0.6061201421137351,-1.5000000000000002,1.584962500721156,0.0,0.00015294551849365234,0.00012695789337158203,2.5987625122070312e-05,0.0002799034118652344,5.137920379638672e-05,8.946657180786133e-05,0.00015294551849365234,0.00021642446517944336,0.00025451183319091797,1.0,0.8246936618477588,0.0,1,3.0,0.3333333333333333,0.4394904458598726,0.6666666666666666,0.5605095541401274,1.0,-0.12101910828025478,1.0,0.0,0.0,0.0,0.3333333333333333,0.0,2,1.0,web,tunnel,ikev2,AES_CBC_256,PASS,0
exp_046_chat_tunnel_aes_gcm_16_256_1789044324,-1,1,44,8181.0,5.476360082626343,1493.8754714019044,8.034533766249089,185.9318181818182,83.18965127053004,42.0,394.0,176.0,42.0,111.0,145.5,211.75,317.20000000000005,347.0,0.5769810879273216,0.1804891110775415,3.031073997626354,0.52195436436649,0.12735721122386845,0.20923027803759492,0.0,0.682506799697876,1.3303756713867189e-05,1.8477439880371094e-05,0.00015091896057128906,0.21885204315185547,0.4564748287200928,1.8533266997983056,1.6428487494207413,0.9984076723591817,12,4.25,0.45454545454545453,0.4185307419630852,0.5454545454545454,0.5814692580369148,1.210499992885073,-0.16293851607382961,0.7954545454545454,0.20454545454545456,0.0,0.0,0.09090909090909091,0.0,2,0.4074074074074074,chat,tunnel,ikev2,AES_GCM_16_256,PASS,0
exp_046_chat_tunnel_aes_gcm_16_256_1789044324,0,0,18,3772.0,1.497175931930542,2519.4099902048074,12.02263516004415,209.55555555555554,62.83242459309455,131.0,350.0,196.0,133.55,141.0,167.0,244.75,296.8,326.19999999999993,0.7780021333831748,-0.4132410024360311,2.974937501201927,0.34592213914140163,0.08806917246650248,0.1751411668864352,0.0,0.5100979804992676,3.004074096679688e-06,1.5020370483398438e-05,5.507469177246094e-05,0.00023293495178222656,0.4305416584014893,1.1400677626718572,1.9886547508811816,0.9994270345726829,5,4.4,0.3333333333333333,0.3372216330858961,0.6666666666666666,0.662778366914104,2.1997049557854162,-0.3255567338282078,0.7222222222222222,0.2777777777777778,0.0,0.0,0.0,0.0,2,0.45454545454545453,chat,tunnel,ikev2,AES_GCM_16_256,PASS,0
exp_046_chat_tunnel_aes_gcm_16_256_1789044324,1,0,10,1198.0,0.8127231597900391,1474.0566767034106,12.30431282724049,119.8,66.67203311734238,42.0,206.0,139.0,42.0,42.0,42.0,176.0,198.8,202.39999999999998,-0.14314945201590903,-1.6975206801655527,2.1219280948873624,0.7889573766372047,0.09030257331000434,0.1687894689438221,1.6927719116210938e-05,0.41231608390808105,1.7690658569335938e-05,2.193450927734375e-05,0.00014710426330566406,0.00023293495178222656,0.40225844383239745,0.7642045065086203,1.8691338864784728,0.9991841722971784,3,4.0,0.6,0.4307178631051753,0.4,0.5692821368948247,1.181893998580656,-0.13856427378964942,1.0,0.0,0.0,0.0,0.4,0.0,2,0.6666666666666666,chat,tunnel,ikev2,AES_GCM_16_256,PASS,0
exp_046_chat_tunnel_aes_gcm_16_256_1789044324,2,0,10,1172.0,0.929650068283081,1260.689414205607,10.756735616088797,117.2,66.55794467980513,42.0,218.0,131.5,42.0,42.0,42.0,172.25,192.79999999999998,205.39999999999998,0.007788446784589756,-1.5930410906967012,2.321928094887362,0.6235302493137893,0.10329445203145345,0.19708445846202075,1.2874603271484375e-05,0.5481910705566406,1.7833709716796874e-05,2.193450927734375e-05,0.00011897087097167969,0.00017595291137695312,0.4143686294555664,0.9864267287308424,1.9079684011839027,0.9994127053127088,3,4.0,0.6,0.4334470989761092,0.4,0.5665529010238908,1.4632328111706527,-0.13310580204778158,1.0,0.0,0.0,0.0,0.4,0.0,2,0.6666666666666666,chat,tunnel,ikev2,AES_GCM_16_256,PASS,0
exp_046_chat_tunnel_aes_gcm_16_256_1789044324,3,0,9,1435.0,1.0574538707733154,1357.0331904412865,8.511009556774619,159.44444444444446,32.85020247227003,111.0,218.0,155.0,111.8,112.6,146.0,178.0,195.6,206.79999999999998,0.06749940059625624,-0.8061534763636993,2.5032583347756456,0.05653744691447211,0.13218173384666443,0.2404075788738754,1.2874603271484375e-05,0.6760530471801758,1.4376640319824218e-05,1.806020736694336e-05,0.00013244152069091797,0.09536021947860718,0.4694550275802612,1.061278124459133,1.8187517528027128,0.9995386991089408,3,3.6666666666666665,0.3333333333333333,0.3386759581881533,0.6666666666666666,0.6613240418118467,2.4998889626932495,-0.3226480836236934,1.0,0.0,0.0,0.0,0.0,0.0,2,0.6,chat,tunnel,ikev2,AES_GCM_16_256,PASS,0
exp_046_chat_tunnel_aes_gcm_16_256_1789044324,4,0,10,2134.0,0.8468668460845947,2519.876660500217,11.808231773665497,213.4,101.80687599568117,111.0,394.0,174.0,111.0,111.0,146.0,293.0,368.8,381.4,0.769166806499131,-1.084345169459444,2.721928094887362,0.4126367916637735,0.09409631623162164,0.15719227212841105,1.5020370483398438e-05,0.4508540630340576,1.8262863159179686e-05,2.002716064453125e-05,0.00018310546875,0.09606790542602539,0.3296010494232178,1.4466166676282082,1.6705287506976336,0.999224102812571,3,3.6666666666666665,0.4,0.3936269915651359,0.6,0.6063730084348641,2.578272586022231,-0.21274601686972822,0.7,0.3,0.0,0.0,0.0,0.0,2,0.5,chat,tunnel,ikev2,AES_GCM_16_256,PASS,0
exp_046_chat_tunnel_aes_gcm_16_256_1789044324,5,0,10,2353.0,0.8400590419769287,2800.993599762506,11.90392520086063,235.3,97.13089106973126,111.0,394.0,180.0,126.75,142.5,168.0,324.0,368.8,381.4,0.4252629145934159,-1.4384712901093262,2.8464393446710154,0.5221442800956406,0.09333989355299208,0.113827683534507,1.9073486328125e-05,0.2992877960205078,1.983642578125e-05,0.00018310546875,0.006503105163574219,0.20498418807983398,0.24603347778320314,1.8799649487271108,1.2194835425470192,0.9916681401223739,2,3.5,0.6,0.5711857203569911,0.4,0.42881427964300894,5.234387144792094,0.14237144071398214,0.6,0.4,0.0,0.0,0.0,0.0,2,0.2857142857142857,chat,tunnel,ikev2,AES_GCM_16_256,PASS,0
exp_046_chat_tunnel_aes_gcm_16_256_1789044324,6,0,6,1103.0,0.9218859672546387,1196.4603423617739,6.508397147933493,183.83333333333334,58.64701375366202,117.0,306.0,172.0,126.25,135.5,157.0,181.0,244.0,275.0,1.2330508482428013,0.4318534614883993,2.2516291673878226,-0.014005342691194848,0.18437719345092773,0.264590871294879,1.5020370483398438e-05,0.682506799697876,6.546974182128907e-05,0.000141143798828125,0.006503105163574219,0.23271989822387695,0.5025920391082764,1.3709505944546687,1.435044276888958,0.992776471744421,1,4.0,0.6666666666666666,0.728921124206709,0.3333333333333333,0.27107887579329104,19178.28729451036,0.457842248413418,0.8333333333333334,0.16666666666666666,0.0,0.0,0.0,0.0,2,0.25,chat,tunnel,ikev2,AES_GCM_16_256,PASS,0
exp_046_chat_tunnel_aes_gcm_16_256_1789044324,7,0,3,453.0,0.001,453000.0,3000.0,151.0,26.620793877468543,117.0,182.0,154.0,120.7,124.4,135.5,168.0,176.4,179.2,-0.167609587556163,-1.4999999999999998,1.584962500721156,0.0,7.808208465576172e-05,6.306171417236328e-05,1.5020370483398438e-05,0.000141143798828125,2.7632713317871095e-05,4.655122756958008e-05,7.808208465576172e-05,0.00010961294174194336,0.00012853145599365235,1.0,0.7974209891768296,0.0,1,3.0,0.3333333333333333,0.33995584988962474,0.6666666666666666,0.6600441501103753,1.0,-0.3200883002207506,1.0,0.0,0.0,0.0,0.0,0.0,2,1.0,chat,tunnel,ikev2,AES_GCM_16_256,PASS,0
exp_047_chat_transport_aes_gcm_16_128_1789044369,-1,1,20,4968.0,7.520735025405884,660.573731585748,2.6593145393951207,248.4,138.15006333693808,42.0,514.0,264.0,42.0,42.0,159.0,322.0,398.00000000000017,506.4,0.07457624415437872,-0.606890870622331,3.0086949695628418,0.515018024967155,0.39582815923188863,0.7507198767133516,2.09808349609375e-05,2.4833738803863525,7.343292236328125e-05,0.00013136863708496094,0.00916600227355957,0.2873910665512085,1.6783623218536372,1.3372449392958772,1.8965754775876866,0.9962559577817179,8,3.0,0.6,0.5024154589371981,0.4,0.4975845410628019,0.636966090776957,0.004830917874396135,0.5,0.5,0.0,0.0,0.2,0.0,2,0.5454545454545454,chat,transport,ikev2,AES_GCM_16_128,PASS,0
exp_047_chat_transport_aes_gcm_16_128_1789044369,0,0,4,1624.0,0.027189016342163086,59730.001981778165,147.11823148221222,406.0,104.65180361560904,286.0,514.0,412.0,290.8,295.6,310.0,508.0,511.6,512.8,-0.032665979665104164,-1.9508254627003763,1.5,0.5790099088852613,0.009063005447387695,0.0014433548213681733,0.0072460174560546875,0.010776996612548828,0.007630014419555664,0.008206009864807129,0.00916600227355957,0.0099714994430542,0.010454797744750976,1.584962500721156,0.15924028617879502,0.0,0,1.0,0.5,0.5073891625615764,0.5,0.49261083743842365,0.8229051667790519,0.014778325123152709,0.0,1.0,0.0,0.0,0.0,0.0,0,0.0,chat,transport,ikev2,AES_GCM_16_128,PASS,0
exp_047_chat_transport_aes_gcm_16_128_1789044369,5,0,6,1004.0,0.5401830673217773,1858.6291587735668,11.10734557035996,167.33333333333334,109.73098417898606,42.0,322.0,152.0,42.0,42.0,66.0,262.0,308.0,315.0,0.22319280271728378,-1.4780670569294987,2.2516291673878226,0.244058994263433,0.10803661346435547,0.13815855689471054,5.91278076171875e-05,0.33377599716186523,9.021759033203124e-05,0.00013685226440429688,0.0003180503845214844,0.20589303970336914,0.2826228141784668,1.3709505944546687,1.278800525710361,0.9990484143475812,3,2.6666666666666665,0.6666666666666666,0.5139442231075697,0.3333333333333333,0.4860557768924303,0.873951574547165,0.027888446215139442,0.6666666666666666,0.3333333333333333,0.0,0.0,0.3333333333333333,0.0,2,0.6666666666666666,chat,transport,ikev2,AES_GCM_16_128,PASS,0
exp_047_chat_transport_aes_gcm_16_128_1789044369,6,0,6,1004.0,0.5401830673217773,1858.6291587735668,11.10734557035996,167.33333333333334,109.73098417898606,42.0,322.0,152.0,42.0,42.0,66.0,262.0,308.0,315.0,0.22319280271728378,-1.4780670569294987,2.2516291673878226,0.244058994263433,0.10803661346435547,0.13815855689471054,5.91278076171875e-05,0.33377599716186523,9.021759033203124e-05,0.00013685226440429688,0.0003180503845214844,0.20589303970336914,0.2826228141784668,1.3709505944546687,1.278800525710361,0.9990484143475812,3,2.6666666666666665,0.6666666666666666,0.5139442231075697,0.3333333333333333,0.4860557768924303,0.873951574547165,0.027888446215139442,0.6666666666666666,0.3333333333333333,0.0,0.0,0.3333333333333333,0.0,2,0.6666666666666666,chat,transport,ikev2,AES_GCM_16_128,PASS,0
exp_047_chat_transport_aes_gcm_16_128_1789044369,8,0,6,980.0,0.49532604217529297,1978.494802526825,12.113233484858112,163.33333333333334,86.61536943419581,42.0,242.0,210.0,42.0,42.0,83.0,229.0,238.0,240.0,-0.6476345139674212,-1.4998514184317513,1.9182958340544896,0.5237006766057588,0.09906520843505859,0.13426622835400465,2.09808349609375e-05,0.33879899978637695,4.5013427734375e-05,8.106231689453125e-05,0.0001499652862548828,0.15627503395080566,0.26578941345214846,1.3709505944546687,1.3553181299153174,0.9994912271581692,3,2.6666666666666665,0.6666666666666666,0.5142857142857142,0.3333333333333333,0.4857142857142857,0.4872171956153219,0.02857142857142857,1.0,0.0,0.0,0.0,0.3333333333333333,0.0,2,0.6666666666666666,chat,transport,ikev2,AES_GCM_16_128,PASS,0
exp_047_chat_transport_aes_gcm_16_128_1789044369,9,0,8,1596.0,0.7364580631256104,2167.1295079945185,10.862804551350969,199.5,97.97831392711349,42.0,322.0,224.0,42.0,42.0,165.0,255.0,302.4,312.2,-0.6659068811627373,-0.9106412260847452,2.25,0.2505031710627891,0.10520829473223005,0.13082657792351432,2.09808349609375e-05,0.33879899978637695,5.7029724121093754e-05,0.00010347366333007812,0.0001499652862548828,0.1986405849456787,0.2801232814788819,1.6644977792004614,1.2434887835384054,0.9994868771668108,4,2.75,0.625,0.5,0.375,0.5,0.5000149938704862,0.0,0.75,0.25,0.0,0.0,0.25,0.0,2,0.6,chat,transport,ikev2,AES_GCM_16_128,PASS,0
exp_048_chat_tunnel_aes_cbc_256_1789044412,-1,1,21,5855.0,5.425415992736816,1079.1799205513978,3.870670936221922,278.8095238095238,116.17335939494292,42.0,514.0,286.0,42.0,149.0,218.0,330.0,378.0,506.0,-0.1024175160279542,0.29234992623455947,2.951143017707788,0.652067321332452,0.2712707996368408,0.6664280869476262,1.3113021850585938e-05,2.2815680503845215,1.8358230590820312e-05,7.599592208862305e-05,0.0002503395080566406,0.1255584955215454,0.5025365591049221,0.9219280948873623,2.4566803030753372,0.9886055204104932,6,3.8333333333333335,0.42857142857142855,0.3931682322801025,0.5714285714285714,0.6068317677198976,1.3778739041492332,-0.21366353543979505,0.3333333333333333,0.6666666666666666,0.0,0.0,0.09523809523809523,0.0,2,0.5555555555555556,chat,tunnel,ikev2,AES_CBC_256,PASS,0
exp_048_chat_tunnel_aes_cbc_256_1789044412,0,0,4,1624.0,0.06067490577697754,26765.59574677098,65.92511267677581,406.0,104.65180361560904,286.0,514.0,412.0,290.8,295.6,310.0,508.0,511.6,512.8,-0.032665979665104164,-1.9508254627003763,1.5,0.5790099088852613,0.020224968592325848,0.014241556871135591,0.008899927139282227,0.04031109809875488,0.009412717819213868,0.010181903839111328,0.01146388053894043,0.025887489318847656,0.034541654586791995,0.9182958340544896,0.7041223665569784,0.0,0,1.0,0.5,0.5073891625615764,0.5,0.49261083743842365,1.0520798196632077,0.014778325123152709,0.0,1.0,0.0,0.0,0.0,0.0,0,0.0,chat,tunnel,ikev2,AES_CBC_256,PASS,0
exp_048_chat_tunnel_aes_cbc_256_1789044412,2,0,9,2324.0,0.4597928524017334,5054.45003736043,19.574031986335573,258.22222222222223,72.2353834161898,149.0,378.0,250.0,163.8,178.6,205.0,310.0,352.4,365.2,0.1918854138546522,-1.15188820312984,3.169925001442312,0.35377568816171967,0.057474106550216675,0.10746890522098532,1.8835067749023438e-05,0.31157493591308594,2.3174285888671876e-05,2.5033950805664062e-05,0.0002105236053466797,0.037067413330078125,0.19669246673583982,1.061278124459133,1.8698339450156298,0.9983453555618816,3,3.6666666666666665,0.3333333333333333,0.33648881239242684,0.6666666666666666,0.6635111876075731,2.500303555267649,-0.3270223752151463,0.4444444444444444,0.5555555555555556,0.0,0.0,0.0,0.0,2,0.6,chat,tunnel,ikev2,AES_CBC_256,PASS,0
exp_048_chat_tunnel_aes_cbc_256_1789044412,3,0,9,2324.0,0.4597928524017334,5054.45003736043,19.574031986335573,258.22222222222223,72.2353834161898,149.0,378.0,250.0,163.8,178.6,205.0,310.0,352.4,365.2,0.1918854138546522,-1.15188820312984,3.169925001442312,0.35377568816171967,0.057474106550216675,0.10746890522098532,1.8835067749023438e-05,0.31157493591308594,2.3174285888671876e-05,2.5033950805664062e-05,0.0002105236053466797,0.037067413330078125,0.19669246673583982,1.061278124459133,1.8698339450156298,0.9983453555618816,3,3.6666666666666665,0.3333333333333333,0.33648881239242684,0.6666666666666666,0.6635111876075731,2.500303555267649,-0.3270223752151463,0.4444444444444444,0.5555555555555556,0.0,0.0,0.0,0.0,2,0.6,chat,tunnel,ikev2,AES_CBC_256,PASS,0
exp_048_chat_tunnel_aes_cbc_256_1789044412,6,0,8,1907.0,0.4021890163421631,4741.551664796375,19.89114489689093,238.375,117.817589412617,42.0,362.0,285.5,42.0,42.0,195.0,318.0,339.6,350.79999999999995,-0.9050684584526549,-0.845419261108491,2.25,0.6296011575055719,0.05745557376316616,0.10090698750234557,1.3113021850585938e-05,0.28354597091674805,1.3685226440429687e-05,5.352497100830078e-05,0.0001239776611328125,0.05919945240020752,0.18437376022338875,1.1488348542809166,1.7562305040721777,0.9990449954739543,3,3.3333333333333335,0.5,0.3649711588883062,0.5,0.6350288411116938,3.3953328651788524,-0.2700576822233875,0.375,0.625,0.0,0.0,0.25,0.0,2,0.6666666666666666,chat,tunnel,ikev2,AES_CBC_256,PASS,0
exp_048_chat_tunnel_aes_cbc_256_1789044412,7,0,6,1823.0,0.11855006217956543,15377.469791949481,50.61152975957042,303.8333333333333,36.997372279062674,246.0,362.0,301.5,255.0,264.0,283.75,326.0,346.0,354.0,0.02849877162386695,-0.919433575568017,2.584962500721156,-0.22183218295700197,0.023710012435913086,0.04727450024106223,1.3113021850585938e-05,0.11825895309448242,1.3494491577148438e-05,1.4066696166992188e-05,0.0001239776611328125,0.0001399517059326172,0.07101135253906252,0.7219280948873623,1.9937782230445589,0.9975444206461733,2,3.5,0.3333333333333333,0.33571036752605593,0.6666666666666666,0.664289632473944,2.9999964790119042,-0.3285792649478881,0.16666666666666666,0.8333333333333334,0.0,0.0,0.0,0.0,2,0.6666666666666666,chat,tunnel,ikev2,AES_CBC_256,PASS,0
exp_049_chat_transport_aes_cbc_128_1789044454,-1,1,34,7428.0,8.436944007873535,880.4135707275091,4.029895181035986,218.47058823529412,104.48198136073867,42.0,514.0,186.0,104.4,138.0,158.0,273.0,342.4,412.3999999999997,1.1536670490967027,1.3936322645658947,2.6514437901274794,0.5637731079291872,0.25566496993556165,0.4308825088547816,7.700920104980469e-05,2.21576189994812,0.00017447471618652343,0.0002028942108154297,0.0339658260345459,0.38826489448547363,0.6656651496887208,1.6093007449003411,1.6853338321223656,0.9919307336445804,13,3.0,0.5882352941176471,0.5530425417339795,0.4117647058823529,0.44695745826602046,0.6850305519322283,0.10608508346795907,0.7352941176470589,0.2647058823529412,0.0,0.0,0.058823529411764705,0.0,2,0.5185185185185185,chat,transport,ikev2,AES_CBC_128,PASS,0
exp_049_chat_transport_aes_cbc_128_1789044454,0,0,4,1640.0,0.054380178451538086,30158.04741173324,73.55621319934937,410.0,101.46920715172658,286.0,514.0,420.0,293.2,300.4,322.0,508.0,511.6,512.8,-0.08040378344839896,-1.8875703421157966,1.5,0.6328843056027117,0.018126726150512695,0.011200502074962764,0.010069131851196289,0.0339658260345459,0.01012434959411621,0.010207176208496094,0.010345220565795898,0.0221555233001709,0.0292417049407959,0.9182958340544896,0.6178658030227353,0.0,0,1.0,0.5,0.5121951219512195,0.5,0.4878048780487805,1.0062469111109917,0.024390243902439025,0.0,1.0,0.0,0.0,0.0,0.0,0,0.0,chat,transport,ikev2,AES_CBC_128,PASS,0
exp_049_chat_transport_aes_cbc_128_1789044454,2,0,8,1744.0,0.3905959129333496,4464.972474757032,20.481525113564363,218.0,70.65408693062278,154.0,346.0,186.0,159.6,165.2,170.0,234.0,334.8,340.4,1.0451788007488576,-0.7159763313609466,2.25,0.6591646012965457,0.05579941613333566,0.0995313522402872,0.00018596649169921875,0.28758811950683594,0.00019254684448242188,0.00019991397857666016,0.00023484230041503906,0.05109357833862305,0.16973729133605964,1.1488348542809166,1.7837026878519333,0.9696931778367286,4,2.75,0.5,0.4724770642201835,0.5,0.5275229357798165,0.9998671257979824,-0.05504587155963303,0.75,0.25,0.0,0.0,0.0,0.0,2,0.5714285714285714,chat,transport,ikev2,AES_CBC_128,PASS,0
exp_049_chat_transport_aes_cbc_128_1789044454,3,0,12,2392.0,1.4266691207885742,1676.6326299106065,8.411200484501371,199.33333333333334,64.27717756370106,138.0,346.0,178.0,146.8,154.0,166.0,190.0,317.20000000000005,337.2,1.533233500738891,0.8037836124433784,2.2295739585136225,0.3787934114851898,0.1296971927989613,0.20146268214967192,0.0001728534698486328,0.5626091957092285,0.00018596649169921875,0.00019347667694091797,0.00023484230041503906,0.18937909603118896,0.4731011390686035,1.6729330318733675,1.5533191157254533,0.9914481965225261,6,2.8333333333333335,0.5,0.47324414715719065,0.5,0.5267558528428093,0.9999936535639518,-0.05351170568561873,0.8333333333333334,0.16666666666666666,0.0,0.0,0.0,0.0,2,0.5454545454545454,chat,transport,ikev2,AES_CBC_128,PASS,0
exp_049_chat_transport_aes_cbc_128_1789044454,4,0,4,648.0,0.4734640121459961,1368.6362286816943,8.448371781985767,162.0,17.88854381999832,138.0,186.0,162.0,140.4,142.8,150.0,174.0,181.2,183.6,0.0,-1.36,2.0,-0.14285714285714285,0.1578213373819987,0.22293648585389775,0.0001728534698486328,0.4731011390686035,0.0001762866973876953,0.00018143653869628906,0.0001900196075439453,0.23664557933807373,0.37851891517639163,0.9182958340544896,1.4125787867042832,0.9992335783331285,2,2.5,0.5,0.47530864197530864,0.5,0.5246913580246914,0.9999616174970105,-0.04938271604938271,1.0,0.0,0.0,0.0,0.0,0.0,2,0.6666666666666666,chat,transport,ikev2,AES_CBC_128,PASS,0
exp_049_chat_transport_aes_cbc_128_1789044454,5,0,6,1004.0,0.6701960563659668,1498.0690955479995,8.952604156661351,167.33333333333334,108.68098065234578,42.0,314.0,154.0,42.0,42.0,66.0,266.0,306.0,310.0,0.18477083604417346,-1.5085093049057952,1.9182958340544896,0.33771721783400516,0.13403921127319335,0.17967726861303043,7.700920104980469e-05,0.4511380195617676,0.00010218620300292969,0.0001399517059326172,0.0003771781921386719,0.21846389770507812,0.3580683708190918,1.3709505944546687,1.340472884266216,0.9991134846385956,3,2.6666666666666665,0.6666666666666666,0.5179282868525896,0.3333333333333333,0.4820717131474104,0.3334508905522731,0.035856573705179286,0.6666666666666666,0.3333333333333333,0.0,0.0,0.3333333333333333,0.0,2,0.6666666666666666,chat,transport,ikev2,AES_CBC_128,PASS,0
exp_049_chat_transport_aes_cbc_128_1789044454,6,0,10,1796.0,1.358185052871704,1322.3529416721187,7.362766935813578,179.6,87.69401347868622,42.0,314.0,178.0,42.0,42.0,142.0,230.0,299.6,306.79999999999995,-0.14751692867194102,-0.8793530507924632,2.7219280948873625,0.25672139912069675,0.15090945031907824,0.1529284393405717,7.700920104980469e-05,0.4511380195617676,0.0001273632049560547,0.0001621246337890625,0.16940879821777344,0.2355790138244629,0.3164988517761231,2.2810361125534233,1.013372095949795,0.9994431806392574,4,2.75,0.7,0.6269487750556793,0.3,0.3730512249443207,0.49994185118430523,0.25389755011135856,0.8,0.2,0.0,0.0,0.2,0.0,2,0.42857142857142855,chat,transport,ikev2,AES_CBC_128,PASS,0
exp_049_chat_transport_aes_cbc_128_1789044454,7,0,7,1478.0,0.9851899147033691,1500.2183619033606,7.105229048256782,211.14285714285714,67.80524331058892,154.0,362.0,186.0,154.0,154.0,162.0,226.0,285.20000000000005,323.5999999999999,1.3687023344211156,0.6684039256198333,2.1280852788913944,-0.15739694693366757,0.16419831911722818,0.14054225937331521,0.0001621246337890625,0.38826489448547363,0.00017154216766357422,0.036219239234924316,0.15687143802642822,0.2544814944267273,0.3355519771575928,2.2516291673878226,0.8559247390847992,0.9996517581735188,2,2.5,0.7142857142857143,0.7591339648173207,0.2857142857142857,0.2408660351826793,0.2499949658659856,0.5182679296346414,0.8571428571428571,0.14285714285714285,0.0,0.0,0.0,0.0,2,0.3333333333333333,chat,transport,ikev2,AES_CBC_128,PASS,0
exp_049_chat_transport_aes_cbc_128_1789044454,8,0,4,824.0,1.0798749923706055,763.0512844742394,3.704132448904075,206.0,90.77444574328173,138.0,362.0,162.0,140.4,142.8,150.0,218.0,304.40000000000003,333.19999999999993,1.1012038049920219,-0.7075275709303424,1.5,-0.0691163516376137,0.35995833079020184,0.2829098292446621,0.00018095970153808594,0.6914291381835938,0.0777977466583252,0.19422292709350586,0.38826489448547363,0.5398470163345337,0.6307962894439697,1.584962500721156,0.7859494255187203,0.9998324253243972,1,3.0,0.75,0.7936893203883495,0.25,0.20631067961165048,1.0,0.587378640776699,0.75,0.25,0.0,0.0,0.0,0.0,2,0.6666666666666666,chat,transport,ikev2,AES_CBC_128,PASS,0
exp_049_chat_transport_aes_cbc_128_1789044454,9,0,3,542.0,0.8516669273376465,636.3990224374676,3.5225038142295255,180.66666666666666,32.87687468250121,138.0,218.0,186.0,142.8,147.6,162.0,202.0,211.6,214.8,-0.23906314692954395,-1.5000000000000002,1.584962500721156,0.0,0.42583346366882324,0.4255044460296631,0.00032901763916015625,0.8513379096984863,0.08542990684509277,0.2130812406539917,0.42583346366882324,0.6385856866836548,0.7662370204925537,1.0,0.9992250095581348,0.9996136780370365,1,3.0,0.6666666666666666,0.5977859778597786,0.3333333333333333,0.4022140221402214,1.0,0.19557195571955718,1.0,0.0,0.0,0.0,0.0,0.0,2,0.5,chat,transport,ikev2,AES_CBC_128,PASS,0
exp_049_chat_transport_aes_cbc_128_1789044454,10,0,4,776.0,0.4311549663543701,1799.8169116813528,9.277406761244087,194.0,17.88854381999832,170.0,218.0,194.0,172.4,174.8,182.0,206.0,213.2,215.6,0.0,-1.36,2.0,-0.7857142857142857,0.14371832211812338,0.2028510436057487,0.00023293495178222656,0.43059301376342773,0.0002521514892578125,0.0002809762954711914,0.00032901763916015625,0.21546101570129395,0.34454021453857425,0.9182958340544896,1.411438911735367,0.9986966343083231,2,2.5,0.5,0.4587628865979381,0.5,0.5412371134020618,1.0002206980962112,-0.08247422680412371,1.0,0.0,0.0,0.0,0.0,0.0,2,1.0,chat,transport,ikev2,AES_CBC_128,PASS,0
exp_050_chat_tunnel_3des_cbc_1789044498,-1,1,31,7524.0,8.996710062026978,836.3057104348684,3.4457040169432376,242.70967741935485,113.28787013290865,42.0,414.0,238.0,42.0,42.0,201.0,347.5,382.0,410.0,-0.263678977149679,-0.8124668491475213,2.993844699639553,0.4701945820512141,0.29989033540089927,0.7598058885624672,2.288818359375e-05,2.858854055404663,4.2319297790527344e-05,0.00014477968215942383,0.0014051198959350586,0.0818256139755249,0.545910835266116,0.7665095065529053,2.5336040054199875,0.9891598334985957,10,3.5,0.4838709677419355,0.398989898989899,0.5161290322580645,0.601010101010101,1.07149005046241,-0.20202020202020202,0.5483870967741935,0.45161290322580644,0.0,0.0,0.12903225806451613,0.0,2,0.5454545454545454,chat,tunnel,ikev1,3DES_CBC,CRITICAL_FAIL,0
exp_050_chat_tunnel_3des_cbc_1789044498,0,0,9,1774.0,0.23995399475097656,7393.083836095545,37.50718969834267,197.11111111111111,61.81773288276943,106.0,286.0,210.0,109.2,112.4,146.0,218.0,286.0,286.0,-0.021579189786528463,-1.108862186766865,2.197159723424149,0.20113822709857732,0.02999424934387207,0.030115541256375996,0.0006861686706542969,0.08455681800842285,0.001006770133972168,0.0015355944633483887,0.0220489501953125,0.051104187965393066,0.06701419353485107,2.0,1.004010365479042,0.6003348436071698,3,2.6666666666666665,0.5555555555555556,0.5445321307779031,0.4444444444444444,0.455467869222097,0.8901427511566907,0.08906426155580609,0.7777777777777778,0.2222222222222222,0.0,0.0,0.0,0.0,0,0.0,chat,tunnel,ikev1,3DES_CBC,CRITICAL_FAIL,0
exp_050_chat_tunnel_3des_cbc_1789044498,2,0,3,737.0,0.001,737000.0,3000.0,245.66666666666666,26.537185649993525,213.0,278.0,246.0,216.3,219.6,229.5,262.0,271.6,274.8,-0.01883950369747509,-1.5,1.584962500721156,0.0,0.0001399517059326172,9.703636169433594e-05,4.291534423828125e-05,0.00023698806762695312,6.232261657714843e-05,9.143352508544922e-05,0.0001399517059326172,0.00018846988677978516,0.00021758079528808594,1.0,0.6884369440744815,0.0,1,3.0,0.3333333333333333,0.3337856173677069,0.6666666666666666,0.666214382632293,1.0,-0.33242876526458615,0.6666666666666666,0.3333333333333333,0.0,0.0,0.0,0.0,2,1.0,chat,tunnel,ikev1,3DES_CBC,CRITICAL_FAIL,0
exp_050_chat_tunnel_3des_cbc_1789044498,3,0,3,737.0,0.001,737000.0,3000.0,245.66666666666666,26.537185649993525,213.0,278.0,246.0,216.3,219.6,229.5,262.0,271.6,274.8,-0.01883950369747509,-1.5,1.584962500721156,0.0,0.0001399517059326172,9.703636169433594e-05,4.291534423828125e-05,0.00023698806762695312,6.232261657714843e-05,9.143352508544922e-05,0.0001399517059326172,0.00018846988677978516,0.00021758079528808594,1.0,0.6884369440744815,0.0,1,3.0,0.3333333333333333,0.3337856173677069,0.6666666666666666,0.666214382632293,1.0,-0.33242876526458615,0.6666666666666666,0.3333333333333333,0.0,0.0,0.0,0.0,2,1.0,chat,tunnel,ikev1,3DES_CBC,CRITICAL_FAIL,0
exp_050_chat_tunnel_3des_cbc_1789044498,5,0,6,1274.0,0.20920681953430176,6089.66764484995,28.67975342943462,212.33333333333334,171.27138958065615,42.0,414.0,197.0,42.0,42.0,42.0,374.5,398.0,406.0,0.03265636575061043,-1.956288913543977,1.4591479170272448,0.2330466217900773,0.04184136390686035,0.05470406754376594,3.695487976074219e-05,0.13525700569152832,6.136894226074218e-05,9.799003601074219e-05,0.00018286705017089844,0.07363200187683105,0.11060700416564942,1.3709505944546687,1.3073847277255963,0.9984808718633081,2,3.0,0.6666666666666666,0.3987441130298273,0.3333333333333333,0.6012558869701727,1837.3291379403458,-0.20251177394034536,0.5,0.5,0.0,0.0,0.5,0.0,2,1.0,chat,tunnel,ikev1,3DES_CBC,CRITICAL_FAIL,0
exp_050_chat_tunnel_3des_cbc_1789044498,6,0,10,2020.0,0.48765087127685547,4142.307784072797,20.506474178578202,202.0,143.92498045857084,42.0,414.0,221.0,42.0,42.0,42.0,329.5,385.2,399.59999999999997,0.08767231754234421,-1.5522605143061707,2.321928094887362,0.337408113739701,0.05418343014187283,0.07586247916863643,3.0994415283203125e-05,0.22798895835876465,3.5762786865234375e-05,9.799003601074219e-05,0.0001900196075439453,0.07363200187683105,0.1538033962249756,1.8799649487271108,1.4000789335608637,0.998895057877455,3,3.3333333333333335,0.6,0.3900990099009901,0.4,0.6099009900990099,0.8305726161073608,-0.2198019801980198,0.6,0.4,0.0,0.0,0.4,0.0,2,0.6666666666666666,chat,tunnel,ikev1,3DES_CBC,CRITICAL_FAIL,0
exp_050_chat_tunnel_3des_cbc_1789044498,7,0,4,746.0,0.2282099723815918,3268.919373745014,17.527717821689084,186.5,85.93456813180596,42.0,262.0,221.0,66.30000000000001,90.60000000000001,163.5,244.0,254.8,258.4,-0.9631486658916448,-0.8197030078834646,2.0,-0.1975045755970129,0.07606999079386394,0.10742295177394806,3.0994415283203125e-05,0.22798895835876465,6.279945373535156e-05,0.00011050701141357422,0.0001900196075439453,0.1140894889831543,0.1824291706085205,0.9182958340544896,1.4121408259955652,0.9990315321433123,1,4.0,0.5,0.3753351206434316,0.5,0.6246648793565683,7125.898577632625,-0.24932975871313673,0.75,0.25,0.0,0.0,0.25,0.0,2,1.0,chat,tunnel,ikev1,3DES_CBC,CRITICAL_FAIL,0
exp_050_chat_tunnel_3des_cbc_1789044498,10,0,9,2993.0,0.6150829792022705,4866.010117662107,14.632172087857992,332.55555555555554,71.6831161139251,206.0,414.0,350.0,218.8,231.6,270.0,382.0,407.6,410.8,-0.582715793981343,-1.161304448924363,2.503258334775646,0.6932913581057463,0.07688537240028381,0.1355109980760783,2.288818359375e-05,0.3597140312194824,3.840923309326172e-05,6.151199340820312e-05,0.00017249584197998047,0.06388521194458008,0.2861083745956421,1.061278124459133,1.7624839597137514,0.9986898437696838,3,3.6666666666666665,0.3333333333333333,0.3347811560307384,0.6666666666666666,0.6652188439692616,2.500674838818716,-0.33043768793852324,0.2222222222222222,0.7777777777777778,0.0,0.0,0.0,0.0,2,0.6,chat,tunnel,ikev1,3DES_CBC,CRITICAL_FAIL,0
exp_050_chat_tunnel_3des_cbc_1789044498,11,0,9,2993.0,0.6150829792022705,4866.010117662107,14.632172087857992,332.55555555555554,71.6831161139251,206.0,414.0,350.0,218.8,231.6,270.0,382.0,407.6,410.8,-0.582715793981343,-1.161304448924363,2.503258334775646,0.6932913581057463,0.07688537240028381,0.1355109980760783,2.288818359375e-05,0.3597140312194824,3.840923309326172e-05,6.151199340820312e-05,0.00017249584197998047,0.06388521194458008,0.2861083745956421,1.061278124459133,1.7624839597137514,0.9986898437696838,3,3.6666666666666665,0.3333333333333333,0.3347811560307384,0.6666666666666666,0.6652188439692616,2.500674838818716,-0.33043768793852324,0.2222222222222222,0.7777777777777778,0.0,0.0,0.0,0.0,2,0.6,chat,tunnel,ikev1,3DES_CBC,CRITICAL_FAIL,0
exp_051_chat_transport_3des_cbc_1789044542,-1,1,10,1612.0,5.113178968429565,315.26375469214236,1.955730488164655,161.2,99.32250500264279,42.0,278.0,214.0,42.0,42.0,42.0,242.0,263.6,270.79999999999995,-0.29047554780707946,-1.7718058527674971,2.1219280948873624,0.2572522540494356,0.5681309964921739,0.7567669890531957,0.00017380714416503906,1.9040741920471191,0.00018277168273925782,0.0001919269561767578,0.05505990982055664,1.4261860847473145,1.609885311126709,1.8799649487271108,1.3320267010584048,0.9998311124842613,4,2.75,0.7,0.5223325062034739,0.3,0.47766749379652607,0.4693035059567875,0.04466501240694789,0.8,0.2,0.0,0.0,0.4,0.0,2,0.6,chat,transport,ikev1,3DES_CBC,CRITICAL_FAIL,0
exp_051_chat_transport_3des_cbc_1789044542,3,0,4,920.0,0.1911618709564209,4812.675223343739,20.924674884103215,230.0,22.627416997969522,198.0,262.0,230.0,202.8,207.6,222.0,238.0,252.4,257.2,0.0,-1.0,1.5,-0.5,0.0637206236521403,0.08975768422427112,0.0001919269561767578,0.1906571388244629,0.00021610260009765624,0.0002523660659790039,0.00031280517578125,0.09548497200012207,0.15258827209472658,0.9182958340544896,1.408590664830875,0.9973596610588046,2,2.5,0.5,0.4652173913043478,0.5,0.5347826086956522,1.0006281277353202,-0.06956521739130435,0.75,0.25,0.0,0.0,0.0,0.0,2,0.6666666666666666,chat,transport,ikev1,3DES_CBC,CRITICAL_FAIL,0
exp_051_chat_transport_3des_cbc_1789044542,4,0,4,920.0,0.1911618709564209,4812.675223343739,20.924674884103215,230.0,22.627416997969522,198.0,262.0,230.0,202.8,207.6,222.0,238.0,252.4,257.2,0.0,-1.0,1.5,-0.5,0.0637206236521403,0.08975768422427112,0.0001919269561767578,0.1906571388244629,0.00021610260009765624,0.0002523660659790039,0.00031280517578125,0.09548497200012207,0.15258827209472658,0.9182958340544896,1.408590664830875,0.9973596610588046,2,2.5,0.5,0.4652173913043478,0.5,0.5347826086956522,1.0006281277353202,-0.06956521739130435,0.75,0.25,0.0,0.0,0.0,0.0,2,0.6666666666666666,chat,transport,ikev1,3DES_CBC,CRITICAL_FAIL,0
exp_052_chat_tunnel_aes_gcm_16_256_1789044584,-1,1,47,9136.0,12.939711093902588,706.0435842578463,3.632229472429813,194.38297872340425,91.16003071323445,42.0,514.0,174.0,60.30000000000001,113.80000000000001,150.5,218.0,287.59999999999997,326.4,1.5843474203627783,3.9480148982070586,2.7589006292606375,0.6983246129908433,0.2812980672587519,0.627740805923512,9.059906005859375e-06,3.5103790760040283,1.5497207641601562e-05,2.1696090698242188e-05,0.00019693374633789062,0.3573259115219116,0.7531604766845703,1.3152049687180407,2.2315779858099813,0.9945531930543395,14,3.9285714285714284,0.40425531914893614,0.3863835376532399,0.5957446808510638,0.61361646234676,2.0605843068823293,-0.22723292469352013,0.8085106382978723,0.19148936170212766,0.0,0.0,0.06382978723404255,0.0,2,0.5,chat,tunnel,ikev2,AES_GCM_16_256,PASS,0
exp_052_chat_tunnel_aes_gcm_16_256_1789044584,0,0,4,1608.0,0.15048503875732422,10685.447625083178,26.580715485281537,402.0,109.36178491593853,270.0,514.0,412.0,277.2,284.4,306.0,508.0,511.6,512.8,-0.06935955084097174,-1.9029053366293442,1.5,0.62433452397764,0.05016167958577474,0.051892615465503396,0.009911060333251953,0.12343001365661621,0.011357641220092774,0.013527512550354004,0.017143964767456055,0.07028698921203613,0.10217280387878419,0.9182958340544896,1.0344865125630018,0.8202145188377326,0,1.0,0.5,0.5124378109452736,0.5,0.48756218905472637,0.9485405972293192,0.024875621890547265,0.0,1.0,0.0,0.0,0.0,0.0,0,0.0,chat,tunnel,ikev2,AES_GCM_16_256,PASS,0
exp_052_chat_tunnel_aes_gcm_16_256_1789044584,2,0,9,1995.0,0.4022789001464844,4959.245934284766,22.37253804940496,221.66666666666666,61.51603223731373,145.0,330.0,202.0,151.4,157.8,174.0,273.0,307.6,318.8,0.5266939395019361,-1.1321139551294324,2.94770277922009,0.28996430666417566,0.05028486251831055,0.11812009285826107,1.5974044799804688e-05,0.3608360290527344,1.9478797912597657e-05,2.3126602172851562e-05,0.0001919269561767578,0.010472595691680908,0.13663730621337886,1.061278124459133,2.348972195023007,0.8969797543976104,3,3.6666666666666665,0.3333333333333333,0.33383458646616543,0.6666666666666666,0.6661654135338346,2.5013765455932337,-0.3323308270676692,0.6666666666666666,0.3333333333333333,0.0,0.0,0.0,0.0,2,0.6,chat,tunnel,ikev2,AES_GCM_16_256,PASS,0
exp_052_chat_tunnel_aes_gcm_16_256_1789044584,3,0,12,2565.0,1.2597730159759521,2036.0810776796027,9.525525509612176,213.75,56.18588939107992,145.0,330.0,196.0,153.8,161.1,171.0,231.75,299.1,314.59999999999997,0.8292036972325846,-0.5247204288164387,2.8553885422075336,0.31971064850464004,0.11452481963417747,0.256287896015421,1.5974044799804688e-05,0.8572900295257568,1.811981201171875e-05,2.2411346435546875e-05,0.00018596649169921875,0.020499110221862793,0.3608360290527344,0.8658566174572235,2.2378176103350764,0.9669409037427296,4,3.75,0.3333333333333333,0.33372319688109164,0.6666666666666666,0.6662768031189084,2.3337687391615103,-0.33255360623781677,0.75,0.25,0.0,0.0,0.0,0.0,2,0.5714285714285714,chat,tunnel,ikev2,AES_GCM_16_256,PASS,0
exp_052_chat_tunnel_aes_gcm_16_256_1789044584,4,0,6,961.0,0.7542941570281982,1274.0387699491014,7.954456420077636,160.16666666666666,37.462944654981705,103.0,218.0,160.0,109.75,116.5,137.0,183.0,204.0,211.0,0.0180954442405951,-1.0126490431371153,2.584962500721156,0.4009965196918586,0.15085883140563966,0.30150857953173354,1.811981201171875e-05,0.7538759708404541,1.850128173828125e-05,1.9073486328125e-05,0.00018596649169921875,0.00019502639770507812,0.45240359306335454,0.7219280948873623,1.9986007986514436,0.9994455926990184,2,3.5,0.3333333333333333,0.33298647242455776,0.6666666666666666,0.6670135275754423,2.9998761453507465,-0.3340270551508845,1.0,0.0,0.0,0.0,0.0,0.0,2,0.6666666666666666,chat,tunnel,ikev2,AES_GCM_16_256,PASS,0
exp_052_chat_tunnel_aes_gcm_16_256_1789044584,5,0,8,1022.0,0.6897869110107422,1481.6169800938485,11.597784579990986,127.75,57.75973943847046,42.0,210.0,142.5,42.0,42.0,87.75,164.0,190.4,200.2,-0.3322547169388773,-1.1544859634693148,2.5,0.4402125823022027,0.09854098728724889,0.16968144518005313,1.2874603271484375e-05,0.47101402282714844,1.659393310546875e-05,5.650520324707031e-05,0.00013899803161621094,0.10925400257110596,0.3193933963775636,1.1488348542809166,1.7219202682145371,0.9993332586748956,3,3.3333333333333335,0.5,0.38747553816046965,0.5,0.6125244618395304,1.4639315017959071,-0.22504892367906065,1.0,0.0,0.0,0.0,0.25,0.0,2,0.6666666666666666,chat,tunnel,ikev2,AES_GCM_16_256,PASS,0
exp_052_chat_tunnel_aes_gcm_16_256_1789044584,6,0,8,1201.0,0.6033129692077637,1990.6749254488677,13.260116072931675,150.125,65.52182365441304,42.0,218.0,172.0,42.0,42.0,126.75,195.0,212.4,215.2,-0.8457616725213079,-0.8906388283968294,2.5,0.3714751949751345,0.08618756702968053,0.1432152789695157,1.2874603271484375e-05,0.38459300994873047,1.4162063598632812e-05,5.447864532470703e-05,0.00013899803161621094,0.10922956466674805,0.28482499122619637,1.1488348542809166,1.661650540264778,0.9993254238922449,3,3.3333333333333335,0.5,0.37968359700249793,0.5,0.6203164029975021,0.9999582660992389,-0.24063280599500417,1.0,0.0,0.0,0.0,0.25,0.0,2,0.6666666666666666,chat,tunnel,ikev2,AES_GCM_16_256,PASS,0
exp_052_chat_tunnel_aes_gcm_16_256_1789044584,7,0,9,1721.0,1.2264931201934814,1403.187650761962,7.337994687308343,191.22222222222223,52.53100201632848,106.0,278.0,190.0,117.2,128.4,162.0,221.0,255.6,266.8,0.035190537755972216,-1.0320447994769961,2.94770277922009,0.3164501968752719,0.15331164002418518,0.2693795463384878,1.3113021850585938e-05,0.705482006072998,1.4448165893554688e-05,1.9490718841552734e-05,0.00014603137969970703,0.13028454780578613,0.5759496688842773,1.061278124459133,1.7570602547578138,0.9995309357860227,3,3.6666666666666665,0.3333333333333333,0.3335270191748983,0.6666666666666666,0.6664729808251016,2.4997676904887953,-0.33294596165020335,0.7777777777777778,0.2222222222222222,0.0,0.0,0.0,0.0,2,0.6,chat,tunnel,ikev2,AES_GCM_16_256,PASS,0
exp_052_chat_tunnel_aes_gcm_16_256_1789044584,8,0,9,1699.0,0.8720989227294922,1948.1734877993838,10.319930188460537,188.77777777777777,52.585967240484266,106.0,278.0,182.0,117.2,128.4,156.0,221.0,255.6,266.8,0.15010343971539925,-1.0191107437939788,2.94770277922009,0.25125300401578843,0.10901236534118652,0.1933421922352647,1.3113021850585938e-05,0.5204358100891113,1.3113021850585938e-05,1.901388168334961e-05,0.00014483928680419922,0.08794862031936646,0.4018952131271362,1.061278124459133,1.7735641095947137,0.9993452434327507,3,3.6666666666666665,0.3333333333333333,0.3331371394938199,0.6666666666666666,0.6668628605061802,2.499954220115977,-0.3337257210123602,0.7777777777777778,0.2222222222222222,0.0,0.0,0.0,0.0,2,0.6,chat,tunnel,ikev2,AES_GCM_16_256,PASS,0
exp_052_chat_tunnel_aes_gcm_16_256_1789044584,9,0,6,1069.0,0.75288987159729,1419.8623734067082,7.9692930219272675,178.16666666666666,23.11144497622096,145.0,210.0,178.0,147.75,150.5,160.5,197.0,206.0,208.0,-0.02154017055315078,-1.363402415496614,2.584962500721156,-0.5530880372902155,0.15057797431945802,0.30093351842795735,1.3113021850585938e-05,0.7524449825286865,1.6260147094726563e-05,2.09808349609375e-05,0.0001437664031982422,0.00026702880859375,0.4515738010406495,0.7219280948873623,1.9985095514697653,0.9994090914416743,2,3.5,0.3333333333333333,0.333021515434986,0.6666666666666666,0.6669784845650141,2.9994131780190494,-0.33395696913002804,1.0,0.0,0.0,0.0,0.0,0.0,2,0.6666666666666666,chat,tunnel,ikev2,AES_GCM_16_256,PASS,0
exp_052_chat_tunnel_aes_gcm_16_256_1789044584,10,0,6,1021.0,0.9540591239929199,1070.164284711119,6.288918421416958,170.16666666666666,22.9377176041752,140.0,202.0,170.0,141.25,142.5,150.25,189.0,198.0,200.0,0.032986291435471424,-1.4470349953762183,2.2516291673878226,-0.5378755893083351,0.190811824798584,0.3813780906054944,1.71661376953125e-05,0.9535679817199707,1.86920166015625e-05,2.09808349609375e-05,0.00018596649169921875,0.00026702880859375,0.57224760055542,0.7219280948873623,1.9987026082133896,0.9994852077186855,2,3.5,0.3333333333333333,0.3330068560235064,0.6666666666666666,0.6669931439764937,3.00019153855846,-0.3339862879529873,1.0,0.0,0.0,0.0,0.0,0.0,2,0.6666666666666666,chat,tunnel,ikev2,AES_GCM_16_256,PASS,0
exp_052_chat_tunnel_aes_gcm_16_256_1789044584,11,0,7,1109.0,0.6752669811248779,1642.313382704716,10.366270224466197,158.42857142857142,23.138447551684205,119.0,194.0,166.0,125.3,131.6,143.0,172.0,182.0,188.0,-0.21571541773399833,-0.8883051841430256,2.521640636343318,-0.5625736423303239,0.11254449685414632,0.1595592493376378,9.059906005859375e-06,0.3594038486480713,1.3113021850585938e-05,3.4332275390625e-05,0.00013589859008789062,0.23672032356262207,0.3374844789505005,1.2516291673878228,1.4177310847400593,0.9995586586754465,2,3.5,0.42857142857142855,0.43462578899909826,0.5714285714285714,0.5653742110009017,1.5001956998580348,-0.13074842200180342,1.0,0.0,0.0,0.0,0.0,0.0,2,0.5,chat,tunnel,ikev2,AES_GCM_16_256,PASS,0
exp_052_chat_tunnel_aes_gcm_16_256_1789044584,12,0,4,609.0,0.3156599998474121,1929.2910102464248,12.671862136265515,152.25,21.98152633462927,119.0,174.0,158.0,123.05,127.1,139.25,171.0,172.8,173.4,-0.4971808146523527,-1.3436354060302909,1.5,-0.9284243497684678,0.10521999994913737,0.1487364564802602,9.059906005859375e-06,0.3155651092529297,2.44140625e-05,4.744529724121094e-05,8.58306884765625e-05,0.15782546997070312,0.2524692535400391,0.9182958340544896,1.4135624690143385,0.9996993898671727,1,4.0,0.5,0.5188834154351396,0.5,0.48111658456486045,31368.594206459715,0.03776683087027915,1.0,0.0,0.0,0.0,0.0,0.0,2,0.5,chat,tunnel,ikev2,AES_GCM_16_256,PASS,0
exp_053_chat_transport_aes_gcm_16_128_1789044631,-1,1,14,3440.0,6.249553203582764,550.4393494926815,2.240160143284169,245.71428571428572,152.1387658738977,42.0,514.0,268.0,42.0,42.0,90.0,314.0,453.20000000000016,508.8,0.08871827354366726,-0.7667208393169376,2.4677201004744993,0.7671524098424463,0.4807348618140587,0.8272767037743024,8.20159912109375e-05,2.323030948638916,0.00016508102416992187,0.0002830028533935547,0.017489194869995117,0.351809024810791,2.038818836212159,1.3520301017579528,1.7208549839668097,0.9939871495024936,4,3.0,0.6428571428571429,0.5156976744186047,0.35714285714285715,0.48430232558139535,0.5009987409802816,0.031395348837209305,0.42857142857142855,0.5714285714285714,0.0,0.0,0.2857142857142857,0.0,2,0.6,chat,transport,ikev2,AES_GCM_16_128,PASS,0
exp_053_chat_transport_aes_gcm_16_128_1789044631,0,0,4,1624.0,0.11261320114135742,14421.044633670243,35.51981436864592,406.0,104.65180361560904,286.0,514.0,412.0,290.8,295.6,310.0,508.0,511.6,512.8,-0.032665979665104164,-1.9508254627003763,1.5,0.5790099088852613,0.037537733713785805,0.031846897733625784,0.012635231018066406,0.0824887752532959,0.013606023788452149,0.015062212944030762,0.017489194869995117,0.04998898506164551,0.06948885917663575,0.9182958340544896,0.8483743212129252,0.7324964961235059,0,1.0,0.5,0.5073891625615764,0.5,0.49261083743842365,0.9514401494040025,0.014778325123152709,0.0,1.0,0.0,0.0,0.0,0.0,0,0.0,chat,transport,ikev2,AES_GCM_16_128,PASS,0
exp_053_chat_transport_aes_gcm_16_128_1789044631,2,0,4,1128.0,0.35225510597229004,3202.22469703174,11.355406727062908,282.0,36.76955262170047,234.0,330.0,282.0,238.2,242.4,255.0,309.0,321.6,325.8,0.0,-1.504184027169917,2.0,-0.05142231947483588,0.11741836865743001,0.16573922964399318,0.00016307830810546875,0.351809024810791,0.00018706321716308594,0.00022304058074951172,0.0002830028533935547,0.17604601383209229,0.28150382041931155,0.9182958340544896,1.4115152511808844,0.9987336417444745,2,2.5,0.5,0.475177304964539,0.5,0.524822695035461,1.000337879639763,-0.04964539007092199,0.25,0.75,0.0,0.0,0.0,0.0,2,0.6666666666666666,chat,transport,ikev2,AES_GCM_16_128,PASS,0
exp_053_chat_transport_aes_gcm_16_128_1789044631,3,0,4,1128.0,0.35225510597229004,3202.22469703174,11.355406727062908,282.0,36.76955262170047,234.0,330.0,282.0,238.2,242.4,255.0,309.0,321.6,325.8,0.0,-1.504184027169917,2.0,-0.05142231947483588,0.11741836865743001,0.16573922964399318,0.00016307830810546875,0.351809024810791,0.00018706321716308594,0.00022304058074951172,0.0002830028533935547,0.17604601383209229,0.28150382041931155,0.9182958340544896,1.4115152511808844,0.9987336417444745,2,2.5,0.5,0.475177304964539,0.5,0.524822695035461,1.000337879639763,-0.04964539007092199,0.25,0.75,0.0,0.0,0.0,0.0,2,0.6666666666666666,chat,transport,ikev2,AES_GCM_16_128,PASS,0
exp_053_chat_transport_aes_gcm_16_128_1789044631,5,0,4,168.0,0.09743809700012207,1724.1716040471267,41.05170485826492,42.0,0.0,42.0,42.0,42.0,42.0,42.0,42.0,42.0,42.0,42.0,0.0,0.0,-0.0,0.0,0.03247936566670736,0.04119047531100826,8.20159912109375e-05,0.09060406684875488,0.0014160156250000002,0.0034170150756835938,0.00675201416015625,0.048678040504455566,0.07383365631103517,0.9182958340544896,1.2681653813161602,0.9298628528083976,1,3.0,1.0,1.0,0.0,0.0,1.0,1.0,1.0,0.0,0.0,0.0,1.0,0.0,0,0.0,chat,transport,ikev2,AES_GCM_16_128,PASS,0
exp_053_chat_transport_aes_gcm_16_128_1789044631,6,0,4,168.0,0.09743809700012207,1724.1716040471267,41.05170485826492,42.0,0.0,42.0,42.0,42.0,42.0,42.0,42.0,42.0,42.0,42.0,0.0,0.0,-0.0,0.0,0.03247936566670736,0.04119047531100826,8.20159912109375e-05,0.09060406684875488,0.0014160156250000002,0.0034170150756835938,0.00675201416015625,0.048678040504455566,0.07383365631103517,0.9182958340544896,1.2681653813161602,0.9298628528083976,1,3.0,1.0,1.0,0.0,0.0,1.0,1.0,1.0,0.0,0.0,0.0,1.0,0.0,0,0.0,chat,transport,ikev2,AES_GCM_16_128,PASS,0
exp_054_chat_tunnel_aes_cbc_256_1789044675,-1,1,14,3357.0,6.354421138763428,528.293596960631,2.203190455004121,239.78571428571428,152.3718096215535,42.0,514.0,253.5,42.0,42.0,78.5,315.0,450.8000000000002,508.8,0.19843766329123735,-0.7589569452044067,2.4677201004744993,0.7863161257699386,0.48880162605872524,0.9398984923588798,8.106231689453125e-06,2.8476669788360596,1.0061264038085938e-05,1.811981201171875e-05,0.0001621246337890625,0.01756596565246582,2.024365425109864,1.1451104143815827,1.922858925569601,0.9937899715800176,3,4.333333333333333,0.5714285714285714,0.4587429252308609,0.42857142857142855,0.5412570747691391,0.7151200870335968,-0.08251414953827822,0.5,0.5,0.0,0.0,0.2857142857142857,0.0,2,0.6666666666666666,chat,tunnel,ikev2,AES_CBC_256,PASS,0
exp_054_chat_tunnel_aes_cbc_256_1789044675,0,0,4,1624.0,0.03912997245788574,41502.71257532461,102.22342998848424,406.0,104.65180361560904,286.0,514.0,412.0,290.8,295.6,310.0,508.0,511.6,512.8,-0.032665979665104164,-1.9508254627003763,1.5,0.5790099088852613,0.01304332415262858,0.004122396615011083,0.007596015930175781,0.01756596565246582,0.008870410919189452,0.010782003402709961,0.01396799087524414,0.01576697826385498,0.016846370697021485,1.584962500721156,0.31602991207331915,0.0,0,1.0,0.5,0.5073891625615764,0.5,0.49261083743842365,0.6838127963319529,0.014778325123152709,0.0,1.0,0.0,0.0,0.0,0.0,0,0.0,chat,tunnel,ikev2,AES_CBC_256,PASS,0
exp_054_chat_tunnel_aes_cbc_256_1789044675,2,0,3,877.0,0.001,877000.0,3000.0,292.3333333333333,31.329787033357817,249.0,322.0,306.0,254.7,260.4,277.5,314.0,318.8,320.4,-0.5713222308061529,-1.5000000000000016,1.584962500721156,0.0,3.7550926208496094e-05,2.944469451904297e-05,8.106231689453125e-06,6.699562072753906e-05,1.399517059326172e-05,2.282857894897461e-05,3.7550926208496094e-05,5.227327346801758e-05,6.110668182373047e-05,1.0,0.7637869544248139,0.0,1,3.0,0.3333333333333333,0.34891676168757124,0.6666666666666666,0.6510832383124288,1.0,-0.30216647662485746,0.3333333333333333,0.6666666666666666,0.0,0.0,0.0,0.0,2,1.0,chat,tunnel,ikev2,AES_CBC_256,PASS,0
exp_054_chat_tunnel_aes_cbc_256_1789044675,3,0,3,877.0,0.001,877000.0,3000.0,292.3333333333333,31.329787033357817,249.0,322.0,306.0,254.7,260.4,277.5,314.0,318.8,320.4,-0.5713222308061529,-1.5000000000000016,1.584962500721156,0.0,3.7550926208496094e-05,2.944469451904297e-05,8.106231689453125e-06,6.699562072753906e-05,1.399517059326172e-05,2.282857894897461e-05,3.7550926208496094e-05,5.227327346801758e-05,6.110668182373047e-05,1.0,0.7637869544248139,0.0,1,3.0,0.3333333333333333,0.34891676168757124,0.6666666666666666,0.6510832383124288,1.0,-0.30216647662485746,0.3333333333333333,0.6666666666666666,0.0,0.0,0.0,0.0,2,1.0,chat,tunnel,ikev2,AES_CBC_256,PASS,0
exp_054_chat_tunnel_aes_cbc_256_1789044675,5,0,4,168.0,0.001,168000.0,4000.0,42.0,0.0,42.0,42.0,42.0,42.0,42.0,42.0,42.0,42.0,42.0,0.0,0.0,-0.0,0.0,2.6305516560872395e-05,1.8543932171095012e-05,8.821487426757812e-06,5.1975250244140625e-05,1.068115234375e-05,1.3470649719238281e-05,1.811981201171875e-05,3.504753112792969e-05,4.520416259765625e-05,1.584962500721156,0.6791276821207496,0.0,1,4.0,1.0,1.0,0.0,0.0,1.0,1.0,1.0,0.0,0.0,0.0,1.0,0.0,0,0.0,chat,tunnel,ikev2,AES_CBC_256,PASS,0
exp_054_chat_tunnel_aes_cbc_256_1789044675,6,0,4,168.0,0.001,168000.0,4000.0,42.0,0.0,42.0,42.0,42.0,42.0,42.0,42.0,42.0,42.0,42.0,0.0,0.0,-0.0,0.0,2.6305516560872395e-05,1.8543932171095012e-05,8.821487426757812e-06,5.1975250244140625e-05,1.068115234375e-05,1.3470649719238281e-05,1.811981201171875e-05,3.504753112792969e-05,4.520416259765625e-05,1.584962500721156,0.6791276821207496,0.0,1,4.0,1.0,1.0,0.0,0.0,1.0,1.0,1.0,0.0,0.0,0.0,1.0,0.0,0,0.0,chat,tunnel,ikev2,AES_CBC_256,PASS,0
exp_054_chat_tunnel_aes_cbc_256_1789044675,7,0,3,688.0,0.001,688000.0,3000.0,229.33333333333334,29.94810326028827,188.0,258.0,242.0,193.4,198.8,215.0,250.0,254.8,256.4,-0.5587686131604378,-1.4999999999999998,1.584962500721156,0.0,8.857250213623047e-05,7.355213165283203e-05,1.5020370483398438e-05,0.0001621246337890625,2.9730796813964844e-05,5.179643630981445e-05,8.857250213623047e-05,0.00012534856796264648,0.00014741420745849608,1.0,0.8211463328440561,0.0,1,3.0,0.3333333333333333,0.35174418604651164,0.6666666666666666,0.6482558139534884,1.0,-0.29651162790697677,0.6666666666666666,0.3333333333333333,0.0,0.0,0.0,0.0,2,1.0,chat,tunnel,ikev2,AES_CBC_256,PASS,0
exp_054_chat_tunnel_aes_cbc_256_1789044675,8,0,3,688.0,0.001,688000.0,3000.0,229.33333333333334,29.94810326028827,188.0,258.0,242.0,193.4,198.8,215.0,250.0,254.8,256.4,-0.5587686131604378,-1.4999999999999998,1.584962500721156,0.0,8.857250213623047e-05,7.355213165283203e-05,1.5020370483398438e-05,0.0001621246337890625,2.9730796813964844e-05,5.179643630981445e-05,8.857250213623047e-05,0.00012534856796264648,0.00014741420745849608,1.0,0.8211463328440561,0.0,1,3.0,0.3333333333333333,0.35174418604651164,0.6666666666666666,0.6482558139534884,1.0,-0.29651162790697677,0.6666666666666666,0.3333333333333333,0.0,0.0,0.0,0.0,2,1.0,chat,tunnel,ikev2,AES_CBC_256,PASS,0
exp_055_chat_transport_aes_cbc_128_1789044720,-1,1,42,9060.0,10.225399017333984,886.0289935523873,4.107419175408418,215.71428571428572,112.92186209399627,42.0,514.0,170.0,42.0,123.60000000000001,158.0,307.0,362.0,392.39999999999986,0.839583891696381,0.30284613568011975,2.663284771228015,0.6024353001954518,0.2493999760325362,0.4128255409694776,5.9604644775390625e-06,2.1947340965270996,3.910064697265625e-05,0.0001499652862548828,0.011599063873291016,0.3562490940093994,0.7361328601837158,1.473503789122965,1.6552683455241228,0.9972581417758523,14,3.2857142857142856,0.6190476190476191,0.5642384105960265,0.38095238095238093,0.4357615894039735,0.6003714407424678,0.12847682119205298,0.7142857142857143,0.2857142857142857,0.0,0.0,0.09523809523809523,0.0,2,0.5151515151515151,chat,transport,ikev2,AES_CBC_128,PASS,0
exp_055_chat_transport_aes_cbc_128_1789044720,0,0,4,1640.0,0.025552034378051758,64182.75647784423,156.5433084825469,410.0,101.46920715172658,286.0,514.0,420.0,293.2,300.4,322.0,508.0,511.6,512.8,-0.08040378344839896,-1.8875703421157966,1.5,0.6328843056027117,0.00851734479268392,0.0022176771645438338,0.006472110748291016,0.011599063873291016,0.006673860549926758,0.006976485252380371,0.0074808597564697266,0.009539961814880371,0.010775423049926758,1.584962500721156,0.26034132434372836,0.0,0,1.0,0.5,0.5121951219512195,0.5,0.4878048780487805,0.7312523636433473,0.024390243902439025,0.0,1.0,0.0,0.0,0.0,0.0,0,0.0,chat,transport,ikev2,AES_CBC_128,PASS,0
exp_055_chat_transport_aes_cbc_128_1789044720,1,0,4,712.0,0.001,712000.0,4000.0,178.0,8.0,170.0,186.0,178.0,170.0,170.0,170.0,186.0,186.0,186.0,0.0,-2.0,1.0,0.5000000000000001,3.4014383951822914e-05,2.423309811632798e-05,5.9604644775390625e-06,6.508827209472656e-05,1.0967254638671875e-05,1.8477439880371094e-05,3.0994415283203125e-05,4.8041343688964844e-05,5.8269500732421876e-05,1.584962500721156,0.6920898037124071,0.0,1,4.0,0.5,0.47752808988764045,0.5,0.5224719101123596,0.1862970279275043,-0.0449438202247191,1.0,0.0,0.0,0.0,0.0,0.0,2,0.3333333333333333,chat,transport,ikev2,AES_CBC_128,PASS,0
exp_055_chat_transport_aes_cbc_128_1789044720,2,0,10,2548.0,0.6159968376159668,4136.384871489404,16.233849574134236,254.8,91.92692750222865,170.0,394.0,194.0,170.0,170.0,174.0,358.0,365.2,379.59999999999997,0.42373394704625633,-1.716636775082432,1.9609640474436814,0.3232685166174886,0.06844409306844075,0.10067398060112596,5.9604644775390625e-06,0.27388596534729004,2.5987625122070312e-05,6.508827209472656e-05,0.00021886825561523438,0.16416311264038086,0.1965723514556885,1.4466166676282082,1.4708721412718129,0.9988574427618302,4,3.25,0.5,0.47802197802197804,0.5,0.521978021978022,0.9997159641823232,-0.04395604395604396,0.6,0.4,0.0,0.0,0.0,0.0,2,0.4444444444444444,chat,transport,ikev2,AES_CBC_128,PASS,0
exp_055_chat_transport_aes_cbc_128_1789044720,3,0,10,2484.0,1.1985218524932861,2072.5529491452594,8.343610906381883,248.4,99.00626242819189,122.0,394.0,202.0,136.4,150.8,170.0,358.0,365.2,379.59999999999997,0.3012986358992292,-1.654576580522754,2.7219280948873625,0.33819228899709974,0.13316909472147623,0.17493101681551726,0.00014090538024902344,0.49973511695861816,0.0002032756805419922,0.00024199485778808594,0.0002868175506591797,0.17724394798278809,0.3849462985992432,1.6577427265048887,1.313590841707994,0.9990566872854695,5,2.8,0.5,0.47101449275362317,0.5,0.5289855072463768,0.9998749048285601,-0.057971014492753624,0.6,0.4,0.0,0.0,0.0,0.0,2,0.5555555555555556,chat,transport,ikev2,AES_CBC_128,PASS,0
exp_055_chat_transport_aes_cbc_128_1789044720,4,0,6,940.0,0.900001049041748,1044.4432270393904,6.666658895996109,156.66666666666666,25.15728301881761,122.0,202.0,154.0,126.0,130.0,142.0,166.0,186.0,194.0,0.495459683238929,-0.5779573286201227,2.2516291673878226,-0.2084137553912732,0.1800002098083496,0.22794986099323156,0.00018310546875,0.5430400371551514,0.00020666122436523436,0.00024199485778808594,0.0002868175506591797,0.3562490940093994,0.4683236598968506,1.3709505944546687,1.2663796050922864,0.9992089810584607,3,2.6666666666666665,0.5,0.4574468085106383,0.5,0.5425531914893617,1.0000632272187973,-0.0851063829787234,1.0,0.0,0.0,0.0,0.0,0.0,2,0.6,chat,transport,ikev2,AES_CBC_128,PASS,0
exp_055_chat_transport_aes_cbc_128_1789044720,5,0,8,832.0,0.985774040222168,844.0068068869908,8.115450066221065,104.0,64.21837743200929,42.0,202.0,90.0,42.0,42.0,42.0,158.0,179.6,190.79999999999998,0.20752419559979335,-1.6924553205620902,2.0,0.45565769228887926,0.14082486288888113,0.2944891247207413,1.0013580322265625e-05,0.8535130023956299,2.131462097167969e-05,3.3974647521972656e-05,7.605552673339844e-05,0.06605350971221924,0.4205595493316653,1.1488348542809166,2.09115796402475,0.9996580110074986,3,3.3333333333333335,0.75,0.5721153846153846,0.25,0.42788461538461536,0.2000215200506979,0.14423076923076922,1.0,0.0,0.0,0.0,0.5,0.0,2,0.6666666666666666,chat,transport,ikev2,AES_CBC_128,PASS,0
exp_055_chat_transport_aes_cbc_128_1789044720,6,0,7,678.0,0.768582820892334,882.143058067358,9.107671690960924,96.85714285714286,65.6123432887192,42.0,202.0,42.0,42.0,42.0,42.0,154.0,182.8,192.39999999999998,0.4870366701844315,-1.53600716372891,1.6644977792004614,0.6357639532057509,0.128097136815389,0.23241096563550942,1.0013580322265625e-05,0.6365048885345459,1.9431114196777344e-05,3.141164779663086e-05,5.7578086853027344e-05,0.09896194934844971,0.3842144012451172,1.2516291673878228,1.8143196412798164,0.9997996072799015,2,3.5,0.8571428571428571,0.7020648967551623,0.14285714285714285,0.29793510324483774,1.0,0.40412979351032446,1.0,0.0,0.0,0.0,0.5714285714285714,0.0,2,0.5,chat,transport,ikev2,AES_CBC_128,PASS,0
exp_055_chat_transport_aes_cbc_128_1789044720,7,0,3,670.0,0.2671680450439453,2507.7849407094873,11.228887794221585,223.33333333333334,98.9185972852875,138.0,362.0,170.0,141.2,144.4,154.0,266.0,323.6,342.79999999999995,0.6520121170440458,-1.5000000000000002,1.584962500721156,0.0,0.13358402252197266,0.05407404899597168,0.07950997352600098,0.18765807151794434,0.09032478332519531,0.10654699802398682,0.13358402252197266,0.1606210470199585,0.17684326171875,1.0,0.4047912555996114,1.0,0,1.0,1.0,1.0,0.0,0.0,1.0,1.0,0.6666666666666666,0.3333333333333333,0.0,0.0,0.0,0.0,1,0.0,chat,transport,ikev2,AES_CBC_128,PASS,0
exp_055_chat_transport_aes_cbc_128_1789044720,8,0,4,872.0,0.7207291126251221,1209.885912369908,5.549935377843615,218.0,83.90470785361212,154.0,362.0,178.0,156.4,158.8,166.0,230.0,309.20000000000005,335.5999999999999,1.092148056772224,-0.7143801652892563,1.5,-0.0691163516376137,0.24024303754170737,0.2852777918890885,0.0001430511474609375,0.6410760879516602,0.016016435623168946,0.03982651233673096,0.07950997352600098,0.36029303073883057,0.5287628650665284,1.584962500721156,1.187450039585532,0.9998015188439664,1,3.0,0.75,0.786697247706422,0.25,0.21330275229357798,1.0,0.573394495412844,0.75,0.25,0.0,0.0,0.0,0.0,2,0.3333333333333333,chat,transport,ikev2,AES_CBC_128,PASS,0
exp_055_chat_transport_aes_cbc_128_1789044720,9,0,5,866.0,1.2663989067077637,683.8287647067905,3.9482030294849335,173.2,11.973303637676612,154.0,186.0,170.0,157.2,160.4,170.0,186.0,186.0,186.0,-0.3436215967445429,-1.153061224489797,1.5219280948873621,-0.9045340337332909,0.3165997266769409,0.3247389319480147,0.0001430511474609375,0.7361328601837158,0.0001451253890991211,0.00014823675155639648,0.26506149768829346,0.581512987613678,0.6742849111557008,1.5,1.0257049481739755,0.9997686223257428,2,2.5,0.6,0.5704387990762124,0.4,0.4295612009237875,0.8599937027676928,0.14087759815242495,1.0,0.0,0.0,0.0,0.0,0.0,2,1.0,chat,transport,ikev2,AES_CBC_128,PASS,0
exp_055_chat_transport_aes_cbc_128_1789044720,10,0,5,834.0,1.4358711242675781,580.8320718375154,3.4822066656925386,166.8,15.676734353812341,138.0,186.0,170.0,144.4,150.8,170.0,170.0,179.6,182.8,-0.8675276172357108,-0.2708333333333317,1.3709505944546687,-0.052631578947368425,0.35896778106689453,0.3825025824264148,0.0001499652862548828,0.9054241180419922,0.000202178955078125,0.0002804994583129883,0.2651485204696655,0.6238358020782471,0.7927887916564942,1.5,1.0655594653372789,0.9996699034284879,2,2.5,0.6,0.5731414868105515,0.4,0.42685851318944845,0.49993903919304683,0.14628297362110312,1.0,0.0,0.0,0.0,0.0,0.0,2,0.75,chat,transport,ikev2,AES_CBC_128,PASS,0
exp_055_chat_transport_aes_cbc_128_1789044720,11,0,4,680.0,0.7549638748168945,900.7053485372714,5.298266756101597,170.0,22.627416997969522,138.0,202.0,170.0,142.8,147.6,162.0,178.0,192.4,197.2,0.0,-1.0,1.5,0.4999999999999999,0.25165462493896484,0.35554626796419925,0.00016689300537109375,0.7544729709625244,0.00019831657409667968,0.0002454519271850586,0.00032401084899902344,0.3773984909057617,0.6036431789398193,0.9182958340544896,1.4128286147008695,0.9993497651069871,2,2.5,0.5,0.45294117647058824,0.5,0.5470588235294118,1.0002068770074377,-0.09411764705882353,1.0,0.0,0.0,0.0,0.0,0.0,2,1.0,chat,transport,ikev2,AES_CBC_128,PASS,0
exp_055_chat_transport_aes_cbc_128_1789044720,12,0,6,1548.0,0.5324199199676514,2907.479494933347,11.269300367958708,258.0,79.33053216343208,170.0,362.0,258.0,170.0,170.0,178.0,326.0,346.0,354.0,0.04512337077954483,-1.8071358804941107,2.2516291673878226,-0.005783106338727065,0.10648398399353028,0.09338507516500189,0.0001308917999267578,0.21860814094543457,0.00014529228210449218,0.00016689300537109375,0.11575102806091309,0.19776296615600586,0.21027007102966308,1.5219280948873621,0.8769788158175964,0.9994406955973474,2,2.5,0.6666666666666666,0.6356589147286822,0.3333333333333333,0.3643410852713178,0.3333552534464568,0.2713178294573643,0.5,0.5,0.0,0.0,0.0,0.0,2,0.6,chat,transport,ikev2,AES_CBC_128,PASS,0
exp_055_chat_transport_aes_cbc_128_1789044720,13,0,4,1176.0,0.3344900608062744,3515.799534268076,11.958501817238353,294.0,73.64781055808787,170.0,362.0,322.0,191.6,213.2,278.0,338.0,352.4,357.2,-0.9622452602480743,-0.793640848931005,2.0,-0.27300239632881645,0.1114966869354248,0.08924368012117567,0.0001308917999267578,0.21860814094543457,0.023254919052124026,0.05794095993041992,0.11575102806091309,0.16717958450317383,0.1980367183685303,1.584962500721156,0.8004083544160175,0.9996086825431786,1,3.0,0.75,0.6921768707482994,0.25,0.3078231292517007,1.0,0.3843537414965986,0.25,0.75,0.0,0.0,0.0,0.0,2,0.3333333333333333,chat,transport,ikev2,AES_CBC_128,PASS,0
exp_056_chat_tunnel_3des_cbc_1789044765,-1,1,22,5105.0,7.080182075500488,721.0266551851543,3.107264723618686,232.04545454545453,108.40055236052129,42.0,382.0,247.0,42.0,42.0,182.0,321.5,357.20000000000005,380.79999999999995,-0.5530962569157556,-0.7184229327994607,3.1403611636984854,0.6128772038845157,0.33715152740478516,0.7724304267055799,1.6927719116210938e-05,2.66566801071167,2.002716064453125e-05,5.793571472167969e-05,0.00017189979553222656,0.13341593742370605,1.5002717971801758,1.0834189322427712,2.2910414839577946,0.9950333097210723,7,3.857142857142857,0.45454545454545453,0.3533790401567091,0.5454545454545454,0.6466209598432909,1.2222153432106924,-0.2932419196865818,0.5454545454545454,0.45454545454545453,0.0,0.0,0.18181818181818182,0.0,2,0.5454545454545454,chat,tunnel,ikev1,3DES_CBC,CRITICAL_FAIL,0
exp_056_chat_tunnel_3des_cbc_1789044765,0,0,3,1060.0,0.001,1060000.0,3000.0,353.3333333333333,22.17105219775452,328.0,382.0,350.0,330.2,332.4,339.0,366.0,375.6,378.8,0.22212087012112525,-1.499999999999999,1.584962500721156,0.0,7.009506225585938e-05,5.0067901611328125e-05,2.002716064453125e-05,0.0001201629638671875,3.0040740966796875e-05,4.506111145019531e-05,7.009506225585938e-05,9.512901306152344e-05,0.00011014938354492188,1.0,0.7042388039712523,0.0,1,3.0,0.3333333333333333,0.330188679245283,0.6666666666666666,0.6698113207547169,1.0,-0.33962264150943394,0.0,1.0,0.0,0.0,0.0,0.0,2,1.0,chat,tunnel,ikev1,3DES_CBC,CRITICAL_FAIL,0
exp_056_chat_tunnel_3des_cbc_1789044765,1,0,4,168.0,0.03387618064880371,4959.23674931556,118.07706545989429,42.0,0.0,42.0,42.0,42.0,42.0,42.0,42.0,42.0,42.0,42.0,0.0,0.0,-0.0,0.0,0.011292060216267904,0.013227930872796006,0.00011086463928222656,0.029871225357055664,0.0008675098419189454,0.0020024776458740234,0.0038940906524658203,0.016882658004760742,0.024675798416137696,1.584962500721156,1.171332714027406,0.0,1,4.0,1.0,1.0,0.0,0.0,1.0,1.0,1.0,0.0,0.0,0.0,1.0,0.0,0,0.0,chat,tunnel,ikev1,3DES_CBC,CRITICAL_FAIL,0
exp_056_chat_tunnel_3des_cbc_1789044765,2,0,4,168.0,0.03387618064880371,4959.23674931556,118.07706545989429,42.0,0.0,42.0,42.0,42.0,42.0,42.0,42.0,42.0,42.0,42.0,0.0,0.0,-0.0,0.0,0.011292060216267904,0.013227930872796006,0.00011086463928222656,0.029871225357055664,0.0008675098419189454,0.0020024776458740234,0.0038940906524658203,0.016882658004760742,0.024675798416137696,1.584962500721156,1.171332714027406,0.0,1,4.0,1.0,1.0,0.0,0.0,1.0,1.0,1.0,0.0,0.0,0.0,1.0,0.0,0,0.0,chat,tunnel,ikev1,3DES_CBC,CRITICAL_FAIL,0
exp_056_chat_tunnel_3des_cbc_1789044765,4,0,3,735.0,0.001,735000.0,3000.0,245.0,20.83266665599966,219.0,270.0,246.0,221.7,224.4,232.5,258.0,265.2,267.6,-0.07189170149291649,-1.5,1.584962500721156,0.0,9.942054748535156e-05,7.2479248046875e-05,2.6941299438476562e-05,0.00017189979553222656,4.1437149047851565e-05,6.318092346191406e-05,9.942054748535156e-05,0.00013566017150878906,0.00015740394592285157,1.0,0.7217571489285857,0.0,1,3.0,0.3333333333333333,0.3346938775510204,0.6666666666666666,0.6653061224489796,1.0,-0.3306122448979592,0.6666666666666666,0.3333333333333333,0.0,0.0,0.0,0.0,2,1.0,chat,tunnel,ikev1,3DES_CBC,CRITICAL_FAIL,0
exp_056_chat_tunnel_3des_cbc_1789044765,5,0,3,735.0,0.001,735000.0,3000.0,245.0,20.83266665599966,219.0,270.0,246.0,221.7,224.4,232.5,258.0,265.2,267.6,-0.07189170149291649,-1.5,1.584962500721156,0.0,9.942054748535156e-05,7.2479248046875e-05,2.6941299438476562e-05,0.00017189979553222656,4.1437149047851565e-05,6.318092346191406e-05,9.942054748535156e-05,0.00013566017150878906,0.00015740394592285157,1.0,0.7217571489285857,0.0,1,3.0,0.3333333333333333,0.3346938775510204,0.6666666666666666,0.6653061224489796,1.0,-0.3306122448979592,0.6666666666666666,0.3333333333333333,0.0,0.0,0.0,0.0,2,1.0,chat,tunnel,ikev1,3DES_CBC,CRITICAL_FAIL,0
exp_056_chat_tunnel_3des_cbc_1789044765,7,0,6,1541.0,0.1338639259338379,11511.689869021455,44.82163479177724,256.8333333333333,28.10940925898104,213.0,302.0,259.0,219.25,225.5,240.5,270.0,286.0,294.0,0.038401371040749054,-0.8522356599335437,2.251629167387823,-0.1046234824454611,0.026772785186767577,0.05332164395632806,1.9073486328125e-05,0.13341593742370605,2.899169921875e-05,4.38690185546875e-05,0.0001220703125,0.00026297569274902344,0.08015475273132325,0.7219280948873623,1.9915616557154288,0.996653403767993,2,3.5,0.3333333333333333,0.32965606748864373,0.6666666666666666,0.6703439325113563,2.9957880757820994,-0.34068786502271253,0.5,0.5,0.0,0.0,0.0,0.0,2,0.6666666666666666,chat,tunnel,ikev1,3DES_CBC,CRITICAL_FAIL,0
exp_056_chat_tunnel_3des_cbc_1789044765,8,0,12,3142.0,0.5459380149841309,5755.232121161833,21.980517330980902,261.8333333333333,68.30426210876026,152.0,382.0,259.0,164.1,177.2,211.25,308.75,355.1,368.79999999999995,0.17892265065195534,-0.9410004460223322,3.4182958340544896,0.4017310414590899,0.04963072863492099,0.08746031584287176,1.6927719116210938e-05,0.2718989849090576,1.9073486328125e-05,5.0902366638183594e-05,0.00013208389282226562,0.06685543060302734,0.13967323303222656,1.2776134368191154,1.762185566539677,0.9982601328482901,4,3.75,0.3333333333333333,0.3309993634627626,0.6666666666666666,0.6690006365372374,2.3331882379940305,-0.33800127307447486,0.5,0.5,0.0,0.0,0.0,0.0,2,0.5714285714285714,chat,tunnel,ikev1,3DES_CBC,CRITICAL_FAIL,0
exp_056_chat_tunnel_3des_cbc_1789044765,9,0,6,1601.0,0.2724008560180664,5877.367727118365,22.026362500131288,266.8333333333333,92.14556720513232,152.0,382.0,267.5,157.5,163.0,182.0,350.75,370.0,376.0,-0.0029751900966960856,-1.793733674576779,2.584962500721156,0.7016142504227472,0.05448017120361328,0.10870944834004792,1.6927719116210938e-05,0.2718989849090576,3.333091735839844e-05,5.793571472167969e-05,0.00013208389282226562,0.0002949237823486328,0.16325736045837405,0.7219280948873623,1.995358138204601,0.9981576008374382,2,3.5,0.3333333333333333,0.33229231730168646,0.6666666666666666,0.6677076826983136,3.0015756061651775,-0.3354153653966271,0.5,0.5,0.0,0.0,0.0,0.0,2,0.6666666666666666,chat,tunnel,ikev1,3DES_CBC,CRITICAL_FAIL,0
exp_057_chat_transport_3des_cbc_1789044811,-1,1,29,6682.0,8.03262710571289,831.8573627359958,3.6102758933468837,230.41379310344828,102.98895730607082,42.0,366.0,262.0,42.0,42.0,190.0,310.0,342.0,346.79999999999995,-0.628056948635193,-0.8532675824887428,3.1212731338654933,0.47025055879604644,0.2868795394897461,0.6723033331948334,8.487701416015625e-05,2.4062891006469727,0.0002398252487182617,0.00031501054763793945,0.006477952003479004,0.17586851119995117,0.8337741136550916,1.0622698109081752,2.3434957783843107,0.9812380532885661,13,3.0,0.5862068965517241,0.5055372642921281,0.41379310344827586,0.4944627357078719,0.6875634468242818,0.011074528584256211,0.4827586206896552,0.5172413793103449,0.0,0.0,0.13793103448275862,0.0,2,0.5333333333333333,chat,transport,ikev1,3DES_CBC,CRITICAL_FAIL,0
exp_057_chat_transport_3des_cbc_1789044811,0,0,9,1722.0,0.11193203926086426,15384.335096287998,80.4059325589965,191.33333333333334,62.87907265360851,94.0,278.0,206.0,100.4,106.8,134.0,218.0,278.0,278.0,-0.14351326179791993,-1.1679665260597276,2.725480556997868,0.19969227721102392,0.013991504907608032,0.012953122414717803,0.0006389617919921875,0.03225398063659668,0.0008048534393310547,0.0009646415710449219,0.010925054550170898,0.02623617649078369,0.03103032112121582,2.1556390622295662,0.9257186258105157,0.0,4,2.75,0.5555555555555556,0.5400696864111498,0.4444444444444444,0.45993031358885017,0.9747019533352203,0.08013937282229965,0.7777777777777778,0.2222222222222222,0.0,0.0,0.0,0.0,0,0.0,chat,transport,ikev1,3DES_CBC,CRITICAL_FAIL,0
exp_057_chat_transport_3des_cbc_1789044811,5,0,8,1560.0,0.5407669544219971,2884.7916597777653,14.79380338347572,195.0,94.37690395430441,42.0,302.0,222.0,42.0,42.0,153.0,266.0,285.2,293.59999999999997,-0.745875267160067,-0.9575708843181494,2.5,0.3853670588402692,0.07725242206028529,0.1203678065935487,0.00022983551025390625,0.3320159912109375,0.00023655891418457032,0.0002810955047607422,0.003389120101928711,0.10228490829467773,0.2406990051269532,1.1488348542809166,1.5580902875683458,0.9465020031823418,3,3.0,0.625,0.5012820512820513,0.375,0.4987179487179487,0.49998778472014727,0.002564102564102564,0.625,0.375,0.0,0.0,0.25,0.0,2,0.6,chat,transport,ikev1,3DES_CBC,CRITICAL_FAIL,0
exp_057_chat_transport_3des_cbc_1789044811,6,0,10,1644.0,0.5492417812347412,2993.21729731513,18.206917866880353,164.4,104.2642795975688,42.0,302.0,202.0,42.0,42.0,42.0,254.0,280.4,291.2,-0.16877200538547413,-1.6981003076774892,2.321928094887362,0.3463982326859816,0.06102686458163791,0.11042660393220313,8.487701416015625e-05,0.3320159912109375,0.00020084381103515627,0.0002410411834716797,0.003389120101928711,0.024748802185058594,0.21026000976562503,0.9864267287308424,1.8094456473154779,0.931897432246655,4,3.0,0.7,0.5267639902676399,0.3,0.4732360097323601,0.3386999892135584,0.0535279805352798,0.7,0.3,0.0,0.0,0.4,0.0,2,0.6,chat,transport,ikev1,3DES_CBC,CRITICAL_FAIL,0
exp_057_chat_transport_3des_cbc_1789044811,8,0,4,1352.0,0.17510604858398438,7721.035400736336,22.843300002178506,338.0,20.0,310.0,366.0,338.0,313.6,317.2,328.0,348.0,358.8,362.4,0.0,-1.0784,2.0,-0.635135135135135,0.058368682861328125,0.08215331813249478,0.00023698806762695312,0.17455101013183594,0.0002532005310058594,0.00027751922607421875,0.0003180503845214844,0.08743453025817871,0.13970441818237306,0.9182958340544896,1.407465555837791,0.9968302725312072,2,2.5,0.5,0.47633136094674555,0.5,0.5236686390532544,0.999530724032163,-0.047337278106508875,0.0,1.0,0.0,0.0,0.0,0.0,2,0.6666666666666666,chat,transport,ikev1,3DES_CBC,CRITICAL_FAIL,0
exp_057_chat_transport_3des_cbc_1789044811,9,0,8,2680.0,0.7703590393066406,3478.8973235286835,10.384768129936369,335.0,18.083141320025124,310.0,366.0,338.0,310.0,310.0,322.0,344.0,354.8,360.4,0.0395725674876402,-0.9346575765227394,2.5,-0.6147854797412843,0.11005129132952009,0.1335693760511733,0.00023698806762695312,0.33155107498168945,0.00023999214172363282,0.0002549886703491211,0.0003180503845214844,0.21887147426605225,0.29053559303283694,1.6644977792004614,1.2136900962037949,0.9986175072420709,4,2.75,0.5,0.47761194029850745,0.5,0.5223880597014925,0.9999896032596938,-0.04477611940298507,0.0,1.0,0.0,0.0,0.0,0.0,2,0.5714285714285714,chat,transport,ikev1,3DES_CBC,CRITICAL_FAIL,0
exp_057_chat_transport_3des_cbc_1789044811,10,0,4,1328.0,0.3320610523223877,3999.264565091742,12.045977605698019,332.0,15.362291495737216,310.0,350.0,334.0,312.4,314.8,322.0,344.0,347.6,348.8,-0.27803055565396284,-1.4266015512783683,2.0,-0.6546536707079771,0.1106870174407959,0.15617447316790609,0.00024199485778808594,0.33155107498168945,0.0002471923828125,0.0002549886703491211,0.00026798248291015625,0.1659095287322998,0.2652944564819336,0.9182958340544896,1.4109429076317108,0.9984642060936338,2,2.5,0.5,0.4789156626506024,0.5,0.5210843373493976,1.000075310644142,-0.04216867469879518,0.0,1.0,0.0,0.0,0.0,0.0,2,0.6666666666666666,chat,transport,ikev1,3DES_CBC,CRITICAL_FAIL,0
exp_058_chat_tunnel_aes_gcm_16_256_1789044855,-1,1,49,9945.0,8.946049213409424,1111.663904675734,5.477278162806533,202.9591836734694,96.08966033774605,42.0,514.0,182.0,42.0,116.2,154.0,242.0,308.40000000000003,354.79999999999984,1.1423685162949389,2.3367597667664812,2.9439338963474904,0.7489515573409525,0.186376025279363,0.384478101692644,1.4066696166992188e-05,2.2619941234588623,1.8048286437988282e-05,0.00011295080184936523,0.000992417335510254,0.23571819067001343,0.4669676542282107,1.3031936341987846,2.0629050233865716,0.9862544689912306,13,3.923076923076923,0.46938775510204084,0.45027652086475617,0.5306122448979592,0.5497234791352439,1.192291088392674,-0.09944695827048768,0.7755102040816326,0.22448979591836735,0.0,0.0,0.08163265306122448,0.0,2,0.8571428571428571,chat,tunnel,ikev2,AES_GCM_16_256,PASS,0
exp_058_chat_tunnel_aes_gcm_16_256_1789044855,0,0,4,1608.0,0.08423304557800293,19089.89505206638,47.48730112454324,402.0,109.36178491593853,270.0,514.0,412.0,277.2,284.4,306.0,508.0,511.6,512.8,-0.06935955084097174,-1.9029053366293442,1.5,0.62433452397764,0.02807768185933431,0.025224444584344422,0.009873151779174805,0.06374788284301758,0.010020923614501954,0.010242581367492676,0.010612010955810547,0.03717994689941406,0.05312070846557618,0.9182958340544896,0.8983486016441672,0.7568037271546197,0,1.0,0.5,0.5124378109452736,0.5,0.48756218905472637,0.9900504265234181,0.024875621890547265,0.0,1.0,0.0,0.0,0.0,0.0,0,0.0,chat,tunnel,ikev2,AES_GCM_16_256,PASS,0
exp_058_chat_tunnel_aes_gcm_16_256_1789044855,2,0,6,1463.0,0.45310187339782715,3228.854449505827,13.242055158602161,243.83333333333334,40.826530045493165,180.0,306.0,242.5,188.5,197.0,221.0,269.25,292.0,299.0,-0.015970037654287065,-0.9787034276321771,2.584962500721156,0.006136690045481464,0.09062037467956544,0.1802577613906663,1.6927719116210938e-05,0.45113396644592285,6.899833679199218e-05,0.00014710426330566406,0.00017404556274414062,0.0016298294067382812,0.27133231163024907,0.7219280948873623,1.9891307324353944,0.9956568112659812,2,3.5,0.3333333333333333,0.3362952836637047,0.6666666666666666,0.6637047163362952,3.0000464546453314,-0.3274094326725906,0.6666666666666666,0.3333333333333333,0.0,0.0,0.0,0.0,2,1.0,chat,tunnel,ikev2,AES_GCM_16_256,PASS,0
exp_058_chat_tunnel_aes_gcm_16_256_1789044855,3,0,15,3604.0,1.3841919898986816,2603.6850569145404,10.83664701823477,240.26666666666668,63.04016356436762,149.0,366.0,226.0,157.4,168.6,192.0,290.5,325.2,346.4,0.46682426640135904,-0.8376618506754578,3.2402239289418517,0.4756730994475877,0.0988708564213344,0.16455468123374456,1.6927719116210938e-05,0.45113396644592285,1.9550323486328125e-05,5.91278076171875e-05,0.0001920461654663086,0.1389610767364502,0.3782456159591675,1.4345491399952024,1.664322762713265,0.9980012821833357,5,3.8,0.3333333333333333,0.33684794672586016,0.6666666666666666,0.6631520532741398,2.249974128529482,-0.3263041065482797,0.6666666666666666,0.3333333333333333,0.0,0.0,0.0,0.0,2,1.0,chat,tunnel,ikev2,AES_GCM_16_256,PASS,0
exp_058_chat_tunnel_aes_gcm_16_256_1789044855,4,0,12,2619.0,0.9457788467407227,2769.146306269606,12.687955584282273,218.25,73.83892943427607,126.0,366.0,194.0,138.65,150.2,161.75,245.25,334.5,350.59999999999997,0.8289309866123493,-0.6119916141709152,2.792481250360578,0.702412853227798,0.08597989515824751,0.14824446919394418,1.7881393432617188e-05,0.38644909858703613,1.811981201171875e-05,2.6345252990722656e-05,0.0001628398895263672,0.09254658222198486,0.3736138343811035,1.0957952550009336,1.7241559176733483,0.9989661910960845,4,3.75,0.3333333333333333,0.33753340969835816,0.6666666666666666,0.6624665903016419,2.3337503109086195,-0.3249331806032837,0.75,0.25,0.0,0.0,0.0,0.0,2,1.0,chat,tunnel,ikev2,AES_GCM_16_256,PASS,0
exp_058_chat_tunnel_aes_gcm_16_256_1789044855,5,0,10,1087.0,1.1286211013793945,963.1221662181174,8.860369514426104,108.7,58.371311446634465,42.0,190.0,119.5,42.0,42.0,42.0,159.0,179.2,184.6,-0.04508263527072311,-1.6476761983549129,2.3219280948873626,0.7687452856541983,0.1254023445977105,0.302085138693532,1.4066696166992188e-05,0.975175142288208,1.7118453979492187e-05,7.700920104980469e-05,0.00016117095947265625,0.028717994689941406,0.277313280105591,0.9864267287308424,2.4089081488425244,0.9551681742708786,3,3.3333333333333335,0.6,0.44158233670653174,0.4,0.5584176632934683,0.694297493427568,-0.11683532658693652,1.0,0.0,0.0,0.0,0.4,0.0,2,1.0,chat,tunnel,ikev2,AES_GCM_16_256,PASS,0
exp_058_chat_tunnel_aes_gcm_16_256_1789044855,6,0,13,1601.0,0.8896758556365967,1799.531806844892,14.612063390995374,123.15384615384616,59.615235731824015,42.0,210.0,147.0,42.0,42.0,42.0,178.0,182.0,193.19999999999996,-0.30837681600548467,-1.3850389484485268,2.6235166412180155,0.5980492896613959,0.07413965463638306,0.14541094869706,1.4066696166992188e-05,0.5039129257202148,1.609325408935547e-05,6.204843521118164e-05,0.0001494884490966797,0.047250449657440186,0.21923229694366458,1.207518749639422,1.9612849307875204,0.9429553933182566,4,3.5,0.5384615384615384,0.4084946908182386,0.46153846153846156,0.5915053091817614,0.8333043042186598,-0.1830106183635228,1.0,0.0,0.0,0.0,0.3076923076923077,0.0,2,1.0,chat,tunnel,ikev2,AES_GCM_16_256,PASS,0
exp_058_chat_tunnel_aes_gcm_16_256_1789044855,7,0,6,992.0,0.23249602317810059,4266.739647585676,25.80689302975207,165.33333333333334,29.86450885062215,117.0,210.0,168.0,124.5,132.0,148.75,182.0,196.0,203.0,-0.13863256664514634,-0.963106808653099,2.251629167387823,-0.37782957031078335,0.046499204635620114,0.0928323702187438,1.5974044799804688e-05,0.2321639060974121,1.6450881958007812e-05,1.71661376953125e-05,0.00013494491577148438,0.000164031982421875,0.13936395645141603,0.7219280948873623,1.9963862728387283,0.9985715150042198,2,3.5,0.3333333333333333,0.3387096774193548,0.6666666666666666,0.6612903225806451,3.0001305832814746,-0.3225806451612903,1.0,0.0,0.0,0.0,0.0,0.0,2,1.0,chat,tunnel,ikev2,AES_GCM_16_256,PASS,0
exp_058_chat_tunnel_aes_gcm_16_256_1789044855,8,0,7,1367.0,0.6091830730438232,2243.9888113924353,11.490798595279479,195.28571428571428,38.22009301668537,144.0,266.0,194.0,147.9,151.8,167.5,214.0,239.60000000000002,252.79999999999995,0.4547480290373266,-0.6780228841818388,2.807354922057604,-0.6127747574268675,0.10153051217397054,0.1472885483366917,2.09808349609375e-05,0.3623678684234619,2.205371856689453e-05,6.437301635742188e-05,0.00019502639770507812,0.1848362684249878,0.30437445640563965,1.2516291673878228,1.450668321420429,0.9992873074585368,2,3.5,0.42857142857142855,0.4667154352596928,0.5714285714285714,0.5332845647403073,1.4999749930494954,-0.06656912948061448,0.8571428571428571,0.14285714285714285,0.0,0.0,0.0,0.0,2,0.75,chat,tunnel,ikev2,AES_GCM_16_256,PASS,0
exp_058_chat_tunnel_aes_gcm_16_256_1789044855,9,0,10,2009.0,0.9672129154205322,2077.1021229865523,10.338985181615492,200.9,43.32308853255963,144.0,286.0,188.0,149.85,155.7,175.0,218.0,268.0,277.0,0.7309287323155335,-0.5663361967774758,3.121928094887362,-0.45938275507998655,0.10746810171339247,0.1274191499153273,2.09808349609375e-05,0.3623678684234619,2.269744873046875e-05,0.0001881122589111328,0.04808402061462402,0.21704483032226562,0.2695784091949463,2.2810361125534233,1.1856352001074624,0.949837124718219,2,3.5,0.6,0.6371329019412643,0.4,0.3628670980587357,0.9529439574443095,0.27426580388252864,0.8,0.2,0.0,0.0,0.0,0.0,2,0.5714285714285714,chat,tunnel,ikev2,AES_GCM_16_256,PASS,0
exp_058_chat_tunnel_aes_gcm_16_256_1789044855,10,0,7,1287.0,1.424401044845581,903.5376691537904,4.914346296873763,183.85714285714286,47.31785700807608,119.0,286.0,182.0,129.5,140.0,164.0,186.0,228.40000000000003,257.19999999999993,1.0322191912752383,0.6291335710495569,2.521640636343318,-0.08679549048181144,0.23740017414093018,0.2522201121951009,2.9087066650390625e-05,0.7043981552124023,0.00013399124145507812,0.023404419422149658,0.15497291088104248,0.3616030216217041,0.557093620300293,2.2516291673878226,1.0624215027907724,0.9998118630396405,1,4.0,0.7142857142857143,0.7661227661227661,0.2857142857142857,0.2338772338772339,11835.659000900707,0.5322455322455323,0.8571428571428571,0.14285714285714285,0.0,0.0,0.0,0.0,2,0.4,chat,tunnel,ikev2,AES_GCM_16_256,PASS,0
exp_058_chat_tunnel_aes_gcm_16_256_1789044855,11,0,4,645.0,0.41005706787109375,1572.9517926581948,9.754739799430666,161.25,27.815238629211866,119.0,190.0,168.0,124.25,129.5,145.25,184.0,187.6,188.8,-0.500714675436179,-1.3052737835636146,2.0,-0.8848514729786596,0.1366856892903646,0.1931132823414063,2.9087066650390625e-05,0.4097890853881836,7.104873657226562e-05,0.00013399124145507812,0.00023889541625976562,0.20501399040222168,0.32787904739379886,0.9182958340544896,1.4128170295439246,0.9993464751521015,1,3.0,0.5,0.5333333333333333,0.5,0.4666666666666667,13629.014507659553,0.06666666666666667,1.0,0.0,0.0,0.0,0.0,0.0,2,1.0,chat,tunnel,ikev2,AES_GCM_16_256,PASS,0
exp_059_chat_transport_aes_gcm_16_128_1789044900,-1,1,20,4608.0,9.255372047424316,497.87301649125635,2.160907189632189,230.4,131.34321451829936,42.0,514.0,226.0,42.0,42.0,170.0,294.0,362.0000000000002,506.4,0.4300635789464723,-0.03774452928398153,2.8841837197791893,0.7545065357996898,0.4871248446012798,0.8832439077336559,5.1975250244140625e-05,2.8428690433502197,0.0002068042755126953,0.0003039836883544922,0.017666101455688477,0.34505653381347656,2.2017549991607663,1.5055213905049436,1.8131739827038023,0.9965692546317291,7,3.142857142857143,0.6,0.5026041666666666,0.4,0.4973958333333333,0.6375656594138213,0.005208333333333333,0.6,0.4,0.0,0.0,0.2,0.0,2,0.5454545454545454,chat,transport,ikev2,AES_GCM_16_128,PASS,0
exp_059_chat_transport_aes_gcm_16_128_1789044900,0,0,4,1624.0,0.084442138671875,19232.10408384532,47.36971449222985,406.0,104.65180361560904,286.0,514.0,412.0,290.8,295.6,310.0,508.0,511.6,512.8,-0.032665979665104164,-1.9508254627003763,1.5,0.5790099088852613,0.028147379557291668,0.01905272084829353,0.01189112663269043,0.054884910583496094,0.01304612159729004,0.014778614044189453,0.017666101455688477,0.036275506019592285,0.04744114875793457,1.584962500721156,0.6768674129007912,0.6499706360679436,0,1.0,0.5,0.5073891625615764,0.5,0.49261083743842365,1.0864664720644188,0.014778325123152709,0.0,1.0,0.0,0.0,0.0,0.0,0,0.0,chat,transport,ikev2,AES_GCM_16_128,PASS,0
exp_059_chat_transport_aes_gcm_16_128_1789044900,5,0,4,168.0,0.059487104415893555,2824.1414950281955,67.241464167338,42.0,0.0,42.0,42.0,42.0,42.0,42.0,42.0,42.0,42.0,42.0,0.0,0.0,-0.0,0.0,0.01982903480529785,0.027623934458684045,5.1975250244140625e-05,0.05889415740966797,0.00014977455139160157,0.00029647350311279297,0.0005409717559814453,0.029717564582824707,0.04722352027893067,0.9182958340544896,1.3930350970087026,0.9900323437819379,1,4.0,1.0,1.0,0.0,0.0,1.0,1.0,1.0,0.0,0.0,0.0,1.0,0.0,0,0.0,chat,transport,ikev2,AES_GCM_16_128,PASS,0
exp_059_chat_transport_aes_gcm_16_128_1789044900,6,0,4,168.0,0.059487104415893555,2824.1414950281955,67.241464167338,42.0,0.0,42.0,42.0,42.0,42.0,42.0,42.0,42.0,42.0,42.0,0.0,0.0,-0.0,0.0,0.01982903480529785,0.027623934458684045,5.1975250244140625e-05,0.05889415740966797,0.00014977455139160157,0.00029647350311279297,0.0005409717559814453,0.029717564582824707,0.04722352027893067,0.9182958340544896,1.3930350970087026,0.9900323437819379,1,4.0,1.0,1.0,0.0,0.0,1.0,1.0,1.0,0.0,0.0,0.0,1.0,0.0,0,0.0,chat,transport,ikev2,AES_GCM_16_128,PASS,0
exp_059_chat_transport_aes_gcm_16_128_1789044900,7,0,4,1192.0,0.09146499633789062,13032.307961796721,43.73257705300913,298.0,36.76955262170047,250.0,346.0,298.0,254.2,258.4,271.0,325.0,337.6,341.8,0.0,-1.504184027169917,2.0,0.9794520547945207,0.030488332112630207,0.042723212548064375,0.00022792816162109375,0.09090805053710938,0.00024814605712890624,0.000278472900390625,0.00032901763916015625,0.045618534088134766,0.07279224395751954,0.9182958340544896,1.4012511782888901,0.9939108312132461,2,2.5,0.5,0.47651006711409394,0.5,0.5234899328859061,1.0010982312445305,-0.04697986577181208,0.0,1.0,0.0,0.0,0.0,0.0,2,0.6666666666666666,chat,transport,ikev2,AES_GCM_16_128,PASS,0
exp_059_chat_transport_aes_gcm_16_128_1789044900,8,0,4,1192.0,0.09146499633789062,13032.307961796721,43.73257705300913,298.0,36.76955262170047,250.0,346.0,298.0,254.2,258.4,271.0,325.0,337.6,341.8,0.0,-1.504184027169917,2.0,0.9794520547945207,0.030488332112630207,0.042723212548064375,0.00022792816162109375,0.09090805053710938,0.00024814605712890624,0.000278472900390625,0.00032901763916015625,0.045618534088134766,0.07279224395751954,0.9182958340544896,1.4012511782888901,0.9939108312132461,2,2.5,0.5,0.47651006711409394,0.5,0.5234899328859061,1.0010982312445305,-0.04697986577181208,0.0,1.0,0.0,0.0,0.0,0.0,2,0.6666666666666666,chat,transport,ikev2,AES_GCM_16_128,PASS,0
exp_059_chat_transport_aes_gcm_16_128_1789044900,10,0,4,840.0,0.3311779499053955,2536.4007484192557,12.078098801996457,210.0,26.076809620810597,174.0,246.0,210.0,178.2,182.4,195.0,225.0,237.6,241.79999999999998,0.0,-1.1793771626297578,2.0,0.9516129032258066,0.11039264996846516,0.1556649492773962,0.0002789497375488281,0.3305361270904541,0.00029573440551757815,0.0003209114074707031,0.0003628730773925781,0.16544950008392334,0.2645014762878418,0.9182958340544896,1.4100897046330394,0.9980620001569406,2,2.5,0.5,0.4666666666666667,0.5,0.5333333333333333,1.0002506629684955,-0.06666666666666667,1.0,0.0,0.0,0.0,0.0,0.0,2,0.6666666666666666,chat,transport,ikev2,AES_GCM_16_128,PASS,0
exp_059_chat_transport_aes_gcm_16_128_1789044900,11,0,6,1280.0,0.690964937210083,1852.4818425205056,8.683508636814869,213.33333333333334,23.257018056683208,174.0,246.0,212.0,181.0,188.0,203.0,230.0,240.0,243.0,-0.25061424950469957,-0.8724836927422985,2.584962500721156,0.16261529618574683,0.1381929874420166,0.16915286116189118,0.00021004676818847656,0.359576940536499,0.0002376079559326172,0.0002789497375488281,0.0003628730773925781,0.3305361270904541,0.3479606151580811,0.9709505944546686,1.224024751676438,0.9987671305195753,3,2.6666666666666665,0.5,0.4671875,0.5,0.5328125,1.0002183976565409,-0.065625,1.0,0.0,0.0,0.0,0.0,0.0,2,0.6,chat,transport,ikev2,AES_GCM_16_128,PASS,0
exp_060_chat_tunnel_aes_cbc_256_1789044947,-1,1,20,5020.0,6.570658206939697,764.0026070292399,3.0438350877658964,251.0,139.70218323276126,42.0,514.0,274.0,42.0,42.0,159.0,324.75,405.20000000000016,506.4,0.025016783268984384,-0.6877287359463802,3.046439344671015,0.6343075375877353,0.3458241161547209,0.7714103954397408,1.5974044799804688e-05,2.5603890419006348,2.17437744140625e-05,0.0001220703125,0.0010678768157958984,0.09179151058197021,1.4887580871582025,0.7742433029172697,2.2306372770640945,0.9969022840824406,5,4.0,0.5,0.4159362549800797,0.5,0.5840637450199203,1.0010865167972778,-0.16812749003984065,0.4,0.6,0.0,0.0,0.2,0.0,2,0.5714285714285714,chat,tunnel,ikev2,AES_CBC_256,PASS,0
exp_060_chat_tunnel_aes_cbc_256_1789044947,0,0,4,1624.0,0.11073017120361328,14666.28275155242,36.12384914175473,406.0,104.65180361560904,286.0,514.0,412.0,290.8,295.6,310.0,508.0,511.6,512.8,-0.032665979665104164,-1.9508254627003763,1.5,0.5790099088852613,0.036910057067871094,0.03926269108194024,0.0073451995849609375,0.09239602088928223,0.008073949813842773,0.009167075157165527,0.010988950729370117,0.05169248580932617,0.07611460685729982,0.9182958340544896,1.0637108281603809,0.8344249799757125,0,1.0,0.5,0.5073891625615764,0.5,0.49261083743842365,0.9647461731282737,0.014778325123152709,0.0,1.0,0.0,0.0,0.0,0.0,0,0.0,chat,tunnel,ikev2,AES_CBC_256,PASS,0
exp_060_chat_tunnel_aes_cbc_256_1789044947,2,0,6,1577.0,0.06678390502929688,23613.47392471583,89.84200605472097,262.8333333333333,101.40745644291755,126.0,394.0,262.5,137.0,148.0,178.0,352.25,378.0,386.0,-0.021967750137539818,-1.6692740785758715,2.584962500721156,0.4130503855349543,0.013356781005859375,0.02649971263173832,1.5974044799804688e-05,0.06635594367980957,1.7976760864257814e-05,2.09808349609375e-05,0.00015401840209960938,0.00023698806762695312,0.03990836143493653,0.7219280948873623,1.9838409253838083,0.9935918489746959,2,3.5,0.3333333333333333,0.3373493975903614,0.6666666666666666,0.6626506024096386,3.0028848550223315,-0.3253012048192771,0.5,0.5,0.0,0.0,0.0,0.0,2,0.6666666666666666,chat,tunnel,ikev2,AES_CBC_256,PASS,0
exp_060_chat_tunnel_aes_cbc_256_1789044947,3,0,6,1577.0,0.06678390502929688,23613.47392471583,89.84200605472097,262.8333333333333,101.40745644291755,126.0,394.0,262.5,137.0,148.0,178.0,352.25,378.0,386.0,-0.021967750137539818,-1.6692740785758715,2.584962500721156,0.4130503855349543,0.013356781005859375,0.02649971263173832,1.5974044799804688e-05,0.06635594367980957,1.7976760864257814e-05,2.09808349609375e-05,0.00015401840209960938,0.00023698806762695312,0.03990836143493653,0.7219280948873623,1.9838409253838083,0.9935918489746959,2,3.5,0.3333333333333333,0.3373493975903614,0.6666666666666666,0.6626506024096386,3.0028848550223315,-0.3253012048192771,0.5,0.5,0.0,0.0,0.0,0.0,2,0.6666666666666666,chat,tunnel,ikev2,AES_CBC_256,PASS,0
exp_060_chat_tunnel_aes_cbc_256_1789044947,5,0,4,168.0,0.09234499931335449,1819.2647273722448,43.31582684219631,42.0,0.0,42.0,42.0,42.0,42.0,42.0,42.0,42.0,42.0,42.0,0.0,0.0,-0.0,0.0,0.030781666437784832,0.04271488630418417,9.012222290039062e-05,0.0911870002746582,0.0002856731414794922,0.0005789995193481445,0.0010678768157958984,0.04612743854522705,0.07316317558288575,0.9182958340544896,1.3876278843652377,0.9874600785391004,1,4.0,1.0,1.0,0.0,0.0,1.0,1.0,1.0,0.0,0.0,0.0,1.0,0.0,0,0.0,chat,tunnel,ikev2,AES_CBC_256,PASS,0
exp_060_chat_tunnel_aes_cbc_256_1789044947,6,0,4,168.0,0.09234499931335449,1819.2647273722448,43.31582684219631,42.0,0.0,42.0,42.0,42.0,42.0,42.0,42.0,42.0,42.0,42.0,0.0,0.0,-0.0,0.0,0.030781666437784832,0.04271488630418417,9.012222290039062e-05,0.0911870002746582,0.0002856731414794922,0.0005789995193481445,0.0010678768157958984,0.04612743854522705,0.07316317558288575,0.9182958340544896,1.3876278843652377,0.9874600785391004,1,4.0,1.0,1.0,0.0,0.0,1.0,1.0,1.0,0.0,0.0,0.0,1.0,0.0,0,0.0,chat,tunnel,ikev2,AES_CBC_256,PASS,0
exp_060_chat_tunnel_aes_cbc_256_1789044947,7,0,6,1651.0,0.14758801460266113,11186.545224860225,40.65370766151505,275.1666666666667,40.11822805436728,209.0,330.0,274.0,219.25,229.5,254.0,306.0,322.0,326.0,-0.21331501231482514,-1.0124135350840058,2.584962500721156,-0.17493607695159205,0.029517602920532227,0.05881829357422917,2.193450927734375e-05,0.1471540927886963,2.40325927734375e-05,2.7179718017578125e-05,0.00017786026000976562,0.00020694732666015625,0.08837523460388186,0.7219280948873623,1.9925839218263608,0.9970599115711865,2,3.5,0.3333333333333333,0.34161114476075105,0.6666666666666666,0.658388855239249,2.9999777591013594,-0.3167777104784979,0.16666666666666666,0.8333333333333334,0.0,0.0,0.0,0.0,2,0.6666666666666666,chat,tunnel,ikev2,AES_CBC_256,PASS,0
exp_060_chat_tunnel_aes_cbc_256_1789044947,8,0,6,1651.0,0.14758801460266113,11186.545224860225,40.65370766151505,275.1666666666667,40.11822805436728,209.0,330.0,274.0,219.25,229.5,254.0,306.0,322.0,326.0,-0.21331501231482514,-1.0124135350840058,2.584962500721156,-0.17493607695159205,0.029517602920532227,0.05881829357422917,2.193450927734375e-05,0.1471540927886963,2.40325927734375e-05,2.7179718017578125e-05,0.00017786026000976562,0.00020694732666015625,0.08837523460388186,0.7219280948873623,1.9925839218263608,0.9970599115711865,2,3.5,0.3333333333333333,0.34161114476075105,0.6666666666666666,0.658388855239249,2.9999777591013594,-0.3167777104784979,0.16666666666666666,0.8333333333333334,0.0,0.0,0.0,0.0,2,0.6666666666666666,chat,tunnel,ikev2,AES_CBC_256,PASS,0
exp_061_email_tunnel_aes_gcm_16_256_1789044991,-1,1,49,6765.0,6.897820949554443,980.7445060511432,7.1036926528464175,138.0612244897959,49.39817734523447,42.0,218.0,146.0,42.0,54.0,118.0,178.0,193.20000000000005,210.0,-0.5320048121098541,-0.4850826528440755,3.0304406505827455,0.3863094211787016,0.14370460311571756,0.26339161846658293,7.152557373046875e-06,0.9505720138549805,1.163482666015625e-05,1.615285873413086e-05,0.00011742115020751953,0.19211459159851074,0.6310633659362793,1.6050733216086401,1.8328555933514252,0.9928614629049705,15,4.2,0.3877551020408163,0.3745750184774575,0.6122448979591837,0.6254249815225424,1.6110870745706247,-0.250849963045085,1.0,0.0,0.0,0.0,0.16326530612244897,0.0,2,0.5172413793103449,email,tunnel,ikev2,AES_GCM_16_256,PASS,0
exp_061_email_tunnel_aes_gcm_16_256_1789044991,0,0,15,2045.0,1.1877598762512207,1721.7284746596931,12.628815217552761,136.33333333333334,33.05685338255224,54.0,182.0,138.0,89.0,106.0,116.0,160.0,176.4,179.2,-0.6974287098504715,0.25639350164113406,3.056564762130954,-0.10863402068536886,0.08483999116080147,0.19410472451322025,7.152557373046875e-06,0.7207779884338379,9.250640869140624e-06,1.3649463653564453e-05,0.00011444091796875,0.00019621849060058594,0.23545653820037843,0.9463729359854419,2.287864885327992,0.9993048733536659,4,4.5,0.3333333333333333,0.3550122249388753,0.6666666666666666,0.6449877750611247,2.249880875183814,-0.2899755501222494,1.0,0.0,0.0,0.0,0.06666666666666667,0.0,2,0.5555555555555556,email,tunnel,ikev2,AES_GCM_16_256,PASS,0
exp_061_email_tunnel_aes_gcm_16_256_1789044991,1,0,13,1509.0,1.0413930416107178,1449.0206288166057,12.48327910842669,116.07692307692308,54.43480439015173,42.0,190.0,125.0,42.0,42.0,42.0,162.0,178.8,185.2,-0.31005340641805673,-1.4039285361565694,2.6235166412180155,0.5655723901992982,0.08678275346755981,0.17920758553467217,1.1920928955078125e-05,0.6213431358337402,1.3279914855957032e-05,1.8537044525146484e-05,0.00010192394256591797,0.04523873329162598,0.2331659555435181,1.207518749639422,2.06499002836586,0.9994395500466011,4,4.0,0.5384615384615384,0.41219350563286944,0.46153846153846156,0.5878064943671305,0.8332804850358673,-0.1756129887342611,1.0,0.0,0.0,0.0,0.3076923076923077,0.0,2,0.6,email,tunnel,ikev2,AES_GCM_16_256,PASS,0
exp_061_email_tunnel_aes_gcm_16_256_1789044991,2,0,13,1493.0,0.8604159355163574,1735.207285653087,15.108971676818573,114.84615384615384,60.75403899690843,42.0,210.0,125.0,42.0,42.0,42.0,162.0,188.4,197.99999999999997,-0.011690997782004742,-1.4938966476767055,2.4996981431844145,0.5023451904385225,0.07170132795969646,0.17633151144680112,1.4066696166992188e-05,0.6324989795684814,1.6283988952636718e-05,1.8537044525146484e-05,0.00011992454528808594,0.011833429336547852,0.16707997322082524,0.8166890883150209,2.4592159901128485,0.9448233590460773,4,4.0,0.5384615384615384,0.43536503683858,0.46153846153846156,0.5646349631614199,1.054762573442362,-0.12926992632283993,1.0,0.0,0.0,0.0,0.38461538461538464,0.0,2,0.6,email,tunnel,ikev2,AES_GCM_16_256,PASS,0
exp_061_email_tunnel_aes_gcm_16_256_1789044991,3,0,9,1277.0,0.6777260303497314,1884.2422200325127,13.279702412132039,141.88888888888889,43.08246470934664,54.0,210.0,146.0,76.0,98.0,118.0,174.0,187.6,198.79999999999998,-0.4368570614387315,-0.2154681488621577,2.5032583347756456,0.047024437199528556,0.08471575379371643,0.20683417019761116,1.4066696166992188e-05,0.6304481029510498,1.4734268188476562e-05,1.5914440155029297e-05,0.00012695789337158203,0.011823594570159912,0.2219090461730956,0.5435644431995964,2.4414789393518093,0.9302403548314582,3,3.6666666666666665,0.3333333333333333,0.36491777603758807,0.6666666666666666,0.6350822239624119,2.5000730383532983,-0.2701644479248238,1.0,0.0,0.0,0.0,0.1111111111111111,0.0,2,0.6,email,tunnel,ikev2,AES_GCM_16_256,PASS,0
exp_061_email_tunnel_aes_gcm_16_256_1789044991,4,0,9,1279.0,1.007861852645874,1269.0231271699834,8.92979526546509,142.11111111111111,43.10824732756275,54.0,210.0,146.0,76.0,98.0,118.0,174.0,187.6,198.79999999999998,-0.4513185988781074,-0.2129413831985758,2.5032583347756456,0.26806246779773824,0.12598273158073425,0.25396613219249686,1.0967254638671875e-05,0.7639977931976318,1.3804435729980468e-05,1.5735626220703125e-05,0.00010752677917480469,0.06097722053527832,0.39961862564086903,1.061278124459133,2.015864500963345,0.9995952479124278,3,3.6666666666666665,0.3333333333333333,0.364347146207975,0.6666666666666666,0.6356528537920251,2.499866346139979,-0.27130570758405004,1.0,0.0,0.0,0.0,0.1111111111111111,0.0,2,0.6,email,tunnel,ikev2,AES_GCM_16_256,PASS,0
exp_061_email_tunnel_aes_gcm_16_256_1789044991,5,0,9,1400.0,0.937218189239502,1493.7823615395457,9.602886609897078,155.55555555555554,47.288972431003906,54.0,214.0,150.0,79.6,105.2,138.0,186.0,210.8,212.4,-0.7340724403063129,-0.10581108853232557,2.503258334775646,0.20370928691537757,0.11715227365493774,0.23191337270412893,1.0967254638671875e-05,0.6933951377868652,1.0967254638671875e-05,1.4722347259521484e-05,8.90493392944336e-05,0.06097722053527832,0.3784378290176391,1.061278124459133,1.9795722771452773,0.9996084943746824,3,3.6666666666666665,0.3333333333333333,0.36142857142857143,0.6666666666666666,0.6385714285714286,2.50000001811432,-0.27714285714285714,1.0,0.0,0.0,0.0,0.1111111111111111,0.0,2,0.6,email,tunnel,ikev2,AES_GCM_16_256,PASS,0
exp_061_email_tunnel_aes_gcm_16_256_1789044991,6,0,6,1113.0,0.48613691329956055,2289.4784772580365,12.342202033736045,185.5,26.075211728127282,150.0,218.0,188.0,151.25,152.5,162.75,208.0,216.0,217.0,-0.14611677090769207,-1.4751815931435401,1.9182958340544896,-0.5750270317356317,0.09722738265991211,0.1943572550909039,1.0967254638671875e-05,0.48594188690185547,1.0967254638671875e-05,1.0967254638671875e-05,8.106231689453125e-05,9.202957153320312e-05,0.2916019439697266,0.7219280948873623,1.9989765310684187,0.9995988241329353,2,3.5,0.3333333333333333,0.33782569631626236,0.6666666666666666,0.6621743036837376,2.9998461019119786,-0.3243486073674753,1.0,0.0,0.0,0.0,0.0,0.0,2,0.6666666666666666,email,tunnel,ikev2,AES_GCM_16_256,PASS,0
exp_061_email_tunnel_aes_gcm_16_256_1789044991,7,0,6,1088.0,0.9508800506591797,1144.2032033859207,6.309944136319416,181.33333333333334,26.95469449939204,141.0,218.0,184.0,144.5,148.0,160.75,202.0,212.0,215.0,-0.16131770138622126,-1.3232483883153954,2.584962500721156,-0.4888719114729962,0.19017601013183594,0.38019800682656146,1.0967254638671875e-05,0.9505720138549805,1.5354156494140626e-05,2.193450927734375e-05,9.202957153320312e-05,0.00018310546875,0.5704164505004884,0.7219280948873623,1.9991796409197817,0.9996760508289287,2,3.5,0.3333333333333333,0.3382352941176471,0.6666666666666666,0.6617647058823529,2.9996339561357193,-0.3235294117647059,1.0,0.0,0.0,0.0,0.0,0.0,2,0.6666666666666666,email,tunnel,ikev2,AES_GCM_16_256,PASS,0
exp_061_email_tunnel_aes_gcm_16_256_1789044991,8,0,6,835.0,0.4598879814147949,1815.6595382884634,13.046655364947043,139.16666666666666,47.75079987695378,54.0,206.0,139.5,70.0,86.0,123.0,168.75,192.0,199.0,-0.41351530095587646,-0.5945048692482162,2.2516291673878226,0.6771189251801703,0.09197759628295898,0.1837867604550742,1.5020370483398438e-05,0.4595510959625244,1.778602600097656e-05,2.193450927734375e-05,0.00011682510375976562,0.00018310546875,0.2758038997650147,0.7219280948873623,1.998147045967961,0.9992674619344604,2,3.5,0.3333333333333333,0.3784431137724551,0.6666666666666666,0.6215568862275449,3.000314939097405,-0.24311377245508983,1.0,0.0,0.0,0.0,0.16666666666666666,0.0,2,0.6666666666666666,email,tunnel,ikev2,AES_GCM_16_256,PASS,0
exp_061_email_tunnel_aes_gcm_16_256_1789044991,9,0,3,310.0,0.001,310000.0,3000.0,103.33333333333333,35.82674358011841,54.0,138.0,118.0,60.4,66.8,86.0,128.0,134.0,136.0,-0.5454588102140283,-1.5000000000000004,1.584962500721156,0.0,6.592273712158203e-05,5.0902366638183594e-05,1.5020370483398438e-05,0.00011682510375976562,2.5200843811035157e-05,4.0471553802490234e-05,6.592273712158203e-05,9.137392044067383e-05,0.00010664463043212891,1.0,0.7606139382151481,0.0,1,3.0,0.3333333333333333,0.44516129032258067,0.6666666666666666,0.5548387096774193,1.0,-0.10967741935483871,1.0,0.0,0.0,0.0,0.3333333333333333,0.0,2,1.0,email,tunnel,ikev2,AES_GCM_16_256,PASS,0
exp_062_email_transport_aes_gcm_16_128_1789045035,-1,1,16,2592.0,8.256630897521973,313.92949886834907,1.937836412767587,162.0,152.2957648787385,42.0,514.0,100.0,42.0,42.0,78.0,154.0,412.0,508.0,1.4341984544470352,0.6190376073583059,1.875,0.9060492801031599,0.5504420598347982,0.796345321328967,3.0994415283203125e-06,2.1853229999542236,3.156661987304688e-05,8.702278137207031e-05,0.00842905044555664,1.3283069133758545,1.7123475074768066,1.6922718656836107,1.4467351474428076,0.9963364136338672,5,3.4,0.625,0.5524691358024691,0.375,0.44753086419753085,0.5561154877498697,0.10493827160493827,0.75,0.25,0.0,0.0,0.25,0.0,2,0.5714285714285714,email,transport,ikev2,AES_GCM_16_128,PASS,0
exp_062_email_transport_aes_gcm_16_128_1789045035,0,0,4,1624.0,0.029584884643554688,54892.89613822449,135.20417768035588,406.0,104.65180361560904,286.0,514.0,412.0,290.8,295.6,310.0,508.0,511.6,512.8,-0.032665979665104164,-1.9508254627003763,1.5,0.5790099088852613,0.009861628214518229,0.0010168166269402528,0.00842905044555664,0.010685920715332031,0.008837223052978516,0.009449481964111328,0.010469913482666016,0.010577917098999023,0.010642719268798829,0.9182958340544896,0.10309793746898555,0.0,0,1.0,0.5,0.5073891625615764,0.5,0.49261083743842365,0.9034891979584267,0.014778325123152709,0.0,1.0,0.0,0.0,0.0,0.0,0,0.0,email,transport,ikev2,AES_GCM_16_128,PASS,0
exp_062_email_transport_aes_gcm_16_128_1789045035,5,0,6,368.0,1.378986120223999,266.8627295104486,4.351022763757314,61.333333333333336,27.944389220179584,42.0,110.0,42.0,42.0,42.0,42.0,78.0,100.0,105.0,0.8395132519949936,-1.129488388425323,1.2516291673878228,0.7695095939010378,0.2757972240447998,0.5514283969919862,3.0994415283203125e-06,1.3786540031433105,6.628036499023438e-06,1.1920928955078125e-05,6.318092346191406e-05,0.00025391578674316406,0.8272939682006837,0.7219280948873623,1.999390673750002,0.9997591585036153,2,3.5,0.8333333333333334,0.7554347826086957,0.16666666666666666,0.24456521739130435,1.0,0.5108695652173914,1.0,0.0,0.0,0.0,0.6666666666666666,0.0,2,1.0,email,transport,ikev2,AES_GCM_16_128,PASS,0
exp_062_email_transport_aes_gcm_16_128_1789045035,6,0,4,168.0,0.001,168000.0,4000.0,42.0,0.0,42.0,42.0,42.0,42.0,42.0,42.0,42.0,42.0,42.0,0.0,0.0,-0.0,0.0,2.6067097981770832e-05,2.6489390221155946e-05,3.0994415283203125e-06,6.318092346191406e-05,4.863739013671875e-06,7.510185241699219e-06,1.1920928955078125e-05,3.7550926208496094e-05,5.2928924560546875e-05,1.584962500721156,0.9786564573341419,0.0,1,4.0,1.0,1.0,0.0,0.0,1.0,1.0,1.0,0.0,0.0,0.0,1.0,0.0,0,0.0,email,transport,ikev2,AES_GCM_16_128,PASS,0
exp_063_email_tunnel_aes_cbc_256_1789045080,-1,1,20,3048.0,7.890122175216675,386.30580519702755,2.534814994731152,152.4,140.19072722544811,42.0,514.0,122.0,42.0,42.0,54.0,138.0,336.8000000000003,506.4,1.6169387432224158,1.501324229608688,1.8219280948873622,0.8702517866606103,0.41526958816929865,0.7084676300238986,1.5020370483398438e-05,2.2060790061950684,1.5783309936523438e-05,0.0001004934310913086,0.007158994674682617,0.6193280220031738,1.4359643936157225,1.3372449392958772,1.706038545005428,0.9873312251494406,5,3.8,0.5,0.5065616797900262,0.5,0.49343832020997375,1.0008731434931457,0.013123359580052493,0.8,0.2,0.0,0.0,0.4,0.0,2,0.5714285714285714,email,tunnel,ikev2,AES_CBC_256,PASS,0
exp_063_email_tunnel_aes_cbc_256_1789045080,0,0,4,1624.0,0.0713341236114502,22766.10292215497,56.074145128460515,406.0,104.65180361560904,286.0,514.0,412.0,290.8,295.6,310.0,508.0,511.6,512.8,-0.032665979665104164,-1.9508254627003763,1.5,0.5790099088852613,0.02377804120381673,0.014231456181080298,0.007158994674682617,0.04191899299621582,0.010178422927856446,0.014707565307617188,0.022256135940551758,0.03208756446838379,0.03798642158508301,1.584962500721156,0.5984873847140663,0.0,0,1.0,0.5,0.5073891625615764,0.5,0.49261083743842365,0.7647389844790223,0.014778325123152709,0.0,1.0,0.0,0.0,0.0,0.0,0,0.0,email,tunnel,ikev2,AES_CBC_256,PASS,0
exp_063_email_tunnel_aes_cbc_256_1789045080,2,0,3,314.0,0.001,314000.0,3000.0,104.66666666666667,36.41733408999377,54.0,138.0,122.0,60.8,67.6,88.0,130.0,134.8,136.4,-0.6061201421137351,-1.5000000000000002,1.584962500721156,0.0,7.402896881103516e-05,5.900859832763672e-05,1.5020370483398438e-05,0.00013303756713867188,2.682209014892578e-05,4.45246696472168e-05,7.402896881103516e-05,0.00010353326797485352,0.00012123584747314453,1.0,0.786477533447825,0.0,1,3.0,0.3333333333333333,0.4394904458598726,0.6666666666666666,0.5605095541401274,1.0,-0.12101910828025478,1.0,0.0,0.0,0.0,0.3333333333333333,0.0,2,1.0,email,tunnel,ikev2,AES_CBC_256,PASS,0
exp_063_email_tunnel_aes_cbc_256_1789045080,3,0,3,314.0,0.001,314000.0,3000.0,104.66666666666667,36.41733408999377,54.0,138.0,122.0,60.8,67.6,88.0,130.0,134.8,136.4,-0.6061201421137351,-1.5000000000000002,1.584962500721156,0.0,7.402896881103516e-05,5.900859832763672e-05,1.5020370483398438e-05,0.00013303756713867188,2.682209014892578e-05,4.45246696472168e-05,7.402896881103516e-05,0.00010353326797485352,0.00012123584747314453,1.0,0.786477533447825,0.0,1,3.0,0.3333333333333333,0.4394904458598726,0.6666666666666666,0.5605095541401274,1.0,-0.12101910828025478,1.0,0.0,0.0,0.0,0.3333333333333333,0.0,2,1.0,email,tunnel,ikev2,AES_CBC_256,PASS,0
exp_063_email_tunnel_aes_cbc_256_1789045080,4,0,3,314.0,0.001,314000.0,3000.0,104.66666666666667,36.41733408999377,54.0,138.0,122.0,60.8,67.6,88.0,130.0,134.8,136.4,-0.6061201421137351,-1.5000000000000002,1.584962500721156,0.0,9.942054748535156e-05,8.344650268554688e-05,1.5974044799804688e-05,0.00018286705017089844,3.266334533691406e-05,5.7697296142578125e-05,9.942054748535156e-05,0.000141143798828125,0.00016617774963378906,1.0,0.8309704017269901,0.0,1,3.0,0.3333333333333333,0.4394904458598726,0.6666666666666666,0.5605095541401274,1.0,-0.12101910828025478,1.0,0.0,0.0,0.0,0.3333333333333333,0.0,2,1.0,email,tunnel,ikev2,AES_CBC_256,PASS,0
exp_063_email_tunnel_aes_cbc_256_1789045080,5,0,7,482.0,1.2247920036315918,393.5362074301899,5.715256124504832,68.85714285714286,39.11677963457104,42.0,138.0,42.0,42.0,42.0,42.0,88.0,128.4,133.2,0.954400893798805,-0.9888137656888438,1.6644977792004614,0.808868146079702,0.2041320006052653,0.443960439180473,1.5974044799804688e-05,1.1967370510101318,4.1961669921875e-05,9.66787338256836e-05,0.004328012466430664,0.01660454273223877,0.6080260276794434,0.6500224216483541,2.174858733590877,0.9770941086010726,2,3.0,0.7142857142857143,0.6348547717842323,0.2857142857142857,0.3651452282157676,18039.188921630583,0.2697095435684647,1.0,0.0,0.0,0.0,0.7142857142857143,0.0,2,1.0,email,tunnel,ikev2,AES_CBC_256,PASS,0
exp_063_email_tunnel_aes_cbc_256_1789045080,6,0,4,168.0,0.027856111526489258,6030.9925109340365,143.59505978414373,42.0,0.0,42.0,42.0,42.0,42.0,42.0,42.0,42.0,42.0,42.0,0.0,0.0,-0.0,0.0,0.009285370508829752,0.007878538319286137,6.794929504394531e-05,0.019315004348754883,0.0017489910125732422,0.0042705535888671875,0.00847315788269043,0.013894081115722656,0.01714663505554199,1.584962500721156,0.8483980164042554,0.0,1,3.0,1.0,1.0,0.0,0.0,1.0,1.0,1.0,0.0,0.0,0.0,1.0,0.0,0,0.0,email,tunnel,ikev2,AES_CBC_256,PASS,0
exp_063_email_tunnel_aes_cbc_256_1789045080,7,0,3,314.0,0.001,314000.0,3000.0,104.66666666666667,36.41733408999377,54.0,138.0,122.0,60.8,67.6,88.0,130.0,134.8,136.4,-0.6061201421137351,-1.5000000000000002,1.584962500721156,0.0,7.700920104980469e-05,6.198883056640625e-05,1.5020370483398438e-05,0.00013899803161621094,2.7418136596679688e-05,4.601478576660156e-05,7.700920104980469e-05,0.00010800361633300781,0.0001266002655029297,1.0,0.7946348601471986,0.0,1,3.0,0.3333333333333333,0.4394904458598726,0.6666666666666666,0.5605095541401274,1.0,-0.12101910828025478,1.0,0.0,0.0,0.0,0.3333333333333333,0.0,2,1.0,email,tunnel,ikev2,AES_CBC_256,PASS,0
exp_063_email_tunnel_aes_cbc_256_1789045080,8,0,3,314.0,0.001,314000.0,3000.0,104.66666666666667,36.41733408999377,54.0,138.0,122.0,60.8,67.6,88.0,130.0,134.8,136.4,-0.6061201421137351,-1.5000000000000002,1.584962500721156,0.0,7.700920104980469e-05,6.198883056640625e-05,1.5020370483398438e-05,0.00013899803161621094,2.7418136596679688e-05,4.601478576660156e-05,7.700920104980469e-05,0.00010800361633300781,0.0001266002655029297,1.0,0.7946348601471986,0.0,1,3.0,0.3333333333333333,0.4394904458598726,0.6666666666666666,0.5605095541401274,1.0,-0.12101910828025478,1.0,0.0,0.0,0.0,0.3333333333333333,0.0,2,1.0,email,tunnel,ikev2,AES_CBC_256,PASS,0
exp_063_email_tunnel_aes_cbc_256_1789045080,9,0,3,314.0,0.001,314000.0,3000.0,104.66666666666667,36.41733408999377,54.0,138.0,122.0,60.8,67.6,88.0,130.0,134.8,136.4,-0.6061201421137351,-1.5000000000000002,1.584962500721156,0.0,0.000133514404296875,0.00011134147644042969,2.2172927856445312e-05,0.0002448558807373047,4.444122314453125e-05,7.784366607666016e-05,0.000133514404296875,0.00018918514251708984,0.00022258758544921876,1.0,0.8277290229431313,0.0,1,3.0,0.3333333333333333,0.4394904458598726,0.6666666666666666,0.5605095541401274,1.0,-0.12101910828025478,1.0,0.0,0.0,0.0,0.3333333333333333,0.0,2,1.0,email,tunnel,ikev2,AES_CBC_256,PASS,0
exp_063_email_tunnel_aes_cbc_256_1789045080,10,0,3,314.0,0.001,314000.0,3000.0,104.66666666666667,36.41733408999377,54.0,138.0,122.0,60.8,67.6,88.0,130.0,134.8,136.4,-0.6061201421137351,-1.5000000000000002,1.584962500721156,0.0,0.000133514404296875,0.00011134147644042969,2.2172927856445312e-05,0.0002448558807373047,4.444122314453125e-05,7.784366607666016e-05,0.000133514404296875,0.00018918514251708984,0.00022258758544921876,1.0,0.8277290229431313,0.0,1,3.0,0.3333333333333333,0.4394904458598726,0.6666666666666666,0.5605095541401274,1.0,-0.12101910828025478,1.0,0.0,0.0,0.0,0.3333333333333333,0.0,2,1.0,email,tunnel,ikev2,AES_CBC_256,PASS,0
exp_064_email_transport_aes_cbc_128_1789045123,-1,1,44,7496.0,9.548925161361694,785.0098176841358,4.607848449586709,170.36363636363637,92.09804333848174,42.0,514.0,170.0,42.0,106.0,122.0,186.0,202.0,326.80000000000007,2.162517173507767,6.071310476386024,2.4362600275315276,0.809270937340405,0.2220680270084115,0.38845054136571094,7.700920104980469e-05,2.2202417850494385,0.00015974044799804688,0.0002295970916748047,0.016108036041259766,0.35235047340393066,0.6048981666564943,1.4603825846299392,1.7492333199217254,0.9879838241626103,18,3.0,0.5681818181818182,0.5162753468516542,0.4318181818181818,0.4837246531483458,0.7506952839407264,0.03255069370330843,0.9090909090909091,0.09090909090909091,0.0,0.0,0.09090909090909091,0.0,2,0.5428571428571428,email,transport,ikev2,AES_CBC_128,PASS,0
exp_064_email_transport_aes_cbc_128_1789045123,0,0,4,1640.0,0.07905316352844238,20745.53283892235,50.59886058273744,410.0,101.46920715172658,286.0,514.0,420.0,293.2,300.4,322.0,508.0,511.6,512.8,-0.08040378344839896,-1.8875703421157966,1.5,0.6328843056027117,0.026351054509480793,0.01958010972817643,0.009192943572998047,0.05375218391418457,0.010575962066650391,0.012650489807128906,0.016108036041259766,0.03493010997772217,0.046223354339599614,1.584962500721156,0.7430202347650734,0.6799498149728718,0,1.0,0.5,0.5121951219512195,0.5,0.4878048780487805,0.9010024091667362,0.024390243902439025,0.0,1.0,0.0,0.0,0.0,0.0,0,0.0,email,transport,ikev2,AES_CBC_128,PASS,0
exp_064_email_transport_aes_cbc_128_1789045123,2,0,6,940.0,0.4424581527709961,2124.494698793623,13.560604460384825,156.66666666666666,33.83620677453205,106.0,202.0,162.0,110.0,114.0,130.0,182.0,194.0,198.0,-0.21930028695348816,-1.3432352146907915,2.584962500721156,0.1117839936159915,0.08849163055419922,0.17303620972848716,0.0001850128173828125,0.4345211982727051,0.00020380020141601561,0.0002319812774658203,0.00026297569274902344,0.007256984710693359,0.2636155128479004,0.7219280948873623,1.9553742344963676,0.9820616832381006,3,2.6666666666666665,0.5,0.474468085106383,0.5,0.5255319148936171,0.9998192010625454,-0.05106382978723404,1.0,0.0,0.0,0.0,0.0,0.0,2,0.6,email,transport,ikev2,AES_CBC_128,PASS,0
exp_064_email_transport_aes_cbc_128_1789045123,3,0,10,1540.0,1.3097271919250488,1175.817383570157,7.635177815390631,154.0,35.77708763999664,106.0,202.0,162.0,106.0,106.0,122.0,182.0,202.0,202.0,-0.05366563145999495,-1.504,2.5219280948873624,0.17888543819998318,0.14552524354722765,0.21391230446313975,0.00017714500427246094,0.5709748268127441,0.00018343925476074218,0.00022721290588378906,0.00026297569274902344,0.29588985443115234,0.4618119239807129,1.4466166676282082,1.469922532520526,0.993631259654778,5,2.8,0.5,0.4792207792207792,0.5,0.5207792207792208,0.9999647205350694,-0.04155844155844156,1.0,0.0,0.0,0.0,0.0,0.0,2,0.5555555555555556,email,transport,ikev2,AES_CBC_128,PASS,0
exp_064_email_transport_aes_cbc_128_1789045123,4,0,8,1248.0,1.1686410903930664,1067.90699921414,6.845557687270127,156.0,30.397368307141328,106.0,202.0,162.0,111.6,117.2,134.0,174.0,190.8,196.39999999999998,-0.17944137135266428,-1.088547815820543,2.75,0.18952451089472588,0.1669487271990095,0.24988885015141013,0.00017714500427246094,0.7228138446807861,0.0002071857452392578,0.000244140625,0.00026416778564453125,0.22244882583618164,0.466659450531006,1.6644977792004614,1.4967910061544125,0.9992045512967507,4,2.75,0.5,0.46794871794871795,0.5,0.532051282051282,0.9999256090724803,-0.0641025641025641,1.0,0.0,0.0,0.0,0.0,0.0,2,0.5714285714285714,email,transport,ikev2,AES_CBC_128,PASS,0
exp_064_email_transport_aes_cbc_128_1789045123,5,0,10,1124.0,1.327666997909546,846.5978304573164,7.5320091677697185,112.4,59.09179300038204,42.0,186.0,138.0,42.0,42.0,42.0,166.0,171.6,178.79999999999998,-0.24678539035449099,-1.7413506935784868,2.121928094887362,0.6718453481913189,0.14751855532328287,0.23975144818250751,7.700920104980469e-05,0.7228138446807861,0.00013861656188964843,0.00026106834411621094,0.014095783233642578,0.1730480194091797,0.4648659229278565,1.4466166676282082,1.6252180780853247,0.9763297638794686,4,2.75,0.7,0.5320284697508897,0.3,0.4679715302491103,0.3938695059942906,0.06405693950177936,1.0,0.0,0.0,0.0,0.4,0.0,2,0.6,email,transport,ikev2,AES_CBC_128,PASS,0
exp_064_email_transport_aes_cbc_128_1789045123,6,0,12,1544.0,1.0687830448150635,1444.633695762984,11.227723024064641,128.66666666666666,63.14709459314462,42.0,202.0,162.0,42.0,42.0,42.0,174.0,186.0,193.2,-0.5307203675076966,-1.5043872560175822,2.355388542207534,0.5888747936189721,0.09716209498318759,0.13042290501937304,7.700920104980469e-05,0.3588409423828125,0.00015401840209960938,0.000164031982421875,0.014095783233642578,0.19049310684204102,0.297544002532959,1.6729330318733675,1.3423090839370697,0.9706096701593491,5,2.8,0.6666666666666666,0.5181347150259067,0.3333333333333333,0.48186528497409326,0.42855865577381014,0.03626943005181347,1.0,0.0,0.0,0.0,0.3333333333333333,0.0,2,0.5714285714285714,email,transport,ikev2,AES_CBC_128,PASS,0
exp_064_email_transport_aes_cbc_128_1789045123,7,0,10,1620.0,1.425806999206543,1136.1986586554315,7.013571967008836,162.0,27.94279871451677,106.0,202.0,170.0,113.2,120.4,154.0,182.0,187.6,194.79999999999998,-0.6758537716491559,-0.4348293469497442,2.4464393446710155,0.1727941176470588,0.1584229999118381,0.17937640030230756,0.00015687942504882812,0.4225459098815918,0.00016832351684570312,0.00018286705017089844,0.0002551078796386719,0.34586000442504883,0.3715819358825684,1.6577427265048887,1.132255216394797,0.9992873229092742,5,2.8,0.5,0.47530864197530864,0.5,0.5246913580246914,0.9999282936490897,-0.04938271604938271,1.0,0.0,0.0,0.0,0.0,0.0,2,0.5555555555555556,email,transport,ikev2,AES_CBC_128,PASS,0
exp_064_email_transport_aes_cbc_128_1789045123,8,0,6,860.0,1.0365779399871826,829.6530022726839,5.78827676004198,143.33333333333334,23.851391759997753,106.0,170.0,146.0,110.0,114.0,126.0,166.0,170.0,170.0,-0.279508497187475,-1.364999999999999,2.2516291673878226,0.18898223650461363,0.20731558799743652,0.2607221624375038,0.00014781951904296875,0.6133790016174316,0.00018873214721679688,0.00025010108947753906,0.0002551078796386719,0.4225459098815918,0.5370457649230957,1.3709505944546687,1.2576039619209227,0.9993700150630571,3,2.6666666666666665,0.5,0.4813953488372093,0.5,0.5186046511627908,1.000096766074536,-0.037209302325581395,1.0,0.0,0.0,0.0,0.0,0.0,2,0.6,email,transport,ikev2,AES_CBC_128,PASS,0
exp_064_email_transport_aes_cbc_128_1789045123,9,0,4,648.0,0.8329098224639893,777.9953874034379,4.802440662984185,162.0,13.856406460551018,138.0,170.0,170.0,142.8,147.6,162.0,170.0,170.0,170.0,-1.1547005383792515,-0.6666666666666665,0.8112781244591328,0.0,0.2776366074879964,0.2593049302706848,0.00014781951904296875,0.624006986618042,0.04186925888061524,0.10445141792297363,0.2087550163269043,0.41638100147247314,0.5409565925598144,1.584962500721156,0.9339690419349829,0.9998225263827413,1,2.0,0.75,0.7376543209876543,0.25,0.2623456790123457,1.0,0.47530864197530864,1.0,0.0,0.0,0.0,0.0,0.0,2,0.3333333333333333,email,transport,ikev2,AES_CBC_128,PASS,0
exp_064_email_transport_aes_cbc_128_1789045123,11,0,6,924.0,0.51894211769104,1780.5453989959574,11.56198311036336,154.0,34.56395039150859,106.0,202.0,154.0,110.0,114.0,126.0,182.0,194.0,198.0,0.0,-1.5000000000000004,2.584962500721156,0.8610338613230188,0.10378842353820801,0.18424831380235743,0.0001468658447265625,0.47043299674987793,0.00015888214111328124,0.00017690658569335938,0.0003311634063720703,0.04785418510437012,0.30140147209167484,1.3709505944546687,1.7752128060960863,0.9065230604966183,3,2.6666666666666665,0.5,0.48268398268398266,0.5,0.5173160173160173,0.9996987920259152,-0.03463203463203463,1.0,0.0,0.0,0.0,0.0,0.0,2,1.0,email,transport,ikev2,AES_CBC_128,PASS,0
exp_064_email_transport_aes_cbc_128_1789045123,12,0,6,924.0,0.51894211769104,1780.5453989959574,11.56198311036336,154.0,34.56395039150859,106.0,202.0,154.0,110.0,114.0,126.0,182.0,194.0,198.0,0.0,-1.5000000000000004,2.584962500721156,0.8610338613230188,0.10378842353820801,0.18424831380235743,0.0001468658447265625,0.47043299674987793,0.00015888214111328124,0.00017690658569335938,0.0003311634063720703,0.04785418510437012,0.30140147209167484,1.3709505944546687,1.7752128060960863,0.9065230604966183,3,2.6666666666666665,0.5,0.48268398268398266,0.5,0.5173160173160173,0.9996987920259152,-0.03463203463203463,1.0,0.0,0.0,0.0,0.0,0.0,2,1.0,email,transport,ikev2,AES_CBC_128,PASS,0
exp_065_email_tunnel_3des_cbc_1789045168,-1,1,25,3166.0,9.578181982040405,330.5428948767539,2.610098664535328,126.64,71.93490390624012,42.0,286.0,118.0,42.0,42.0,54.0,146.0,214.8,272.3999999999998,0.6893916623340534,-0.31247422484503007,2.4732696895151087,0.643143673653314,0.3990909159183502,0.8067543736210849,3.2901763916015625e-05,2.24442720413208,4.117488861083985e-05,0.0002556443214416504,0.0027170181274414062,0.05746781826019287,2.1655455589294434,0.8886865525783176,2.0214751074690724,0.989782023894325,9,3.3333333333333335,0.52,0.527479469361971,0.48,0.47252053063802907,0.9167724396696388,0.054958938723941884,0.92,0.08,0.0,0.0,0.32,0.0,2,0.5714285714285714,email,tunnel,ikev1,3DES_CBC,CRITICAL_FAIL,0
exp_065_email_tunnel_3des_cbc_1789045168,0,0,9,1774.0,0.210601806640625,8423.479495725258,42.734676133893636,197.11111111111111,61.81773288276943,106.0,286.0,210.0,109.2,112.4,146.0,218.0,286.0,286.0,-0.021579189786528463,-1.108862186766865,2.197159723424149,0.20113822709857732,0.026325225830078125,0.025563096624202666,0.0008959770202636719,0.06299281120300293,0.0013272285461425782,0.0015360116958618164,0.01866292953491211,0.05193525552749634,0.057836151123046874,1.75,0.9710125860500834,0.8040003260397044,4,2.75,0.5555555555555556,0.5445321307779031,0.4444444444444444,0.455467869222097,1.081354975271824,0.08906426155580609,0.7777777777777778,0.2222222222222222,0.0,0.0,0.0,0.0,0,0.0,email,tunnel,ikev1,3DES_CBC,CRITICAL_FAIL,0
exp_065_email_tunnel_3des_cbc_1789045168,2,0,3,306.0,0.001,306000.0,3000.0,102.0,34.56395039150859,54.0,134.0,118.0,60.4,66.8,86.0,126.0,130.8,132.4,-0.5951700641394972,-1.5000000000000004,1.584962500721156,0.0,0.00020754337310791016,0.00017249584197998047,3.504753112792969e-05,0.0003800392150878906,6.954669952392579e-05,0.00012129545211791992,0.00020754337310791016,0.0002937912940979004,0.0003455400466918945,1.0,0.8271461202975892,0.0,1,3.0,0.3333333333333333,0.43790849673202614,0.6666666666666666,0.5620915032679739,1.0,-0.12418300653594772,1.0,0.0,0.0,0.0,0.3333333333333333,0.0,2,1.0,email,tunnel,ikev1,3DES_CBC,CRITICAL_FAIL,0
exp_065_email_tunnel_3des_cbc_1789045168,3,0,3,306.0,0.001,306000.0,3000.0,102.0,34.56395039150859,54.0,134.0,118.0,60.4,66.8,86.0,126.0,130.8,132.4,-0.5951700641394972,-1.5000000000000004,1.584962500721156,0.0,0.00020754337310791016,0.00017249584197998047,3.504753112792969e-05,0.0003800392150878906,6.954669952392579e-05,0.00012129545211791992,0.00020754337310791016,0.0002937912940979004,0.0003455400466918945,1.0,0.8271461202975892,0.0,1,3.0,0.3333333333333333,0.43790849673202614,0.6666666666666666,0.5620915032679739,1.0,-0.12418300653594772,1.0,0.0,0.0,0.0,0.3333333333333333,0.0,2,1.0,email,tunnel,ikev1,3DES_CBC,CRITICAL_FAIL,0
exp_065_email_tunnel_3des_cbc_1789045168,5,0,7,474.0,0.6262497901916504,756.8864811195265,11.177648455351656,67.71428571428571,37.3313896481396,42.0,134.0,42.0,42.0,42.0,42.0,86.0,124.4,129.2,0.9550398719991584,-0.9784629012665023,1.6644977792004614,0.8162473464339242,0.10437496503194173,0.20915024432218232,3.2901763916015625e-05,0.570775032043457,5.638599395751953e-05,0.00012612342834472656,0.005800485610961914,0.03565478324890137,0.30726802349090576,0.6500224216483541,2.003816149227238,0.9114175221819771,2,3.0,0.7142857142857143,0.6371308016877637,0.2857142857142857,0.3628691983122363,4618.120990275392,0.2742616033755274,1.0,0.0,0.0,0.0,0.7142857142857143,0.0,2,1.0,email,tunnel,ikev1,3DES_CBC,CRITICAL_FAIL,0
exp_065_email_tunnel_3des_cbc_1789045168,6,0,7,474.0,0.6262497901916504,756.8864811195265,11.177648455351656,67.71428571428571,37.3313896481396,42.0,134.0,42.0,42.0,42.0,42.0,86.0,124.4,129.2,0.9550398719991584,-0.9784629012665023,1.6644977792004614,0.8162473464339242,0.10437496503194173,0.20915024432218232,3.2901763916015625e-05,0.570775032043457,5.638599395751953e-05,0.00012612342834472656,0.005800485610961914,0.03565478324890137,0.30726802349090576,0.6500224216483541,2.003816149227238,0.9114175221819771,2,3.0,0.7142857142857143,0.6371308016877637,0.2857142857142857,0.3628691983122363,4618.120990275392,0.2742616033755274,1.0,0.0,0.0,0.0,0.7142857142857143,0.0,2,1.0,email,tunnel,ikev1,3DES_CBC,CRITICAL_FAIL,0
exp_065_email_tunnel_3des_cbc_1789045168,8,0,3,306.0,0.001,306000.0,3000.0,102.0,34.56395039150859,54.0,134.0,118.0,60.4,66.8,86.0,126.0,130.8,132.4,-0.5951700641394972,-1.5000000000000004,1.584962500721156,0.0,0.00013697147369384766,9.09566879272461e-05,4.601478576660156e-05,0.00022792816162109375,6.420612335205078e-05,9.149312973022461e-05,0.00013697147369384766,0.0001824498176574707,0.00020973682403564454,1.0,0.6592427078736203,0.0,1,3.0,0.3333333333333333,0.43790849673202614,0.6666666666666666,0.5620915032679739,1.0,-0.12418300653594772,1.0,0.0,0.0,0.0,0.3333333333333333,0.0,2,1.0,email,tunnel,ikev1,3DES_CBC,CRITICAL_FAIL,0
exp_065_email_tunnel_3des_cbc_1789045168,9,0,3,306.0,0.001,306000.0,3000.0,102.0,34.56395039150859,54.0,134.0,118.0,60.4,66.8,86.0,126.0,130.8,132.4,-0.5951700641394972,-1.5000000000000004,1.584962500721156,0.0,0.00013697147369384766,9.09566879272461e-05,4.601478576660156e-05,0.00022792816162109375,6.420612335205078e-05,9.149312973022461e-05,0.00013697147369384766,0.0001824498176574707,0.00020973682403564454,1.0,0.6592427078736203,0.0,1,3.0,0.3333333333333333,0.43790849673202614,0.6666666666666666,0.5620915032679739,1.0,-0.12418300653594772,1.0,0.0,0.0,0.0,0.3333333333333333,0.0,2,1.0,email,tunnel,ikev1,3DES_CBC,CRITICAL_FAIL,0
exp_065_email_tunnel_3des_cbc_1789045168,11,0,3,306.0,0.001,306000.0,3000.0,102.0,34.56395039150859,54.0,134.0,118.0,60.4,66.8,86.0,126.0,130.8,132.4,-0.5951700641394972,-1.5000000000000004,1.584962500721156,0.0,0.00021398067474365234,0.0001748800277709961,3.910064697265625e-05,0.00038886070251464844,7.407665252685548e-05,0.0001265406608581543,0.00021398067474365234,0.0003014206886291504,0.0003538846969604492,1.0,0.8134685965588622,0.0,1,3.0,0.3333333333333333,0.43790849673202614,0.6666666666666666,0.5620915032679739,1.0,-0.12418300653594772,1.0,0.0,0.0,0.0,0.3333333333333333,0.0,2,1.0,email,tunnel,ikev1,3DES_CBC,CRITICAL_FAIL,0
exp_065_email_tunnel_3des_cbc_1789045168,12,0,3,306.0,0.001,306000.0,3000.0,102.0,34.56395039150859,54.0,134.0,118.0,60.4,66.8,86.0,126.0,130.8,132.4,-0.5951700641394972,-1.5000000000000004,1.584962500721156,0.0,0.00021398067474365234,0.0001748800277709961,3.910064697265625e-05,0.00038886070251464844,7.407665252685548e-05,0.0001265406608581543,0.00021398067474365234,0.0003014206886291504,0.0003538846969604492,1.0,0.8134685965588622,0.0,1,3.0,0.3333333333333333,0.43790849673202614,0.6666666666666666,0.5620915032679739,1.0,-0.12418300653594772,1.0,0.0,0.0,0.0,0.3333333333333333,0.0,2,1.0,email,tunnel,ikev1,3DES_CBC,CRITICAL_FAIL,0
exp_066_email_transport_3des_cbc_1789045214,-1,1,12,952.0,7.944191932678223,119.83597678248096,1.5105375224682474,79.33333333333333,28.158282775923837,42.0,110.0,86.0,42.0,42.0,42.0,110.0,110.0,110.0,-0.34186416831152816,-1.5000000000000007,1.584962500721156,0.4457355219824314,0.7221992666071112,1.0749506398775721,8.106231689453125e-05,2.887681007385254,0.00022482872009277344,0.0002639293670654297,0.07127594947814941,1.0133565664291382,2.7457480430603027,1.4911148500551854,1.4884384423280237,0.9998575345353453,5,2.8,0.6666666666666666,0.6386554621848739,0.3333333333333333,0.36134453781512604,0.4285678581540813,0.2773109243697479,1.0,0.0,0.0,0.0,0.3333333333333333,0.0,2,0.5714285714285714,email,transport,ikev1,3DES_CBC,CRITICAL_FAIL,0
exp_066_email_transport_3des_cbc_1789045214,0,0,4,280.0,1.496635913848877,187.0862495073555,2.672660707247936,70.0,29.257477676655586,42.0,110.0,64.0,42.0,42.0,42.0,92.0,102.80000000000001,106.39999999999999,0.2414911031918904,-1.684775962966198,1.5,0.7700969597097888,0.49887863794962567,0.7052975602635959,8.106231689453125e-05,1.4963200092315674,0.00011181831359863281,0.00015795230865478516,0.00023484230041503906,0.7482774257659912,1.197102975845337,0.9182958340544896,1.4137629732941983,0.9997889235355196,2,2.5,0.75,0.6928571428571428,0.25,0.30714285714285716,1.0,0.38571428571428573,1.0,0.0,0.0,0.0,0.5,0.0,2,1.0,email,transport,ikev1,3DES_CBC,CRITICAL_FAIL,0
exp_066_email_transport_3des_cbc_1789045214,1,0,4,168.0,0.28299903869628906,593.641592473024,14.134323630310098,42.0,0.0,42.0,42.0,42.0,42.0,42.0,42.0,42.0,42.0,42.0,0.0,0.0,-0.0,0.0,0.09433301289876302,0.08789475359448123,8.106231689453125e-05,0.21164202690124512,0.01432003974914551,0.03567850589752197,0.07127594947814941,0.14145898818969727,0.18356881141662598,1.584962500721156,0.9317397923992459,0.9997135597446974,1,2.0,1.0,1.0,0.0,0.0,1.0,1.0,1.0,0.0,0.0,0.0,1.0,0.0,0,0.0,email,transport,ikev1,3DES_CBC,CRITICAL_FAIL,0
exp_066_email_transport_3des_cbc_1789045214,2,0,4,280.0,0.6019620895385742,465.1455712346107,6.644936731923011,70.0,29.257477676655586,42.0,110.0,64.0,42.0,42.0,42.0,92.0,102.80000000000001,106.39999999999999,0.2414911031918904,-1.684775962966198,1.5,0.16741238254560625,0.2006540298461914,0.23495467175790222,0.0002930164337158203,0.530393123626709,0.01448960304260254,0.03578448295593262,0.07127594947814941,0.3008345365524292,0.4385696887969971,1.584962500721156,1.1709383609172548,0.9995132310841361,1,3.0,0.75,0.6928571428571428,0.25,0.30714285714285716,1.0,0.38571428571428573,1.0,0.0,0.0,0.0,0.5,0.0,2,1.0,email,transport,ikev1,3DES_CBC,CRITICAL_FAIL,0
exp_067_email_tunnel_aes_gcm_16_256_1789045261,-1,1,41,6389.0,8.011373043060303,797.4912621918596,5.1177244873792835,155.82926829268294,98.77540486771835,42.0,514.0,140.0,42.0,54.0,110.0,170.0,202.0,318.0,2.155661182338984,5.556444577242216,2.473782315047491,0.7850716687597414,0.20028432607650756,0.42638140873990377,1.0967254638671875e-05,2.255894184112549,1.685619354248047e-05,2.1219253540039062e-05,0.00020647048950195312,0.158755362033844,0.7737331867218018,1.3228879606268866,2.1288699331723837,0.987695007703975,12,3.9166666666666665,0.4146341463414634,0.41039286273282205,0.5853658536585366,0.589607137267178,1.4399542257089188,-0.17921427453435593,0.9024390243902439,0.0975609756097561,0.0,0.0,0.17073170731707318,0.0,2,0.6190476190476191,email,tunnel,ikev2,AES_GCM_16_256,PASS,0
exp_067_email_tunnel_aes_gcm_16_256_1789045261,0,0,4,1608.0,0.13612604141235352,11812.58180518921,29.3845318537045,402.0,109.36178491593853,270.0,514.0,412.0,277.2,284.4,306.0,508.0,511.6,512.8,-0.06935955084097174,-1.9029053366293442,1.5,0.62433452397764,0.04537534713745117,0.04434562534909933,0.013844013214111328,0.10808920860290527,0.013913774490356445,0.014018416404724121,0.014192819595336914,0.061141014099121094,0.0893099308013916,0.9182958340544896,0.9772850426846912,0.7940376983084452,0,1.0,0.5,0.5124378109452736,0.5,0.48756218905472637,0.9971393709627595,0.024875621890547265,0.0,1.0,0.0,0.0,0.0,0.0,0,0.0,email,tunnel,ikev2,AES_GCM_16_256,PASS,0
exp_067_email_tunnel_aes_gcm_16_256_1789045261,2,0,6,794.0,0.007106781005859375,111724.28126677402,844.2640901771337,132.33333333333334,44.03660093856271,54.0,194.0,135.0,68.0,82.0,115.0,159.5,180.0,187.0,-0.4268303388100512,-0.6222684572117254,2.584962500721156,0.1480414024607392,0.001421356201171875,0.0026296549376962357,1.1920928955078125e-05,0.006678104400634766,1.4781951904296875e-05,1.9073486328125e-05,0.00019478797912597656,0.0002028942108154297,0.004088020324707032,0.7219280948873623,1.8488019636218205,0.0,2,3.5,0.3333333333333333,0.37279596977329976,0.6666666666666666,0.6272040302267002,2.990009898539807,-0.25440806045340053,1.0,0.0,0.0,0.0,0.16666666666666666,0.0,2,0.6666666666666666,email,tunnel,ikev2,AES_GCM_16_256,PASS,0
exp_067_email_tunnel_aes_gcm_16_256_1789045261,3,0,12,1720.0,1.1931629180908203,1441.5466437325856,10.057302165576179,143.33333333333334,39.19467083956978,54.0,202.0,143.0,83.7,108.2,125.0,168.0,192.0,197.6,-0.5789225654983347,0.044722123357087806,2.688721875540867,0.18862779493946494,0.10846935619007457,0.24070657149496866,1.1920928955078125e-05,0.7715179920196533,1.6927719116210938e-05,2.0503997802734375e-05,0.00019478797912597656,0.003461599349975586,0.414093017578125,0.8658566174572235,2.219100037554723,0.993670681196558,4,3.75,0.3333333333333333,0.3511627906976744,0.6666666666666666,0.6488372093023256,2.3331783466415814,-0.29767441860465116,1.0,0.0,0.0,0.0,0.08333333333333333,0.0,2,0.5714285714285714,email,tunnel,ikev2,AES_GCM_16_256,PASS,0
exp_067_email_tunnel_aes_gcm_16_256_1789045261,4,0,9,1330.0,1.2083852291107178,1100.6423845306201,7.447955985545549,147.77777777777777,29.02021432564158,108.0,202.0,146.0,108.0,108.0,134.0,162.0,179.6,190.79999999999998,0.23679331896009312,-0.7632614130634425,2.5032583347756456,0.08038039376209166,0.15104815363883972,0.27813233239323126,1.621246337890625e-05,0.7936699390411377,1.671314239501953e-05,2.0682811737060547e-05,0.00016105175018310547,0.10370707511901855,0.5279660940170288,1.061278124459133,1.8413365827805226,0.9994850379858474,3,3.6666666666666665,0.3333333333333333,0.3323308270676692,0.6666666666666666,0.6676691729323309,2.49995660167942,-0.33533834586466166,1.0,0.0,0.0,0.0,0.0,0.0,2,0.6,email,tunnel,ikev2,AES_GCM_16_256,PASS,0
exp_067_email_tunnel_aes_gcm_16_256_1789045261,5,0,12,1336.0,0.8546121120452881,1563.2823138940043,14.041457909227583,111.33333333333333,52.57587110283787,42.0,198.0,120.0,42.0,42.0,51.0,148.5,169.2,182.59999999999997,-0.08739974080083879,-1.293106100191961,2.4182958340544896,0.38031775730631373,0.07769201018593529,0.14719224130359784,1.0967254638671875e-05,0.451138973236084,1.621246337890625e-05,5.14984130859375e-05,0.0001609325408935547,0.04600858688354492,0.31075382232666016,1.2776134368191154,1.894536470543961,0.9616747426351715,4,3.5,0.5,0.41916167664670656,0.5,0.5808383233532934,1.075790261934526,-0.16167664670658682,1.0,0.0,0.0,0.0,0.3333333333333333,0.0,2,0.6,email,tunnel,ikev2,AES_GCM_16_256,PASS,0
exp_067_email_tunnel_aes_gcm_16_256_1789045261,6,0,13,1376.0,0.9892780780792236,1390.9132634088419,13.140895657205627,105.84615384615384,53.782819896100015,42.0,198.0,110.0,42.0,42.0,42.0,144.0,168.4,181.19999999999996,0.06691525685928117,-1.3839495038858167,2.4996981431844145,0.37642931208777186,0.0824398398399353,0.15823331539411137,1.0967254638671875e-05,0.451138973236084,1.7142295837402345e-05,6.93202018737793e-05,0.00025010108947753906,0.039029836654663086,0.3803280591964723,1.0408520829727552,1.919355936952274,0.9370761517574029,4,3.5,0.5384615384615384,0.4375,0.46153846153846156,0.5625,0.8333805490034069,-0.125,1.0,0.0,0.0,0.0,0.38461538461538464,0.0,2,0.6,email,tunnel,ikev2,AES_GCM_16_256,PASS,0
exp_067_email_tunnel_aes_gcm_16_256_1789045261,7,0,7,944.0,1.3642609119415283,691.9497522336544,5.130983332241081,134.85714285714286,45.8052666074502,42.0,194.0,140.0,61.2,80.4,120.0,164.0,177.20000000000002,185.59999999999997,-0.8435331428887582,-0.1195889533183605,2.2359263506290326,0.07285814832635301,0.2273768186569214,0.3562202022773232,1.6927719116210938e-05,0.9479269981384277,1.800060272216797e-05,5.53131103515625e-05,0.00018703937530517578,0.31199538707733154,0.6819254159927368,1.2516291673878228,1.5666444703421376,0.9996994123686568,2,4.0,0.42857142857142855,0.3622881355932203,0.5714285714285714,0.6377118644067796,2.158058347226662,-0.2754237288135593,1.0,0.0,0.0,0.0,0.14285714285714285,0.0,2,0.6666666666666666,email,tunnel,ikev2,AES_GCM_16_256,PASS,0
exp_067_email_tunnel_aes_gcm_16_256_1789045261,8,0,6,987.0,0.8409199714660645,1173.714542989458,7.1350428145255815,164.5,22.358816307368926,135.0,194.0,164.0,136.25,137.5,145.5,184.0,192.0,193.0,0.027778908718355304,-1.4675963246749937,2.2516291673878226,-0.5884471864675345,0.1681839942932129,0.33616903635282724,1.6927719116210938e-05,0.840522050857544,1.778602600097656e-05,1.9073486328125e-05,0.000164031982421875,0.00019788742065429688,0.5043923854827881,0.7219280948873623,1.9988051714456272,0.999526803236904,2,3.5,0.3333333333333333,0.3323201621073962,0.6666666666666666,0.6676798378926039,2.99980043414848,-0.3353596757852077,1.0,0.0,0.0,0.0,0.0,0.0,2,1.0,email,tunnel,ikev2,AES_GCM_16_256,PASS,0
exp_067_email_tunnel_aes_gcm_16_256_1789045261,9,0,6,781.0,0.5436809062957764,1436.5043740843014,11.035885076191818,130.16666666666666,42.4751561373103,54.0,190.0,132.5,68.0,82.0,115.0,155.25,176.0,183.0,-0.4425868324612632,-0.559321554819666,2.584962500721156,0.6922080100400764,0.10873618125915527,0.21728044766966845,1.3828277587890625e-05,0.5432970523834229,1.5926361083984374e-05,1.9073486328125e-05,0.00015306472778320312,0.00019788742065429688,0.3260573863983155,0.7219280948873623,1.9982166647470847,0.9992939720562033,2,3.5,0.3333333333333333,0.3738796414852753,0.6666666666666666,0.6261203585147247,3.0001545269665324,-0.25224071702944945,1.0,0.0,0.0,0.0,0.16666666666666666,0.0,2,1.0,email,tunnel,ikev2,AES_GCM_16_256,PASS,0
exp_067_email_tunnel_aes_gcm_16_256_1789045261,10,0,3,294.0,0.001,294000.0,3000.0,98.0,32.16623488483952,54.0,130.0,110.0,59.6,65.2,82.0,120.0,126.0,128.0,-0.5076720034433699,-1.5,1.584962500721156,0.0,8.344650268554688e-05,6.961822509765625e-05,1.3828277587890625e-05,0.00015306472778320312,2.7751922607421876e-05,4.863739013671875e-05,8.344650268554688e-05,0.000118255615234375,0.00013914108276367188,1.0,0.8244062558386033,0.0,1,3.0,0.3333333333333333,0.4421768707482993,0.6666666666666666,0.5578231292517006,1.0,-0.11564625850340136,1.0,0.0,0.0,0.0,0.3333333333333333,0.0,2,1.0,email,tunnel,ikev2,AES_GCM_16_256,PASS,0
exp_068_email_transport_aes_gcm_16_128_1789045304,-1,1,14,2392.0,6.905840158462524,346.37349621664873,2.027269626686071,170.85714285714286,160.82770600990418,42.0,514.0,100.0,42.0,42.0,54.0,242.0,449.6000000000002,508.8,1.235256327566601,0.03180503645685029,1.9852281360342516,0.9065156024144921,0.5312184737278864,0.8911655867762376,5.3882598876953125e-05,2.4155080318450928,0.0002981662750244141,0.000518798828125,0.04916095733642578,0.25243711471557617,2.1454504489898687,1.3520301017579528,1.6775845593957481,0.9891638215564453,4,3.0,0.6428571428571429,0.552675585284281,0.35714285714285715,0.44732441471571904,0.5007656412016548,0.10535117056856187,0.7142857142857143,0.2857142857142857,0.0,0.0,0.2857142857142857,0.0,2,0.6,email,transport,ikev2,AES_GCM_16_128,PASS,0
exp_068_email_transport_aes_gcm_16_128_1789045304,0,0,4,1624.0,0.14472317695617676,11221.423093080379,27.638973135665957,406.0,104.65180361560904,286.0,514.0,412.0,290.8,295.6,310.0,508.0,511.6,512.8,-0.032665979665104164,-1.9508254627003763,1.5,0.5790099088852613,0.04824105898539225,0.05092906783604421,0.010851144790649414,0.12024784088134766,0.011405754089355468,0.01223766803741455,0.013624191284179688,0.06693601608276367,0.09892311096191407,0.9182958340544896,1.0556984694924731,0.8308817109353507,0,1.0,0.5,0.5073891625615764,0.5,0.49261083743842365,0.9792785264615482,0.014778325123152709,0.0,1.0,0.0,0.0,0.0,0.0,0,0.0,email,transport,ikev2,AES_GCM_16_128,PASS,0
exp_068_email_transport_aes_gcm_16_128_1789045304,5,0,6,368.0,0.35854601860046387,1026.3675537004663,16.734253592942387,61.333333333333336,27.944389220179584,42.0,110.0,42.0,42.0,42.0,42.0,78.0,100.0,105.0,0.8395132519949936,-1.129488388425323,1.2516291673878228,0.7695095939010378,0.07170920372009278,0.09341230371498567,5.3882598876953125e-05,0.25243711471557617,0.00016632080078125,0.0003349781036376953,0.04916095733642578,0.056559085845947266,0.17408590316772463,1.9219280948873623,1.302636150353204,0.8618034632420366,2,2.5,0.8333333333333334,0.7554347826086957,0.16666666666666666,0.24456521739130435,1.0,0.5108695652173914,1.0,0.0,0.0,0.0,0.6666666666666666,0.0,2,1.0,email,transport,ikev2,AES_GCM_16_128,PASS,0
exp_068_email_transport_aes_gcm_16_128_1789045304,6,0,6,368.0,0.35854601860046387,1026.3675537004663,16.734253592942387,61.333333333333336,27.944389220179584,42.0,110.0,42.0,42.0,42.0,42.0,78.0,100.0,105.0,0.8395132519949936,-1.129488388425323,1.2516291673878228,0.7695095939010378,0.07170920372009278,0.09341230371498567,5.3882598876953125e-05,0.25243711471557617,0.00016632080078125,0.0003349781036376953,0.04916095733642578,0.056559085845947266,0.17408590316772463,1.9219280948873623,1.302636150353204,0.8618034632420366,2,2.5,0.8333333333333334,0.7554347826086957,0.16666666666666666,0.24456521739130435,1.0,0.5108695652173914,1.0,0.0,0.0,0.0,0.6666666666666666,0.0,2,1.0,email,transport,ikev2,AES_GCM_16_128,PASS,0
exp_069_email_tunnel_aes_cbc_256_1789045347,-1,1,26,3772.0,9.872241020202637,382.081433413239,2.633647208044595,145.07692307692307,125.54034689383668,42.0,514.0,130.0,42.0,42.0,54.0,146.0,302.0,459.0,1.8712700507147144,2.82935233175926,1.6912539120823422,0.8154746133072869,0.39488964080810546,0.6349355575827966,7.152557373046875e-06,2.1684088706970215,1.5783309936523438e-05,2.8133392333984375e-05,0.00022602081298828125,0.8374209403991699,1.2858467102050781,1.5443814577244939,1.6078769460918663,0.9972843357118258,8,3.75,0.46153846153846156,0.49522799575821846,0.5384615384615384,0.5047720042417816,1.18257332449274,-0.009544008483563097,0.8461538461538461,0.15384615384615385,0.0,0.0,0.38461538461538464,0.0,2,0.5454545454545454,email,tunnel,ikev2,AES_CBC_256,PASS,0
exp_069_email_tunnel_aes_cbc_256_1789045347,0,0,4,1624.0,0.025571107864379883,63509.17639599825,156.42654284728633,406.0,104.65180361560904,286.0,514.0,412.0,290.8,295.6,310.0,508.0,511.6,512.8,-0.032665979665104164,-1.9508254627003763,1.5,0.5790099088852613,0.008523702621459961,0.0015145869838221267,0.006484031677246094,0.010109901428222656,0.006982660293579102,0.007730603218078613,0.008977174758911133,0.009543538093566895,0.009883356094360352,1.584962500721156,0.17767036002045725,0.0,0,1.0,0.5,0.5073891625615764,0.5,0.49261083743842365,0.86933502060589,0.014778325123152709,0.0,1.0,0.0,0.0,0.0,0.0,0,0.0,email,tunnel,ikev2,AES_CBC_256,PASS,0
exp_069_email_tunnel_aes_cbc_256_1789045347,1,0,3,330.0,0.001,330000.0,3000.0,110.0,40.13311184877976,54.0,146.0,130.0,61.6,69.2,92.0,138.0,142.8,144.4,-0.6237520947068693,-1.5000000000000002,1.584962500721156,0.0,3.7550926208496094e-05,3.039836883544922e-05,7.152557373046875e-06,6.794929504394531e-05,1.3232231140136719e-05,2.2351741790771484e-05,3.7550926208496094e-05,5.27501106262207e-05,6.186962127685547e-05,1.0,0.7885249934345245,0.0,1,3.0,0.3333333333333333,0.44242424242424244,0.6666666666666666,0.5575757575757576,1.0,-0.11515151515151516,1.0,0.0,0.0,0.0,0.3333333333333333,0.0,2,1.0,email,tunnel,ikev2,AES_CBC_256,PASS,0
exp_069_email_tunnel_aes_cbc_256_1789045347,2,0,3,330.0,0.001,330000.0,3000.0,110.0,40.13311184877976,54.0,146.0,130.0,61.6,69.2,92.0,138.0,142.8,144.4,-0.6237520947068693,-1.5000000000000002,1.584962500721156,0.0,3.7550926208496094e-05,3.039836883544922e-05,7.152557373046875e-06,6.794929504394531e-05,1.3232231140136719e-05,2.2351741790771484e-05,3.7550926208496094e-05,5.27501106262207e-05,6.186962127685547e-05,1.0,0.7885249934345245,0.0,1,3.0,0.3333333333333333,0.44242424242424244,0.6666666666666666,0.5575757575757576,1.0,-0.11515151515151516,1.0,0.0,0.0,0.0,0.3333333333333333,0.0,2,1.0,email,tunnel,ikev2,AES_CBC_256,PASS,0
exp_069_email_tunnel_aes_cbc_256_1789045347,3,0,3,330.0,0.001,330000.0,3000.0,110.0,40.13311184877976,54.0,146.0,130.0,61.6,69.2,92.0,138.0,142.8,144.4,-0.6237520947068693,-1.5000000000000002,1.584962500721156,0.0,0.00016605854034423828,0.00014102458953857422,2.5033950805664062e-05,0.0003070831298828125,5.323886871337891e-05,9.554624557495117e-05,0.00016605854034423828,0.0002365708351135254,0.00027887821197509767,1.0,0.8441627063661702,0.0,1,3.0,0.3333333333333333,0.44242424242424244,0.6666666666666666,0.5575757575757576,1.0,-0.11515151515151516,1.0,0.0,0.0,0.0,0.3333333333333333,0.0,2,1.0,email,tunnel,ikev2,AES_CBC_256,PASS,0
exp_069_email_tunnel_aes_cbc_256_1789045347,4,0,3,330.0,0.001,330000.0,3000.0,110.0,40.13311184877976,54.0,146.0,130.0,61.6,69.2,92.0,138.0,142.8,144.4,-0.6237520947068693,-1.5000000000000002,1.584962500721156,0.0,0.00016605854034423828,0.00014102458953857422,2.5033950805664062e-05,0.0003070831298828125,5.323886871337891e-05,9.554624557495117e-05,0.00016605854034423828,0.0002365708351135254,0.00027887821197509767,1.0,0.8441627063661702,0.0,1,3.0,0.3333333333333333,0.44242424242424244,0.6666666666666666,0.5575757575757576,1.0,-0.11515151515151516,1.0,0.0,0.0,0.0,0.3333333333333333,0.0,2,1.0,email,tunnel,ikev2,AES_CBC_256,PASS,0
exp_069_email_tunnel_aes_cbc_256_1789045347,5,0,5,414.0,0.3584561347961426,1154.9530327760906,13.948708125315104,82.8,45.56489877087405,42.0,146.0,54.0,42.0,42.0,42.0,130.0,139.6,142.8,0.41832447712898024,-1.7403956236763003,1.9219280948873623,0.7638323519578615,0.08961403369903564,0.1550098756653216,1.811981201171875e-05,0.35809898376464844,4.658699035644532e-05,8.928775787353516e-05,0.00016951560974121094,0.08969426155090332,0.25073709487915047,0.8112781244591328,1.729730707750542,0.9990036409010066,2,3.0,0.6,0.5555555555555556,0.4,0.4444444444444444,9373.945062232848,0.1111111111111111,1.0,0.0,0.0,0.0,0.6,0.0,2,1.0,email,tunnel,ikev2,AES_CBC_256,PASS,0
exp_069_email_tunnel_aes_cbc_256_1789045347,6,0,5,414.0,0.3584561347961426,1154.9530327760906,13.948708125315104,82.8,45.56489877087405,42.0,146.0,54.0,42.0,42.0,42.0,130.0,139.6,142.8,0.41832447712898024,-1.7403956236763003,1.9219280948873623,0.7638323519578615,0.08961403369903564,0.1550098756653216,1.811981201171875e-05,0.35809898376464844,4.658699035644532e-05,8.928775787353516e-05,0.00016951560974121094,0.08969426155090332,0.25073709487915047,0.8112781244591328,1.729730707750542,0.9990036409010066,2,3.0,0.6,0.5555555555555556,0.4,0.4444444444444444,9373.945062232848,0.1111111111111111,1.0,0.0,0.0,0.0,0.6,0.0,2,1.0,email,tunnel,ikev2,AES_CBC_256,PASS,0
exp_069_email_tunnel_aes_cbc_256_1789045347,7,0,3,330.0,0.001,330000.0,3000.0,110.0,40.13311184877976,54.0,146.0,130.0,61.6,69.2,92.0,138.0,142.8,144.4,-0.6237520947068693,-1.5000000000000002,1.584962500721156,0.0,6.651878356933594e-05,5.14984130859375e-05,1.5020370483398438e-05,0.00011801719665527344,2.5320053100585938e-05,4.076957702636719e-05,6.651878356933594e-05,9.226799011230469e-05,0.00010771751403808594,1.0,0.7627272051347473,0.0,1,3.0,0.3333333333333333,0.44242424242424244,0.6666666666666666,0.5575757575757576,1.0,-0.11515151515151516,1.0,0.0,0.0,0.0,0.3333333333333333,0.0,2,1.0,email,tunnel,ikev2,AES_CBC_256,PASS,0
exp_069_email_tunnel_aes_cbc_256_1789045347,8,0,5,414.0,0.8375821113586426,494.2798973206941,5.969563977303069,82.8,45.56489877087405,42.0,146.0,54.0,42.0,42.0,42.0,130.0,139.6,142.8,0.41832447712898024,-1.7403956236763003,1.9219280948873623,0.7638323519578615,0.20939552783966064,0.3625906431663632,1.5020370483398438e-05,0.8374209403991699,1.895427703857422e-05,2.485513687133789e-05,7.30752944946289e-05,0.20944374799728394,0.5862300634384157,0.8112781244591328,1.7315981640536395,0.999807575929229,2,3.0,0.6,0.5555555555555556,0.4,0.4444444444444444,26141.159226829703,0.1111111111111111,1.0,0.0,0.0,0.0,0.6,0.0,2,1.0,email,tunnel,ikev2,AES_CBC_256,PASS,0
exp_069_email_tunnel_aes_cbc_256_1789045347,10,0,3,330.0,0.001,330000.0,3000.0,110.0,40.13311184877976,54.0,146.0,130.0,61.6,69.2,92.0,138.0,142.8,144.4,-0.6237520947068693,-1.5000000000000002,1.584962500721156,0.0,7.295608520507812e-05,5.91278076171875e-05,1.3828277587890625e-05,0.00013208389282226562,2.5653839111328124e-05,4.3392181396484375e-05,7.295608520507812e-05,0.00010251998901367188,0.00012025833129882813,1.0,0.7994988844153631,0.0,1,3.0,0.3333333333333333,0.44242424242424244,0.6666666666666666,0.5575757575757576,1.0,-0.11515151515151516,1.0,0.0,0.0,0.0,0.3333333333333333,0.0,2,1.0,email,tunnel,ikev2,AES_CBC_256,PASS,0
exp_069_email_tunnel_aes_cbc_256_1789045347,11,0,3,330.0,0.001,330000.0,3000.0,110.0,40.13311184877976,54.0,146.0,130.0,61.6,69.2,92.0,138.0,142.8,144.4,-0.6237520947068693,-1.5000000000000002,1.584962500721156,0.0,7.295608520507812e-05,5.91278076171875e-05,1.3828277587890625e-05,0.00013208389282226562,2.5653839111328124e-05,4.3392181396484375e-05,7.295608520507812e-05,0.00010251998901367188,0.00012025833129882813,1.0,0.7994988844153631,0.0,1,3.0,0.3333333333333333,0.44242424242424244,0.6666666666666666,0.5575757575757576,1.0,-0.11515151515151516,1.0,0.0,0.0,0.0,0.3333333333333333,0.0,2,1.0,email,tunnel,ikev2,AES_CBC_256,PASS,0
exp_069_email_tunnel_aes_cbc_256_1789045347,12,0,3,330.0,0.001,330000.0,3000.0,110.0,40.13311184877976,54.0,146.0,130.0,61.6,69.2,92.0,138.0,142.8,144.4,-0.6237520947068693,-1.5000000000000002,1.584962500721156,0.0,8.356571197509766e-05,6.663799285888672e-05,1.6927719116210938e-05,0.00015020370483398438,3.0255317687988283e-05,5.02467155456543e-05,8.356571197509766e-05,0.00011688470840454102,0.00013687610626220704,1.0,0.7880025048273682,0.0,1,3.0,0.3333333333333333,0.44242424242424244,0.6666666666666666,0.5575757575757576,1.0,-0.11515151515151516,1.0,0.0,0.0,0.0,0.3333333333333333,0.0,2,1.0,email,tunnel,ikev2,AES_CBC_256,PASS,0
exp_069_email_tunnel_aes_cbc_256_1789045347,13,0,3,330.0,0.001,330000.0,3000.0,110.0,40.13311184877976,54.0,146.0,130.0,61.6,69.2,92.0,138.0,142.8,144.4,-0.6237520947068693,-1.5000000000000002,1.584962500721156,0.0,8.356571197509766e-05,6.663799285888672e-05,1.6927719116210938e-05,0.00015020370483398438,3.0255317687988283e-05,5.02467155456543e-05,8.356571197509766e-05,0.00011688470840454102,0.00013687610626220704,1.0,0.7880025048273682,0.0,1,3.0,0.3333333333333333,0.44242424242424244,0.6666666666666666,0.5575757575757576,1.0,-0.11515151515151516,1.0,0.0,0.0,0.0,0.3333333333333333,0.0,2,1.0,email,tunnel,ikev2,AES_CBC_256,PASS,0
exp_070_email_transport_aes_cbc_128_1789045393,-1,1,44,7336.0,9.654886960983276,759.8224639652212,4.557277591939713,166.72727272727272,92.92136549410613,42.0,514.0,154.0,42.0,106.0,122.0,186.0,202.0,326.80000000000007,2.209785446596816,6.098490867665252,2.427975300790612,0.8024387944823476,0.22453225490658782,0.39082124597401824,1.3113021850585938e-05,2.1849958896636963,4.8732757568359376e-05,0.00014495849609375,0.0002961158752441406,0.3735090494155884,0.5950569152832033,1.554631247759304,1.7405940431256426,0.9963010733209055,18,3.2222222222222223,0.5454545454545454,0.49345692475463465,0.45454545454545453,0.5065430752453653,0.8266122252764679,-0.013086150490730643,0.9090909090909091,0.09090909090909091,0.0,0.0,0.09090909090909091,0.0,2,0.4857142857142857,email,transport,ikev2,AES_CBC_128,PASS,0
exp_070_email_transport_aes_cbc_128_1789045393,0,0,4,1640.0,0.032711029052734375,50135.995335276966,122.28291545189505,410.0,101.46920715172658,286.0,514.0,420.0,293.2,300.4,322.0,508.0,511.6,512.8,-0.08040378344839896,-1.8875703421157966,1.5,0.6328843056027117,0.010903676350911459,0.004100251402985542,0.006334066390991211,0.016279935836791992,0.007086658477783203,0.008215546607971191,0.010097026824951172,0.013188481330871582,0.015043354034423828,1.584962500721156,0.3760085371669766,0.0,0,1.0,0.5,0.5121951219512195,0.5,0.4878048780487805,0.6229098670979978,0.024390243902439025,0.0,1.0,0.0,0.0,0.0,0.0,0,0.0,email,transport,ikev2,AES_CBC_128,PASS,0
exp_070_email_transport_aes_cbc_128_1789045393,1,0,4,504.0,0.001,504000.0,4000.0,126.0,17.435595774162696,106.0,154.0,122.0,108.4,110.8,118.0,130.0,144.4,149.2,0.6520236646847545,-0.9030470914127422,1.5,-0.944911182523068,3.7670135498046875e-05,1.744316122024957e-05,1.3113021850585938e-05,5.1975250244140625e-05,2.0074844360351563e-05,3.0517578125e-05,4.792213439941406e-05,4.9948692321777344e-05,5.116462707519531e-05,1.584962500721156,0.4510757719256137,0.0,1,4.0,0.5,0.48412698412698413,0.5,0.5158730158730159,0.2475310978268822,-0.031746031746031744,1.0,0.0,0.0,0.0,0.0,0.0,2,0.3333333333333333,email,transport,ikev2,AES_CBC_128,PASS,0
exp_070_email_transport_aes_cbc_128_1789045393,2,0,6,844.0,0.5664381980895996,1490.0125077131459,10.592505979003407,140.66666666666666,26.79966832298904,106.0,186.0,138.0,110.0,114.0,122.0,154.0,170.0,178.0,0.3743704279997989,-1.0698951083227126,1.9182958340544893,0.5544213568538576,0.11328763961791992,0.22641626372587392,1.3113021850585938e-05,0.5661201477050781,2.703666687011719e-05,4.792213439941406e-05,5.1975250244140625e-05,0.00020503997802734375,0.33975410461425787,0.7219280948873623,1.9985787144191247,0.9994385082333886,2,3.5,0.5,0.471563981042654,0.5,0.5284360189573459,0.9997422136417924,-0.05687203791469194,1.0,0.0,0.0,0.0,0.0,0.0,2,0.4,email,transport,ikev2,AES_CBC_128,PASS,0
exp_070_email_transport_aes_cbc_128_1789045393,3,0,4,712.0,0.7763030529022217,917.1675898196926,5.152626909099396,178.0,17.88854381999832,154.0,202.0,178.0,156.4,158.8,166.0,190.0,197.2,199.6,0.0,-1.36,2.0,-0.5,0.25876768430074054,0.365680500143422,0.0001800060272216797,0.7759180068969727,0.0001850128173828125,0.00019252300262451172,0.00020503997802734375,0.3880615234375,0.6207754135131837,0.9182958340544896,1.4131559277799965,0.9995040003980281,2,2.5,0.5,0.4550561797752809,0.5,0.5449438202247191,1.000030967634806,-0.0898876404494382,1.0,0.0,0.0,0.0,0.0,0.0,2,0.6666666666666666,email,transport,ikev2,AES_CBC_128,PASS,0
exp_070_email_transport_aes_cbc_128_1789045393,4,0,6,1052.0,0.7221758365631104,1456.7089436369788,8.308225914279348,175.33333333333334,17.688665548562135,154.0,202.0,178.0,154.0,154.0,158.0,186.0,194.0,198.0,0.05482024446868268,-1.3884297520661162,1.9182958340544893,-0.7717436331412898,0.14443516731262207,0.17871784115536335,0.0001308917999267578,0.4031350612640381,0.00014052391052246093,0.00015497207641601562,0.0001800060272216797,0.3185749053955078,0.369310998916626,1.3709505944546687,1.2373482658851018,0.9993549079324205,3,2.6666666666666665,0.5,0.4543726235741445,0.5,0.5456273764258555,1.0000652553585376,-0.09125475285171103,1.0,0.0,0.0,0.0,0.0,0.0,2,0.6,email,transport,ikev2,AES_CBC_128,PASS,0
exp_070_email_transport_aes_cbc_128_1789045393,5,0,12,1384.0,1.2759640216827393,1084.670081978317,9.404653889985408,115.33333333333333,56.363897034262,42.0,186.0,130.0,42.0,42.0,42.0,158.0,184.4,186.0,-0.2706584109358766,-1.520101810971423,2.5849625007211565,0.6417065793501041,0.11599672924388539,0.18238708480722005,1.4066696166992188e-05,0.4902529716491699,1.6927719116210938e-05,7.259845733642578e-05,0.00015497207641601562,0.19094586372375488,0.4031350612640381,1.6729330318733675,1.5723332344183303,0.9994637299246737,5,3.2,0.6666666666666666,0.5317919075144508,0.3333333333333333,0.4682080924855491,0.4471719717329439,0.06358381502890173,1.0,0.0,0.0,0.0,0.3333333333333333,0.0,2,0.5714285714285714,email,transport,ikev2,AES_CBC_128,PASS,0
exp_070_email_transport_aes_cbc_128_1789045393,6,0,10,1028.0,0.7262961864471436,1415.4005200395102,13.768487549022472,102.8,52.969425143189916,42.0,170.0,114.0,42.0,42.0,42.0,150.0,170.0,170.0,-0.07209778267115602,-1.6790452341627153,2.3219280948873626,0.3854343923184502,0.08069957627190484,0.137719948560765,1.4066696166992188e-05,0.34388303756713867,1.6355514526367186e-05,3.409385681152344e-05,0.00012302398681640625,0.05285787582397461,0.33200368881225584,1.224394445405986,1.706554710300265,0.9992820815498897,4,3.25,0.7,0.566147859922179,0.3,0.433852140077821,0.3333779485579741,0.13229571984435798,1.0,0.0,0.0,0.0,0.4,0.0,2,0.6,email,transport,ikev2,AES_CBC_128,PASS,0
exp_070_email_transport_aes_cbc_128_1789045393,7,0,6,892.0,0.9407739639282227,948.1554913312376,6.377727520165275,148.66666666666666,27.19477073916152,106.0,186.0,154.0,110.0,114.0,130.0,166.0,178.0,182.0,-0.2866312744327295,-1.1804733727810655,2.2516291673878226,0.19507682662870654,0.18815479278564454,0.3069761401604044,0.00012302398681640625,0.7911908626556396,0.00014104843139648438,0.00016808509826660156,0.0002961158752441406,0.14899587631225586,0.5343128681182863,1.3709505944546687,1.631499809894906,0.9993758065349989,3,2.6666666666666665,0.5,0.4820627802690583,0.5,0.5179372197309418,0.9998138613286653,-0.03587443946188341,1.0,0.0,0.0,0.0,0.0,0.0,2,0.6,email,transport,ikev2,AES_CBC_128,PASS,0
exp_070_email_transport_aes_cbc_128_1789045393,8,0,6,908.0,0.8548641204833984,1062.157105724071,7.018659288925579,151.33333333333334,29.8142396999972,106.0,186.0,154.0,110.0,114.0,130.0,178.0,186.0,186.0,-0.22038685986238013,-1.3436160000000004,1.9182958340544896,0.07873622236652332,0.1709728240966797,0.2733122728403423,9.799003601074219e-05,0.7053060531616211,0.00012602806091308594,0.00016808509826660156,0.0002961158752441406,0.14899587631225586,0.4827819824218751,1.3709505944546687,1.5985620856546663,0.9993423621414786,3,2.6666666666666665,0.5,0.473568281938326,0.5,0.526431718061674,1.0000796714856437,-0.05286343612334802,1.0,0.0,0.0,0.0,0.0,0.0,2,0.6,email,transport,ikev2,AES_CBC_128,PASS,0
exp_070_email_transport_aes_cbc_128_1789045393,9,0,6,940.0,0.754680871963501,1245.5595933607572,7.95038038315377,156.66666666666666,33.83620677453205,106.0,202.0,162.0,110.0,114.0,130.0,182.0,194.0,198.0,-0.21930028695348816,-1.3432352146907915,2.584962500721156,0.1117839936159915,0.15093617439270018,0.2118814438725935,9.799003601074219e-05,0.5414078235626221,0.0001396656036376953,0.000202178955078125,0.0002410411834716797,0.21273183822631836,0.40993742942810063,1.3709505944546687,1.4037724286618207,0.9992828622075017,3,2.6666666666666665,0.5,0.474468085106383,0.5,0.5255319148936171,0.9998077735839468,-0.05106382978723404,1.0,0.0,0.0,0.0,0.0,0.0,2,0.6,email,transport,ikev2,AES_CBC_128,PASS,0
exp_070_email_transport_aes_cbc_128_1789045393,10,0,8,1328.0,1.100196123123169,1207.0575164636605,7.271430822070244,166.0,33.704599092705436,106.0,202.0,178.0,111.6,117.2,146.0,190.0,202.0,202.0,-0.6318358687285586,-1.0232096806189248,2.5,0.44501236673450434,0.15717087473188127,0.21246707952460858,0.00013494491577148438,0.6022911071777344,0.00014810562133789064,0.00017952919006347656,0.0002410411834716797,0.24858498573303223,0.41157932281494153,1.6644977792004614,1.3518136109724157,0.9993318968646394,4,2.75,0.5,0.4759036144578313,0.5,0.5240963855421686,1.0000583947434103,-0.04819277108433735,1.0,0.0,0.0,0.0,0.0,0.0,2,0.5714285714285714,email,transport,ikev2,AES_CBC_128,PASS,0
exp_070_email_transport_aes_cbc_128_1789045393,11,0,8,1264.0,1.153169870376587,1096.1091097421922,6.937399428748052,158.0,31.74901573277509,106.0,202.0,162.0,111.6,117.2,134.0,186.0,190.8,196.39999999999998,-0.25197631533948484,-1.2592592592592593,2.75,0.37616261975150656,0.164738552910941,0.19571861320220021,0.00013494491577148438,0.4491758346557617,0.00014810562133789064,0.0001684427261352539,0.00021910667419433594,0.35165154933929443,0.43098931312561034,1.3787834934861753,1.1880487092738843,0.9994008367197361,4,2.75,0.5,0.47468354430379744,0.5,0.5253164556962026,0.9999773406419531,-0.05063291139240506,1.0,0.0,0.0,0.0,0.0,0.0,2,0.5714285714285714,email,transport,ikev2,AES_CBC_128,PASS,0
exp_070_email_transport_aes_cbc_128_1789045393,12,0,4,536.0,0.44957494735717773,1192.2372524333732,8.897292928607262,134.0,23.664319132398465,106.0,170.0,130.0,108.4,110.8,118.0,146.0,160.4,165.2,0.4346507595746657,-1.1542857142857144,2.0,0.5,0.14985831578572592,0.2116494479228973,0.0001800060272216797,0.4491758346557617,0.00018782615661621093,0.0001995563507080078,0.00021910667419433594,0.22469747066497803,0.35938448905944825,0.9182958340544896,1.4123209278862654,0.9991122443459934,2,2.5,0.5,0.48507462686567165,0.5,0.5149253731343284,1.0000847892888751,-0.029850746268656716,1.0,0.0,0.0,0.0,0.0,0.0,2,0.6666666666666666,email,transport,ikev2,AES_CBC_128,PASS,0
exp_071_email_tunnel_3des_cbc_1789045437,-1,1,19,1618.0,7.259644985198975,222.87591243081334,2.617207871560849,85.15789473684211,35.34084137725187,42.0,126.0,110.0,42.0,42.0,54.0,118.0,126.0,126.0,-0.06616991914187502,-1.8391501505328467,1.9937737543219836,0.11756470134603009,0.40331361028883195,0.7116405687106432,1.7881393432617188e-05,2.031805992126465,2.410411834716797e-05,5.9604644775390625e-05,0.00028502941131591797,0.3052298426628113,1.6670969247817995,1.386274093895968,1.7644800127647373,0.9944195501235207,6,3.6666666666666665,0.47368421052631576,0.4932014833127318,0.5263157894736842,0.5067985166872683,1.1249841585809233,-0.013597033374536464,1.0,0.0,0.0,0.0,0.47368421052631576,0.0,2,0.5555555555555556,email,tunnel,ikev1,3DES_CBC,CRITICAL_FAIL,0
exp_071_email_tunnel_3des_cbc_1789045437,0,0,6,580.0,1.3588628768920898,426.82746718825774,4.415456557119907,96.66666666666667,30.8688984074406,54.0,126.0,110.0,54.0,54.0,68.0,122.0,126.0,126.0,-0.5673165779937296,-1.4999999999999996,1.584962500721156,-0.33351147532520714,0.271772575378418,0.5433277195802705,1.7881393432617188e-05,1.3584280014038086,1.9502639770507812e-05,2.193450927734375e-05,0.00015211105346679688,0.0002429485321044922,0.8151539802551271,0.7219280948873623,1.9991925956147139,0.9996799710289563,2,3.5,0.3333333333333333,0.43448275862068964,0.6666666666666666,0.5655172413793104,3.0001544713041675,-0.1310344827586207,1.0,0.0,0.0,0.0,0.3333333333333333,0.0,2,0.6666666666666666,email,tunnel,ikev1,3DES_CBC,CRITICAL_FAIL,0
exp_071_email_tunnel_3des_cbc_1789045437,1,0,7,458.0,0.4384651184082031,1044.5528749532368,15.96478193159969,65.42857142857143,33.76751246330093,42.0,126.0,42.0,42.0,42.0,42.0,82.0,116.4,121.19999999999999,0.9566700894967449,-0.953034525651169,1.6644977792004614,0.8328303853782172,0.07307751973470052,0.14611264947951336,1.7881393432617188e-05,0.3991811275482178,7.843971252441406e-05,0.00014227628707885742,0.007875561714172363,0.02143174409866333,0.21127855777740479,0.6500224216483541,1.9993925713048262,0.9104056646453398,2,3.0,0.7142857142857143,0.6419213973799127,0.2857142857142857,0.35807860262008734,5805.518538302957,0.2838427947598253,1.0,0.0,0.0,0.0,0.7142857142857143,0.0,2,1.0,email,tunnel,ikev1,3DES_CBC,CRITICAL_FAIL,0
exp_071_email_tunnel_3des_cbc_1789045437,2,0,4,168.0,0.03911399841308594,4295.137465255766,102.26517774418491,42.0,0.0,42.0,42.0,42.0,42.0,42.0,42.0,42.0,42.0,42.0,0.0,0.0,-0.0,0.0,0.013037999471028646,0.00965776082034688,0.00013899803161621094,0.023375988006591797,0.003231000900268555,0.00786900520324707,0.01559901237487793,0.019487500190734863,0.021820592880249023,1.584962500721156,0.740682660644742,0.0,1,3.0,1.0,1.0,0.0,0.0,1.0,1.0,1.0,0.0,0.0,0.0,1.0,0.0,0,0.0,email,tunnel,ikev1,3DES_CBC,CRITICAL_FAIL,0
exp_071_email_tunnel_3des_cbc_1789045437,3,0,3,290.0,0.001,290000.0,3000.0,96.66666666666667,30.8688984074406,54.0,126.0,110.0,59.6,65.2,82.0,118.0,122.8,124.4,-0.5673165779937296,-1.4999999999999993,1.584962500721156,0.0,0.0001550912857055664,0.00012314319610595703,3.1948089599609375e-05,0.00027823448181152344,5.6576728820800784e-05,9.351968765258789e-05,0.0001550912857055664,0.00021666288375854492,0.00025360584259033204,1.0,0.7889178152984205,0.0,1,3.0,0.3333333333333333,0.43448275862068964,0.6666666666666666,0.5655172413793104,1.0,-0.1310344827586207,1.0,0.0,0.0,0.0,0.3333333333333333,0.0,2,1.0,email,tunnel,ikev1,3DES_CBC,CRITICAL_FAIL,0
exp_071_email_tunnel_3des_cbc_1789045437,4,0,3,290.0,0.001,290000.0,3000.0,96.66666666666667,30.8688984074406,54.0,126.0,110.0,59.6,65.2,82.0,118.0,122.8,124.4,-0.5673165779937296,-1.4999999999999993,1.584962500721156,0.0,0.0001550912857055664,0.00012314319610595703,3.1948089599609375e-05,0.00027823448181152344,5.6576728820800784e-05,9.351968765258789e-05,0.0001550912857055664,0.00021666288375854492,0.00025360584259033204,1.0,0.7889178152984205,0.0,1,3.0,0.3333333333333333,0.43448275862068964,0.6666666666666666,0.5655172413793104,1.0,-0.1310344827586207,1.0,0.0,0.0,0.0,0.3333333333333333,0.0,2,1.0,email,tunnel,ikev1,3DES_CBC,CRITICAL_FAIL,0
exp_071_email_tunnel_3des_cbc_1789045437,6,0,3,290.0,0.001,290000.0,3000.0,96.66666666666667,30.8688984074406,54.0,126.0,110.0,59.6,65.2,82.0,118.0,122.8,124.4,-0.5673165779937296,-1.4999999999999993,1.584962500721156,0.0,0.00015842914581298828,0.00013339519500732422,2.5033950805664062e-05,0.0002918243408203125,5.171298980712891e-05,9.173154830932617e-05,0.00015842914581298828,0.0002251267433166504,0.00026514530181884763,1.0,0.8367051979554472,0.0,1,3.0,0.3333333333333333,0.43448275862068964,0.6666666666666666,0.5655172413793104,1.0,-0.1310344827586207,1.0,0.0,0.0,0.0,0.3333333333333333,0.0,2,1.0,email,tunnel,ikev1,3DES_CBC,CRITICAL_FAIL,0
exp_071_email_tunnel_3des_cbc_1789045437,7,0,3,290.0,0.001,290000.0,3000.0,96.66666666666667,30.8688984074406,54.0,126.0,110.0,59.6,65.2,82.0,118.0,122.8,124.4,-0.5673165779937296,-1.4999999999999993,1.584962500721156,0.0,0.00015842914581298828,0.00013339519500732422,2.5033950805664062e-05,0.0002918243408203125,5.171298980712891e-05,9.173154830932617e-05,0.00015842914581298828,0.0002251267433166504,0.00026514530181884763,1.0,0.8367051979554472,0.0,1,3.0,0.3333333333333333,0.43448275862068964,0.6666666666666666,0.5655172413793104,1.0,-0.1310344827586207,1.0,0.0,0.0,0.0,0.3333333333333333,0.0,2,1.0,email,tunnel,ikev1,3DES_CBC,CRITICAL_FAIL,0
exp_071_email_tunnel_3des_cbc_1789045437,8,0,3,290.0,0.001,290000.0,3000.0,96.66666666666667,30.8688984074406,54.0,126.0,110.0,59.6,65.2,82.0,118.0,122.8,124.4,-0.5673165779937296,-1.4999999999999993,1.584962500721156,0.0,0.00016808509826660156,0.00013494491577148438,3.314018249511719e-05,0.00030303001403808594,6.012916564941406e-05,0.00010061264038085938,0.00016808509826660156,0.00023555755615234375,0.00027604103088378905,1.0,0.7980887562232875,0.0,1,3.0,0.3333333333333333,0.43448275862068964,0.6666666666666666,0.5655172413793104,1.0,-0.1310344827586207,1.0,0.0,0.0,0.0,0.3333333333333333,0.0,2,1.0,email,tunnel,ikev1,3DES_CBC,CRITICAL_FAIL,0
exp_071_email_tunnel_3des_cbc_1789045437,9,0,3,290.0,0.001,290000.0,3000.0,96.66666666666667,30.8688984074406,54.0,126.0,110.0,59.6,65.2,82.0,118.0,122.8,124.4,-0.5673165779937296,-1.4999999999999993,1.584962500721156,0.0,0.00016808509826660156,0.00013494491577148438,3.314018249511719e-05,0.00030303001403808594,6.012916564941406e-05,0.00010061264038085938,0.00016808509826660156,0.00023555755615234375,0.00027604103088378905,1.0,0.7980887562232875,0.0,1,3.0,0.3333333333333333,0.43448275862068964,0.6666666666666666,0.5655172413793104,1.0,-0.1310344827586207,1.0,0.0,0.0,0.0,0.3333333333333333,0.0,2,1.0,email,tunnel,ikev1,3DES_CBC,CRITICAL_FAIL,0
exp_072_email_transport_3des_cbc_1789045483,-1,1,23,2870.0,9.893142938613892,290.09992252291363,2.324842584678402,124.78260869565217,69.61693729554682,42.0,278.0,110.0,42.0,42.0,86.0,166.0,215.60000000000002,271.9999999999999,0.8838764923650627,-0.23488825949789316,2.533369020804085,0.7154322007251183,0.4496883153915405,0.8649028102240973,5.4836273193359375e-05,2.929349899291992,0.00020015239715576172,0.00037539005279541016,0.011049032211303711,0.4135441184043884,2.079773879051211,1.4594316186372973,1.9233341345258206,0.9868459094766197,10,3.0,0.6086956521739131,0.5742160278745645,0.391304347826087,0.42578397212543556,0.6154119858248726,0.14843205574912893,0.9130434782608695,0.08695652173913043,0.0,0.0,0.17391304347826086,0.0,2,0.5555555555555556,email,transport,ikev1,3DES_CBC,CRITICAL_FAIL,0
exp_072_email_transport_3des_cbc_1789045483,0,0,9,1722.0,0.1046900749206543,16448.550651101566,85.96803476185488,191.33333333333334,62.87907265360851,94.0,278.0,206.0,100.4,106.8,134.0,218.0,278.0,278.0,-0.14351326179791993,-1.1679665260597276,2.725480556997868,0.19969227721102392,0.013086259365081787,0.012057888165791718,0.0006461143493652344,0.029742002487182617,0.0006474494934082031,0.0011249184608459473,0.0108795166015625,0.02470874786376953,0.027471923828124998,1.75,0.9213455490890216,0.0,4,2.75,0.5555555555555556,0.5400696864111498,0.4444444444444444,0.45993031358885017,1.0125285080906201,0.08013937282229965,0.7777777777777778,0.2222222222222222,0.0,0.0,0.0,0.0,0,0.0,email,transport,ikev1,3DES_CBC,CRITICAL_FAIL,0
exp_072_email_transport_3des_cbc_1789045483,5,0,6,364.0,0.5892870426177979,617.6955773250976,10.181795230633476,60.666666666666664,27.29265265394496,42.0,110.0,42.0,42.0,42.0,42.0,75.0,98.0,104.0,0.9043088185189075,-0.9511907542107862,1.2516291673878228,0.800991683930063,0.11785740852355957,0.22357120425705837,5.4836273193359375e-05,0.5647299289703369,0.00011339187622070313,0.00020122528076171875,0.0032889842987060547,0.021012067794799805,0.34724278450012214,0.7219280948873623,1.8969474224010678,0.9583274162310264,2,3.0,0.8333333333333334,0.7637362637362637,0.16666666666666666,0.23626373626373626,1.0,0.5274725274725275,1.0,0.0,0.0,0.0,0.6666666666666666,0.0,2,1.0,email,transport,ikev1,3DES_CBC,CRITICAL_FAIL,0
exp_072_email_transport_3des_cbc_1789045483,6,0,8,560.0,1.1309101581573486,495.1763815725534,7.073948308179334,70.0,29.257477676655586,42.0,110.0,64.0,42.0,42.0,42.0,92.0,110.0,110.0,0.2414911031918904,-1.684775962966198,1.5,0.3438785242713266,0.16155859402247838,0.24780828449045245,5.4836273193359375e-05,0.5647299289703369,0.00010890960693359377,0.00017309188842773438,0.0032889842987060547,0.2812451124191284,0.550778865814209,0.863120568566631,1.5338506263885137,0.9781573523189472,3,3.0,0.75,0.6928571428571428,0.25,0.30714285714285716,0.20000977559019534,0.38571428571428573,1.0,0.0,0.0,0.0,0.5,0.0,2,0.6666666666666666,email,transport,ikev1,3DES_CBC,CRITICAL_FAIL,0
exp_073_email_tunnel_aes_gcm_16_256_1789045529,-1,1,56,8913.0,8.680635929107666,1026.768093120134,6.451140268678055,159.16071428571428,86.91966257612219,42.0,514.0,152.0,42.0,54.0,118.75,187.0,210.0,282.0,2.1968342421476765,7.144510340456877,2.4255672692169212,0.7213484450424121,0.15782974416559392,0.35052424914352914,1.3113021850585938e-05,2.195712089538574,2.13623046875e-05,2.5987625122070312e-05,0.0002338886260986328,0.23346161842346191,0.46833453178405765,1.30159791716427,2.220887007766774,0.989534328469383,17,3.9411764705882355,0.39285714285714285,0.3971726691349714,0.6071428571428571,0.6028273308650286,1.5733374923433188,-0.20565466173005723,0.9285714285714286,0.07142857142857142,0.0,0.0,0.14285714285714285,0.0,2,0.5161290322580645,email,tunnel,ikev2,AES_GCM_16_256,PASS,0
exp_073_email_tunnel_aes_gcm_16_256_1789045529,0,0,4,1608.0,0.10058784484863281,15986.026963991126,39.76623622883365,402.0,109.36178491593853,270.0,514.0,412.0,277.2,284.4,306.0,508.0,511.6,512.8,-0.06935955084097174,-1.9029053366293442,1.5,0.62433452397764,0.03352928161621094,0.03396341150268707,0.00819087028503418,0.08153605461120605,0.00872488021850586,0.009525895118713379,0.010860919952392578,0.046198487281799316,0.06740102767944336,0.9182958340544896,1.0129175737750657,0.8105955022090752,0,1.0,0.5,0.5124378109452736,0.5,0.48756218905472637,1.0297460313547298,0.024875621890547265,0.0,1.0,0.0,0.0,0.0,0.0,0,0.0,email,tunnel,ikev2,AES_GCM_16_256,PASS,0
exp_073_email_tunnel_aes_gcm_16_256_1789045529,2,0,9,1350.0,0.37309694290161133,3618.3625346831263,24.122416897887508,150.0,45.87906809089401,54.0,218.0,154.0,79.6,105.2,126.0,190.0,195.6,206.79999999999998,-0.5624363163378114,-0.16970359295105863,2.725480556997868,0.1278252664239319,0.046637117862701416,0.1175454806652341,1.6927719116210938e-05,0.35736918449401855,1.9764900207519533e-05,2.2411346435546875e-05,0.0002124309539794922,0.003969073295593262,0.11765825748443598,0.5435644431995964,2.520373592503836,0.957845383869199,3,3.6666666666666665,0.3333333333333333,0.362962962962963,0.6666666666666666,0.6370370370370371,2.500209501702809,-0.2740740740740741,1.0,0.0,0.0,0.0,0.1111111111111111,0.0,2,0.6,email,tunnel,ikev2,AES_GCM_16_256,PASS,0
exp_073_email_tunnel_aes_gcm_16_256_1789045529,3,0,12,1923.0,0.7963759899139404,2414.688569663944,15.06825940507921,160.25,45.508469907626356,54.0,222.0,159.5,89.2,118.8,135.0,191.0,215.60000000000002,219.8,-0.7137002929124676,0.12375923245274434,2.8553885422075336,0.20501074216875978,0.07239781726490367,0.15053225428574454,1.6927719116210938e-05,0.42305994033813477,2.09808349609375e-05,2.2411346435546875e-05,0.0001971721649169922,0.007621049880981445,0.35736918449401855,0.8658566174572235,2.0792087491561433,0.9799757083541527,4,3.75,0.3333333333333333,0.35569422776911075,0.6666666666666666,0.6443057722308893,2.3336000324669572,-0.28861154446177845,1.0,0.0,0.0,0.0,0.08333333333333333,0.0,2,0.5714285714285714,email,tunnel,ikev2,AES_GCM_16_256,PASS,0
exp_073_email_tunnel_aes_gcm_16_256_1789045529,4,0,9,1507.0,1.3220431804656982,1139.9022530180516,6.807644510393142,167.44444444444446,31.556338018467894,116.0,222.0,166.0,121.6,127.2,150.0,194.0,199.6,210.79999999999998,0.020874359724292343,-0.8777863324326103,2.94770277922009,-0.0059888874677144315,0.16525539755821228,0.3041587712074512,2.193450927734375e-05,0.8675711154937744,2.3436546325683593e-05,3.069639205932617e-05,0.00020456314086914062,0.11360949277877808,0.577901268005371,1.061278124459133,1.8405264528431342,0.9994591573639269,3,3.6666666666666665,0.3333333333333333,0.33842070338420704,0.6666666666666666,0.661579296615793,2.4999170439253025,-0.3231585932315859,1.0,0.0,0.0,0.0,0.0,0.0,2,0.6,email,tunnel,ikev2,AES_GCM_16_256,PASS,0
exp_073_email_tunnel_aes_gcm_16_256_1789045529,5,0,16,1901.0,1.266352891921997,1501.1613367224772,12.634708778305964,118.8125,55.13757651320921,42.0,194.0,129.5,42.0,42.0,51.0,166.0,186.0,194.0,-0.2899552386157796,-1.3493026648793676,2.7272170014624826,0.5606185635765175,0.08442352612813314,0.13961901954880196,1.5020370483398438e-05,0.45375704765319824,2.1076202392578126e-05,6.389617919921875e-05,0.00021195411682128906,0.14250993728637695,0.2549095630645752,1.0529815751302694,1.6537732096582787,0.9573807170859888,5,3.6,0.5,0.41451867438190426,0.5,0.5854813256180957,1.325593737394513,-0.17096265123619148,1.0,0.0,0.0,0.0,0.3125,0.0,2,0.5714285714285714,email,tunnel,ikev2,AES_GCM_16_256,PASS,0
exp_073_email_tunnel_aes_gcm_16_256_1789045529,6,0,13,1422.0,0.9404051303863525,1512.1142516691618,13.823829304992337,109.38461538461539,55.628629128338446,42.0,194.0,119.0,42.0,42.0,42.0,154.0,178.8,186.79999999999998,-0.045698393767266504,-1.505782956595455,2.287783719941071,0.4100568986602419,0.07836709419886272,0.12923373992502873,1.3113021850585938e-05,0.37889790534973145,1.5425682067871094e-05,7.593631744384766e-05,0.00015604496002197266,0.08866596221923828,0.2569443941116333,1.0408520829727552,1.6490606444644687,0.9429869851648373,4,3.5,0.5384615384615384,0.44022503516174405,0.46153846153846156,0.559774964838256,0.8333544703306099,-0.11954992967651196,1.0,0.0,0.0,0.0,0.38461538461538464,0.0,2,0.6,email,tunnel,ikev2,AES_GCM_16_256,PASS,0
exp_073_email_tunnel_aes_gcm_16_256_1789045529,7,0,9,1233.0,0.9345180988311768,1319.3965976069821,9.630632099321037,137.0,37.859388972001824,54.0,186.0,138.0,79.6,105.2,119.0,158.0,182.8,184.4,-0.7447508984981253,0.1295623580313685,2.503258334775646,0.21005492995669592,0.1168147623538971,0.23432420720076513,1.3113021850585938e-05,0.7039799690246582,2.1457672119140625e-05,2.574920654296875e-05,0.0001800060272216797,0.05765044689178467,0.3721030473709106,1.061278124459133,2.005929700573048,0.9992851408020047,3,3.6666666666666665,0.3333333333333333,0.36496350364963503,0.6666666666666666,0.635036496350365,2.499607074914837,-0.27007299270072993,1.0,0.0,0.0,0.0,0.1111111111111111,0.0,2,0.6,email,tunnel,ikev2,AES_GCM_16_256,PASS,0
exp_073_email_tunnel_aes_gcm_16_256_1789045529,8,0,9,1282.0,0.9912898540496826,1293.2645227454807,9.07908011287779,142.44444444444446,40.560273698153665,54.0,198.0,138.0,79.6,105.2,124.0,170.0,188.4,193.2,-0.7231811688151917,0.09649421663063684,2.725480556997868,0.06656964103276872,0.12391123175621033,0.2521348202825846,2.193450927734375e-05,0.7606360912322998,2.4104118347167967e-05,2.574920654296875e-05,0.0002334117889404297,0.05765044689178467,0.38909988403320306,1.061278124459133,2.034785563209323,0.9992094321693041,3,3.6666666666666665,0.3333333333333333,0.36349453978159124,0.6666666666666666,0.6365054602184087,2.4999296507537614,-0.27301092043681746,1.0,0.0,0.0,0.0,0.1111111111111111,0.0,2,0.6,email,tunnel,ikev2,AES_GCM_16_256,PASS,0
exp_073_email_tunnel_aes_gcm_16_256_1789045529,9,0,12,1807.0,0.901634931564331,2004.137081140885,13.30915604520787,150.58333333333334,39.82138942271547,54.0,202.0,151.0,89.2,118.7,133.25,178.0,197.2,199.8,-0.8355597287463232,0.4324490496540778,2.4591479170272446,0.14198351236872167,0.08196681196039374,0.15605114784900198,1.3113021850585938e-05,0.5126018524169922,2.193450927734375e-05,2.3484230041503906e-05,0.00022101402282714844,0.07565605640411377,0.23705315589904785,1.2776134368191154,1.9038100946796626,0.9989853852640497,4,3.75,0.3333333333333333,0.3563918096292197,0.6666666666666666,0.6436081903707803,2.333547881611365,-0.2872163807415606,1.0,0.0,0.0,0.0,0.08333333333333333,0.0,2,0.5714285714285714,email,tunnel,ikev2,AES_GCM_16_256,PASS,0
exp_073_email_tunnel_aes_gcm_16_256_1789045529,10,0,12,1744.0,1.1426749229431152,1526.2433479401911,10.501674412432507,145.33333333333334,38.75636148499438,54.0,202.0,145.0,86.45,113.5,123.25,175.0,188.8,195.39999999999998,-0.7026250224324332,0.23536387348099197,3.084962500721156,0.08572504467168597,0.10387953844937411,0.189596585355751,1.3113021850585938e-05,0.5126018524169922,2.193450927734375e-05,2.5510787963867188e-05,0.00022101402282714844,0.0756676197052002,0.47805285453796387,1.0957952550009336,1.8251405719094376,0.9991641500056544,4,3.75,0.3333333333333333,0.3577981651376147,0.6666666666666666,0.6422018348623854,2.3332187244443885,-0.28440366972477066,1.0,0.0,0.0,0.0,0.08333333333333333,0.0,2,0.5714285714285714,email,tunnel,ikev2,AES_GCM_16_256,PASS,0
exp_073_email_tunnel_aes_gcm_16_256_1789045529,11,0,3,441.0,0.001,441000.0,3000.0,147.0,26.620793877468543,113.0,178.0,150.0,116.7,120.4,131.5,164.0,172.4,175.2,-0.167609587556163,-1.4999999999999998,1.584962500721156,0.0,0.0001480579376220703,0.0001220703125,2.5987625122070312e-05,0.0002701282501220703,5.0401687622070314e-05,8.702278137207031e-05,0.0001480579376220703,0.0002090930938720703,0.0002457141876220703,1.0,0.8189454010124827,0.0,1,3.0,0.3333333333333333,0.3401360544217687,0.6666666666666666,0.6598639455782312,1.0,-0.3197278911564626,1.0,0.0,0.0,0.0,0.0,0.0,2,1.0,email,tunnel,ikev2,AES_GCM_16_256,PASS,0
exp_074_email_transport_aes_gcm_16_128_1789045574,-1,1,16,2592.0,7.226312875747681,358.6891468122068,2.21413053587782,162.0,152.2957648787385,42.0,514.0,100.0,42.0,42.0,78.0,154.0,412.0,508.0,1.4341984544470352,0.6190376073583059,1.875,0.9060492801031599,0.48175419171651207,0.728842239218394,7.295608520507812e-05,2.2399160861968994,0.00017938613891601562,0.00023698806762695312,0.022671222686767578,0.9454158544540405,1.4835880279541016,1.5589385323502771,1.5128892262094809,0.9820241626404892,5,3.0,0.625,0.5524691358024691,0.375,0.44753086419753085,0.5566181038521868,0.10493827160493827,0.75,0.25,0.0,0.0,0.25,0.0,2,0.5714285714285714,email,transport,ikev2,AES_GCM_16_128,PASS,0
exp_074_email_transport_aes_gcm_16_128_1789045574,0,0,4,1624.0,0.06668901443481445,24351.83686193755,59.97989374861466,406.0,104.65180361560904,286.0,514.0,412.0,290.8,295.6,310.0,508.0,511.6,512.8,-0.032665979665104164,-1.9508254627003763,1.5,0.5790099088852613,0.022229671478271484,0.0156569249677848,0.008544921875,0.04414701461791992,0.009635353088378906,0.011270999908447266,0.013997077941894531,0.029072046279907227,0.03811702728271484,1.584962500721156,0.704293839396082,0.0,0,1.0,0.5,0.5073891625615764,0.5,0.49261083743842365,1.103451362359108,0.014778325123152709,0.0,1.0,0.0,0.0,0.0,0.0,0,0.0,email,transport,ikev2,AES_GCM_16_128,PASS,0
exp_074_email_transport_aes_gcm_16_128_1789045574,5,0,6,368.0,1.35642409324646,271.30158025962976,4.423395330320051,61.333333333333336,27.944389220179584,42.0,110.0,42.0,42.0,42.0,42.0,78.0,100.0,105.0,0.8395132519949936,-1.129488388425323,1.2516291673878228,0.7695095939010378,0.271284818649292,0.511460303609599,7.295608520507812e-05,1.293773889541626,0.00015420913696289061,0.0002760887145996094,0.022671222686767578,0.03962993621826172,0.7921163082122804,0.7219280948873623,1.8853189825996601,0.9538122302480729,2,2.5,0.8333333333333334,0.7554347826086957,0.16666666666666666,0.24456521739130435,1.0,0.5108695652173914,1.0,0.0,0.0,0.0,0.6666666666666666,0.0,2,1.0,email,transport,ikev2,AES_GCM_16_128,PASS,0
exp_074_email_transport_aes_gcm_16_128_1789045574,6,0,6,368.0,0.6596050262451172,557.9096358541798,9.096352758492062,61.333333333333336,27.94438922017958,42.0,110.0,42.0,42.0,42.0,42.0,78.0,100.0,105.0,0.839513251994994,-1.1294883884253213,1.2516291673878228,0.42597852519521745,0.13192100524902345,0.23304370105335645,7.295608520507812e-05,0.5970578193664551,0.00011301040649414062,0.00017309188842773438,0.022671222686767578,0.03962993621826172,0.3740866661071778,0.7219280948873623,1.7665263699823994,0.9051747570288847,2,3.0,0.8333333333333334,0.7554347826086957,0.16666666666666666,0.24456521739130435,1.0,0.5108695652173914,1.0,0.0,0.0,0.0,0.6666666666666666,0.0,2,1.0,email,transport,ikev2,AES_GCM_16_128,PASS,0
exp_075_email_tunnel_aes_cbc_256_1789045617,-1,1,17,2734.0,6.8401710987091064,399.6976041309796,2.48531794814435,160.8235294117647,149.7151158599392,42.0,514.0,122.0,42.0,42.0,54.0,138.0,393.20000000000005,507.6,1.4101128717102915,0.7238883062873493,1.9015064025015063,0.8872430534836852,0.42751069366931915,0.8127284589468632,1.5020370483398438e-05,2.408900022506714,2.002716064453125e-05,0.00014781951904296875,0.009855985641479492,0.1830325722694397,1.91890549659729,1.186278124459133,1.9010672011594372,0.9949854925575006,4,3.75,0.5294117647058824,0.5142648134601316,0.47058823529411764,0.4857351865398683,0.876748229729822,0.02852962692026335,0.7647058823529411,0.23529411764705882,0.0,0.0,0.4117647058823529,0.0,2,0.6,email,tunnel,ikev2,AES_CBC_256,PASS,0
exp_075_email_tunnel_aes_cbc_256_1789045617,0,0,4,1624.0,0.15715503692626953,10333.744509645669,25.452572683856324,406.0,104.65180361560904,286.0,514.0,412.0,290.8,295.6,310.0,508.0,511.6,512.8,-0.032665979665104164,-1.9508254627003763,1.5,0.5790099088852613,0.05238501230875651,0.05674124264482102,0.010716915130615234,0.13260912895202637,0.011339330673217773,0.012272953987121582,0.01382899284362793,0.07321906089782715,0.10885310173034668,0.9182958340544896,1.0831372754695534,0.8438108732985818,0,1.0,0.5,0.5073891625615764,0.5,0.49261083743842365,1.0217061457795702,0.014778325123152709,0.0,1.0,0.0,0.0,0.0,0.0,0,0.0,email,tunnel,ikev2,AES_CBC_256,PASS,0
exp_075_email_tunnel_aes_cbc_256_1789045617,2,0,3,314.0,0.001,314000.0,3000.0,104.66666666666667,36.41733408999377,54.0,138.0,122.0,60.8,67.6,88.0,130.0,134.8,136.4,-0.6061201421137351,-1.5000000000000002,1.584962500721156,0.0,0.00012743473052978516,0.00010645389556884766,2.09808349609375e-05,0.0002338886260986328,4.2271614074707034e-05,7.420778274536133e-05,0.00012743473052978516,0.00018066167831420898,0.0002125978469848633,1.0,0.8288559887947136,0.0,1,3.0,0.3333333333333333,0.4394904458598726,0.6666666666666666,0.5605095541401274,1.0,-0.12101910828025478,1.0,0.0,0.0,0.0,0.3333333333333333,0.0,2,1.0,email,tunnel,ikev2,AES_CBC_256,PASS,0
exp_075_email_tunnel_aes_cbc_256_1789045617,3,0,3,314.0,0.001,314000.0,3000.0,104.66666666666667,36.41733408999377,54.0,138.0,122.0,60.8,67.6,88.0,130.0,134.8,136.4,-0.6061201421137351,-1.5000000000000002,1.584962500721156,0.0,0.00012743473052978516,0.00010645389556884766,2.09808349609375e-05,0.0002338886260986328,4.2271614074707034e-05,7.420778274536133e-05,0.00012743473052978516,0.00018066167831420898,0.0002125978469848633,1.0,0.8288559887947136,0.0,1,3.0,0.3333333333333333,0.4394904458598726,0.6666666666666666,0.5605095541401274,1.0,-0.12101910828025478,1.0,0.0,0.0,0.0,0.3333333333333333,0.0,2,1.0,email,tunnel,ikev2,AES_CBC_256,PASS,0
exp_075_email_tunnel_aes_cbc_256_1789045617,5,0,7,482.0,0.4358670711517334,1105.8417391485095,16.05994226979163,68.85714285714286,39.11677963457104,42.0,138.0,42.0,42.0,42.0,42.0,88.0,128.4,133.2,0.954400893798805,-0.9888137656888438,1.6644977792004614,0.808868146079702,0.07264451185862224,0.12157695210817637,1.9073486328125e-05,0.3343029022216797,5.3048133850097656e-05,0.00011903047561645508,0.00460505485534668,0.07143473625183105,0.21327543258666992,1.2516291673878228,1.673564532724075,0.9786260385447874,2,3.0,0.7142857142857143,0.6348547717842323,0.2857142857142857,0.3651452282157676,5428.392756830675,0.2697095435684647,1.0,0.0,0.0,0.0,0.7142857142857143,0.0,2,1.0,email,tunnel,ikev2,AES_CBC_256,PASS,0
exp_075_email_tunnel_aes_cbc_256_1789045617,6,0,7,482.0,0.4358670711517334,1105.8417391485095,16.05994226979163,68.85714285714286,39.11677963457104,42.0,138.0,42.0,42.0,42.0,42.0,88.0,128.4,133.2,0.954400893798805,-0.9888137656888438,1.6644977792004614,0.808868146079702,0.07264451185862224,0.12157695210817637,1.9073486328125e-05,0.3343029022216797,5.3048133850097656e-05,0.00011903047561645508,0.00460505485534668,0.07143473625183105,0.21327543258666992,1.2516291673878228,1.673564532724075,0.9786260385447874,2,3.0,0.7142857142857143,0.6348547717842323,0.2857142857142857,0.3651452282157676,5428.392756830675,0.2697095435684647,1.0,0.0,0.0,0.0,0.7142857142857143,0.0,2,1.0,email,tunnel,ikev2,AES_CBC_256,PASS,0
exp_075_email_tunnel_aes_cbc_256_1789045617,8,0,3,314.0,0.001,314000.0,3000.0,104.66666666666667,36.41733408999377,54.0,138.0,122.0,60.8,67.6,88.0,130.0,134.8,136.4,-0.6061201421137351,-1.5000000000000002,1.584962500721156,0.0,9.1552734375e-05,7.653236389160156e-05,1.5020370483398438e-05,0.00016808509826660156,3.032684326171875e-05,5.328655242919922e-05,9.1552734375e-05,0.00012981891632080078,0.00015277862548828124,1.0,0.8269054870006542,0.0,1,3.0,0.3333333333333333,0.4394904458598726,0.6666666666666666,0.5605095541401274,1.0,-0.12101910828025478,1.0,0.0,0.0,0.0,0.3333333333333333,0.0,2,1.0,email,tunnel,ikev2,AES_CBC_256,PASS,0
exp_075_email_tunnel_aes_cbc_256_1789045617,9,0,3,314.0,0.001,314000.0,3000.0,104.66666666666667,36.41733408999377,54.0,138.0,122.0,60.8,67.6,88.0,130.0,134.8,136.4,-0.6061201421137351,-1.5000000000000002,1.584962500721156,0.0,9.1552734375e-05,7.653236389160156e-05,1.5020370483398438e-05,0.00016808509826660156,3.032684326171875e-05,5.328655242919922e-05,9.1552734375e-05,0.00012981891632080078,0.00015277862548828124,1.0,0.8269054870006542,0.0,1,3.0,0.3333333333333333,0.4394904458598726,0.6666666666666666,0.5605095541401274,1.0,-0.12101910828025478,1.0,0.0,0.0,0.0,0.3333333333333333,0.0,2,1.0,email,tunnel,ikev2,AES_CBC_256,PASS,0
exp_076_bulk_tunnel_aes_gcm_16_256_1789045661,-1,1,6,823.0,0.001,823000.0,6000.0,137.16666666666666,46.268840006591425,54.0,202.0,137.5,70.0,86.0,122.75,165.0,188.0,195.0,-0.4371237628060145,-0.5458663146687135,2.2516291673878226,0.639757231875662,3.662109375e-05,3.1064980214651546e-05,6.9141387939453125e-06,7.915496826171875e-05,7.772445678710938e-06,9.059906005859375e-06,1.8835067749023438e-05,6.914138793945312e-05,7.51495361328125e-05,1.9219280948873623,0.8257330427734189,0.0,1,6.0,0.3333333333333333,0.37910085054678005,0.6666666666666666,0.6208991494532199,3.0027893706303286,-0.24179829890643986,1.0,0.0,0.0,0.0,0.16666666666666666,0.0,2,0.6666666666666666,bulk,tunnel,ikev2,AES_GCM_16_256,PASS,0
exp_077_bulk_transport_aes_gcm_16_128_1789045697,-1,1,6,1824.0,2.2202467918395996,821.5302941564947,2.7024022834095223,304.0,167.75776186712395,90.0,514.0,302.0,95.0,100.0,154.0,459.0,510.0,512.0,0.01407114561566381,-1.5009312310341685,1.9182958340544896,0.8451447079693234,0.4440493583679199,0.8764970309468716,6.890296936035156e-05,2.197032928466797,0.002657651901245117,0.006540775299072266,0.008121967315673828,0.008482217788696289,1.321612644195557,0.7219280948873623,1.9738685363713773,0.9895444671024302,1,3.0,0.5,0.5120614035087719,0.5,0.48793859649122806,1.0029226403307798,0.02412280701754386,0.3333333333333333,0.6666666666666666,0.0,0.0,0.0,0.0,2,1.0,bulk,transport,ikev2,AES_GCM_16_128,PASS,0
exp_077_bulk_transport_aes_gcm_16_128_1789045697,0,0,4,1624.0,0.023144960403442383,70166.46266365875,172.8237996641841,406.0,104.65180361560904,286.0,514.0,412.0,290.8,295.6,310.0,508.0,511.6,512.8,-0.032665979665104164,-1.9508254627003763,1.5,0.5790099088852613,0.007714986801147461,0.0008432178799228945,0.006540775299072266,0.008482217788696289,0.0068570137023925785,0.007331371307373047,0.008121967315673828,0.008302092552185059,0.008410167694091798,1.584962500721156,0.1092819235768389,0.0,0,1.0,0.5,0.5073891625615764,0.5,0.49261083743842365,0.9047169901053879,0.014778325123152709,0.0,1.0,0.0,0.0,0.0,0.0,0,0.0,bulk,transport,ikev2,AES_GCM_16_128,PASS,0
exp_078_bulk_tunnel_aes_cbc_256_1789045733,-1,1,7,1938.0,2.2958920001983643,844.1163608011864,3.0489239038226548,276.85714285714283,170.4811917329706,54.0,514.0,286.0,74.4,94.80000000000001,130.0,412.0,509.2,511.6,0.23004423148649011,-1.4211158858764161,2.235926350629032,0.88800443881637,0.38264866669972736,0.8301779893225436,1.7881393432617188e-05,2.2387709617614746,9.703636169433594e-05,0.002187371253967285,0.009731411933898926,0.030908584594726562,1.1381175518035889,0.6500224216483541,2.1695510582373,0.9751203286426564,1,4.0,0.42857142857142855,0.49638802889576883,0.5714285714285714,0.5036119711042312,1.5072515430326365,-0.007223942208462332,0.42857142857142855,0.5714285714285714,0.0,0.0,0.14285714285714285,0.0,2,1.0,bulk,tunnel,ikev2,AES_CBC_256,PASS,0
exp_078_bulk_tunnel_aes_cbc_256_1789045733,0,0,4,1624.0,0.05692696571350098,28527.780809066502,70.26546997307021,406.0,104.65180361560904,286.0,514.0,412.0,290.8,295.6,310.0,508.0,511.6,512.8,-0.032665979665104164,-1.9508254627003763,1.5,0.5790099088852613,0.01897565523783366,0.013131380119895673,0.008220911026000977,0.037464141845703125,0.008825111389160156,0.009731411933898926,0.011241912841796875,0.02435302734375,0.03221969604492188,1.584962500721156,0.6919754801528831,0.0,0,1.0,0.5,0.5073891625615764,0.5,0.49261083743842365,1.0661033647243874,0.014778325123152709,0.0,1.0,0.0,0.0,0.0,0.0,0,0.0,bulk,tunnel,ikev2,AES_CBC_256,PASS,0
exp_078_bulk_tunnel_aes_cbc_256_1789045733,2,0,3,314.0,0.001,314000.0,3000.0,104.66666666666667,36.41733408999377,54.0,138.0,122.0,60.8,67.6,88.0,130.0,134.8,136.4,-0.6061201421137351,-1.5000000000000002,1.584962500721156,0.0,9.703636169433594e-05,7.915496826171875e-05,1.7881393432617188e-05,0.0001761913299560547,3.371238708496094e-05,5.745887756347656e-05,9.703636169433594e-05,0.0001366138458251953,0.00016036033630371094,1.0,0.8074041803847556,0.0,1,3.0,0.3333333333333333,0.4394904458598726,0.6666666666666666,0.5605095541401274,1.0,-0.12101910828025478,1.0,0.0,0.0,0.0,0.3333333333333333,0.0,2,1.0,bulk,tunnel,ikev2,AES_CBC_256,PASS,0
exp_078_bulk_tunnel_aes_cbc_256_1789045733,3,0,3,314.0,0.001,314000.0,3000.0,104.66666666666667,36.41733408999377,54.0,138.0,122.0,60.8,67.6,88.0,130.0,134.8,136.4,-0.6061201421137351,-1.5000000000000002,1.584962500721156,0.0,9.703636169433594e-05,7.915496826171875e-05,1.7881393432617188e-05,0.0001761913299560547,3.371238708496094e-05,5.745887756347656e-05,9.703636169433594e-05,0.0001366138458251953,0.00016036033630371094,1.0,0.8074041803847556,0.0,1,3.0,0.3333333333333333,0.4394904458598726,0.6666666666666666,0.5605095541401274,1.0,-0.12101910828025478,1.0,0.0,0.0,0.0,0.3333333333333333,0.0,2,1.0,bulk,tunnel,ikev2,AES_CBC_256,PASS,0
exp_079_bulk_transport_aes_cbc_128_1789045768,-1,1,8,2256.0,2.2701120376586914,993.7835501399984,3.5240551423404196,282.0,149.54597955144098,106.0,514.0,244.0,111.6,117.2,170.0,377.0,508.4,511.2,0.48299295654093677,-1.2098483967049658,2.25,0.8231933600123442,0.32430171966552734,0.7635856253930547,0.00013113021850585938,2.1944198608398438,0.00017132759094238282,0.0040215253829956055,0.011874914169311523,0.02782154083251953,0.9030837059021004,0.5916727785823275,2.354545858204908,0.9666570743808249,2,3.0,0.5,0.5088652482269503,0.5,0.49113475177304966,1.0051990857077961,0.01773049645390071,0.5,0.5,0.0,0.0,0.0,0.0,2,0.6666666666666666,bulk,transport,ikev2,AES_CBC_128,PASS,0
exp_079_bulk_transport_aes_cbc_128_1789045768,0,0,4,1640.0,0.06751799583435059,24289.820509832585,59.24346465812826,410.0,101.46920715172658,286.0,514.0,420.0,293.2,300.4,322.0,508.0,511.6,512.8,-0.08040378344839896,-1.8875703421157966,1.5,0.6328843056027117,0.022505998611450195,0.01393561300531366,0.011874914169311523,0.042192935943603516,0.012189960479736328,0.012662529945373535,0.013450145721435547,0.02782154083251953,0.036444377899169926,0.9182958340544896,0.619167986184709,0.0,0,1.0,0.5,0.5121951219512195,0.5,0.4878048780487805,0.9716729703329013,0.024390243902439025,0.0,1.0,0.0,0.0,0.0,0.0,0,0.0,bulk,transport,ikev2,AES_CBC_128,PASS,0
exp_079_bulk_transport_aes_cbc_128_1789045768,2,0,4,616.0,0.00817418098449707,75359.23185066355,489.3456613679452,154.0,40.792156108742276,106.0,202.0,154.0,108.4,110.8,118.0,190.0,197.2,199.6,0.0,-1.8520710059171597,2.0,0.47031708100177233,0.002724726994832357,0.003620629986606332,0.00013113021850585938,0.007844924926757812,0.0001445293426513672,0.0001646280288696289,0.00019812583923339844,0.0040215253829956055,0.00631556510925293,0.9182958340544896,1.3283171768378128,0.0,2,2.5,0.5,0.5,0.5,0.5,1.0082731809578531,0.0,1.0,0.0,0.0,0.0,0.0,0.0,2,0.6666666666666666,bulk,transport,ikev2,AES_CBC_128,PASS,0
exp_079_bulk_transport_aes_cbc_128_1789045768,3,0,4,616.0,0.00817418098449707,75359.23185066355,489.3456613679452,154.0,40.792156108742276,106.0,202.0,154.0,108.4,110.8,118.0,190.0,197.2,199.6,0.0,-1.8520710059171597,2.0,0.47031708100177233,0.002724726994832357,0.003620629986606332,0.00013113021850585938,0.007844924926757812,0.0001445293426513672,0.0001646280288696289,0.00019812583923339844,0.0040215253829956055,0.00631556510925293,0.9182958340544896,1.3283171768378128,0.0,2,2.5,0.5,0.5,0.5,0.5,1.0082731809578531,0.0,1.0,0.0,0.0,0.0,0.0,0.0,2,0.6666666666666666,bulk,transport,ikev2,AES_CBC_128,PASS,0
exp_080_bulk_tunnel_3des_cbc_1789045804,-1,1,12,2080.0,2.395339012145996,868.3530763090264,5.009729286398229,173.33333333333334,69.72007522148043,54.0,286.0,172.0,82.6,106.8,117.0,212.0,279.20000000000005,286.0,0.14725045970019676,-0.960438995582678,2.688721875540867,0.48405750640432627,0.21775809201327237,0.6294745066231725,2.2172927856445312e-05,2.2072770595550537,0.0001659393310546875,0.0007534027099609375,0.0055768489837646484,0.044010162353515625,0.05280494689941406,0.4394969869215134,2.8906921901787053,0.9435332514497182,4,3.0,0.5,0.5288461538461539,0.5,0.47115384615384615,1.0001873763501905,0.057692307692307696,0.8333333333333334,0.16666666666666666,0.0,0.0,0.08333333333333333,0.0,2,1.0,bulk,tunnel,ikev1,3DES_CBC,CRITICAL_FAIL,0
exp_080_bulk_tunnel_3des_cbc_1789045804,0,0,9,1774.0,0.18787384033203125,9442.506720812184,47.90448730964467,197.11111111111111,61.81773288276943,106.0,286.0,210.0,109.2,112.4,146.0,218.0,286.0,286.0,-0.021579189786528463,-1.108862186766865,2.197159723424149,0.20113822709857732,0.023484230041503906,0.02162184726317973,0.0006418228149414062,0.05280494689941406,0.00079803466796875,0.0016344189643859863,0.021825432777404785,0.043261170387268066,0.04769718647003174,1.75,0.9206572481925388,0.28106598984771575,3,2.6666666666666665,0.5555555555555556,0.5445321307779031,0.4444444444444444,0.455467869222097,1.048168609906958,0.08906426155580609,0.7777777777777778,0.2222222222222222,0.0,0.0,0.0,0.0,0,0.0,bulk,tunnel,ikev1,3DES_CBC,CRITICAL_FAIL,0
exp_080_bulk_tunnel_3des_cbc_1789045804,2,0,3,306.0,0.001,306000.0,3000.0,102.0,34.56395039150859,54.0,134.0,118.0,60.4,66.8,86.0,126.0,130.8,132.4,-0.5951700641394972,-1.5000000000000004,1.584962500721156,0.0,9.40561294555664e-05,7.18832015991211e-05,2.2172927856445312e-05,0.0001659393310546875,3.6549568176269534e-05,5.811452865600586e-05,9.40561294555664e-05,0.00012999773025512695,0.0001515626907348633,1.0,0.7562184786066068,0.0,1,3.0,0.3333333333333333,0.43790849673202614,0.6666666666666666,0.5620915032679739,1.0,-0.12418300653594772,1.0,0.0,0.0,0.0,0.3333333333333333,0.0,2,1.0,bulk,tunnel,ikev1,3DES_CBC,CRITICAL_FAIL,0
exp_080_bulk_tunnel_3des_cbc_1789045804,3,0,3,306.0,0.001,306000.0,3000.0,102.0,34.56395039150859,54.0,134.0,118.0,60.4,66.8,86.0,126.0,130.8,132.4,-0.5951700641394972,-1.5000000000000004,1.584962500721156,0.0,9.40561294555664e-05,7.18832015991211e-05,2.2172927856445312e-05,0.0001659393310546875,3.6549568176269534e-05,5.811452865600586e-05,9.40561294555664e-05,0.00012999773025512695,0.0001515626907348633,1.0,0.7562184786066068,0.0,1,3.0,0.3333333333333333,0.43790849673202614,0.6666666666666666,0.5620915032679739,1.0,-0.12418300653594772,1.0,0.0,0.0,0.0,0.3333333333333333,0.0,2,1.0,bulk,tunnel,ikev1,3DES_CBC,CRITICAL_FAIL,0
exp_081_bulk_transport_3des_cbc_1789045841,-1,1,2,196.0,0.001,196000.0,2000.0,98.0,12.0,86.0,110.0,98.0,87.2,88.4,92.0,104.0,107.6,108.8,0.0,0.0,1.0,0.0,0.00011587142944335938,0.0,0.00011587142944335938,0.00011587142944335938,0.00011587142944335938,0.00011587142944335938,0.00011587142944335938,0.00011587142944335938,0.00011587142944335938,0.0,0.0,0.0,1,2.0,0.5,0.5612244897959183,0.5,0.4387755102040816,1.0,0.12244897959183673,1.0,0.0,0.0,0.0,0.0,0.0,2,1.0,bulk,transport,ikev1,3DES_CBC,CRITICAL_FAIL,0
exp_082_bulk_tunnel_aes_gcm_16_256_1789045877,-1,1,10,2363.0,2.3667759895324707,998.4045851617683,4.225156941014677,236.3,155.00325803027496,54.0,514.0,168.0,79.2,104.4,126.25,306.0,506.8,510.4,0.8121663442069943,-0.7516871455064504,2.6464393446710157,0.8987299385393506,0.2629751099480523,0.690142788452607,1.4066696166992188e-05,2.212796926498413,1.559257507324219e-05,0.00015997886657714844,0.008649110794067383,0.02393794059753418,0.5294824123382572,0.5032583347756457,2.624355454147285,0.9808493581833263,2,4.0,0.4,0.4688954718578079,0.6,0.5311045281421921,1.6726530898658185,-0.06220905628438426,0.6,0.4,0.0,0.0,0.1,0.0,2,0.6666666666666666,bulk,tunnel,ikev2,AES_GCM_16_256,PASS,0
exp_082_bulk_tunnel_aes_gcm_16_256_1789045877,0,0,4,1608.0,0.12967300415039062,12400.422204571529,30.84682140440679,402.0,109.36178491593853,270.0,514.0,412.0,277.2,284.4,306.0,508.0,511.6,512.8,-0.06935955084097174,-1.9029053366293442,1.5,0.62433452397764,0.043224334716796875,0.04629053944579591,0.008649110794067383,0.10865378379821777,0.009393310546875,0.010509610176086426,0.012370109558105469,0.06051194667816162,0.08939704895019532,0.9182958340544896,1.070912226569941,0.8379059659341629,0,1.0,0.5,0.5124378109452736,0.5,0.48756218905472637,0.9692460066617888,0.024875621890547265,0.0,1.0,0.0,0.0,0.0,0.0,0,0.0,bulk,tunnel,ikev2,AES_GCM_16_256,PASS,0
exp_082_bulk_tunnel_aes_gcm_16_256_1789045877,2,0,6,755.0,0.024306058883666992,31062.213895455483,246.85203095726212,125.83333333333333,39.532335569196455,54.0,182.0,127.5,68.0,82.0,113.75,148.0,168.0,175.0,-0.4721612191236144,-0.45665826137944254,2.584962500721156,0.5806682401936285,0.004861211776733399,0.009538614844713382,1.4066696166992188e-05,0.02393794059753418,1.4829635620117188e-05,1.5974044799804688e-05,0.00015997886657714844,0.0001780986785888672,0.014434003829956056,0.7219280948873623,1.9617851469073095,0.0,2,3.5,0.3333333333333333,0.376158940397351,0.6666666666666666,0.623841059602649,3.000130925065034,-0.247682119205298,1.0,0.0,0.0,0.0,0.16666666666666666,0.0,2,0.6666666666666666,bulk,tunnel,ikev2,AES_GCM_16_256,PASS,0
exp_082_bulk_tunnel_aes_gcm_16_256_1789045877,3,0,6,755.0,0.024306058883666992,31062.213895455483,246.85203095726212,125.83333333333333,39.532335569196455,54.0,182.0,127.5,68.0,82.0,113.75,148.0,168.0,175.0,-0.4721612191236144,-0.45665826137944254,2.584962500721156,0.5806682401936285,0.004861211776733399,0.009538614844713382,1.4066696166992188e-05,0.02393794059753418,1.4829635620117188e-05,1.5974044799804688e-05,0.00015997886657714844,0.0001780986785888672,0.014434003829956056,0.7219280948873623,1.9617851469073095,0.0,2,3.5,0.3333333333333333,0.376158940397351,0.6666666666666666,0.623841059602649,3.000130925065034,-0.247682119205298,1.0,0.0,0.0,0.0,0.16666666666666666,0.0,2,0.6666666666666666,bulk,tunnel,ikev2,AES_GCM_16_256,PASS,0
exp_083_bulk_transport_aes_gcm_16_128_1789045913,-1,1,6,1824.0,2.3733298778533936,768.5404448073413,2.5280935684452017,304.0,167.75776186712395,90.0,514.0,302.0,95.0,100.0,154.0,459.0,510.0,512.0,0.01407114561566381,-1.5009312310341685,1.9182958340544896,0.8451447079693234,0.4746659755706787,0.8829259391799421,0.00019598007202148438,2.238830089569092,0.004822731018066406,0.011762857437133789,0.014776945114135742,0.10776400566101074,1.3864036560058595,0.7219280948873623,1.8600955714655,0.9887349066504515,1,3.0,0.5,0.5120614035087719,0.5,0.48793859649122806,1.0048971159704128,0.02412280701754386,0.3333333333333333,0.6666666666666666,0.0,0.0,0.0,0.0,2,1.0,bulk,transport,ikev2,AES_GCM_16_128,PASS,0
exp_083_bulk_transport_aes_gcm_16_128_1789045913,0,0,4,1624.0,0.13430380821228027,12091.987722590186,29.783220991601443,406.0,104.65180361560904,286.0,514.0,412.0,290.8,295.6,310.0,508.0,511.6,512.8,-0.032665979665104164,-1.9508254627003763,1.5,0.5790099088852613,0.04476793607076009,0.044561940180651474,0.011762857437133789,0.10776400566101074,0.01236567497253418,0.013269901275634766,0.014776945114135742,0.06127047538757324,0.08916659355163575,0.9182958340544896,0.995376350025798,0.802389798885518,0,1.0,0.5,0.5073891625615764,0.5,0.49261083743842365,0.9753954653248962,0.014778325123152709,0.0,1.0,0.0,0.0,0.0,0.0,0,0.0,bulk,transport,ikev2,AES_GCM_16_128,PASS,0
exp_084_bulk_tunnel_aes_cbc_256_1789045949,-1,1,7,1954.0,2.234320878982544,874.5386655876414,3.132943018993598,279.14285714285717,168.53946428183568,54.0,514.0,286.0,76.80000000000001,99.60000000000001,138.0,412.0,509.2,511.6,0.22672917869678486,-1.3938634171844975,2.235926350629032,0.8883871500102911,0.3723868131637573,0.8199087220501704,7.867813110351562e-06,2.2057268619537354,4.398822784423828e-05,0.001698315143585205,0.007239937782287598,0.012501358985900879,1.1098765134811401,0.6500224216483541,2.201760350545135,0.98720236770923,1,4.0,0.42857142857142855,0.49641760491299897,0.5714285714285714,0.503582395087001,1.5043509577638674,-0.007164790174002047,0.42857142857142855,0.5714285714285714,0.0,0.0,0.14285714285714285,0.0,2,1.0,bulk,tunnel,ikev2,AES_CBC_256,PASS,0
exp_084_bulk_tunnel_aes_cbc_256_1789045949,0,0,4,1624.0,0.028506040573120117,56970.381271798135,140.32113613743383,406.0,104.65180361560904,286.0,514.0,412.0,290.8,295.6,310.0,508.0,511.6,512.8,-0.032665979665104164,-1.9508254627003763,1.5,0.5790099088852613,0.009502013524373373,0.0032478642518055318,0.006552934646606445,0.014026165008544922,0.006827735900878906,0.007239937782287598,0.00792694091796875,0.010976552963256836,0.012806320190429687,1.584962500721156,0.3417720329951541,0.0,0,1.0,0.5,0.5073891625615764,0.5,0.49261083743842365,0.6595520497643244,0.014778325123152709,0.0,1.0,0.0,0.0,0.0,0.0,0,0.0,bulk,tunnel,ikev2,AES_CBC_256,PASS,0
exp_084_bulk_tunnel_aes_cbc_256_1789045949,1,0,3,330.0,0.001,330000.0,3000.0,110.0,40.13311184877976,54.0,146.0,130.0,61.6,69.2,92.0,138.0,142.8,144.4,-0.6237520947068693,-1.5000000000000002,1.584962500721156,0.0,4.398822784423828e-05,3.612041473388672e-05,7.867813110351562e-06,8.0108642578125e-05,1.5091896057128906e-05,2.5928020477294922e-05,4.398822784423828e-05,6.204843521118164e-05,7.288455963134765e-05,1.0,0.802885920711205,0.0,1,3.0,0.3333333333333333,0.44242424242424244,0.6666666666666666,0.5575757575757576,1.0,-0.11515151515151516,1.0,0.0,0.0,0.0,0.3333333333333333,0.0,2,1.0,bulk,tunnel,ikev2,AES_CBC_256,PASS,0
exp_084_bulk_tunnel_aes_cbc_256_1789045949,2,0,3,330.0,0.001,330000.0,3000.0,110.0,40.13311184877976,54.0,146.0,130.0,61.6,69.2,92.0,138.0,142.8,144.4,-0.6237520947068693,-1.5000000000000002,1.584962500721156,0.0,4.398822784423828e-05,3.612041473388672e-05,7.867813110351562e-06,8.0108642578125e-05,1.5091896057128906e-05,2.5928020477294922e-05,4.398822784423828e-05,6.204843521118164e-05,7.288455963134765e-05,1.0,0.802885920711205,0.0,1,3.0,0.3333333333333333,0.44242424242424244,0.6666666666666666,0.5575757575757576,1.0,-0.11515151515151516,1.0,0.0,0.0,0.0,0.3333333333333333,0.0,2,1.0,bulk,tunnel,ikev2,AES_CBC_256,PASS,0
exp_085_bulk_transport_aes_cbc_128_1789045985,-1,1,8,2176.0,2.264993906021118,960.7089865519981,3.5320183329117576,272.0,156.43529013620935,106.0,514.0,228.0,111.6,117.2,134.0,377.0,508.4,511.2,0.5162186982674298,-1.3011961499040179,2.1556390622295662,0.8687108457293811,0.3235705580030169,0.7777244400885529,2.193450927734375e-05,2.228549003601074,2.3794174194335937e-05,3.0994415283203125e-05,0.011327028274536133,0.012516975402832031,0.8990995883941658,0.5916727785823275,2.4035624295547686,0.9839094920639031,1,5.0,0.5,0.5055147058823529,0.5,0.4944852941176471,1.0050038649962918,0.011029411764705883,0.5,0.5,0.0,0.0,0.0,0.0,2,0.3333333333333333,bulk,transport,ikev2,AES_CBC_128,PASS,0
exp_085_bulk_transport_aes_cbc_128_1789045985,0,0,4,1640.0,0.036360979080200195,45103.29593663325,110.0080388698372,410.0,101.46920715172658,286.0,514.0,420.0,293.2,300.4,322.0,508.0,511.6,512.8,-0.08040378344839896,-1.8875703421157966,1.5,0.6328843056027117,0.012120326360066732,0.0006066750939389655,0.011327028274536133,0.012799978256225586,0.011508417129516602,0.011780500411987305,0.012233972549438477,0.012516975402832031,0.012686777114868163,1.584962500721156,0.050050223541347305,0.0,0,1.0,0.5,0.5121951219512195,0.5,0.4878048780487805,0.9637329315343841,0.024390243902439025,0.0,1.0,0.0,0.0,0.0,0.0,0,0.0,bulk,transport,ikev2,AES_CBC_128,PASS,0
exp_085_bulk_transport_aes_cbc_128_1789045985,2,0,4,536.0,0.001,536000.0,4000.0,134.0,23.664319132398465,106.0,170.0,130.0,108.4,110.8,118.0,146.0,160.4,165.2,0.4346507595746657,-1.1542857142857144,2.0,-0.8910421112136305,2.7974446614583332e-05,6.474965588909365e-06,2.193450927734375e-05,3.695487976074219e-05,2.255439758300781e-05,2.3484230041503906e-05,2.5033950805664062e-05,3.0994415283203125e-05,3.457069396972656e-05,1.584962500721156,0.2234715877420901,0.0,1,4.0,0.5,0.48507462686567165,0.5,0.5149253731343284,1.611322017569772,-0.029850746268656716,1.0,0.0,0.0,0.0,0.0,0.0,2,0.3333333333333333,bulk,transport,ikev2,AES_CBC_128,PASS,0
exp_085_bulk_transport_aes_cbc_128_1789045985,3,0,4,536.0,0.001,536000.0,4000.0,134.0,23.664319132398465,106.0,170.0,130.0,108.4,110.8,118.0,146.0,160.4,165.2,0.4346507595746657,-1.1542857142857144,2.0,-0.8910421112136305,2.7974446614583332e-05,6.474965588909365e-06,2.193450927734375e-05,3.695487976074219e-05,2.255439758300781e-05,2.3484230041503906e-05,2.5033950805664062e-05,3.0994415283203125e-05,3.457069396972656e-05,1.584962500721156,0.2234715877420901,0.0,1,4.0,0.5,0.48507462686567165,0.5,0.5149253731343284,1.611322017569772,-0.029850746268656716,1.0,0.0,0.0,0.0,0.0,0.0,2,0.3333333333333333,bulk,transport,ikev2,AES_CBC_128,PASS,0
exp_086_bulk_tunnel_3des_cbc_1789046021,-1,1,3,290.0,0.001,290000.0,3000.0,96.66666666666667,30.8688984074406,54.0,126.0,110.0,59.6,65.2,82.0,118.0,122.8,124.4,-0.5673165779937296,-1.4999999999999993,1.584962500721156,0.0,5.1975250244140625e-05,4.100799560546875e-05,1.0967254638671875e-05,9.298324584960938e-05,1.9168853759765626e-05,3.147125244140625e-05,5.1975250244140625e-05,7.2479248046875e-05,8.478164672851563e-05,1.0,0.7740972513858861,0.0,1,3.0,0.3333333333333333,0.43448275862068964,0.6666666666666666,0.5655172413793104,1.0,-0.1310344827586207,1.0,0.0,0.0,0.0,0.3333333333333333,0.0,2,1.0,bulk,tunnel,ikev1,3DES_CBC,CRITICAL_FAIL,0
exp_087_bulk_transport_3des_cbc_1789046057,-1,1,11,1918.0,2.301337957382202,833.4282211126203,4.779828171135987,174.36363636363637,67.50524926023124,86.0,278.0,198.0,90.0,94.0,110.0,212.0,278.0,278.0,0.17076278812016907,-1.3525747093215383,2.481714572986073,0.4545645563287643,0.2301337957382202,0.6567951599451873,0.00015497207641601562,2.2002339363098145,0.0006246805191040039,0.0015518665313720703,0.007418394088745117,0.027095377445220947,0.24665172100067062,0.4689955935892812,2.8539585152186024,0.9560672865330068,4,2.75,0.5454545454545454,0.5422314911366006,0.45454545454545453,0.45776850886339937,0.8006032998363025,0.08446298227320125,0.8181818181818182,0.18181818181818182,0.0,0.0,0.0,0.0,2,1.0,bulk,transport,ikev1,3DES_CBC,CRITICAL_FAIL,0
exp_087_bulk_transport_3des_cbc_1789046057,0,0,9,1722.0,0.10094904899597168,17058.110176636885,89.15388594061089,191.33333333333334,62.87907265360851,94.0,278.0,206.0,100.4,106.8,134.0,218.0,278.0,278.0,-0.14351326179791993,-1.1679665260597276,2.725480556997868,0.19969227721102392,0.01261863112449646,0.011785708324470996,0.0006768703460693359,0.0295870304107666,0.0012097597122192384,0.001779317855834961,0.007418394088745117,0.02542179822921753,0.02842862606048584,2.1556390622295662,0.9339186073032909,0.0,3,2.6666666666666665,0.5555555555555556,0.5400696864111498,0.4444444444444444,0.45993031358885017,1.06446157911477,0.08013937282229965,0.7777777777777778,0.2222222222222222,0.0,0.0,0.0,0.0,0,0.0,bulk,transport,ikev1,3DES_CBC,CRITICAL_FAIL,0
exp_088_bulk_tunnel_aes_gcm_16_256_1789046093,-1,1,10,2335.0,3.3600330352783203,694.9336436528773,2.976161214787483,233.5,156.52683476005,54.0,514.0,156.0,76.95,99.9,123.0,306.0,506.8,510.4,0.8244404224360211,-0.7651124708863675,2.7219280948873625,0.8857916818298349,0.3733370039198134,0.8604058873267849,2.09808349609375e-05,2.764827013015747,2.346038818359375e-05,0.0001990795135498047,0.012719154357910156,0.0411529541015625,0.9690853595733646,0.9864267287308424,2.3046297946982794,0.9776621017526431,2,4.0,0.4,0.4728051391862955,0.6,0.5271948608137045,1.672877640928215,-0.054389721627408995,0.6,0.4,0.0,0.0,0.1,0.0,2,1.0,bulk,tunnel,ikev2,AES_GCM_16_256,PASS,0
exp_088_bulk_tunnel_aes_gcm_16_256_1789046093,0,0,4,1608.0,0.07459592819213867,21556.136359859116,53.62222975089332,402.0,109.36178491593853,270.0,514.0,412.0,277.2,284.4,306.0,508.0,511.6,512.8,-0.06935955084097174,-1.9029053366293442,1.5,0.62433452397764,0.02486530939737956,0.011971749926325943,0.012719154357910156,0.0411529541015625,0.014320087432861329,0.016721487045288086,0.020723819732666016,0.030938386917114258,0.0370671272277832,1.584962500721156,0.4814445817032881,0.0,0,1.0,0.5,0.5124378109452736,0.5,0.48756218905472637,0.8706213090955218,0.024875621890547265,0.0,1.0,0.0,0.0,0.0,0.0,0,0.0,bulk,tunnel,ikev2,AES_GCM_16_256,PASS,0
exp_088_bulk_tunnel_aes_gcm_16_256_1789046093,2,0,3,417.0,0.001,417000.0,3000.0,139.0,26.620793877468543,105.0,170.0,142.0,108.7,112.4,123.5,156.0,164.4,167.2,-0.167609587556163,-1.4999999999999998,1.584962500721156,0.0,0.0001100301742553711,8.90493392944336e-05,2.09808349609375e-05,0.0001990795135498047,3.8790702819824216e-05,6.55055046081543e-05,0.0001100301742553711,0.0001545548439025879,0.00018126964569091796,1.0,0.8020282764721125,0.0,1,3.0,0.3333333333333333,0.3405275779376499,0.6666666666666666,0.6594724220623501,1.0,-0.31894484412470026,1.0,0.0,0.0,0.0,0.0,0.0,2,1.0,bulk,tunnel,ikev2,AES_GCM_16_256,PASS,0
exp_088_bulk_tunnel_aes_gcm_16_256_1789046093,3,0,6,727.0,0.5206100940704346,1396.438540628147,11.524939812611942,121.16666666666667,36.25105362453468,54.0,170.0,128.0,66.75,79.5,108.25,141.0,156.0,163.0,-0.6192606344050299,-0.4544657550181026,2.584962500721156,0.0925947275294853,0.10412201881408692,0.2080139802260286,2.09808349609375e-05,0.5201499462127686,2.2220611572265626e-05,2.4080276489257812e-05,0.0001990795135498047,0.00021600723266601562,0.31217637062072756,0.7219280948873623,1.9977713150772205,0.9991161372725829,2,3.5,0.3333333333333333,0.38514442916093533,0.6666666666666666,0.6148555708390646,2.9997463097012695,-0.2297111416781293,1.0,0.0,0.0,0.0,0.16666666666666666,0.0,2,1.0,bulk,tunnel,ikev2,AES_GCM_16_256,PASS,0
exp_088_bulk_tunnel_aes_gcm_16_256_1789046093,4,0,3,310.0,0.001,310000.0,3000.0,103.33333333333333,35.82674358011841,54.0,138.0,118.0,60.4,66.8,86.0,128.0,134.0,136.0,-0.5454588102140283,-1.5000000000000004,1.584962500721156,0.0,0.00012004375457763672,9.59634780883789e-05,2.4080276489257812e-05,0.00021600723266601562,4.3272972106933594e-05,7.206201553344727e-05,0.00012004375457763672,0.00016802549362182617,0.00019681453704833984,1.0,0.7927999129176758,0.0,1,3.0,0.3333333333333333,0.44516129032258067,0.6666666666666666,0.5548387096774193,1.0,-0.10967741935483871,1.0,0.0,0.0,0.0,0.3333333333333333,0.0,2,1.0,bulk,tunnel,ikev2,AES_GCM_16_256,PASS,0
exp_089_bulk_transport_aes_gcm_16_128_1789046131,-1,1,6,1824.0,2.337549924850464,780.3041897026793,2.566790097706182,304.0,167.75776186712395,90.0,514.0,302.0,95.0,100.0,154.0,459.0,510.0,512.0,0.01407114561566381,-1.5009312310341685,1.9182958340544896,0.8451447079693234,0.4675099849700928,0.884528339837516,0.00019598007202148438,2.2355568408966064,0.0029811859130859375,0.007158994674682617,0.011710166931152344,0.08292794227600098,1.3745052814483645,0.7219280948873623,1.891994772901647,0.9918439638549854,1,3.0,0.5,0.5120614035087719,0.5,0.48793859649122806,1.0029870561794643,0.02412280701754386,0.3333333333333333,0.6666666666666666,0.0,0.0,0.0,0.0,2,1.0,bulk,transport,ikev2,AES_GCM_16_128,PASS,0
exp_089_bulk_transport_aes_gcm_16_128_1789046131,0,0,4,1624.0,0.10179710388183594,15953.302580052838,39.293848719341966,406.0,104.65180361560904,286.0,514.0,412.0,290.8,295.6,310.0,508.0,511.6,512.8,-0.032665979665104164,-1.9508254627003763,1.5,0.5790099088852613,0.03393236796061198,0.03469488933640534,0.007158994674682617,0.08292794227600098,0.008069229125976563,0.00943458080291748,0.011710166931152344,0.04731905460357666,0.06868438720703125,0.9182958340544896,1.0224416679380985,0.8146395045998763,0,1.0,0.5,0.5073891625615764,0.5,0.49261083743842365,0.951899671345114,0.014778325123152709,0.0,1.0,0.0,0.0,0.0,0.0,0,0.0,bulk,transport,ikev2,AES_GCM_16_128,PASS,0
exp_090_bulk_tunnel_aes_cbc_256_1789046167,-1,1,7,1938.0,2.4345948696136475,796.0256649631183,2.875221700073183,276.85714285714283,170.4811917329706,54.0,514.0,286.0,74.4,94.80000000000001,130.0,412.0,509.2,511.6,0.23004423148649011,-1.4211158858764161,2.235926350629032,0.88800443881637,0.4057658116022746,0.8545382215984986,1.6927719116210938e-05,2.315293073654175,8.189678192138672e-05,0.0031966567039489746,0.013989567756652832,0.07227742671966553,1.2032259702682495,0.6500224216483541,2.1059835283820645,0.9884404056591088,1,4.0,0.42857142857142855,0.49638802889576883,0.5714285714285714,0.5036119711042312,1.5075420950342453,-0.007223942208462332,0.42857142857142855,0.5714285714285714,0.0,0.0,0.14285714285714285,0.0,2,1.0,bulk,tunnel,ikev2,AES_CBC_256,PASS,0
exp_090_bulk_tunnel_aes_cbc_256_1789046167,0,0,4,1624.0,0.11913800239562988,13631.250880026255,33.574509556714915,406.0,104.65180361560904,286.0,514.0,412.0,290.8,295.6,310.0,508.0,511.6,512.8,-0.032665979665104164,-1.9508254627003763,1.5,0.5790099088852613,0.03971266746520996,0.03640269948385734,0.012346029281616211,0.09115886688232422,0.01300344467163086,0.013989567756652832,0.015633106231689453,0.053395986557006836,0.07605371475219727,0.9182958340544896,0.916629004756282,0.7651535618299743,0,1.0,0.5,0.5073891625615764,0.5,0.49261083743842365,0.9692107368659655,0.014778325123152709,0.0,1.0,0.0,0.0,0.0,0.0,0,0.0,bulk,tunnel,ikev2,AES_CBC_256,PASS,0
exp_090_bulk_tunnel_aes_cbc_256_1789046167,2,0,3,314.0,0.001,314000.0,3000.0,104.66666666666667,36.41733408999377,54.0,138.0,122.0,60.8,67.6,88.0,130.0,134.8,136.4,-0.6061201421137351,-1.5000000000000002,1.584962500721156,0.0,8.189678192138672e-05,6.496906280517578e-05,1.6927719116210938e-05,0.0001468658447265625,2.9921531677246094e-05,4.941225051879883e-05,8.189678192138672e-05,0.00011438131332397461,0.00013387203216552734,1.0,0.7837344381689958,0.0,1,3.0,0.3333333333333333,0.4394904458598726,0.6666666666666666,0.5605095541401274,1.0,-0.12101910828025478,1.0,0.0,0.0,0.0,0.3333333333333333,0.0,2,1.0,bulk,tunnel,ikev2,AES_CBC_256,PASS,0
exp_090_bulk_tunnel_aes_cbc_256_1789046167,3,0,3,314.0,0.001,314000.0,3000.0,104.66666666666667,36.41733408999377,54.0,138.0,122.0,60.8,67.6,88.0,130.0,134.8,136.4,-0.6061201421137351,-1.5000000000000002,1.584962500721156,0.0,8.189678192138672e-05,6.496906280517578e-05,1.6927719116210938e-05,0.0001468658447265625,2.9921531677246094e-05,4.941225051879883e-05,8.189678192138672e-05,0.00011438131332397461,0.00013387203216552734,1.0,0.7837344381689958,0.0,1,3.0,0.3333333333333333,0.4394904458598726,0.6666666666666666,0.5605095541401274,1.0,-0.12101910828025478,1.0,0.0,0.0,0.0,0.3333333333333333,0.0,2,1.0,bulk,tunnel,ikev2,AES_CBC_256,PASS,0
exp_091_icmp_tunnel_aes_gcm_16_256_1789046203,-1,1,100,51627.0,5.869044065475464,8796.49214148771,17.03854987019914,516.27,527.1196800537806,42.0,1506.0,178.0,74.0,106.0,138.0,1058.0,1448.4000000000005,1506.0,0.8941793303124472,-0.9076234193906432,2.109458882353538,0.6723913048049391,0.05928327338864105,0.10903582795942358,0.0,0.4617490768432617,7.724761962890626e-06,1.1444091796875e-05,7.987022399902344e-05,0.0755610466003418,0.25002374649047854,1.6978833432078289,1.8392032444192021,0.9886036856091358,33,4.0,0.36,0.3450907470897011,0.64,0.6549092529102989,1.8000230162231008,-0.3098185058205977,0.64,0.06,0.3,2.155335520763323,0.08,0.15,2,0.5079365079365079,icmp,tunnel,ikev2,AES_GCM_16_256,PASS,0
exp_091_icmp_tunnel_aes_gcm_16_256_1789046203,0,0,24,14517.0,1.2956130504608154,11204.734310785681,18.52404928420861,604.875,591.1130258884506,74.0,1506.0,204.0,80.9,125.4,138.0,1190.0,1506.0,1506.0,0.6136771104552041,-1.489109406478871,1.75,0.6207079432523985,0.056331002193948494,0.11621756733350433,0.0,0.40603184700012207,6.151199340820313e-06,1.1086463928222656e-05,7.700920104980469e-05,0.012520551681518555,0.23122296333312994,1.2601423897108555,2.063082489654328,0.9800369695971528,8,3.875,0.3333333333333333,0.34249500585520426,0.6666666666666666,0.6575049941447958,2.143083949493648,-0.31500998828959154,0.625,0.0,0.375,2.02048214270598,0.08333333333333333,0.25,2,0.5333333333333333,icmp,tunnel,ikev2,AES_GCM_16_256,PASS,0
exp_091_icmp_tunnel_aes_gcm_16_256_1789046203,1,0,28,14495.0,1.2469091415405273,11624.744351534519,22.455525480715178,517.6785714285714,585.5847537517781,42.0,1506.0,162.5,42.0,42.0,116.5,1106.0,1506.0,1506.0,0.8458442916419756,-1.145163597220522,1.7653094974242587,0.731176744481065,0.046181820057056566,0.09390984557528034,5.9604644775390625e-06,0.3563098907470703,6.9141387939453125e-06,1.2040138244628906e-05,7.987022399902344e-05,0.034573912620544434,0.16699237823486357,1.4053111355802372,2.0334367944456275,0.9872860290681533,9,4.0,0.42857142857142855,0.35018972059330805,0.5714285714285714,0.649810279406692,1.3636616792832266,-0.29962055881338395,0.6785714285714286,0.0,0.32142857142857145,2.0979778431699203,0.21428571428571427,0.21428571428571427,2,0.5333333333333333,icmp,tunnel,ikev2,AES_GCM_16_256,PASS,0
exp_091_icmp_tunnel_aes_gcm_16_256_1789046203,2,0,31,14995.0,1.1939010620117188,12559.667192801959,25.96530063200138,483.7096774193548,566.0764905312302,42.0,1506.0,170.0,42.0,42.0,110.5,1074.0,1506.0,1506.0,1.0032528593823735,-0.8485374445179916,1.8068533615063314,0.75384352165055,0.039796702067057294,0.07205060812340194,5.9604644775390625e-06,0.26860713958740234,9.059906005859375e-06,1.1980533599853516e-05,8.20159912109375e-05,0.06613349914550781,0.14495060443878177,1.5656017329967198,1.8104213153312216,0.9990584281761424,10,4.0,0.41935483870967744,0.3498499499833278,0.5806451612903226,0.6501500500166723,1.5172600772607545,-0.30030010003334445,0.7096774193548387,0.0,0.2903225806451613,2.159709164597547,0.16129032258064516,0.1935483870967742,2,0.5294117647058824,icmp,tunnel,ikev2,AES_GCM_16_256,PASS,0
exp_091_icmp_tunnel_aes_gcm_16_256_1789046203,3,0,27,10890.0,1.213313102722168,8975.424377736783,22.25311829190938,403.3333333333333,481.89817581295307,74.0,1506.0,170.0,105.3,106.0,138.0,234.0,1240.4000000000008,1486.8,1.4551318585109225,0.34538433856275175,1.3393172147651329,0.7087416588065117,0.046665888566237226,0.08633498807524047,0.0,0.31648898124694824,9.5367431640625e-06,1.0967254638671875e-05,8.511543273925781e-05,0.06024825572967529,0.181831955909729,1.3654157660092414,1.8500266618954,0.973930851695145,9,3.888888888888889,0.3333333333333333,0.345821854912764,0.6666666666666666,0.654178145087236,2.1249881808775526,-0.30835629017447197,0.7777777777777778,0.0,0.2222222222222222,2.351415486720015,0.037037037037037035,0.1111111111111111,2,0.5294117647058824,icmp,tunnel,ikev2,AES_GCM_16_256,PASS,0
exp_091_icmp_tunnel_aes_gcm_16_256_1789046203,4,0,24,10699.0,1.298063039779663,8242.280746100034,18.48908663486315,445.7916666666667,396.7526495570704,74.0,1106.0,192.0,107.2,121.2,147.75,724.0,1106.0,1106.0,0.8090149819533595,-1.1026800484761021,2.0365766899407327,0.7997747291729151,0.05643752346868101,0.09897496656547038,0.0,0.31648898124694824,6.389617919921875e-06,1.0967254638671875e-05,7.390975952148438e-05,0.07603192329406738,0.24006137847900394,1.5023937690458928,1.7536774614664359,0.9757392407820704,8,3.875,0.3333333333333333,0.34582671277689503,0.6666666666666666,0.654173287223105,2.1427430338496083,-0.30834657444620994,0.625,0.125,0.25,2.330419160976039,0.041666666666666664,0.0,2,0.5333333333333333,icmp,tunnel,ikev2,AES_GCM_16_256,PASS,0
exp_091_icmp_tunnel_aes_gcm_16_256_1789046203,5,0,24,14883.0,1.1124348640441895,13378.760843483236,21.574296865121124,620.125,396.9621426639237,115.0,1106.0,618.0,142.35,152.1,190.0,1058.0,1106.0,1106.0,0.05757105943919592,-1.6474713093533238,2.0774287729134877,0.4353692508934826,0.048366733219312584,0.0878832083602782,5.0067901611328125e-06,0.28348493576049805,9.059906005859375e-06,1.2636184692382812e-05,9.512901306152344e-05,0.04697692394256592,0.18686861991882325,1.5023937690458928,1.8169800921161965,0.9923114346887733,8,3.875,0.3333333333333333,0.3410602701068333,0.6666666666666666,0.6589397298931667,2.1428879552382334,-0.3178794597863334,0.375,0.25,0.375,2.3010869885567793,0.0,0.0,2,0.5333333333333333,icmp,tunnel,ikev2,AES_GCM_16_256,PASS,0
exp_091_icmp_tunnel_aes_gcm_16_256_1789046203,6,0,21,11416.0,1.2104790210723877,9430.977159675462,17.348503885177355,543.6190476190476,503.87710861833085,106.0,1506.0,194.0,115.0,120.0,157.0,1042.0,1442.0,1506.0,0.8543040695644816,-0.8573931243687829,1.7956828983511026,0.5942003873108737,0.060523951053619386,0.12358016476778318,7.152557373046875e-06,0.4617490768432617,8.082389831542968e-06,1.2874603271484375e-05,7.510185241699219e-05,0.02729088068008423,0.18421013355255147,1.2917601481809735,2.0418052822265453,0.9930564924936731,7,3.857142857142857,0.3333333333333333,0.34145059565522073,0.6666666666666666,0.6585494043447793,2.1667330214095073,-0.31709880868955853,0.5714285714285714,0.14285714285714285,0.2857142857142857,2.2323564451938434,0.0,0.14285714285714285,2,0.5384615384615384,icmp,tunnel,ikev2,AES_GCM_16_256,PASS,0
exp_091_icmp_tunnel_aes_gcm_16_256_1789046203,7,0,9,5356.0,0.484997034072876,11043.366502722167,18.556814511669064,595.1111111111111,629.6645393372295,106.0,1506.0,170.0,111.6,117.2,154.0,1442.0,1506.0,1506.0,0.7053171040398054,-1.4931875172198936,0.9182958340544896,0.7204890663393466,0.0606246292591095,0.11177440552150911,7.152557373046875e-06,0.31934690475463867,7.653236389160157e-06,8.046627044677734e-06,5.793571472167969e-05,0.041416287422180176,0.21160795688629147,1.061278124459133,1.8436823978155095,0.9995546215389153,3,3.6666666666666665,0.3333333333333333,0.34167289021657954,0.6666666666666666,0.6583271097834205,2.4998709807319885,-0.3166542195668409,0.6666666666666666,0.0,0.3333333333333333,2.1191177663373653,0.0,0.3333333333333333,2,0.6,icmp,tunnel,ikev2,AES_GCM_16_256,PASS,0
exp_092_icmp_transport_aes_gcm_16_128_1789046245,-1,1,50,31100.0,8.97083306312561,3466.7906292711864,5.573618375034062,622.0,484.06214477068954,42.0,1478.0,590.0,42.0,110.0,206.0,1078.0,1478.0,1478.0,0.4538089305142351,-1.2168669617534305,2.584498451560164,0.4717720021035991,0.18307822577807367,0.34053168701424513,1.2159347534179688e-05,2.1994638442993164,0.00010199546813964844,0.0008180141448974609,0.006320953369140625,0.3009028434753418,0.4609620571136475,1.3655409440114568,1.8600236349427943,0.9956073396443098,22,3.090909090909091,0.54,0.5030868167202572,0.46,0.49691318327974277,0.8467387666137862,0.006173633440514469,0.4,0.24,0.36,2.19751394082284,0.08,0.12,2,0.5121951219512195,icmp,transport,ikev2,AES_GCM_16_128,PASS,0
exp_092_icmp_transport_aes_gcm_16_128_1789046245,0,0,4,1624.0,0.0223081111907959,72798.63302232625,179.30697788750308,406.0,104.65180361560904,286.0,514.0,412.0,290.8,295.6,310.0,508.0,511.6,512.8,-0.032665979665104164,-1.9508254627003763,1.5,0.5790099088852613,0.007436037063598633,0.0008064874398507803,0.006320953369140625,0.008201122283935547,0.006613969802856445,0.007053494453430176,0.0077860355377197266,0.007993578910827637,0.008118104934692384,1.584962500721156,0.10844203584761176,0.0,0,1.0,0.5,0.5073891625615764,0.5,0.49261083743842365,0.8823398583014386,0.014778325123152709,0.0,1.0,0.0,0.0,0.0,0.0,0,0.0,icmp,transport,ikev2,AES_GCM_16_128,PASS,0
exp_092_icmp_transport_aes_gcm_16_128_1789046245,2,0,6,2788.0,0.6464781761169434,4312.597243028465,9.28105575974562,464.6666666666667,435.4593998168932,110.0,1078.0,206.0,110.0,110.0,134.0,860.0,1078.0,1078.0,0.681419251450833,-1.5000000000000004,1.584962500721156,0.662809612482716,0.12929563522338866,0.1581425136521341,0.00010704994201660156,0.3436391353607178,0.0003914356231689453,0.0008180141448974609,0.0010111331939697266,0.3009028434753418,0.32654461860656736,1.3709505944546687,1.2230984462890917,0.997005007512375,3,2.6666666666666665,0.5,0.5,0.5,0.5,1.0002960932846707,0.0,0.6666666666666666,0.0,0.3333333333333333,2.1127112636901146,0.0,0.0,2,0.6,icmp,transport,ikev2,AES_GCM_16_128,PASS,0
exp_092_icmp_transport_aes_gcm_16_128_1789046245,3,0,6,1812.0,0.846135139465332,2141.5018895740372,7.09106585951668,302.0,207.38370234905153,110.0,590.0,206.0,110.0,110.0,134.0,494.0,590.0,590.0,0.5951700641394974,-1.5,1.584962500721156,0.493712638470629,0.1692270278930664,0.212410823618835,0.00010704994201660156,0.5006909370422363,0.0003914356231689453,0.0008180141448974609,0.0008800029754638672,0.3436391353607178,0.4378702163696289,1.3709505944546687,1.255175199187781,0.9978666917633057,3,2.6666666666666665,0.5,0.5,0.5,0.5,0.9990840124446592,0.0,0.6666666666666666,0.3333333333333333,0.0,0.0,0.0,0.0,2,0.6,icmp,transport,ikev2,AES_GCM_16_128,PASS,0
exp_092_icmp_transport_aes_gcm_16_128_1789046245,4,0,8,4928.0,0.9491820335388184,5191.838684121554,8.42830955214538,616.0,309.3929540244897,206.0,1078.0,590.0,206.0,206.0,494.0,712.0,1078.0,1078.0,0.25032621249395104,-0.986025674593781,1.5,0.5555055298557471,0.13559743336268834,0.17173911360609553,0.00018596649169921875,0.3936038017272949,0.0005591869354248048,0.0008370876312255859,0.0008800029754638672,0.2764190435409546,0.393554162979126,1.3787834934861753,1.2665272698744303,0.9971131515001415,4,2.75,0.5,0.5,0.5,0.5,1.0000114185596818,0.0,0.25,0.5,0.25,2.818422205396299,0.0,0.0,2,0.5714285714285714,icmp,transport,ikev2,AES_GCM_16_128,PASS,0
exp_092_icmp_transport_aes_gcm_16_128_1789046245,5,0,16,11184.0,1.375903844833374,8128.474996270117,11.628719594091727,699.0,519.1329309531422,42.0,1478.0,834.0,42.0,42.0,165.0,1078.0,1278.0,1478.0,-0.04668856996009661,-1.51643030963573,2.1556390622295662,0.4550228992175782,0.0917269229888916,0.1443371035963509,1.2159347534179688e-05,0.45793986320495605,4.258155822753907e-05,0.0001404285430908203,0.0008661746978759766,0.12828004360198975,0.30798835754394527,1.871602261409798,1.5735350686380456,0.9966159870482532,7,3.142857142857143,0.625,0.5075107296137339,0.375,0.4924892703862661,0.5555903154215512,0.015021459227467811,0.375,0.125,0.5,2.082960351828138,0.25,0.125,2,0.5454545454545454,icmp,transport,ikev2,AES_GCM_16_128,PASS,0
exp_092_icmp_transport_aes_gcm_16_128_1789046245,6,0,14,10004.0,1.1351549625396729,8812.893684240373,12.333117910772213,714.5714285714286,553.226085828223,42.0,1478.0,1078.0,42.0,42.0,83.0,1078.0,1358.0000000000005,1478.0,-0.12745844760522074,-1.6759889719079941,1.8423709931771084,0.3345028242477685,0.08731961250305176,0.14491664777012206,1.2159347534179688e-05,0.4998641014099121,2.8800964355468763e-05,9.489059448242188e-05,0.0007779598236083984,0.09724307060241699,0.25291552543640144,1.7004397181410922,1.6595926622142898,0.9967839939006781,6,3.1666666666666665,0.6428571428571429,0.5083966413434626,0.35714285714285715,0.49160335865653737,0.5002962651387509,0.01679328268692523,0.42857142857142855,0.0,0.5714285714285714,1.9545956734280445,0.2857142857142857,0.14285714285714285,2,0.5555555555555556,icmp,transport,ikev2,AES_GCM_16_128,PASS,0
exp_092_icmp_transport_aes_gcm_16_128_1789046245,7,0,10,5148.0,1.331324815750122,3866.824939411506,7.511314956121806,514.8,342.8483046479886,110.0,1078.0,590.0,110.0,110.0,206.0,590.0,1078.0,1078.0,0.4154639723553046,-1.0224059428307484,1.9219280948873623,0.35579668748061116,0.14792497952779135,0.17786131888577364,0.00010180473327636719,0.4998641014099121,0.0005162715911865235,0.0007529258728027344,0.0015940666198730469,0.2554459571838379,0.3593329429626465,1.8799649487271108,1.2023670179744068,0.9970093021448317,5,2.8,0.5,0.5,0.5,0.5,1.0000969787353886,0.0,0.4,0.4,0.2,2.683402428110485,0.0,0.0,2,0.5555555555555556,icmp,transport,ikev2,AES_GCM_16_128,PASS,0
exp_092_icmp_transport_aes_gcm_16_128_1789046245,8,0,8,4736.0,1.006890058517456,4703.591976042828,7.9452567162885614,592.0,342.2455259020927,110.0,1078.0,590.0,110.0,110.0,470.0,712.0,1078.0,1078.0,0.017530675053082048,-0.999931704485487,1.5,0.5939724154305147,0.14384143693106516,0.1818327945748419,0.0006198883056640625,0.49959611892700195,0.0007808208465576172,0.0009005069732666016,0.0015940666198730469,0.2516394853591919,0.3531060218811036,1.6644977792004614,1.2641109150700998,0.9960125052004367,4,2.75,0.5,0.5,0.5,0.5,1.0000216659664158,0.0,0.25,0.5,0.25,2.828378746996773,0.0,0.0,2,0.5714285714285714,icmp,transport,ikev2,AES_GCM_16_128,PASS,0
exp_092_icmp_transport_aes_gcm_16_128_1789046245,9,0,6,2852.0,0.7614278793334961,3745.594398902826,7.879932115503842,475.3333333333333,426.9499059868994,142.0,1078.0,206.0,142.0,142.0,158.0,860.0,1078.0,1078.0,0.6952087922584429,-1.4999999999999998,0.9182958340544896,0.5753456697936199,0.15228557586669922,0.19442535424912533,0.0008881092071533203,0.4730508327484131,0.0010320186614990235,0.0012478828430175781,0.0013210773468017578,0.28491997718811035,0.397798490524292,1.3709505944546687,1.2767071105421097,0.9954597546388783,3,2.6666666666666665,0.5,0.5,0.5,0.5,0.9995243211483255,0.0,0.6666666666666666,0.0,0.3333333333333333,2.1173443679228607,0.0,0.0,2,0.6,icmp,transport,ikev2,AES_GCM_16_128,PASS,0
exp_092_icmp_transport_aes_gcm_16_128_1789046245,10,0,10,7020.0,1.2554740905761719,5591.513240052869,7.965118575573888,702.0,634.0321758396808,142.0,1478.0,206.0,142.0,142.0,206.0,1478.0,1478.0,1478.0,0.4040454257404723,-1.8309205051325894,0.9709505944546686,0.7980873166942997,0.13949712117513022,0.15988219293158973,0.00010204315185546875,0.4052572250366211,0.0007843017578125001,0.0011298656463623047,0.0013210773468017578,0.28491997718811035,0.3345218658447266,1.6577427265048887,1.146124346225916,0.9962120003646142,5,2.8,0.5,0.5,0.5,0.5,1.000968805486179,0.0,0.6,0.0,0.4,2.039854383134362,0.0,0.4,2,0.5555555555555556,icmp,transport,ikev2,AES_GCM_16_128,PASS,0
exp_092_icmp_transport_aes_gcm_16_128_1789046245,11,0,6,6324.0,0.5627279281616211,11238.112920145815,10.662346224047262,1054.0,599.6265504461923,206.0,1478.0,1478.0,206.0,206.0,524.0,1478.0,1478.0,1478.0,-0.7071067811865475,-1.5,0.9182958340544896,0.6123724356957946,0.11254558563232422,0.1388864308462503,0.00010204315185546875,0.31683802604675293,0.0004431724548339844,0.0009548664093017578,0.0011298656463623047,0.24370312690734863,0.2875840663909912,1.3709505944546687,1.2340350448300146,0.996113974270544,3,2.6666666666666665,0.5,0.5,0.5,0.5,1.001514526570105,0.0,0.3333333333333333,0.0,0.6666666666666666,2.121320308182285,0.0,0.6666666666666666,2,0.6,icmp,transport,ikev2,AES_GCM_16_128,PASS,0
exp_093_icmp_tunnel_aes_cbc_256_1789046288,-1,1,71,27494.0,8.921453952789307,3081.78466710619,7.958344051958228,387.23943661971833,394.3657223337181,42.0,1514.0,234.0,58.0,106.0,170.0,534.0,1114.0,1114.0,1.509618439259825,1.005746692619419,2.096680582575347,0.614062480694462,0.12744934218270437,0.29514435433918246,0.0,2.1972341537475586,0.0,0.0,0.0001538991928100586,0.1977652907371521,0.406108570098877,1.0606683721716086,2.3157596071110036,0.9910508457001723,22,4.0,0.38028169014084506,0.3643704080890376,0.6197183098591549,0.6356295919109624,1.6551702776530808,-0.27125918382192477,0.6901408450704225,0.14084507042253522,0.16901408450704225,2.6029914064040245,0.08450704225352113,0.04225352112676056,2,0.5121951219512195,icmp,tunnel,ikev2,AES_CBC_256,PASS,0
exp_093_icmp_tunnel_aes_cbc_256_1789046288,0,0,4,1624.0,0.05127286911010742,31673.67124536163,78.01396858463455,406.0,104.65180361560904,286.0,514.0,412.0,290.8,295.6,310.0,508.0,511.6,512.8,-0.032665979665104164,-1.9508254627003763,1.5,0.5790099088852613,0.01709095637003581,0.012192371862559323,0.007330894470214844,0.034281015396118164,0.0077969074249267575,0.008495926856994629,0.009660959243774414,0.02197098731994629,0.029357004165649417,0.9182958340544896,0.7133397487448524,0.0,0,1.0,0.5,0.5073891625615764,0.5,0.49261083743842365,0.9469525039517154,0.014778325123152709,0.0,1.0,0.0,0.0,0.0,0.0,0,0.0,icmp,tunnel,ikev2,AES_CBC_256,PASS,0
exp_093_icmp_tunnel_aes_cbc_256_1789046288,1,0,3,638.0,0.001,638000.0,3000.0,212.66666666666666,30.169889330626027,170.0,234.0,234.0,176.4,182.8,202.0,234.0,234.0,234.0,-0.7071067811865465,-1.500000000000001,0.9182958340544896,0.0,5.650520324707031e-05,5.650520324707031e-05,0.0,0.00011301040649414062,1.1301040649414064e-05,2.8252601623535156e-05,5.650520324707031e-05,8.475780487060547e-05,0.00010170936584472657,1.0,0.9826102692707039,0.0,1,3.0,0.3333333333333333,0.3667711598746082,0.6666666666666666,0.6332288401253918,1.0,-0.2664576802507837,1.0,0.0,0.0,0.0,0.0,0.0,2,1.0,icmp,tunnel,ikev2,AES_CBC_256,PASS,0
exp_093_icmp_tunnel_aes_cbc_256_1789046288,2,0,9,4546.0,0.6749320030212402,6735.4933232539815,13.334676618848622,505.1111111111111,414.7750245466261,170.0,1114.0,234.0,170.0,170.0,234.0,1042.0,1114.0,1114.0,0.7026781530828741,-1.4802433384856768,0.9182958340544896,0.46090959757198885,0.08436650037765503,0.16278406995670613,0.0,0.4812638759613037,0.0,0.0,0.00014150142669677734,0.04845225811004639,0.27960038185119623,1.061278124459133,1.9294641802593924,0.9992666565402155,3,3.6666666666666665,0.3333333333333333,0.34799824021117465,0.6666666666666666,0.6520017597888254,2.499770377012808,-0.3040035195776507,0.6666666666666666,0.0,0.3333333333333333,2.115202845543274,0.0,0.0,2,0.6,icmp,tunnel,ikev2,AES_CBC_256,PASS,0
exp_093_icmp_tunnel_aes_cbc_256_1789046288,3,0,9,4258.0,0.7005150318145752,6078.38491198442,12.847690044119254,473.1111111111111,439.09311704022275,74.0,1114.0,234.0,99.6,125.2,138.0,1042.0,1114.0,1114.0,0.6779629514165894,-1.48238860229612,1.584962500721156,0.8160255426596789,0.0875643789768219,0.17060049774896685,0.0,0.5068140029907227,0.0,0.0,0.00015795230865478516,0.04845225811004639,0.2872654199600219,1.061278124459133,1.948264254005272,0.9992464705107562,3,3.6666666666666665,0.3333333333333333,0.34899013621418506,0.6666666666666666,0.6510098637858149,2.50021791104642,-0.30201972757162987,0.6666666666666666,0.0,0.3333333333333333,2.1073737582063523,0.1111111111111111,0.0,2,0.6,icmp,tunnel,ikev2,AES_CBC_256,PASS,0
exp_093_icmp_tunnel_aes_cbc_256_1789046288,4,0,12,5904.0,0.9096920490264893,6490.108390326364,13.191277216110496,492.0,578.0715065341542,74.0,1514.0,170.0,91.6,109.2,138.0,536.0,1506.8,1514.0,1.1382432028820184,-0.6704256559280108,1.384431504340598,0.5401717043287383,0.0826992771842263,0.1454075960851603,0.0,0.4498751163482666,0.0,0.0,0.00014591217041015625,0.11277294158935547,0.2337939739227295,1.0957952550009336,1.7582479894383518,0.9992064001677358,4,3.75,0.3333333333333333,0.34823848238482386,0.6666666666666666,0.6517615176151762,2.3331765357789975,-0.3035230352303523,0.75,0.0,0.25,2.3019066475454806,0.08333333333333333,0.25,2,0.5714285714285714,icmp,tunnel,ikev2,AES_CBC_256,PASS,0
exp_093_icmp_tunnel_aes_cbc_256_1789046288,5,0,19,6614.0,1.3192379474639893,5013.500417202439,14.40225399559213,348.10526315789474,498.09974637688805,42.0,1514.0,170.0,42.0,42.0,106.0,202.0,1456.3999999999999,1514.0,1.8222833198259143,1.4291594402923433,1.4618381992568747,0.8381966713122118,0.07329099708133274,0.12815796377457034,0.0,0.46497488021850586,0.0,1.52587890625e-05,0.0001970529556274414,0.12014377117156982,0.22784891128540039,1.386274093895968,1.7485942378177028,0.9801656701218173,6,3.8333333333333335,0.47368421052631576,0.3667977018445721,0.5263157894736842,0.6332022981554278,1.300292991812536,-0.2664045963108558,0.8421052631578947,0.0,0.15789473684210525,2.722346242173185,0.21052631578947367,0.15789473684210525,2,0.5555555555555556,icmp,tunnel,ikev2,AES_CBC_256,PASS,0
exp_093_icmp_tunnel_aes_cbc_256_1789046288,6,0,19,6758.0,1.39540696144104,4843.031593465033,13.616099478519626,355.6842105263158,364.066658533785,42.0,1114.0,170.0,42.0,42.0,106.0,586.0,1056.3999999999999,1114.0,1.1442413971442145,-0.16256050368538988,2.3598063039211006,0.7722542545198833,0.07752260896894667,0.1354819844581498,0.0,0.46497488021850586,0.0,1.52587890625e-05,0.00012743473052978516,0.12014377117156982,0.25437152385711675,1.386274093895968,1.747622256755607,0.9813952765199194,6,3.8333333333333335,0.47368421052631576,0.36608464042616157,0.5263157894736842,0.6339153595738384,1.1250469554661875,-0.2678307191476768,0.6842105263157895,0.15789473684210525,0.15789473684210525,2.6351893713543446,0.21052631578947367,0.0,2,0.5555555555555556,icmp,tunnel,ikev2,AES_CBC_256,PASS,0
exp_093_icmp_tunnel_aes_cbc_256_1789046288,7,0,18,10052.0,1.2021920680999756,8361.392714798767,14.972649111259233,558.4444444444445,404.0525573929739,106.0,1114.0,394.0,160.4,170.0,186.0,1042.0,1114.0,1114.0,0.37793897248218594,-1.6082400427424017,2.107735252622104,0.6170537595644834,0.07071718047646915,0.1158739755790981,0.0,0.3315269947052002,0.0,0.0,0.00012683868408203125,0.1684880256652832,0.24724044799804692,1.3216069583883467,1.6385316307403321,0.9991775674837908,6,3.8333333333333335,0.3333333333333333,0.34659769200159174,0.6666666666666666,0.6534023079984083,2.199952814793228,-0.3068046159968166,0.5,0.16666666666666666,0.3333333333333333,2.2241330440369174,0.0,0.0,2,0.5454545454545454,icmp,tunnel,ikev2,AES_CBC_256,PASS,0
exp_093_icmp_tunnel_aes_cbc_256_1789046288,8,0,15,5342.0,1.243661880493164,4295.379703912508,12.061156038691056,356.1333333333333,370.1095093197267,74.0,1114.0,170.0,96.4,118.80000000000001,154.0,234.0,1085.2,1114.0,1.4481467897076765,0.20312261918443442,1.456564762130954,0.5608871890499356,0.08883299146379743,0.14785973055425852,0.0,0.4017040729522705,0.0,0.0,0.00014197826385498047,0.12643200159072876,0.34317252635955814,1.4345491399952024,1.6644499264058836,0.9993182902197268,5,3.8,0.3333333333333333,0.3538000748783227,0.6666666666666666,0.6461999251216772,2.2502149513833665,-0.2923998502433546,0.8,0.0,0.2,2.4785456343285137,0.06666666666666667,0.0,2,0.5555555555555556,icmp,tunnel,ikev2,AES_CBC_256,PASS,0
exp_093_icmp_tunnel_aes_cbc_256_1789046288,9,0,9,1434.0,0.7995679378509521,1793.4686123786428,11.256079157188134,159.33333333333334,50.031101438116586,74.0,234.0,170.0,86.8,99.6,138.0,170.0,234.0,234.0,0.038763766610110405,-0.8057851239669427,2.1971597234241496,0.08687110356104294,0.09994599223136902,0.1745408396441742,0.0,0.44574904441833496,0.0,0.0,0.00010502338409423828,0.08847421407699585,0.3811501026153564,1.061278124459133,1.746334089175256,0.9995571963641796,3,3.6666666666666665,0.3333333333333333,0.37796373779637377,0.6666666666666666,0.6220362622036262,2.500046993422503,-0.24407252440725244,1.0,0.0,0.0,0.0,0.1111111111111111,0.0,2,0.6,icmp,tunnel,ikev2,AES_CBC_256,PASS,0
exp_093_icmp_tunnel_aes_cbc_256_1789046288,10,0,12,3320.0,1.097296953201294,3025.6167123348987,10.935964020487585,276.6666666666667,189.01381489780638,106.0,618.0,170.0,106.0,112.4,170.0,314.0,611.6,618.0,1.0452734651814364,-0.6877763803805426,2.117492461184755,0.632935525119959,0.09975426847284491,0.1727784724876839,0.0,0.5223829746246338,0.0,0.0,0.0001239776611328125,0.14355897903442383,0.287412166595459,1.0957952550009336,1.7320235325186575,0.9995072133064575,4,3.75,0.3333333333333333,0.35903614457831323,0.6666666666666666,0.6409638554216868,2.333261151588203,-0.2819277108433735,0.75,0.25,0.0,0.0,0.0,0.0,2,0.5714285714285714,icmp,tunnel,ikev2,AES_CBC_256,PASS,0
exp_093_icmp_tunnel_aes_cbc_256_1789046288,11,0,9,2874.0,0.5747900009155273,5000.086980327222,15.657892422736602,319.3333333333333,200.12440575246634,106.0,618.0,234.0,131.6,157.2,170.0,554.0,618.0,618.0,0.6274884720011719,-1.4333677685950417,2.197159723424149,0.6000053186302756,0.07184875011444092,0.12432544504184734,0.0,0.287412166595459,0.0,0.0,0.00012993812561035156,0.07185792922973633,0.2870964050292969,0.8112781244591328,1.7303532001687427,0.9992749427171563,3,3.6666666666666665,0.3333333333333333,0.3556019485038274,0.6666666666666666,0.6443980514961726,2.4997957072803367,-0.28879610299234515,0.6666666666666666,0.3333333333333333,0.0,0.0,0.0,0.0,2,0.6,icmp,tunnel,ikev2,AES_CBC_256,PASS,0
exp_094_icmp_transport_aes_cbc_128_1789046331,-1,1,68,26872.0,8.210669040679932,3272.814903007552,8.28190731633349,395.1764705882353,410.7153351229903,42.0,1498.0,186.0,70.0,122.0,154.0,602.0,1098.0,1498.0,1.7339672236683878,1.9452814504101852,2.2178266231533725,0.4887256684446999,0.12254729911462585,0.28667129872290387,8.106231689453125e-05,2.190100908279419,0.0001381397247314453,0.0001690387725830078,0.010515928268432617,0.16137254238128662,0.3490550518035888,0.8598552662512415,2.3392515505642812,0.9665138918176591,30,3.066666666666667,0.5294117647058824,0.4982137540934802,0.47058823529411764,0.5017862459065198,0.8864177859588196,-0.003572491813039595,0.6470588235294118,0.23529411764705882,0.11764705882352941,3.026205632849917,0.058823529411764705,0.08823529411764706,2,0.5084745762711864,icmp,transport,ikev2,AES_CBC_128,PASS,0
exp_094_icmp_transport_aes_cbc_128_1789046331,0,0,4,1640.0,0.04575610160827637,35842.21431362843,87.42003491128885,410.0,101.46920715172658,286.0,514.0,420.0,293.2,300.4,322.0,508.0,511.6,512.8,-0.08040378344839896,-1.8875703421157966,1.5,0.6328843056027117,0.015252033869425455,0.0070274935788869905,0.006719112396240234,0.023931026458740234,0.008396482467651368,0.010912537574768066,0.015105962753295898,0.019518494606018066,0.022166013717651367,1.584962500721156,0.4607275928871782,0.0,0,1.0,0.5,0.5121951219512195,0.5,0.4878048780487805,0.7851362089502926,0.024390243902439025,0.0,1.0,0.0,0.0,0.0,0.0,0,0.0,icmp,transport,ikev2,AES_CBC_128,PASS,0
exp_094_icmp_transport_aes_cbc_128_1789046331,1,0,4,1496.0,0.0012569427490234375,1190189.4506828529,3182.3247344461306,374.0,228.07016464237492,138.0,602.0,378.0,140.4,142.8,150.0,602.0,602.0,602.0,-0.0018450181882774972,-1.9975403540977998,1.0,0.5260729678739207,0.0004189809163411458,0.00042360410435348,0.00011897087097167969,0.0010180473327636719,0.00011916160583496094,0.00011944770812988281,0.00011992454528808594,0.0005689859390258789,0.0008384227752685548,0.9182958340544896,1.0086270301134137,0.0,1,4.0,0.5,0.4946524064171123,0.5,0.5053475935828877,0.9999592926690964,-0.0106951871657754,0.5,0.5,0.0,0.0,0.0,0.0,2,0.6666666666666666,icmp,transport,ikev2,AES_CBC_128,PASS,0
exp_094_icmp_transport_aes_cbc_128_1789046331,2,0,10,2484.0,0.6789770126342773,3658.444916069605,14.728039114611937,248.4,177.51349244494065,138.0,602.0,154.0,145.2,152.4,154.0,194.0,602.0,602.0,1.4711326426628784,0.20808201327000475,1.1567796494470395,0.3558098931543629,0.07544189029269749,0.13765548365774505,0.00010204315185546875,0.39832592010498047,0.0001155853271484375,0.00011992454528808594,0.0002810955047607422,0.02933502197265625,0.27924766540527346,0.9864267287308424,1.8246316269655092,0.9540882972193624,4,3.25,0.5,0.49033816425120774,0.5,0.5096618357487923,1.000020448061726,-0.01932367149758454,0.8,0.2,0.0,0.0,0.0,0.0,2,0.5555555555555556,icmp,transport,ikev2,AES_CBC_128,PASS,0
exp_094_icmp_transport_aes_cbc_128_1789046331,3,0,12,4632.0,0.9161069393157959,5056.178270475124,13.098907436464051,386.0,498.0388204414056,122.0,1498.0,162.0,122.0,125.2,154.0,206.0,1370.0000000000005,1498.0,1.7770129141460074,1.1786491153310905,0.6500224216483541,0.3834669155855094,0.08328244902870872,0.1324654473986969,0.00010204315185546875,0.39832592010498047,0.0001628398895263672,0.00018298625946044922,0.0002810955047607422,0.09627199172973633,0.29477405548095703,1.6729330318733675,1.5905374830602248,0.9126313523912336,6,2.8333333333333335,0.5,0.4930915371329879,0.5,0.5069084628670121,1.0000656106665338,-0.013816925734024179,0.8333333333333334,0.0,0.16666666666666666,2.6793091591218663,0.0,0.16666666666666666,2,0.5454545454545454,icmp,transport,ikev2,AES_CBC_128,PASS,0
exp_094_icmp_transport_aes_cbc_128_1789046331,4,0,16,8992.0,1.1376349925994873,7904.116925458972,14.06426499191988,562.0,470.88002718314567,122.0,1498.0,410.0,122.0,138.0,186.0,726.0,1298.0,1498.0,0.879438389129107,-0.5962545781917123,1.75,0.2286883475674715,0.07584233283996582,0.1054784133302214,0.00016117095947265625,0.37115001678466797,0.00016226768493652344,0.0001690387725830078,0.00028014183044433594,0.13428139686584473,0.19255475997924804,2.040223928941852,1.390740746491026,0.9550679889101886,8,2.875,0.5,0.49466192170818507,0.5,0.505338078291815,0.9999481524368555,-0.010676156583629894,0.5,0.25,0.25,2.3870198590789435,0.0,0.125,2,0.5333333333333333,icmp,transport,ikev2,AES_CBC_128,PASS,0
exp_094_icmp_transport_aes_cbc_128_1789046331,5,0,22,6892.0,1.4434740543365479,4774.592227199895,15.241008270226013,313.27272727272725,308.7279151936778,42.0,1098.0,186.0,42.0,42.0,130.0,506.0,602.0,1073.1999999999996,1.462259503531339,1.0711758362319541,2.190515847687587,0.6374350452611455,0.06873685973031181,0.09580301843863563,8.106231689453125e-05,0.3739769458770752,0.00016188621520996094,0.00019979476928710938,0.010515928268432617,0.1255948543548584,0.16612005233764648,2.0580531366523855,1.3937445654332574,0.9750732074638992,10,2.9,0.5909090909090909,0.5063842135809634,0.4090909090909091,0.4936157864190366,0.7172979491977562,0.012768427161926872,0.7272727272727273,0.18181818181818182,0.09090909090909091,3.093338574412694,0.18181818181818182,0.0,2,0.5294117647058824,icmp,transport,ikev2,AES_CBC_128,PASS,0
exp_094_icmp_transport_aes_cbc_128_1789046331,6,0,16,2352.0,1.1314260959625244,2078.7924270025887,14.141445081650264,147.0,67.87488489861327,42.0,218.0,162.0,42.0,42.0,102.0,206.0,218.0,218.0,-0.5646761395825983,-1.2051070913548805,2.625,0.6371424426514097,0.07542840639750163,0.11362362275442216,8.106231689453125e-05,0.41177892684936523,0.0001368999481201172,0.00018346309661865234,0.010515928268432617,0.11845505237579346,0.19660897254943846,1.871602261409798,1.5063571116501002,0.9688295021962704,7,2.857142857142857,0.625,0.5255102040816326,0.375,0.4744897959183674,0.5556399897910429,0.05102040816326531,1.0,0.0,0.0,0.0,0.25,0.0,2,0.5454545454545454,icmp,transport,ikev2,AES_CBC_128,PASS,0
exp_094_icmp_transport_aes_cbc_128_1789046331,7,0,14,5948.0,1.0669159889221191,5574.946914057525,13.121932884466265,424.85714285714283,462.83456735068296,138.0,1498.0,194.0,148.4,154.0,154.0,506.0,1229.200000000001,1498.0,1.6719959416638395,1.197138191444476,1.1488348542809166,0.3319526676934792,0.08207046068631686,0.10300463934149741,0.00010609626770019531,0.2580599784851074,0.00012907981872558593,0.00015091896057128906,0.0002830028533935547,0.20124292373657227,0.23014187812805176,2.0349409139562287,1.2550603885946259,0.9663150814418867,7,2.857142857142857,0.5,0.4932750504371217,0.5,0.5067249495628783,0.999847319032331,-0.013449899125756557,0.7142857142857143,0.14285714285714285,0.14285714285714285,2.858904811248428,0.0,0.14285714285714285,2,0.5384615384615384,icmp,transport,ikev2,AES_CBC_128,PASS,0
exp_094_icmp_transport_aes_cbc_128_1789046331,8,0,14,5724.0,1.1597950458526611,4935.354759850535,12.071098294533103,408.85714285714283,471.0970262730017,122.0,1498.0,154.0,132.4,142.8,154.0,498.0,1229.200000000001,1498.0,1.6587447017649062,1.1493780775530427,1.1488348542809166,0.5833646278892639,0.08921500352712777,0.1434316283064474,0.00010609626770019531,0.4844541549682617,0.00014290809631347656,0.00020694732666015625,0.0002830028533935547,0.11654806137084961,0.2528202056884766,1.5058762556041068,1.6076894574506957,0.9406173213338259,7,2.857142857142857,0.5,0.49301187980433264,0.5,0.5069881201956674,0.9999078627884012,-0.013976240391334731,0.7142857142857143,0.14285714285714285,0.14285714285714285,2.856311749794626,0.0,0.14285714285714285,2,0.5384615384615384,icmp,transport,ikev2,AES_CBC_128,PASS,0
exp_094_icmp_transport_aes_cbc_128_1789046331,9,0,12,6264.0,1.0301969051361084,6080.391009495808,11.64825863888086,522.0,482.3940298138027,122.0,1498.0,378.0,122.0,125.2,154.0,602.0,1408.4000000000003,1498.0,1.1388742493888588,-0.015261152077803875,1.4591479170272448,0.6143611404435058,0.09365426410328258,0.14377878535549718,0.00013399124145507812,0.4024648666381836,0.00015997886657714844,0.00016951560974121094,0.00023794174194335938,0.12978100776672363,0.33432507514953613,1.6729330318733675,1.5351917132702613,0.9262557223986619,6,2.8333333333333335,0.5,0.4948914431673052,0.5,0.5051085568326947,1.0000592660991847,-0.010217113665389528,0.5,0.3333333333333333,0.16666666666666666,2.8082160119340385,0.0,0.16666666666666666,2,0.5454545454545454,icmp,transport,ikev2,AES_CBC_128,PASS,0
exp_094_icmp_transport_aes_cbc_128_1789046331,10,0,8,5680.0,0.6626598834991455,8571.516310912044,12.07255818438316,710.0,492.8772666699084,122.0,1498.0,602.0,133.2,144.4,490.0,826.0,1498.0,1498.0,0.6247111974174883,-0.9098373745332302,1.5,0.4885703262675863,0.09466569764273507,0.14555306729502215,0.00013399124145507812,0.4024648666381836,0.0001495838165283203,0.00016355514526367188,0.00017189979553222656,0.12978100776672363,0.2914474487304688,1.6644977792004614,1.5375318979048829,0.9354734138376057,4,2.75,0.5,0.4971830985915493,0.5,0.5028169014084507,0.9999774779418313,-0.005633802816901409,0.25,0.5,0.25,2.7593075687902413,0.0,0.25,2,0.5714285714285714,icmp,transport,ikev2,AES_CBC_128,PASS,0
exp_095_icmp_tunnel_3des_cbc_1789046374,-1,1,69,32026.0,10.231389999389648,3130.1709740231295,6.7439517019795145,464.1449275362319,397.3002104918632,42.0,1394.0,230.0,54.80000000000001,99.60000000000002,134.0,614.0,1102.0,1102.0,0.6995158607818208,-0.9945923614539862,2.5940336211390003,0.5950571438194159,0.15046161763808308,0.2863995296468326,0.0,1.449390172958374,0.0,0.0,0.0004979372024536133,0.26045364141464233,0.4851711273193361,1.518236510107601,1.9034597040955836,0.984233258671618,22,3.772727272727273,0.42028985507246375,0.3917442078311372,0.5797101449275363,0.6082557921688628,1.3930308291789684,-0.2165115843377256,0.5217391304347826,0.2463768115942029,0.2318840579710145,2.428474195505999,0.10144927536231885,0.014492753623188406,2,0.5,icmp,tunnel,ikev1,3DES_CBC,CRITICAL_FAIL,0
exp_095_icmp_tunnel_3des_cbc_1789046374,0,0,11,1858.0,1.1686108112335205,1589.921967296194,9.412885705198134,168.9090909090909,81.88845467014544,42.0,286.0,198.0,42.0,42.0,110.0,214.0,286.0,286.0,-0.16921786174701978,-1.1157792355364113,2.481714572986073,0.6126905159810297,0.11686108112335206,0.2776909099106967,9.083747863769531e-05,0.9458320140838623,0.0011710166931152345,0.0016568899154663086,0.015085577964782715,0.054131150245666504,0.1700401782989499,0.4689955935892812,2.376227662911327,0.9292862667394878,4,2.75,0.6363636363636364,0.5651237890204521,0.36363636363636365,0.43487621097954793,3.3680236826324896,0.1302475780409042,0.8181818181818182,0.18181818181818182,0.0,0.0,0.18181818181818182,0.0,0,0.0,icmp,tunnel,ikev1,3DES_CBC,CRITICAL_FAIL,0
exp_095_icmp_tunnel_3des_cbc_1789046374,2,0,6,2124.0,0.5449450016021729,3897.641034884815,11.010285409279138,354.0,241.66091947189145,74.0,614.0,344.0,89.0,104.0,134.0,599.0,614.0,614.0,-0.0011337066967155726,-1.9458622630887596,1.9182958340544896,0.7618754786892276,0.10898900032043457,0.21762558818315134,0.0,0.5442399978637695,0.0,0.0,0.00016498565673828125,0.0005400180816650391,0.3267600059509278,0.7219280948873623,1.9967482112425377,0.9987062846042618,2,3.5,0.3333333333333333,0.352165725047081,0.6666666666666666,0.647834274952919,3.0020501118803637,-0.295668549905838,0.5,0.5,0.0,0.0,0.16666666666666666,0.0,2,0.6666666666666666,icmp,tunnel,ikev1,3DES_CBC,CRITICAL_FAIL,0
exp_095_icmp_tunnel_3des_cbc_1789046374,3,0,8,3660.0,0.9356029033660889,3911.9160349247986,8.550636141912129,457.5,417.0200834492267,74.0,1394.0,348.0,95.0,116.0,134.0,614.0,847.9999999999999,1120.9999999999995,1.162382579889447,0.4053706778158812,1.4056390622295665,-0.31103793280395464,0.13365755762372697,0.21267130438717377,0.0,0.5442399978637695,0.0,8.249282836914062e-05,0.0005400180816650391,0.195328950881958,0.44645924568176276,1.1488348542809166,1.5911536692314305,0.9892146252372774,2,3.5,0.5,0.6240437158469946,0.5,0.37595628415300547,1.7185694032549852,0.24808743169398906,0.5,0.375,0.125,3.0526107014912727,0.125,0.125,2,0.5,icmp,tunnel,ikev1,3DES_CBC,CRITICAL_FAIL,0
exp_095_icmp_tunnel_3des_cbc_1789046374,5,0,7,1110.0,0.4005439281463623,2771.2316228006734,17.476235459103346,158.57142857142858,61.87281226806475,42.0,230.0,166.0,61.2,80.4,136.0,200.0,230.0,230.0,-0.6020302631894391,-0.6178424996341993,2.2359263506290326,0.8728803764185417,0.06675732135772705,0.14014392951595508,0.0,0.3796858787536621,0.0,2.849102020263672e-05,0.00018548965454101562,0.015429556369781494,0.20008647441864014,0.6500224216483541,2.099272819713192,0.9479256882279377,2,3.5,0.42857142857142855,0.3945945945945946,0.5714285714285714,0.6054054054054054,1.5819152056252346,-0.21081081081081082,1.0,0.0,0.0,0.0,0.14285714285714285,0.0,2,0.6666666666666666,icmp,tunnel,ikev1,3DES_CBC,CRITICAL_FAIL,0
exp_095_icmp_tunnel_3des_cbc_1789046374,6,0,14,4836.0,0.9699869155883789,4985.634261949356,14.433184381160254,345.42857142857144,388.6793967647214,42.0,1102.0,166.0,42.0,61.2,121.0,230.0,1084.0,1102.0,1.3249708105261373,-0.12162905622568143,1.9241743523004413,0.743013611390178,0.074614378122183,0.12867261404926428,0.0,0.3796858787536621,0.0,0.0,0.0003960132598876953,0.04324603080749512,0.28663845062255866,1.5058762556041068,1.724478482687072,0.9329680809749239,4,3.75,0.42857142857142855,0.36145574855252277,0.5714285714285714,0.6385442514474773,1.3996102386433802,-0.2770885028949545,0.7857142857142857,0.0,0.21428571428571427,2.4118966148932435,0.14285714285714285,0.0,2,0.5714285714285714,icmp,tunnel,ikev1,3DES_CBC,CRITICAL_FAIL,0
exp_095_icmp_tunnel_3des_cbc_1789046374,7,0,13,7290.0,1.30035400390625,5606.165688805445,9.997277634358133,560.7692307692307,352.62666111650935,42.0,1102.0,614.0,80.4,118.00000000000001,166.0,614.0,1090.0,1102.0,0.12705720693820063,-1.0644507583114016,2.257756064128518,0.5994915639411936,0.10836283365885417,0.16554212047516656,0.0,0.5081429481506348,0.0,0.0,0.0003745555877685547,0.23331111669540405,0.29890468120574953,1.4182958340544896,1.5276510149716402,0.9987563438746773,4,4.0,0.38461538461538464,0.34814814814814815,0.6153846153846154,0.6518518518518519,2.111720919944038,-0.3037037037037037,0.3076923076923077,0.46153846153846156,0.23076923076923078,2.7280976704174233,0.07692307692307693,0.0,2,0.5714285714285714,icmp,tunnel,ikev1,3DES_CBC,CRITICAL_FAIL,0
exp_095_icmp_tunnel_3des_cbc_1789046374,8,0,12,4344.0,1.362678050994873,3187.8402949460465,8.806188660071951,362.0,233.99145283535466,74.0,614.0,360.0,91.6,108.8,134.0,614.0,614.0,614.0,-0.00820263043278879,-1.933103639563986,2.2516291673878226,0.8470933559786449,0.12387982281771573,0.20873334735517043,0.0,0.5400021076202393,0.0,0.0,0.0002548694610595703,0.15691053867340088,0.5081429481506348,1.0957952550009336,1.6849528652413848,0.999218439166853,4,3.75,0.3333333333333333,0.35174953959484345,0.6666666666666666,0.6482504604051565,2.333730918975197,-0.2965009208103131,0.5,0.5,0.0,0.0,0.08333333333333333,0.0,2,0.5714285714285714,icmp,tunnel,ikev1,3DES_CBC,CRITICAL_FAIL,0
exp_095_icmp_tunnel_3des_cbc_1789046374,9,0,12,5808.0,1.2708799839019775,4570.061747426159,9.442276337657352,484.0,394.9835439610111,74.0,1102.0,360.0,91.6,108.8,134.0,721.0,1096.0,1102.0,0.5105577853179945,-1.3277942262990783,2.188721875540867,0.8469022830760825,0.11553454399108887,0.19895064561556491,0.0,0.5400021076202393,0.0,0.0,0.0002219676971435547,0.12748301029205322,0.4753260612487793,1.2776134368191154,1.7219864878197981,0.9990449224147198,4,3.75,0.3333333333333333,0.34710743801652894,0.6666666666666666,0.6528925619834711,2.3326352882412316,-0.30578512396694213,0.5,0.25,0.25,2.4102269333825785,0.08333333333333333,0.0,2,0.5714285714285714,icmp,tunnel,ikev1,3DES_CBC,CRITICAL_FAIL,0
exp_095_icmp_tunnel_3des_cbc_1789046374,10,0,12,11520.0,1.0457439422607422,11016.08102562419,11.475084401691864,960.0,213.19474665197546,554.0,1102.0,1072.0,587.0,614.0,935.0,1102.0,1102.0,1102.0,-1.1260004431774846,-0.6438699076344792,1.7295739585136223,0.6854243385619155,0.09506763111461293,0.1671355287615035,0.0,0.5176510810852051,0.0,0.0,0.0003218650817871094,0.12748301029205322,0.2721071243286133,1.2776134368191154,1.7580512815000786,0.998424364958205,4,3.75,0.3333333333333333,0.3402777777777778,0.6666666666666666,0.6597222222222222,2.333094767748923,-0.3194444444444444,0.0,0.25,0.75,0.0,0.0,0.0,2,0.5714285714285714,icmp,tunnel,ikev1,3DES_CBC,CRITICAL_FAIL,0
exp_095_icmp_tunnel_3des_cbc_1789046374,11,0,12,10080.0,0.9104208946228027,11071.802129691074,13.180716821060802,840.0,420.1095095329312,74.0,1102.0,1072.0,107.0,134.0,815.0,1102.0,1102.0,1102.0,-1.1470742213351828,-0.6606674721298966,0.8112781244591328,0.5387096313513998,0.08276553587480025,0.1377688505782538,0.0,0.3782811164855957,0.0,0.0,0.00027298927307128906,0.1296548843383789,0.2721071243286133,1.2776134368191154,1.6645477441106726,0.9986832808618488,4,3.75,0.3333333333333333,0.3412698412698413,0.6666666666666666,0.6587301587301587,2.3338356526713944,-0.31746031746031744,0.25,0.0,0.75,2.304161069894826,0.08333333333333333,0.0,2,0.5714285714285714,icmp,tunnel,ikev1,3DES_CBC,CRITICAL_FAIL,0
exp_095_icmp_tunnel_3des_cbc_1789046374,12,0,12,5808.0,0.9166300296783447,6336.253244984881,13.09143232434893,484.0,394.9835439610111,74.0,1102.0,360.0,91.6,108.8,134.0,721.0,1096.0,1102.0,0.5105577853179945,-1.3277942262990783,2.188721875540867,0.4231775879653366,0.08333000269803134,0.1386932806007169,0.0,0.3794410228729248,0.0,0.0,0.00018596649169921875,0.1295534372329712,0.2774999141693115,1.2776134368191154,1.6643659155681019,0.9990670091361317,4,3.75,0.3333333333333333,0.34710743801652894,0.6666666666666666,0.6528925619834711,2.3329586031078016,-0.30578512396694213,0.5,0.25,0.25,2.4102269333825785,0.08333333333333333,0.0,2,0.5714285714285714,icmp,tunnel,ikev1,3DES_CBC,CRITICAL_FAIL,0
exp_095_icmp_tunnel_3des_cbc_1789046374,13,0,6,2220.0,0.2779541015625,7986.930171277997,21.586297760210805,370.0,225.77865266672134,106.0,614.0,360.0,121.0,136.0,166.0,599.0,614.0,614.0,-0.0013901810092402538,-1.9380873793026538,1.9182958340544896,0.548860176560241,0.0555908203125,0.1109545964571815,0.0,0.2774999141693115,0.0,0.0,0.00018596649169921875,0.0002682209014892578,0.16660723686218265,0.7219280948873623,1.9958798944425464,0.9983659626152833,2,3.5,0.3333333333333333,0.35135135135135137,0.6666666666666666,0.6486486486486487,2.9990792303552167,-0.2972972972972973,0.5,0.5,0.0,0.0,0.0,0.0,2,0.6666666666666666,icmp,tunnel,ikev1,3DES_CBC,CRITICAL_FAIL,0
exp_096_icmp_transport_3des_cbc_1789046422,-1,1,30,13004.0,5.703181982040405,2280.1306430252835,5.260221415776569,433.46666666666664,427.2925409547369,42.0,1418.0,206.0,42.0,42.0,142.0,590.0,1078.0,1264.999999999999,1.042236750058177,-0.23818585389426383,2.0131324651707385,0.23595905209694265,0.1966614476565657,0.23947012817707644,0.00011396408081054688,0.9340031147003174,0.00014057159423828126,0.0002951622009277344,0.04443693161010742,0.4264388084411621,0.4565128803253174,1.835516013941254,1.2176708417423256,0.9821234411996315,12,3.0,0.6333333333333333,0.6227314672408489,0.36666666666666664,0.377268532759151,0.5972391721616952,0.24546293448169793,0.6,0.2,0.2,2.486976813174622,0.13333333333333333,0.06666666666666667,4,0.56,icmp,transport,ikev1,3DES_CBC,CRITICAL_FAIL,0
exp_096_icmp_transport_3des_cbc_1789046422,0,0,6,4080.0,0.70625901222229,5776.917433112838,8.495466813401231,680.0,525.071423713003,94.0,1418.0,642.0,122.0,150.0,206.0,1078.0,1248.0,1333.0,0.1310355404344922,-1.7596006728018725,1.9182958340544893,0.00010004394561515845,0.141251802444458,0.16915464068810135,0.00023102760314941406,0.4361269474029541,0.00030627250671386717,0.0004191398620605469,0.04443693161010742,0.22504496574401855,0.3516941547393799,1.9219280948873623,1.1975312189265386,0.9361606743488513,2,2.5,0.6666666666666666,0.6852941176470588,0.3333333333333333,0.31470588235294117,1.0441512450803643,0.37058823529411766,0.5,0.0,0.5,1.9476714995423698,0.0,0.16666666666666666,3,0.6,icmp,transport,ikev1,3DES_CBC,CRITICAL_FAIL,0
exp_096_icmp_transport_3des_cbc_1789046422,1,0,6,1348.0,0.47475099563598633,2839.3831974890145,12.638204143126178,224.66666666666666,258.3296773934854,42.0,590.0,42.0,42.0,42.0,42.0,453.0,590.0,590.0,0.7071067811865476,-1.5,0.9182958340544896,0.6123724356957946,0.09495019912719727,0.16660481148788275,0.00012302398681640625,0.4264388084411621,0.0001918792724609375,0.0002951622009277344,0.003133058547973633,0.044760942459106445,0.2737676620483399,1.3709505944546687,1.754636202800323,0.8982367859384809,2,3.5,0.8333333333333334,0.5623145400593472,0.16666666666666666,0.43768545994065283,1.0,0.12462908011869436,0.6666666666666666,0.3333333333333333,0.0,0.0,0.6666666666666666,0.0,2,1.0,icmp,transport,ikev1,3DES_CBC,CRITICAL_FAIL,0
exp_096_icmp_transport_3des_cbc_1789046422,2,0,10,2044.0,1.3119440078735352,1557.9933196333723,7.622276514840372,204.4,202.64806932216257,42.0,590.0,142.0,42.0,42.0,42.0,206.0,590.0,590.0,1.1661791820663858,-0.2113686038651923,1.9219280948873623,0.36628069129072477,0.1457715564303928,0.19874267015706357,0.00012087821960449219,0.49833202362060547,0.00012259483337402345,0.0002951622009277344,0.003133058547973633,0.3384280204772949,0.4408174514770508,1.4466166676282082,1.3633750756917287,0.9628450947281804,4,3.25,0.7,0.541095890410959,0.3,0.4589041095890411,0.5222327330275286,0.0821917808219178,0.8,0.2,0.0,0.0,0.4,0.0,2,0.6,icmp,transport,ikev1,3DES_CBC,CRITICAL_FAIL,0
exp_096_icmp_transport_3des_cbc_1789046422,3,0,8,3136.0,1.0033519268035889,3125.523474091945,7.9732741686019,392.0,396.9231663685051,142.0,1078.0,174.0,142.0,142.0,142.0,424.0,1078.0,1078.0,1.1399476423463286,-0.6787143795947634,0.8112781244591328,0.6216522059638308,0.14333598954336985,0.17779802406494277,0.00011396408081054688,0.45459985733032227,0.00011811256408691406,0.00017940998077392578,0.0003120899200439453,0.27398359775543213,0.3848967552185059,1.6644977792004614,1.2404196895117987,0.9992177480887462,4,2.75,0.5,0.5,0.5,0.5,0.9998803235172208,0.0,0.75,0.0,0.25,2.304392187513602,0.0,0.0,2,0.5714285714285714,icmp,transport,ikev1,3DES_CBC,CRITICAL_FAIL,0
exp_096_icmp_transport_3des_cbc_1789046422,4,0,6,3620.0,0.6529021263122559,5544.47574010305,9.189738795750912,603.3333333333334,382.23669223256013,142.0,1078.0,590.0,142.0,142.0,254.0,956.0,1078.0,1078.0,0.052281156278346105,-1.5,1.584962500721156,0.28700771075971115,0.13058042526245117,0.1759436785799963,0.00011396408081054688,0.44286608695983887,0.00012636184692382812,0.00014495849609375,0.00023794174194335938,0.20953917503356934,0.3495353221893311,1.3709505944546687,1.3473867223180713,0.9992389911154769,3,2.6666666666666665,0.5,0.5,0.5,0.5,0.9999494563227326,0.0,0.3333333333333333,0.3333333333333333,0.3333333333333333,2.4487444416850366,0.0,0.0,2,0.6,icmp,transport,ikev1,3DES_CBC,CRITICAL_FAIL,0
exp_096_icmp_transport_3des_cbc_1789046422,5,0,6,2644.0,0.8172810077667236,3235.117389091068,7.341416162839035,440.6666666666667,211.1892253143822,142.0,590.0,590.0,142.0,142.0,254.0,590.0,590.0,590.0,-0.7071067811865476,-1.5000000000000004,0.9182958340544896,0.16666666666666669,0.16345620155334473,0.20292349638179105,0.00014495849609375,0.46416497230529785,0.00022745132446289062,0.00035119056701660156,0.0004410743713378906,0.35217881202697754,0.41937050819396976,1.3709505944546687,1.2414472684800393,0.9988532421216917,3,2.6666666666666665,0.5,0.5,0.5,0.5,0.9997451690432129,0.0,0.3333333333333333,0.6666666666666666,0.0,0.0,0.0,0.0,2,0.6,icmp,transport,ikev1,3DES_CBC,CRITICAL_FAIL,0
exp_096_icmp_transport_3des_cbc_1789046422,6,0,8,3260.0,1.1793088912963867,2764.3308924910743,6.783634092002636,407.5,428.364039106926,94.0,1418.0,142.0,110.8,127.60000000000001,142.0,590.0,838.3999999999999,1128.1999999999996,1.4921771262551136,0.9887051940601816,1.2987949406953985,-0.3788672140665194,0.16847269875662668,0.19342001700579944,0.0001728534698486328,0.42833900451660156,0.0002798557281494141,0.0003961324691772461,0.006659030914306641,0.3716728687286377,0.40603575706481937,1.3787834934861753,1.1480724791660784,0.993535070091663,3,2.6666666666666665,0.625,0.7319018404907975,0.375,0.26809815950920246,0.754956892190386,0.4638036809815951,0.625,0.25,0.125,3.001185563261625,0.0,0.125,3,0.5714285714285714,icmp,transport,ikev1,3DES_CBC,CRITICAL_FAIL,0
exp_096_icmp_transport_3des_cbc_1789046422,7,0,4,1796.0,0.3979988098144531,4512.576308550507,10.05028131080291,449.0,559.7954983741831,94.0,1418.0,142.0,101.2,108.4,130.0,461.0,1035.2000000000003,1226.5999999999995,1.1504226089253935,-0.6698500209169778,0.8112781244591328,-0.5274227356105436,0.13266626993815103,0.18280674548433642,0.0001728534698486328,0.39116692543029785,0.0014700889587402344,0.0034159421920776367,0.006659030914306641,0.19891297817230225,0.31426534652709964,0.9182958340544896,1.3779340267540006,0.9828344100140896,1,2.0,0.75,0.920935412026726,0.25,0.07906458797327394,1.0,0.8418708240534521,0.75,0.0,0.25,2.307985649531848,0.0,0.25,3,0.6666666666666666,icmp,transport,ikev1,3DES_CBC,CRITICAL_FAIL,0
exp_097_icmp_tunnel_aes_gcm_16_256_1789046465,-1,1,83,18679.0,10.209909915924072,1829.4970429530388,8.12935674099803,225.04819277108433,241.0214160166304,42.0,1338.0,162.0,45.20000000000002,106.0,132.0,208.0,308.39999999999986,604.3999999999995,3.671345844582631,13.713272599358245,1.6042492200051996,0.013860171970533866,0.12451109653565942,0.28967805486612425,0.0,2.2497811317443848,0.0,1.52587890625e-05,0.00019598007202148438,0.16974329948425293,0.3427872657775879,0.9898777018555038,2.326505318968446,0.9813606399818268,22,4.090909090909091,0.4457831325301205,0.5406070988810964,0.5542168674698795,0.4593929011189036,1.298265755153861,0.08121419776219284,0.8795180722891566,0.08433734939759036,0.03614457831325301,4.910096067901974,0.0963855421686747,0.0,5,0.803921568627451,icmp,tunnel,ikev2,AES_GCM_16_256,PASS,0
exp_097_icmp_tunnel_aes_gcm_16_256_1789046465,0,0,4,1608.0,0.11151695251464844,14419.332341320745,35.86898592368345,402.0,109.36178491593853,270.0,514.0,412.0,277.2,284.4,306.0,508.0,511.6,512.8,-0.06935955084097174,-1.9029053366293442,1.5,0.62433452397764,0.03717231750488281,0.032518504492394,0.010634899139404297,0.08296799659729004,0.012090730667114257,0.0142744779586792,0.0179140567779541,0.05044102668762207,0.06995720863342285,1.584962500721156,0.8747808017974884,0.7439944755161031,0,1.0,0.5,0.5124378109452736,0.5,0.48756218905472637,0.927835673138574,0.024875621890547265,0.0,1.0,0.0,0.0,0.0,0.0,0,0.0,icmp,tunnel,ikev2,AES_GCM_16_256,PASS,0
exp_097_icmp_tunnel_aes_gcm_16_256_1789046465,2,0,9,1456.0,0.37720489501953125,3859.9711170890555,23.85971157541312,161.77777777777777,40.949230837377634,106.0,226.0,162.0,106.8,107.6,134.0,170.0,226.0,226.0,0.2909914990038516,-0.9188386178833414,2.197159723424149,0.07229301935885511,0.047150611877441406,0.11244251576110775,0.0,0.34323906898498535,0.0,0.0,0.0001589059829711914,0.00851142406463623,0.12638614177703852,0.5435644431995964,2.3847014191873948,0.9099539097105641,3,3.6666666666666665,0.3333333333333333,0.3585164835164835,0.6666666666666666,0.6414835164835165,2.5001059705995,-0.28296703296703296,1.0,0.0,0.0,0.0,0.0,0.0,2,0.6,icmp,tunnel,ikev2,AES_GCM_16_256,PASS,0
exp_097_icmp_tunnel_aes_gcm_16_256_1789046465,3,0,24,3703.0,1.3078148365020752,2831.4405806132054,18.351221694495525,154.29166666666666,40.999470694415336,74.0,226.0,159.0,78.80000000000001,106.6,130.0,182.0,210.0,223.59999999999997,-0.08711136939627527,-0.4945270298491411,2.8758145836939115,0.1735838327854066,0.05686151463052501,0.11103250715333719,0.0,0.34323906898498535,0.0,7.033348083496094e-06,0.00016307830810546875,0.01736152172088623,0.24983849525451665,1.1731858679717249,1.9526485572224865,0.9723641400502755,7,4.285714285714286,0.3333333333333333,0.3532271131514988,0.6666666666666666,0.6467728868485012,2.142906014267091,-0.2935457736970024,1.0,0.0,0.0,0.0,0.08333333333333333,0.0,2,0.6,icmp,tunnel,ikev2,AES_GCM_16_256,PASS,0
exp_097_icmp_tunnel_aes_gcm_16_256_1789046465,4,0,18,4021.0,1.22157883644104,3291.6418327242977,14.7350293432075,223.38888888888889,168.96979969768722,74.0,610.0,159.0,74.0,113.20000000000002,130.0,205.0,570.8000000000001,610.0,1.6122245295736104,0.9569859183184932,2.239097917988786,0.7199133201797249,0.07185757861417882,0.15145175598273317,0.0,0.5562911033630371,0.0,1.4066696166992188e-05,0.00016307830810546875,0.0012738704681396484,0.24675717353820806,1.2577148214953864,2.107636400601575,0.9977155060441991,5,4.4,0.3333333333333333,0.347177319074857,0.6666666666666666,0.652822680925143,2.1991011652633388,-0.305645361850286,0.8333333333333334,0.16666666666666666,0.0,0.0,0.1111111111111111,0.0,2,0.6363636363636364,icmp,tunnel,ikev2,AES_GCM_16_256,PASS,0
exp_097_icmp_tunnel_aes_gcm_16_256_1789046465,5,0,8,3432.0,0.9389529228210449,3655.135328498365,8.520128970858659,429.0,420.1130800153692,42.0,1338.0,374.0,42.0,42.0,42.0,610.0,828.3999999999999,1083.1999999999996,0.9744758094583159,0.03154612973799109,2.1556390622295662,-0.17599668527902818,0.13413613183157785,0.1597283237452542,0.0,0.4187791347503662,5.035400390625001e-05,0.0003489255905151367,0.03197598457336426,0.2437499761581421,0.35470380783081057,1.6644977792004614,1.190783801354934,0.9652018381749882,2,3.0,0.75,0.6608391608391608,0.25,0.33916083916083917,187790.584564209,0.32167832167832167,0.5,0.375,0.125,2.994431808716025,0.375,0.0,3,1.0,icmp,tunnel,ikev2,AES_GCM_16_256,PASS,0
exp_097_icmp_tunnel_aes_gcm_16_256_1789046465,6,0,11,2544.0,0.9164159297943115,2776.032058468252,12.003283271678765,231.27272727272728,354.0570295380241,42.0,1338.0,146.0,42.0,42.0,79.5,176.0,194.0,766.0,2.7259371873042775,5.703937350680473,1.3221793455166666,-0.09707292290213548,0.09164159297943116,0.11315042479471127,0.0,0.31198692321777344,1.1801719665527344e-05,9.363889694213867e-05,0.0160524845123291,0.16974329948425293,0.25094006061553953,2.1609640474436813,1.2346925279613974,0.9647269434067508,3,3.6666666666666665,0.6363636363636364,0.7680817610062893,0.36363636363636365,0.2319182389937107,1.875348198398314,0.5361635220125787,0.9090909090909091,0.0,0.09090909090909091,3.4384290214606987,0.2727272727272727,0.0,3,0.8,icmp,tunnel,ikev2,AES_GCM_16_256,PASS,0
exp_097_icmp_tunnel_aes_gcm_16_256_1789046465,7,0,19,4083.0,1.192551851272583,3423.7505024565544,15.9322212948015,214.89473684210526,268.64786083308746,42.0,1338.0,162.0,42.0,102.0,140.5,188.0,207.6,326.3999999999976,3.8074997521703313,13.097633050902626,1.1674367232867007,-0.11812283597795073,0.06625288062625462,0.11986350530064517,0.0,0.46643900871276855,0.0,4.0531158447265625e-05,0.00015747547149658203,0.06776338815689087,0.21962263584136965,1.5157895841746822,1.8091544852566193,0.9442836507944441,5,3.8,0.47368421052631576,0.5971099681606662,0.5263157894736842,0.4028900318393338,1.1249566438627066,0.19421993632133236,0.9473684210526315,0.0,0.05263157894736842,4.412839738218355,0.10526315789473684,0.0,3,0.9090909090909091,icmp,tunnel,ikev2,AES_GCM_16_256,PASS,0
exp_097_icmp_tunnel_aes_gcm_16_256_1789046465,8,0,19,4378.0,1.2548680305480957,3488.8130810757816,15.141034385664653,230.42105263157896,265.81677817020255,42.0,1338.0,186.0,42.0,116.4,159.0,210.0,226.0,337.19999999999766,3.761186898445431,12.89310785979953,0.9132829641650988,-0.14162171849082605,0.06971489058600532,0.13921648426950356,0.0,0.5829071998596191,0.0,2.872943878173828e-05,0.00015747547149658203,0.06776338815689087,0.19577229022979736,1.275162982784857,1.996911795851744,0.9470919184131319,5,3.8,0.47368421052631576,0.5833714024668799,0.5263157894736842,0.41662859753312015,1.1250197203830792,0.1667428049337597,0.9473684210526315,0.0,0.05263157894736842,4.398183873783506,0.10526315789473684,0.0,3,0.9090909090909091,icmp,tunnel,ikev2,AES_GCM_16_256,PASS,0
exp_097_icmp_tunnel_aes_gcm_16_256_1789046465,9,0,16,2829.0,0.9601240158081055,2946.494362625563,16.66451389254472,176.8125,42.65152217389199,74.0,226.0,176.0,116.0,130.0,152.0,217.0,226.0,226.0,-0.6238242290824149,-0.18289742948328103,2.774397470347699,0.2881943073696912,0.06400826772054037,0.10365135872042915,0.0,0.27306294441223145,0.0,1.049041748046875e-05,0.00011801719665527344,0.10776793956756592,0.23829779624938963,1.2366407419411674,1.6193179895911816,0.9728014438353416,5,3.8,0.375,0.3874160480735242,0.625,0.6125839519264757,1.7998999815359218,-0.22516790385295157,1.0,0.0,0.0,0.0,0.0625,0.0,2,0.9,icmp,tunnel,ikev2,AES_GCM_16_256,PASS,0
exp_097_icmp_tunnel_aes_gcm_16_256_1789046465,10,0,15,3610.0,1.3677239418029785,2639.4215160415924,10.967125412915204,240.66666666666666,296.1285006359382,74.0,1338.0,162.0,96.4,115.60000000000001,138.0,202.0,226.0,559.5999999999988,3.358980170706214,9.58455935455931,1.2309595631140104,-0.09271646633794052,0.09769456727164132,0.15163875335295648,0.0,0.47701406478881836,0.0,3.045797348022461e-05,0.00017011165618896484,0.18040132522583008,0.30990953445434577,1.7695459925589747,1.5521559226052375,0.9809550870281436,4,3.75,0.4666666666666667,0.6587257617728531,0.5333333333333333,0.3412742382271468,1.9168179277893753,0.3174515235457064,0.9333333333333333,0.0,0.06666666666666667,3.9702839932211544,0.06666666666666667,0.0,3,0.9,icmp,tunnel,ikev2,AES_GCM_16_256,PASS,0
exp_097_icmp_tunnel_aes_gcm_16_256_1789046465,11,0,8,2376.0,0.6148011684417725,3864.664092981518,13.012337013405784,297.0,394.4350390114955,106.0,1338.0,162.0,107.4,108.8,131.0,173.0,537.1999999999998,937.5999999999995,2.2453945021301105,3.086744447443623,0.5435644431995964,-0.16796887640728292,0.08782873834882464,0.16179120680878004,0.0,0.47701406478881836,0.0,4.506111145019531e-05,0.00014710426330566406,0.06877493858337402,0.23849844932556166,1.3787834934861753,1.8421005214225958,0.9996141411266226,2,3.5,0.5,0.7710437710437711,0.5,0.22895622895622897,1.0000878246481677,0.5420875420875421,0.875,0.0,0.125,3.0162489076360264,0.0,0.0,3,1.0,icmp,tunnel,ikev2,AES_GCM_16_256,PASS,0
exp_097_icmp_tunnel_aes_gcm_16_256_1789046465,12,0,7,1062.0,1.2071149349212646,879.78366373975,5.798950702616054,151.71428571428572,24.82921255131478,110.0,186.0,158.0,116.0,122.0,134.0,170.0,178.8,182.39999999999998,-0.28809402170827664,-1.1366536645360523,2.807354922057604,-0.5153557429154048,0.20118582248687744,0.31500354323314794,0.0,0.8378949165344238,0.0,2.2530555725097656e-05,0.00011754035949707031,0.27677494287490845,0.6034399271011353,1.2516291673878228,1.565726518960725,0.9998052540713454,2,3.5,0.42857142857142855,0.4425612052730697,0.5714285714285714,0.5574387947269304,2.1605963803653374,-0.11487758945386065,1.0,0.0,0.0,0.0,0.0,0.0,2,1.0,icmp,tunnel,ikev2,AES_GCM_16_256,PASS,0
exp_097_icmp_tunnel_aes_gcm_16_256_1789046465,13,0,4,648.0,0.36912989616394043,1755.4795933196533,10.836293785923786,162.0,20.97617696340303,130.0,186.0,166.0,134.2,138.4,151.0,177.0,182.4,184.2,-0.46806345290238166,-1.1904132231404958,2.0,-0.746155792216122,0.12304329872131348,0.17390701074428938,0.0,0.3689849376678467,2.8991699218750002e-05,7.2479248046875e-05,0.00014495849609375,0.18456494808197021,0.2952169418334961,0.9182958340544896,1.4133691081305304,0.9996072967873906,1,3.0,0.5,0.5123456790123457,0.5,0.4876543209876543,369129.89616394043,0.024691358024691357,1.0,0.0,0.0,0.0,0.0,0.0,2,1.0,icmp,tunnel,ikev2,AES_GCM_16_256,PASS,0
exp_098_icmp_transport_aes_gcm_16_128_1789046509,-1,1,41,18354.0,9.106834888458252,2015.4093298936766,4.502113028530061,447.6585365853659,394.5234612181093,42.0,1354.0,206.0,42.0,42.0,110.0,590.0,1078.0,1078.0,0.9066454148744338,-0.4268892912808302,2.5091909373446493,0.4059542116673838,0.2276708722114563,0.45175829951391056,0.00011706352233886719,2.2310049533843994,0.00017740726470947266,0.00024521350860595703,0.024142026901245117,0.21728456020355225,0.4750874996185303,1.2728879606268868,1.984251700158762,0.9865074419518644,16,3.0,0.6097560975609756,0.5887544949329846,0.3902439024390244,0.41124550506701535,0.6255841774249938,0.17750898986596927,0.5121951219512195,0.2926829268292683,0.1951219512195122,2.5652405823229625,0.12195121951219512,0.04878048780487805,4,0.5806451612903226,icmp,transport,ikev2,AES_GCM_16_128,PASS,0
exp_098_icmp_transport_aes_gcm_16_128_1789046509,0,0,4,1624.0,0.12610197067260742,12878.466461212683,31.72036074190316,406.0,104.65180361560904,286.0,514.0,412.0,290.8,295.6,310.0,508.0,511.6,512.8,-0.032665979665104164,-1.9508254627003763,1.5,0.5790099088852613,0.042033990224202476,0.04158878123142943,0.008656978607177734,0.1006619930267334,0.010282182693481445,0.012719988822937012,0.01678299903869629,0.058722496032714844,0.08388619422912598,0.9182958340544896,0.9893848198752254,0.798258682951731,0,1.0,0.5,0.5073891625615764,0.5,0.49261083743842365,0.9308020623897412,0.014778325123152709,0.0,1.0,0.0,0.0,0.0,0.0,0,0.0,icmp,transport,ikev2,AES_GCM_16_128,PASS,0
exp_098_icmp_transport_aes_gcm_16_128_1789046509,2,0,6,3872.0,0.5852739810943604,6615.7049947104,10.251608979406612,645.3333333333334,354.0125547051812,158.0,1354.0,590.0,266.0,374.0,590.0,590.0,972.0,1163.0,0.8996338174719373,0.2752628803336825,1.2516291673878228,-0.6441727723993479,0.11705479621887208,0.1394752392936415,0.0002510547637939453,0.31494593620300293,0.0002590656280517578,0.00027108192443847656,0.012047052383422852,0.25775885581970215,0.2920711040496826,1.3709505944546687,1.191527833725118,0.9785242647415265,2,2.5,0.6666666666666666,0.6952479338842975,0.3333333333333333,0.3047520661157025,0.6189091860623869,0.390495867768595,0.16666666666666666,0.6666666666666666,0.16666666666666666,3.378411161750768,0.0,0.16666666666666666,3,0.6,icmp,transport,ikev2,AES_GCM_16_128,PASS,0
exp_098_icmp_transport_aes_gcm_16_128_1789046509,3,0,6,3872.0,0.5852739810943604,6615.7049947104,10.251608979406612,645.3333333333334,354.0125547051812,158.0,1354.0,590.0,266.0,374.0,590.0,590.0,972.0,1163.0,0.8996338174719373,0.2752628803336825,1.2516291673878228,-0.6441727723993479,0.11705479621887208,0.1394752392936415,0.0002510547637939453,0.31494593620300293,0.0002590656280517578,0.00027108192443847656,0.012047052383422852,0.25775885581970215,0.2920711040496826,1.3709505944546687,1.191527833725118,0.9785242647415265,2,2.5,0.6666666666666666,0.6952479338842975,0.3333333333333333,0.3047520661157025,0.6189091860623869,0.390495867768595,0.16666666666666666,0.6666666666666666,0.16666666666666666,3.378411161750768,0.0,0.16666666666666666,3,0.6,icmp,transport,ikev2,AES_GCM_16_128,PASS,0
exp_098_icmp_transport_aes_gcm_16_128_1789046509,5,0,9,2722.0,0.9325449466705322,2918.894161314545,9.651009350415467,302.44444444444446,415.61283027760106,42.0,1078.0,110.0,42.0,42.0,42.0,110.0,1078.0,1078.0,1.3178237990956212,-0.23363485102485315,0.7642045065086203,0.28103961994423615,0.11656811833381653,0.16293244703521903,0.00011706352233886719,0.4728081226348877,0.00016379356384277344,0.00020116567611694336,0.00925600528717041,0.2171202301979065,0.3006269454956054,1.2987949406953985,1.3977325158163487,0.979604369509766,4,2.75,0.6666666666666666,0.5231447465099192,0.3333333333333333,0.47685525349008084,0.5287555280190379,0.046289493019838354,0.7777777777777778,0.0,0.2222222222222222,2.399210901368768,0.3333333333333333,0.0,2,0.6,icmp,transport,ikev2,AES_GCM_16_128,PASS,0
exp_098_icmp_transport_aes_gcm_16_128_1789046509,6,0,13,3738.0,1.028991937637329,3632.681523805552,12.633723865562379,287.53846153846155,343.4505037421114,42.0,1078.0,206.0,42.0,42.0,110.0,206.0,903.6000000000006,1078.0,1.763834324766794,1.389445967468764,1.4604846813131116,0.2803624700806212,0.08574932813644409,0.12733393998238418,0.00011706352233886719,0.40936899185180664,0.00014493465423583984,0.00018262863159179688,0.009250521659851074,0.1506381630897522,0.2255397081375122,1.4182958340544896,1.484938224140357,0.9520413447469303,6,2.8333333333333335,0.6153846153846154,0.5168539325842697,0.38461538461538464,0.48314606741573035,0.5714418436066816,0.033707865168539325,0.8461538461538461,0.0,0.15384615384615385,2.719989578711979,0.23076923076923078,0.0,2,0.5555555555555556,icmp,transport,ikev2,AES_GCM_16_128,PASS,0
exp_098_icmp_transport_aes_gcm_16_128_1789046509,7,0,10,2500.0,1.0875871181488037,2298.666431665063,9.194665726660253,250.0,181.47837336718666,42.0,590.0,206.0,42.0,42.0,206.0,206.0,590.0,590.0,1.0055256007770599,-0.1887649012609498,1.3709505944546687,-0.026452892250877325,0.12084301312764485,0.1713758958206564,0.000141143798828125,0.4544639587402344,0.0001651763916015625,0.00017905235290527344,0.03122997283935547,0.12955689430236816,0.4183879852294922,1.6577427265048887,1.418157932570775,0.9706153731823273,4,2.75,0.6,0.5168,0.4,0.4832,0.6178190980809778,0.0336,0.8,0.2,0.0,0.0,0.2,0.0,2,0.5714285714285714,icmp,transport,ikev2,AES_GCM_16_128,PASS,0
exp_098_icmp_transport_aes_gcm_16_128_1789046509,8,0,6,2776.0,0.5919680595397949,4689.442200915544,10.135681990451465,462.6666666666667,460.7322673985644,42.0,1354.0,374.0,42.0,42.0,71.0,590.0,972.0,1163.0,0.9118953143548212,-0.39992244833944923,1.9182958340544893,-0.2732721632392541,0.11839361190795898,0.1899433893247612,0.00017118453979492188,0.4956018924713135,0.0011931419372558595,0.0027260780334472656,0.03122997283935547,0.06223893165588379,0.3222567081451416,1.3709505944546687,1.6043246078835487,0.9423495324407728,2,3.0,0.8333333333333334,0.787463976945245,0.16666666666666666,0.21253602305475505,1.0,0.5749279538904899,0.5,0.3333333333333333,0.16666666666666666,2.763716361534216,0.3333333333333333,0.16666666666666666,3,1.0,icmp,transport,ikev2,AES_GCM_16_128,PASS,0
exp_098_icmp_transport_aes_gcm_16_128_1789046509,10,0,8,4944.0,0.5893909931182861,8388.319566681566,13.57333263217082,618.0,461.2504742544987,110.0,1078.0,642.0,110.0,110.0,182.0,1078.0,1078.0,1078.0,-0.01620022656678403,-1.9784289378901192,1.5,0.7178983638056312,0.0841987133026123,0.09719694293077413,0.0001780986785888672,0.2115170955657959,0.00018696784973144532,0.00024497509002685547,0.0003349781036376953,0.18843543529510498,0.1981142044067383,1.3787834934861753,1.1543619226047719,0.9982981976752417,4,2.75,0.5,0.5,0.5,0.5,0.9997286573112545,0.0,0.5,0.0,0.5,1.994577851743528,0.0,0.0,2,0.5714285714285714,icmp,transport,ikev2,AES_GCM_16_128,PASS,0
exp_098_icmp_transport_aes_gcm_16_128_1789046509,11,0,10,6124.0,0.8036301136016846,7620.42125643307,12.443535689799265,612.4,412.706966260566,110.0,1078.0,590.0,110.0,110.0,206.0,1078.0,1078.0,1078.0,0.022554491366595767,-1.7247926914102754,1.9219280948873623,0.6647315529621813,0.08929223484463161,0.09990998408622308,0.0001380443572998047,0.21410107612609863,0.00017008781433105468,0.00019288063049316406,0.0003349781036376953,0.1891789436340332,0.21203389167785644,1.4355205042826666,1.118897576732038,0.9985801038310199,5,2.8,0.5,0.5,0.5,0.5,1.0000448740449004,0.0,0.4,0.2,0.4,2.22918451327353,0.0,0.0,2,0.5555555555555556,icmp,transport,ikev2,AES_GCM_16_128,PASS,0
exp_099_icmp_tunnel_aes_cbc_256_1789046553,-1,1,86,40444.0,8.951796054840088,4517.976029864152,9.607010646036917,470.27906976744185,453.06349088315176,42.0,1442.0,178.0,74.0,106.0,146.0,626.0,1278.0,1434.0,1.0663549150270024,-0.26538084013411956,2.635421712363656,0.06011676570087402,0.10531524770400104,0.26912667863484835,0.0,2.179596185684204,1.0013580322265625e-05,1.4066696166992188e-05,9.298324584960938e-05,0.11439895629882812,0.3620005130767824,0.9175312062198105,2.5554146155230333,0.9922494618281081,25,4.28,0.38372093023255816,0.3585698743942241,0.6162790697674418,0.6414301256057758,1.6263632993733854,-0.2828602512115518,0.5697674418604651,0.22093023255813954,0.20930232558139536,2.478906463723244,0.08139534883720931,0.10465116279069768,2,0.5106382978723404,icmp,tunnel,ikev2,AES_CBC_256,PASS,0
exp_099_icmp_tunnel_aes_cbc_256_1789046553,0,0,4,1624.0,0.024469852447509766,66367.38016641658,163.46645361186353,406.0,104.65180361560904,286.0,514.0,412.0,290.8,295.6,310.0,508.0,511.6,512.8,-0.032665979665104164,-1.9508254627003763,1.5,0.5790099088852613,0.008156617482503256,0.0004852815721269874,0.007700920104980469,0.008828878402709961,0.007748746871948242,0.007820487022399902,0.007940053939819336,0.008384466171264648,0.008651113510131836,1.584962500721156,0.0594881499614117,0.0,0,1.0,0.5,0.5073891625615764,0.5,0.49261083743842365,0.9326796152381364,0.014778325123152709,0.0,1.0,0.0,0.0,0.0,0.0,0,0.0,icmp,tunnel,ikev2,AES_CBC_256,PASS,0
exp_099_icmp_tunnel_aes_cbc_256_1789046553,1,0,3,1806.0,0.001,1806000.0,3000.0,602.0,33.94112549695428,554.0,626.0,626.0,561.2,568.4,590.0,626.0,626.0,626.0,-0.7071067811865475,-1.5,0.9182958340544896,0.0,3.600120544433594e-05,2.7894973754882812e-05,8.106231689453125e-06,6.389617919921875e-05,1.3685226440429689e-05,2.205371856689453e-05,3.600120544433594e-05,4.9948692321777344e-05,5.8317184448242186e-05,1.0,0.7538936480555369,0.0,1,3.0,0.3333333333333333,0.34662236987818384,0.6666666666666666,0.6533776301218162,1.0,-0.3067552602436323,0.0,1.0,0.0,0.0,0.0,0.0,2,1.0,icmp,tunnel,ikev2,AES_CBC_256,PASS,0
exp_099_icmp_tunnel_aes_cbc_256_1789046553,2,0,9,4074.0,0.5451040267944336,7473.802796794166,16.510610007645433,452.6666666666667,213.89924938832507,106.0,626.0,554.0,134.8,163.6,178.0,626.0,626.0,626.0,-0.683394628987106,-1.4263656926711128,1.8365916681089791,0.45189378401717517,0.0681380033493042,0.1419590973442528,0.0,0.4304349422454834,5.6743621826171885e-06,1.0251998901367188e-05,7.593631744384766e-05,0.02867412567138672,0.20920975208282466,1.061278124459133,2.083375018218584,0.9995044464233541,3,3.6666666666666665,0.3333333333333333,0.35100638193421696,0.6666666666666666,0.648993618065783,2.499815217367131,-0.297987236131566,0.3333333333333333,0.6666666666666666,0.0,0.0,0.0,0.0,2,0.6,icmp,tunnel,ikev2,AES_CBC_256,PASS,0
exp_099_icmp_tunnel_aes_cbc_256_1789046553,3,0,14,7284.0,1.0927379131317139,6665.825274721678,12.811855278158086,520.2857142857143,512.1355050279213,106.0,1442.0,178.0,106.0,110.8,136.0,626.0,1434.0,1436.8,1.0008521755418454,-0.6324411844352555,1.41379956460568,-0.42723193399805814,0.08405676254859337,0.17520681218035403,0.0,0.49576497077941895,1.1157989501953124e-05,2.09808349609375e-05,9.298324584960938e-05,0.00024819374084472656,0.4082509994506839,0.9912642605354287,2.0843620727956904,0.9992130081655585,4,4.25,0.35714285714285715,0.3484349258649094,0.6428571428571429,0.6515650741350906,1.999562484113049,-0.3031301482701812,0.5714285714285714,0.21428571428571427,0.21428571428571427,2.520166301289026,0.0,0.21428571428571427,2,0.5714285714285714,icmp,tunnel,ikev2,AES_CBC_256,PASS,0
exp_099_icmp_tunnel_aes_cbc_256_1789046553,4,0,14,8764.0,1.1910099983215332,7358.4604766970315,11.754729196001648,626.0,566.2104606189166,106.0,1442.0,178.0,106.0,110.8,136.0,1122.0,1434.0,1436.8,0.40037252020270714,-1.6912272071611971,1.610577243331642,-0.31317468146279914,0.09161615371704102,0.17229192123659132,1.0967254638671875e-05,0.49576497077941895,1.2350082397460939e-05,2.09808349609375e-05,9.298324584960938e-05,0.00024819374084472656,0.38551740646362315,1.1451104143815827,1.8805640018976555,0.9992535218992933,4,4.25,0.35714285714285715,0.3461889548151529,0.6428571428571429,0.6538110451848471,1.9999309105410092,-0.3076220903696942,0.5714285714285714,0.0,0.42857142857142855,1.9780630315362129,0.0,0.21428571428571427,2,0.5714285714285714,icmp,tunnel,ikev2,AES_CBC_256,PASS,0
exp_099_icmp_tunnel_aes_cbc_256_1789046553,5,0,24,15368.0,1.0962259769439697,14019.007324422753,21.893296185980354,640.3333333333334,493.76366366466823,42.0,1442.0,626.0,42.0,42.0,122.0,1122.0,1340.3999999999999,1434.0,0.20934598980973199,-1.384925986130103,2.6513636691975435,0.0950058158094114,0.047661998997563904,0.09482123583286306,0.0,0.2911818027496338,3.1471252441406265e-06,1.2040138244628906e-05,8.58306884765625e-05,0.020818471908569336,0.22879343032836919,1.4154372473067622,1.9894097691525758,0.9613515285766018,7,4.285714285714286,0.4583333333333333,0.351249349297241,0.5416666666666666,0.648750650702759,1.1999782498541327,-0.29750130140551795,0.375,0.25,0.375,2.2520895304971287,0.16666666666666666,0.125,2,0.5454545454545454,icmp,tunnel,ikev2,AES_CBC_256,PASS,0
exp_099_icmp_tunnel_aes_cbc_256_1789046553,6,0,21,12082.0,0.937000036239624,12894.343151242105,22.411952174812466,575.3333333333334,494.59914826080876,42.0,1442.0,554.0,42.0,42.0,122.0,1042.0,1434.0,1434.0,0.5211049695198563,-1.10300621798332,2.5634425677041555,0.0021496991380202785,0.0468500018119812,0.10269588543794081,0.0,0.36820006370544434,1.0728836059570315e-06,1.1920928955078125e-05,6.99758529663086e-05,0.010511636734008789,0.18026044368743915,1.2917601481809733,2.1919677587700677,0.9549325290714169,6,4.333333333333333,0.47619047619047616,0.3539149147492137,0.5238095238095238,0.6460850852507863,1.1114230852672944,-0.29217017050157257,0.42857142857142855,0.2857142857142857,0.2857142857142857,2.363305455268321,0.19047619047619047,0.14285714285714285,2,0.5555555555555556,icmp,tunnel,ikev2,AES_CBC_256,PASS,0
exp_099_icmp_tunnel_aes_cbc_256_1789046553,7,0,12,2136.0,0.9898190498352051,2157.97018693025,12.123428016462078,178.0,53.665631459994955,74.0,242.0,174.0,91.6,110.0,146.0,242.0,242.0,242.0,-0.27826623719997384,-0.8592592592592592,2.418295834054489,0.237319474995519,0.08998354998501865,0.16241946227876977,9.059906005859375e-06,0.42824292182922363,1.3113021850585938e-05,1.4066696166992188e-05,0.00010180473327636719,0.07101559638977051,0.4192080497741699,1.0957952550009336,1.8049705455637737,0.9994746606249828,4,3.75,0.3333333333333333,0.3782771535580524,0.6666666666666666,0.6217228464419475,2.3332224025585435,-0.24344569288389514,1.0,0.0,0.0,0.0,0.08333333333333333,0.0,2,0.5714285714285714,icmp,tunnel,ikev2,AES_CBC_256,PASS,0
exp_099_icmp_tunnel_aes_cbc_256_1789046553,8,0,23,8958.0,1.3631629943847656,6571.481207236704,16.87252375155662,389.4782608695652,433.034677752378,74.0,1442.0,178.0,106.0,109.2,146.0,398.0,1272.4000000000005,1434.0,1.745612028168367,1.5372187998322069,1.6707145064847897,-0.1274045239643213,0.06196195429021662,0.11459839273193571,0.0,0.4192080497741699,1.1944770812988282e-05,1.33514404296875e-05,9.691715240478516e-05,0.09910279512405396,0.2500378847122195,1.2433003685389579,1.849466250353233,0.9993206844925772,7,4.142857142857143,0.34782608695652173,0.3536503683858004,0.6521739130434783,0.6463496316141996,2.000126392060776,-0.2926992632283992,0.7391304347826086,0.13043478260869565,0.13043478260869565,2.931613175534712,0.043478260869565216,0.13043478260869565,2,0.5384615384615384,icmp,tunnel,ikev2,AES_CBC_256,PASS,0
exp_099_icmp_tunnel_aes_cbc_256_1789046553,9,0,20,8112.0,1.3180339336395264,6154.621510843877,15.174116150995753,405.6,463.368363184195,74.0,1442.0,178.0,104.4,106.0,122.0,572.0,1434.0,1434.4,1.5301549792633133,0.7639462338861591,1.1812908992306925,-0.0388110135016014,0.06937020703365929,0.13239893101678368,0.0,0.4672210216522217,9.012222290039062e-06,1.3113021850585938e-05,8.296966552734375e-05,0.06612610816955566,0.27321238517761226,1.3372449392958772,1.908557407002346,0.9994097573637879,6,4.166666666666667,0.35,0.35281065088757396,0.65,0.647189349112426,2.0001066179655633,-0.2943786982248521,0.7,0.15,0.15,2.79280009812154,0.05,0.15,2,0.5454545454545454,icmp,tunnel,ikev2,AES_CBC_256,PASS,0
exp_099_icmp_tunnel_aes_cbc_256_1789046553,10,0,15,4942.0,1.0902671813964844,4532.833863411323,13.758095498010896,329.46666666666664,384.77107768415004,74.0,1122.0,146.0,74.0,86.80000000000001,126.0,178.0,1090.0,1122.0,1.4782028725150693,0.24520802002068098,1.456564762130954,0.5668841211604592,0.07787622724260602,0.13326393113845258,1.0013580322265625e-05,0.35270118713378906,1.0013580322265625e-05,1.627206802368164e-05,8.130073547363281e-05,0.08169138431549072,0.3155618906021118,1.2916919971380594,1.7112053915749188,0.9994515529710609,5,3.8,0.3333333333333333,0.35815459328207205,0.6666666666666666,0.641845406717928,2.2500453971514887,-0.28369081343585595,0.8,0.0,0.2,2.4880594305962687,0.13333333333333333,0.0,2,0.5555555555555556,icmp,tunnel,ikev2,AES_CBC_256,PASS,0
exp_099_icmp_tunnel_aes_cbc_256_1789046553,11,0,9,4114.0,0.41945600509643555,9807.94159581567,21.45636226600414,457.1111111111111,452.8537768528342,74.0,1122.0,178.0,86.8,99.6,146.0,1042.0,1122.0,1122.0,0.6995757955607135,-1.4795325395698238,1.5304930567574826,0.4619682175134952,0.05243200063705444,0.10376131235138421,1.0013580322265625e-05,0.31027889251708984,1.0013580322265625e-05,1.537799835205078e-05,7.43865966796875e-05,0.02731180191040039,0.16928784847259518,1.061278124459133,1.9789314189670084,0.9992514178725261,3,3.6666666666666665,0.3333333333333333,0.3514827418570734,0.6666666666666666,0.6485172581429266,2.499586455086175,-0.2970345162858532,0.6666666666666666,0.0,0.3333333333333333,2.1140009449549817,0.1111111111111111,0.0,2,0.6,icmp,tunnel,ikev2,AES_CBC_256,PASS,0
exp_100_icmp_transport_aes_cbc_128_1789046595,-1,1,74,28820.0,9.153570890426636,3148.49803917963,8.084276714062893,389.4594594594595,406.9787559761861,42.0,1498.0,170.0,94.00000000000003,122.0,154.0,602.0,1098.0,1237.9999999999977,1.5297051527960357,1.0734597765115765,2.222174311224063,0.4366742287014129,0.12539138206063885,0.2789488947185606,1.2874603271484375e-05,2.183769941329956,0.00016574859619140626,0.0009429454803466797,0.001773834228515625,0.16736483573913574,0.3740587711334228,0.905198535370473,2.2246079876181226,0.9759872793010804,33,3.121212121212121,0.527027027027027,0.4994448299791811,0.47297297297297297,0.5005551700208188,0.8953497271146879,-0.0011103400416377516,0.6756756756756757,0.16216216216216217,0.16216216216216217,2.6526527268415356,0.05405405405405406,0.05405405405405406,2,0.5076923076923077,icmp,transport,ikev2,AES_CBC_128,PASS,0
exp_100_icmp_transport_aes_cbc_128_1789046595,0,0,4,1640.0,0.026903867721557617,60957.778151945626,148.67750768767226,410.0,101.46920715172658,286.0,514.0,420.0,293.2,300.4,322.0,508.0,511.6,512.8,-0.08040378344839896,-1.8875703421157966,1.5,0.6328843056027117,0.008967955907185873,0.0009594249660511993,0.007794857025146484,0.010144948959350586,0.008028697967529298,0.008379459381103516,0.008964061737060547,0.009554505348205566,0.009908771514892578,1.584962500721156,0.10697175635377067,0.0,0,1.0,0.5,0.5121951219512195,0.5,0.4878048780487805,0.87697066361948,0.024390243902439025,0.0,1.0,0.0,0.0,0.0,0.0,0,0.0,icmp,transport,ikev2,AES_CBC_128,PASS,0
exp_100_icmp_transport_aes_cbc_128_1789046595,1,0,4,760.0,0.0030410289764404297,249915.4088592709,1315.3442571540572,190.0,28.5657137141714,154.0,218.0,194.0,156.4,158.8,166.0,218.0,218.0,218.0,-0.11531718339054198,-1.8477508650519032,1.5,0.6933752452815364,0.0010136763254801433,0.0006738800747951383,9.107589721679688e-05,0.0016818046569824219,0.0003264904022216797,0.0006796121597290039,0.001268148422241211,0.0014749765396118164,0.0015990734100341797,1.584962500721156,0.6641330421070574,0.0,1,4.0,0.5,0.48947368421052634,0.5,0.5105263157894737,0.46060519532747246,-0.021052631578947368,1.0,0.0,0.0,0.0,0.0,0.0,2,0.6666666666666666,icmp,transport,ikev2,AES_CBC_128,PASS,0
exp_100_icmp_transport_aes_cbc_128_1789046595,2,0,12,5608.0,0.7335832118988037,7644.66785640347,16.35806246020714,467.3333333333333,486.94786396720366,154.0,1498.0,202.0,154.0,154.0,154.0,602.0,1408.4000000000003,1498.0,1.4376612758121214,0.4354114485437637,1.2516291673878228,0.49792917757058636,0.06668938289989125,0.0948185503163366,9.107589721679688e-05,0.2439441680908203,0.0002410411834716797,0.0011104345321655273,0.001268148422241211,0.12190353870391846,0.23917102813720703,1.4911148500551854,1.421772468433244,0.9909199963209377,5,3.2,0.5,0.4957203994293866,0.5,0.5042796005706134,0.9997887308911666,-0.008559201141226819,0.6666666666666666,0.16666666666666666,0.16666666666666666,2.714869641445519,0.0,0.16666666666666666,2,0.5454545454545454,icmp,transport,ikev2,AES_CBC_128,PASS,0
exp_100_icmp_transport_aes_cbc_128_1789046595,3,0,12,7352.0,1.0008888244628906,7345.471165536614,11.989343578133754,612.6666666666666,522.2447276474464,154.0,1498.0,394.0,154.0,154.0,154.0,1098.0,1458.0000000000002,1498.0,0.618039821206371,-1.2141481618167838,1.7924812503605778,0.317067173533033,0.09098989313299005,0.12077721064041938,0.0002410411834716797,0.38262200355529785,0.0009429454803466797,0.0010575056076049805,0.001157999038696289,0.1389249563217163,0.23917102813720703,1.8676338909712125,1.3273549306071144,0.9944180987662791,6,2.8333333333333335,0.5,0.49782372143634385,0.5,0.5021762785636561,1.0001290253266661,-0.004352557127312296,0.5,0.16666666666666666,0.3333333333333333,2.180331527697174,0.0,0.16666666666666666,2,0.5454545454545454,icmp,transport,ikev2,AES_CBC_128,PASS,0
exp_100_icmp_transport_aes_cbc_128_1789046595,4,0,10,3492.0,1.1842851638793945,2948.614156881914,8.443912247657256,349.2,374.6734044471265,154.0,1098.0,154.0,154.0,154.0,154.0,194.0,1098.0,1098.0,1.4946487491924334,0.24248892636344754,0.7219280948873623,0.6530141449233033,0.13158724043104383,0.18291522153377487,0.00018405914306640625,0.44545412063598633,0.000791168212890625,0.0009789466857910156,0.0010600090026855469,0.33438706398010254,0.3951884269714356,1.4466166676282082,1.3900575076815311,0.9815737152051074,5,2.8,0.5,0.49541809851088203,0.5,0.504581901489118,0.9998976939120129,-0.009163802978235968,0.8,0.0,0.2,2.4981756482006476,0.0,0.0,2,0.5555555555555556,icmp,transport,ikev2,AES_CBC_128,PASS,0
exp_100_icmp_transport_aes_cbc_128_1789046595,5,0,16,4144.0,1.2206270694732666,3394.9763229388705,13.10801669088367,259.0,322.8854285965844,42.0,1098.0,162.0,42.0,42.0,126.0,206.0,658.0,1098.0,2.1046349384812983,2.753321769655087,1.75,0.6031840512715145,0.08137513796488444,0.14481951720942599,1.2874603271484375e-05,0.3878798484802246,3.871917724609375e-05,0.00026702880859375,0.0010600090026855469,0.04755854606628418,0.36253895759582516,1.2366407419411674,1.7796312387289592,0.9648989849172244,7,3.142857142857143,0.625,0.5144787644787645,0.375,0.4855212355212355,0.5553939580332994,0.02895752895752896,0.875,0.0,0.125,2.969651239228371,0.25,0.0,2,0.5454545454545454,icmp,transport,ikev2,AES_CBC_128,PASS,0
exp_100_icmp_transport_aes_cbc_128_1789046595,6,0,16,3952.0,1.0837740898132324,3646.516407013431,14.763224319892434,247.0,326.7399577645807,42.0,1098.0,130.0,42.0,42.0,102.0,194.0,658.0,1098.0,2.12827992632318,2.797342306724473,1.75,0.3930866239042554,0.07225160598754883,0.11682079927118484,1.2874603271484375e-05,0.38130688667297363,3.871917724609375e-05,0.0002460479736328125,0.000782012939453125,0.09967505931854248,0.24478640556335446,1.6922718656836107,1.6168385579243518,0.9772623577824914,7,3.142857142857143,0.625,0.5151821862348178,0.375,0.4848178137651822,0.5557468995846061,0.030364372469635626,0.875,0.0,0.125,2.9765915545176758,0.25,0.0,2,0.5454545454545454,icmp,transport,ikev2,AES_CBC_128,PASS,0
exp_100_icmp_transport_aes_cbc_128_1789046595,7,0,12,3800.0,1.0706851482391357,3549.129271335775,11.2077766463235,316.6666666666667,351.20111364035023,122.0,1098.0,170.0,122.0,122.0,122.0,218.0,1010.0000000000003,1098.0,1.748756075484114,1.1270185436033913,1.2516291673878228,0.376366334251961,0.09733501347628506,0.12363668284944933,0.00014209747314453125,0.3945488929748535,0.00016117095947265625,0.0007550716400146484,0.001177072525024414,0.1677788496017456,0.21149182319641113,1.8676338909712125,1.2702049162879694,0.996315783965321,6,2.8333333333333335,0.5,0.49157894736842106,0.5,0.508421052631579,0.9990285582686964,-0.016842105263157894,0.8333333333333334,0.0,0.16666666666666666,2.6696953309299642,0.0,0.0,2,0.5454545454545454,icmp,transport,ikev2,AES_CBC_128,PASS,0
exp_100_icmp_transport_aes_cbc_128_1789046595,8,0,12,4744.0,1.1325311660766602,4188.847196527289,10.595734898467006,395.3333333333333,353.29811145200813,122.0,1098.0,210.0,122.0,123.6,150.0,602.0,1048.4,1098.0,1.1522769589216326,-0.23949434622139343,1.7924812503605778,0.576310604610335,0.10295737873424184,0.14290687715820827,0.00012993812561035156,0.42256999015808105,0.00016117095947265625,0.0008255243301391602,0.001177072525024414,0.1677788496017456,0.32268404960632324,1.8676338909712125,1.3880062887070344,0.9543328884379119,6,2.8333333333333335,0.5,0.49494097807757165,0.5,0.5050590219224284,0.9998480949651866,-0.01011804384485666,0.6666666666666666,0.16666666666666666,0.16666666666666666,2.632337800659183,0.0,0.0,2,0.5454545454545454,icmp,transport,ikev2,AES_CBC_128,PASS,0
exp_100_icmp_transport_aes_cbc_128_1789046595,9,0,16,4144.0,1.148042917251587,3609.621154164454,13.93676121299017,259.0,198.79386308435178,122.0,602.0,154.0,122.0,122.0,134.0,290.0,602.0,602.0,1.1285878318703675,-0.6876796606806352,1.2987949406953985,0.49849781622964806,0.07653619448343912,0.12074109833211495,0.00010085105895996094,0.3606569766998291,0.0001708507537841797,0.00046694278717041016,0.0014309883117675781,0.07016944885253906,0.2902768611907959,1.8716022614097982,1.577548003255339,0.8856750887442602,8,2.875,0.5,0.4942084942084942,0.5,0.5057915057915058,1.000513395997236,-0.011583011583011582,0.75,0.25,0.0,0.0,0.0,0.0,2,0.5333333333333333,icmp,transport,ikev2,AES_CBC_128,PASS,0
exp_100_icmp_transport_aes_cbc_128_1789046595,10,0,18,9140.0,1.3724348545074463,6659.696793608654,13.11537661761004,507.77777777777777,468.41998671130295,122.0,1498.0,186.0,122.0,133.2,154.0,602.0,1218.0000000000002,1498.0,1.0317665482499099,-0.3158535713067714,1.6577427265048887,0.5696474475226397,0.08073146202984978,0.1187921059147711,0.00010085105895996094,0.3774092197418213,0.00023508071899414062,0.0012030601501464844,0.001773834228515625,0.09208416938781738,0.27392287254333497,2.0157404324930677,1.471429248260127,0.9369315140741389,9,2.888888888888889,0.5,0.49649890590809626,0.5,0.5035010940919037,0.9996229346957057,-0.00700218818380744,0.5555555555555556,0.2222222222222222,0.2222222222222222,2.442252696366144,0.0,0.1111111111111111,2,0.5294117647058824,icmp,transport,ikev2,AES_CBC_128,PASS,0
exp_100_icmp_transport_aes_cbc_128_1789046595,11,0,10,6980.0,0.7983529567718506,8743.000123934795,12.52578814317306,698.0,532.9225084381405,122.0,1498.0,602.0,122.0,122.0,162.0,1098.0,1498.0,1498.0,0.312393150278946,-1.4539750436873435,1.9219280948873623,0.10851561479070956,0.08870588408576117,0.12117639476678362,0.00024580955505371094,0.3774092197418213,0.0010116100311279297,0.0014960765838623047,0.001773834228515625,0.16062402725219727,0.20508580207824711,1.6577427265048887,1.366031464363365,0.9921956915486921,5,2.8,0.5,0.4977077363896848,0.5,0.5022922636103152,0.9996274038990782,-0.004584527220630372,0.4,0.2,0.4,2.1616650829021395,0.0,0.2,2,0.5555555555555556,icmp,transport,ikev2,AES_CBC_128,PASS,0
exp_101_icmp_tunnel_3des_cbc_1789046639,-1,1,82,47548.0,7.754491090774536,6131.672529299508,10.574517275228393,579.8536585365854,456.1228739552005,42.0,1494.0,554.0,74.0,106.0,158.0,1042.0,1094.0,1442.0,0.486723775267887,-1.1325702016651948,2.217089255193805,0.6086322402901783,0.09573445791079674,0.15518610998641413,0.0,0.5265660285949707,0.0,0.0,0.0002868175506591797,0.18762707710266113,0.3705270290374756,1.84131721028681,1.6209888517064557,0.9961224845381323,27,3.962962962962963,0.36585365853658536,0.3451669891478085,0.6341463414634146,0.6548330108521915,1.7585930644589272,-0.30966602170438295,0.45121951219512196,0.21951219512195122,0.32926829268292684,2.230524775628929,0.08536585365853659,0.07317073170731707,2,0.5098039215686274,icmp,tunnel,ikev1,3DES_CBC,CRITICAL_FAIL,0
exp_101_icmp_tunnel_3des_cbc_1789046639,0,0,18,6372.0,1.2793309688568115,4980.728329975402,14.069854039478537,354.0,236.18448533108838,74.0,606.0,356.0,74.0,96.4,126.0,606.0,606.0,606.0,-0.006778035598488996,-1.9496223179208463,1.9182958340544896,0.3921490135580876,0.07525476287393008,0.12191930923584478,0.0,0.34284210205078125,0.0,0.0,0.0002620220184326172,0.14539384841918945,0.27265410423278813,1.5569010760354054,1.6200660863685135,0.9987241662773255,6,3.8333333333333335,0.3333333333333333,0.34965473948524795,0.6666666666666666,0.650345260514752,2.1996460939339735,-0.30069052102950405,0.5,0.5,0.0,0.0,0.1111111111111111,0.0,2,0.5454545454545454,icmp,tunnel,ikev1,3DES_CBC,CRITICAL_FAIL,0
exp_101_icmp_tunnel_3des_cbc_1789046639,1,0,16,6008.0,0.869117021560669,6912.763012294323,18.409488714498863,375.5,386.83038918885364,42.0,1094.0,158.0,42.0,42.0,90.0,606.0,1068.0,1094.0,0.906353497703092,-0.750286544185141,2.10845859334435,0.6570231665325357,0.057941134770711264,0.0994196148139279,0.0,0.25249695777893066,0.0,6.258487701416016e-05,0.00028896331787109375,0.05574750900268555,0.251298713684082,1.0529815751302694,1.7158431460516843,0.9726645600507606,5,3.8,0.5,0.36351531291611183,0.5,0.6364846870838882,0.999961214064107,-0.2729693741677763,0.625,0.1875,0.1875,2.5216908203495048,0.25,0.0,2,0.5714285714285714,icmp,tunnel,ikev1,3DES_CBC,CRITICAL_FAIL,0
exp_101_icmp_tunnel_3des_cbc_1789046639,2,0,19,9430.0,1.2779619693756104,7378.936326726007,14.867422079299484,496.3157894736842,430.1584839679905,42.0,1094.0,222.0,42.0,42.0,132.0,1042.0,1094.0,1094.0,0.39265630637767474,-1.5695346470401106,2.3598063039211006,0.6614554960283984,0.07099788718753391,0.1263686070696165,0.0,0.37652587890625,0.0,2.849102020263672e-05,0.00025904178619384766,0.07305634021759033,0.2872075319290162,1.386274093895968,1.779867432792728,0.9812352651347599,6,3.8333333333333335,0.47368421052631576,0.35440084835630964,0.5263157894736842,0.6455991516436903,1.124941063051131,-0.2911983032873807,0.5263157894736842,0.15789473684210525,0.3157894736842105,2.2230565711851913,0.21052631578947367,0.0,2,0.5555555555555556,icmp,tunnel,ikev1,3DES_CBC,CRITICAL_FAIL,0
exp_101_icmp_tunnel_3des_cbc_1789046639,3,0,18,9756.0,1.4259350299835205,6841.826447108709,12.623296027875845,542.0,295.4078160404321,170.0,1094.0,580.0,170.0,206.4,222.0,606.0,1057.6000000000001,1094.0,0.4933852957197914,-0.603272398733699,1.9182958340544893,0.5312583293051212,0.0838785311755012,0.14243198000315327,0.0,0.44849705696105957,0.0,0.0,0.00022912025451660156,0.16506409645080566,0.2814200401306153,1.439254017211876,1.69805407835605,0.9989215498582549,6,3.8333333333333335,0.3333333333333333,0.34399343993439935,0.6666666666666666,0.6560065600656007,2.199784360226161,-0.3120131201312013,0.3333333333333333,0.5,0.16666666666666666,2.951851383519713,0.0,0.0,2,0.5454545454545454,icmp,tunnel,ikev1,3DES_CBC,CRITICAL_FAIL,0
exp_101_icmp_tunnel_3des_cbc_1789046639,4,0,15,13006.0,1.3468220233917236,9656.806745145717,11.137329015622464,867.0666666666667,517.6901862010607,170.0,1494.0,606.0,206.4,222.0,554.0,1468.0,1494.0,1494.0,0.1718550554135702,-1.6479731489739389,1.5219280948873621,0.8494909909470417,0.09620157309940883,0.16635618254800555,0.0,0.4775381088256836,0.0,0.0,0.00032889842987060547,0.1521095633506775,0.37883615493774436,1.1488348542809166,1.7292279945163735,0.9985664671203532,5,3.8,0.3333333333333333,0.3399969244963863,0.6666666666666666,0.6600030755036137,2.2492746210744254,-0.32000615100722746,0.2,0.4,0.4,2.457067971026402,0.0,0.4,2,0.5555555555555556,icmp,tunnel,ikev1,3DES_CBC,CRITICAL_FAIL,0
exp_101_icmp_tunnel_3des_cbc_1789046639,5,0,12,12704.0,1.3108718395233154,9691.260134644188,9.154212973530404,1058.6666666666667,519.9739309704756,170.0,1494.0,1268.0,198.6,222.0,837.0,1494.0,1494.0,1494.0,-0.8478787605790538,-0.958825977193174,1.7295739585136223,0.6282987423365,0.11917016722939232,0.19488323480524553,0.0,0.4775381088256836,0.0,0.0,0.0002529621124267578,0.20763647556304932,0.41727685928344727,1.0957952550009336,1.635322027433995,0.9988283427561226,4,3.75,0.3333333333333333,0.33879093198992444,0.6666666666666666,0.6612090680100756,2.333459677468244,-0.3224181360201511,0.25,0.0,0.75,2.189853330998602,0.0,0.5,2,0.5714285714285714,icmp,tunnel,ikev1,3DES_CBC,CRITICAL_FAIL,0
exp_101_icmp_tunnel_3des_cbc_1789046639,6,0,12,7496.0,0.7710371017456055,9721.970555021639,15.563453396512763,624.6666666666666,453.22939985054904,106.0,1094.0,632.0,134.6,158.0,167.0,1094.0,1094.0,1094.0,-0.007569065957684805,-1.9784069157485682,1.4591479170272448,0.4387493638766511,0.07009428197687323,0.12928538275757234,0.0,0.4145209789276123,0.0,0.0,0.00020003318786621094,0.07022750377655029,0.21546506881713867,1.2776134368191154,1.8444234634825765,0.9988871242846241,4,3.75,0.3333333333333333,0.3425827107790822,0.6666666666666666,0.6574172892209178,2.333124505186949,-0.31483457844183566,0.5,0.0,0.5,1.994574889343768,0.0,0.0,2,0.5714285714285714,icmp,tunnel,ikev1,3DES_CBC,CRITICAL_FAIL,0
exp_101_icmp_tunnel_3des_cbc_1789046639,7,0,15,10438.0,1.325727939605713,7873.410288919749,11.314538640907859,695.8666666666667,467.1362209130104,74.0,1094.0,1042.0,96.4,114.0,142.0,1094.0,1094.0,1094.0,-0.4080998303862637,-1.8201433238517433,0.9709505944546686,0.5392145337506787,0.09469485282897949,0.1782981488628004,0.0,0.5265660285949707,0.0,0.0,0.00023245811462402344,0.1052369475364685,0.39660451412200964,1.2916919971380594,1.8828506585690346,0.9990089031465842,5,3.8,0.3333333333333333,0.34163632879862044,0.6666666666666666,0.6583636712013796,2.249601491533704,-0.3167273424027591,0.4,0.0,0.6,2.037949396773038,0.06666666666666667,0.0,2,0.5555555555555556,icmp,tunnel,ikev1,3DES_CBC,CRITICAL_FAIL,0
exp_101_icmp_tunnel_3des_cbc_1789046639,8,0,12,7400.0,1.021751880645752,7242.46281330372,11.744534291843872,616.6666666666666,461.90138437645857,74.0,1094.0,632.0,102.6,126.0,159.0,1094.0,1094.0,1094.0,-0.01623752377360476,-1.9673124011955585,1.5,0.6280301901349353,0.09288653460415927,0.16800088349747988,0.0,0.49827003479003906,0.0,0.0,0.0002868175506591797,0.07987689971923828,0.3629012107849121,1.2776134368191154,1.8086483209336597,0.9988297851984979,4,3.75,0.3333333333333333,0.3427027027027027,0.6666666666666666,0.6572972972972972,2.3331256555726894,-0.3145945945945946,0.5,0.0,0.5,1.9917670983477966,0.08333333333333333,0.0,2,0.5714285714285714,icmp,tunnel,ikev1,3DES_CBC,CRITICAL_FAIL,0
exp_101_icmp_tunnel_3des_cbc_1789046639,9,0,9,4458.0,0.6450169086456299,6911.446723715595,13.95312259161964,495.3333333333333,411.7949867483954,170.0,1094.0,222.0,170.0,170.0,222.0,1042.0,1094.0,1094.0,0.7032025132040534,-1.489407178264174,0.9182958340544896,0.46166135133462693,0.08062711358070374,0.15480276982947366,0.0,0.456632137298584,0.0,0.0,0.00022590160369873047,0.04713618755340576,0.2683285951614379,1.061278124459133,1.9199602093446686,0.9988253110356816,3,3.6666666666666665,0.3333333333333333,0.34499775684163303,0.6666666666666666,0.655002243158367,2.5004530228598325,-0.31000448631673394,0.6666666666666666,0.0,0.3333333333333333,2.1175585106314143,0.0,0.0,2,0.6,icmp,tunnel,ikev1,3DES_CBC,CRITICAL_FAIL,0
exp_101_icmp_tunnel_3des_cbc_1789046639,10,0,6,3844.0,0.18809795379638672,20436.16064085989,31.89827363297589,640.6666666666666,436.688549070031,170.0,1094.0,632.0,183.0,196.0,222.0,1081.0,1094.0,1094.0,-0.00012507221773143564,-1.9874306883902884,1.0,0.7145257650758067,0.037619590759277344,0.07500383031179655,0.0,0.18762707710266113,0.0,0.0,0.00016498565673828125,0.0003058910369873047,0.11269860267639162,0.7219280948873623,1.993690922923649,0.9974966410626918,2,3.5,0.3333333333333333,0.34235171696149846,0.6666666666666666,0.6576482830385015,3.0022030192629567,-0.3152965660770031,0.5,0.0,0.5,1.99684645243971,0.0,0.0,2,0.6666666666666666,icmp,tunnel,ikev1,3DES_CBC,CRITICAL_FAIL,0
exp_102_icmp_transport_3des_cbc_1789046683,-1,1,41,23226.0,7.981264114379883,2910.0653313995213,5.13703085281066,566.4878048780488,586.0040423547922,42.0,1478.0,206.0,42.0,94.0,142.0,1078.0,1478.0,1478.0,0.7349431526161162,-1.3286041112493474,1.8471756583009369,0.7860153815285493,0.19953160285949706,0.42041541004541977,8.988380432128906e-05,2.180694103240967,0.00019693374633789062,0.00039774179458618164,0.0039005279541015625,0.24785727262496948,0.49817454814910894,1.2932753107576125,2.107001081630051,0.9796038325899914,18,3.111111111111111,0.5609756097560976,0.5065874451046242,0.43902439024390244,0.4934125548953759,0.7728997409058448,0.013174890209248256,0.6097560975609756,0.04878048780487805,0.34146341463414637,2.0829109983275087,0.0975609756097561,0.24390243902439024,2,0.9259259259259259,icmp,transport,ikev1,3DES_CBC,CRITICAL_FAIL,0
exp_102_icmp_transport_3des_cbc_1789046683,0,0,9,1722.0,0.12714195251464844,13543.916590407896,70.78702050735835,191.33333333333334,62.87907265360851,94.0,278.0,206.0,100.4,106.8,134.0,218.0,278.0,278.0,-0.14351326179791993,-1.1679665260597276,2.725480556997868,0.19969227721102392,0.015892744064331055,0.014012344066934794,0.0011401176452636719,0.03467583656311035,0.0012324094772338868,0.0018652677536010742,0.014988064765930176,0.028861641883850098,0.030912065505981443,1.75,0.8816263814378058,0.0,4,2.75,0.5555555555555556,0.5400696864111498,0.4444444444444444,0.45993031358885017,1.0547572065966064,0.08013937282229965,0.7777777777777778,0.2222222222222222,0.0,0.0,0.0,0.0,0,0.0,icmp,transport,ikev1,3DES_CBC,CRITICAL_FAIL,0
exp_102_icmp_transport_3des_cbc_1789046683,2,0,6,2980.0,0.6614699363708496,4505.117823418778,9.070707027017676,496.6666666666667,411.06474212977963,206.0,1078.0,206.0,206.0,206.0,206.0,860.0,1078.0,1078.0,0.7071067811865469,-1.5000000000000004,0.9182958340544896,0.6123724356957946,0.1322939872741699,0.17183051481830275,0.0001690387725830078,0.4222128391265869,0.00018143653869628906,0.00020003318786621094,0.0004069805145263672,0.2384810447692871,0.34872012138366704,1.3709505944546687,1.2988437306562408,0.9988267758936508,3,2.6666666666666665,0.5,0.5,0.5,0.5,1.0003569115861508,0.0,0.6666666666666666,0.0,0.3333333333333333,2.1213202919541394,0.0,0.0,2,0.6,icmp,transport,ikev1,3DES_CBC,CRITICAL_FAIL,0
exp_102_icmp_transport_3des_cbc_1789046683,3,0,6,2980.0,0.6614699363708496,4505.117823418778,9.070707027017676,496.6666666666667,411.06474212977963,206.0,1078.0,206.0,206.0,206.0,206.0,860.0,1078.0,1078.0,0.7071067811865469,-1.5000000000000004,0.9182958340544896,0.6123724356957946,0.1322939872741699,0.17183051481830275,0.0001690387725830078,0.4222128391265869,0.00018143653869628906,0.00020003318786621094,0.0004069805145263672,0.2384810447692871,0.34872012138366704,1.3709505944546687,1.2988437306562408,0.9988267758936508,3,2.6666666666666665,0.5,0.5,0.5,0.5,1.0003569115861508,0.0,0.6666666666666666,0.0,0.3333333333333333,2.1213202919541394,0.0,0.0,2,0.6,icmp,transport,ikev1,3DES_CBC,CRITICAL_FAIL,0
exp_102_icmp_transport_3des_cbc_1789046683,5,0,12,3976.0,0.7012648582458496,5669.755090745033,17.11193689359668,331.3333333333333,514.7512883800184,42.0,1478.0,142.0,42.0,42.0,42.0,142.0,1344.4000000000005,1478.0,1.75825733090268,1.1464273126535733,0.6500224216483541,0.6355712555372247,0.0637513507496227,0.11338409844479344,8.988380432128906e-05,0.3783879280090332,0.00011491775512695312,0.00024044513702392578,0.0032911300659179688,0.08093249797821045,0.15251708030700684,1.2776134368191154,1.7785085116326393,0.9541202277346414,4,3.5,0.6666666666666666,0.5211267605633803,0.3333333333333333,0.4788732394366197,0.4286944140460074,0.04225352112676056,0.8333333333333334,0.0,0.16666666666666666,2.673135559503066,0.3333333333333333,0.16666666666666666,2,1.0,icmp,transport,ikev1,3DES_CBC,CRITICAL_FAIL,0
exp_102_icmp_transport_3des_cbc_1789046683,6,0,12,6648.0,1.0578908920288086,6284.201943785108,11.343324808276368,554.0,654.6408684665713,42.0,1478.0,142.0,42.0,42.0,42.0,1478.0,1478.0,1478.0,0.694751999381239,-1.5,0.9182958340544896,0.7943369859650818,0.09617189927534624,0.16798754854860393,8.988380432128906e-05,0.49510693550109863,0.00011491775512695312,0.00019502639770507812,0.0032911300659179688,0.08809804916381836,0.3783879280090332,1.2776134368191154,1.7467243871649323,0.9698655613240672,4,3.5,0.6666666666666666,0.5126353790613718,0.3333333333333333,0.48736462093862815,0.42851911271575965,0.02527075812274368,0.6666666666666666,0.0,0.3333333333333333,2.117191341986712,0.3333333333333333,0.3333333333333333,2,1.0,icmp,transport,ikev1,3DES_CBC,CRITICAL_FAIL,0
exp_102_icmp_transport_3des_cbc_1789046683,7,0,6,8068.0,1.0553991794586182,7644.500921574142,5.685052742866244,1344.6666666666667,188.56180831641268,1078.0,1478.0,1478.0,1078.0,1078.0,1178.0,1478.0,1478.0,1478.0,-0.7071067811865488,-1.4999999999999987,0.9182958340544896,0.6123724356957945,0.21107983589172363,0.2580450576929814,0.0002410411834716797,0.5284519195556641,0.00032105445861816404,0.0004410743713378906,0.0004820823669433594,0.5257830619812012,0.5273843765258789,0.9709505944546686,1.222494010898027,0.9988969122352832,3,2.6666666666666665,0.5,0.5,0.5,0.5,0.9997696641726165,0.0,0.0,0.0,1.0,0.0,0.0,0.6666666666666666,2,1.0,icmp,transport,ikev1,3DES_CBC,CRITICAL_FAIL,0
exp_102_icmp_transport_3des_cbc_1789046683,8,0,6,8068.0,0.9600679874420166,8403.571523612818,6.249557404769077,1344.6666666666667,188.56180831641268,1078.0,1478.0,1478.0,1078.0,1078.0,1178.0,1478.0,1478.0,1478.0,-0.7071067811865488,-1.4999999999999987,0.9182958340544896,0.16666666666666666,0.19201359748840333,0.23659886628447213,0.0004410743713378906,0.5284519195556641,0.0004574775695800781,0.0004820823669433594,0.0006010532379150391,0.43009185791015625,0.4891078948974609,1.3709505944546687,1.232192080077461,0.9984123937094732,3,2.6666666666666665,0.5,0.5,0.5,0.5,0.9998312067671463,0.0,0.0,0.0,1.0,0.0,0.0,0.6666666666666666,2,1.0,icmp,transport,ikev1,3DES_CBC,CRITICAL_FAIL,0
exp_102_icmp_transport_3des_cbc_1789046683,9,0,8,6480.0,0.8281691074371338,7824.488913928603,9.659862856701979,810.0,668.0,142.0,1478.0,810.0,142.0,142.0,142.0,1478.0,1478.0,1478.0,0.0,-2.0,1.0,0.7500000000000001,0.11830987249101911,0.14273815178652732,0.0002651214599609375,0.3553950786590576,0.0002830028533935547,0.0003324747085571289,0.0006010532379150391,0.23562145233154297,0.30774960517883304,1.6644977792004614,1.2064669018256329,0.9981511938790757,4,2.75,0.5,0.5,0.5,0.5,1.0004022999309423,0.0,0.5,0.0,0.5,1.9999999700598807,0.0,0.5,2,1.0,icmp,transport,ikev1,3DES_CBC,CRITICAL_FAIL,0
exp_102_icmp_transport_3des_cbc_1789046683,10,0,6,3524.0,0.47217297554016113,7463.36656808573,12.707207550656749,587.3333333333334,629.7964397768184,142.0,1478.0,142.0,142.0,142.0,142.0,1144.0,1478.0,1478.0,0.7071067811865472,-1.5000000000000004,0.9182958340544896,0.6123724356957945,0.09443459510803223,0.11807146510801153,0.0002651214599609375,0.2759859561920166,0.0002770423889160156,0.0002949237823486328,0.000370025634765625,0.19525694847106934,0.2436943531036377,1.3709505944546687,1.2502856044157966,0.998030232721364,3,2.6666666666666665,0.5,0.5,0.5,0.5,1.0002181074506007,0.0,0.6666666666666666,0.0,0.3333333333333333,2.1213203098770084,0.0,0.3333333333333333,2,1.0,icmp,transport,ikev1,3DES_CBC,CRITICAL_FAIL,0
exp_103_icmp_tunnel_aes_gcm_16_256_1789046725,-1,1,91,33527.0,9.135056018829346,3670.1471705147214,9.961624735790249,368.42857142857144,341.58197390664395,42.0,1386.0,182.0,74.0,106.0,139.0,586.0,1042.0,1106.0,1.3685669971024998,0.8472804804921057,2.4078290555721824,0.5702007182430139,0.10150062243143718,0.26795573280684404,0.0,2.232002019882202,0.0,1.6987323760986328e-05,0.00021255016326904297,0.11466425657272339,0.2599064588546754,0.7733225960205407,2.639915760832731,0.9786827693091635,27,3.962962962962963,0.4065934065934066,0.4197810719718436,0.5934065934065934,0.5802189280281564,1.5023945972608246,-0.16043785605631283,0.6373626373626373,0.24175824175824176,0.12087912087912088,2.899458601386004,0.07692307692307693,0.02197802197802198,2,0.48148148148148145,icmp,tunnel,ikev2,AES_GCM_16_256,PASS,0
exp_103_icmp_tunnel_aes_gcm_16_256_1789046725,0,0,4,1608.0,0.05360102653503418,29999.42545781273,74.62543646222072,402.0,109.36178491593853,270.0,514.0,412.0,277.2,284.4,306.0,508.0,511.6,512.8,-0.06935955084097174,-1.9029053366293442,1.5,0.62433452397764,0.017867008845011394,0.008797647034105951,0.010254859924316406,0.030195951461791992,0.010833930969238282,0.011702537536621094,0.013150215148925781,0.021673083305358887,0.02678680419921875,1.584962500721156,0.4923686299026085,0.0,0,1.0,0.5,0.5124378109452736,0.5,0.48756218905472637,1.071550695146456,0.024875621890547265,0.0,1.0,0.0,0.0,0.0,0.0,0,0.0,icmp,tunnel,ikev2,AES_GCM_16_256,PASS,0
exp_103_icmp_tunnel_aes_gcm_16_256_1789046725,2,0,12,4720.0,0.4972400665283203,9492.396767128123,24.13321211981726,393.3333333333333,206.04745947367454,134.0,618.0,394.0,153.8,170.0,191.0,618.0,618.0,618.0,-0.015315662232697168,-1.9011803410689052,2.188721875540867,0.4222659367556642,0.04520364241166548,0.08785236336625506,0.0,0.2401599884033203,0.0,0.0,0.0001671314239501953,0.018281936645507812,0.21995782852172852,1.0957952550009336,1.9434367507259371,0.9253434063299539,4,3.75,0.3333333333333333,0.3474576271186441,0.6666666666666666,0.652542372881356,2.333370981599684,-0.3050847457627119,0.5,0.5,0.0,0.0,0.0,0.0,2,0.5714285714285714,icmp,tunnel,ikev2,AES_GCM_16_256,PASS,0
exp_103_icmp_tunnel_aes_gcm_16_256_1789046725,3,0,24,10579.0,1.295670986175537,8164.881449746966,18.52322098439618,440.7916666666667,203.8167026126389,129.0,618.0,554.0,138.8,167.2,197.0,618.0,618.0,618.0,-0.5106974057189599,-1.6408811984856564,2.1023037954930768,0.49437631602252113,0.05633352113806683,0.09464506468623558,0.0,0.28032898902893066,0.0,0.0,0.0001938343048095703,0.07889091968536377,0.21556830406188968,1.5342190211803406,1.6800544812349745,0.9706598916024067,8,3.875,0.3333333333333333,0.34596842801777106,0.6666666666666666,0.6540315719822289,2.1427881640724653,-0.3080631439644579,0.375,0.625,0.0,0.0,0.0,0.0,2,0.5333333333333333,icmp,tunnel,ikev2,AES_GCM_16_256,PASS,0
exp_103_icmp_tunnel_aes_gcm_16_256_1789046725,4,0,23,8840.0,1.088857889175415,8118.598476330529,21.123050334344136,384.3478260869565,301.2760699447619,74.0,1386.0,202.0,129.9,138.0,156.5,618.0,618.0,618.0,1.4907192694868376,2.622999273206556,1.6949249984065076,0.09721098998322326,0.04949354041706432,0.0787933115910475,0.0,0.2164320945739746,0.0,1.6987323760986328e-05,0.00020802021026611328,0.08538013696670532,0.19748268127441407,1.4320062125405801,1.5919596571075905,0.9939305903370724,7,3.857142857142857,0.391304347826087,0.4599547511312217,0.6086956521739131,0.5400452488687782,1.6247958978589494,-0.08009049773755657,0.5652173913043478,0.391304347826087,0.043478260869565216,4.0683359525822125,0.043478260869565216,0.043478260869565216,2,0.5,icmp,tunnel,ikev2,AES_GCM_16_256,PASS,0
exp_103_icmp_tunnel_aes_gcm_16_256_1789046725,5,0,21,4072.0,1.2620289325714111,3226.550433913755,16.63987208059648,193.9047619047619,272.25004346703133,42.0,1386.0,140.0,42.0,42.0,103.0,174.0,202.0,222.0,3.9565079136244052,14.525913173661326,1.221694907636328,-0.010983768054972726,0.06310144662857056,0.11094737011951014,0.0,0.410459041595459,0.0,4.3272972106933594e-05,0.00026988983154296875,0.06777209043502808,0.20266060829162608,1.5567796494470396,1.7582102762601455,0.9619693300988243,6,3.6666666666666665,0.5238095238095238,0.6203339882121808,0.47619047619047616,0.3796660117878193,1.1096635950954252,0.2406679764243615,0.9523809523809523,0.0,0.047619047619047616,4.597611585599109,0.23809523809523808,0.047619047619047616,2,0.5,icmp,tunnel,ikev2,AES_GCM_16_256,PASS,0
exp_103_icmp_tunnel_aes_gcm_16_256_1789046725,6,0,19,2244.0,1.2231481075286865,1834.6102047559039,15.533687116917191,118.10526315789474,50.03882149401298,42.0,202.0,138.0,42.0,42.0,74.0,147.0,175.6,183.99999999999994,-0.29670259870220017,-1.1051683932920546,2.8000446184790095,0.42757543790017,0.06795267264048259,0.1276175778019804,0.0,0.47736406326293945,0.0,2.473592758178711e-05,0.0001939535140991211,0.046781182289123535,0.21595935821533208,1.386274093895968,1.8780085438083263,0.9649992056925045,6,3.6666666666666665,0.47368421052631576,0.4055258467023173,0.5263157894736842,0.5944741532976827,1.1250165042822724,-0.1889483065953654,1.0,0.0,0.0,0.0,0.3157894736842105,0.0,2,0.5555555555555556,icmp,tunnel,ikev2,AES_GCM_16_256,PASS,0
exp_103_icmp_tunnel_aes_gcm_16_256_1789046725,7,0,17,6474.0,1.1575250625610352,5592.967452191673,14.68650705703714,380.8235294117647,438.15941703960266,74.0,1386.0,154.0,74.0,99.80000000000001,138.0,206.0,1106.0,1161.9999999999998,1.3115934267282956,-0.10455696532217074,1.439254017211876,0.5938902588763671,0.0723453164100647,0.14597282364675473,0.0,0.49629998207092285,0.0,2.0623207092285156e-05,0.0001779794692993164,0.03957474231719971,0.28282248973846436,1.311278124459133,2.0176953145668,0.9608680678853111,5,3.8,0.4117647058823529,0.5026258881680569,0.5882352941176471,0.49737411183194313,2.6604965474778246,0.005251776336113685,0.7647058823529411,0.0,0.23529411764705882,2.325461952986766,0.11764705882352941,0.058823529411764705,2,0.5,icmp,tunnel,ikev2,AES_GCM_16_256,PASS,0
exp_103_icmp_tunnel_aes_gcm_16_256_1789046725,8,0,14,6253.0,0.9968969821929932,6272.463566139532,14.04357747096649,446.64285714285717,457.40113797454444,107.0,1386.0,176.0,126.5,138.5,145.75,833.0,1106.0,1204.0,1.0252877139243728,-0.7925121459539066,1.2916919971380596,0.5434880268107891,0.07668438324561486,0.14589663686106485,0.0,0.49629998207092285,0.0,2.2172927856445312e-05,0.0002269744873046875,0.03600502014160156,0.2456931591033936,1.1451104143815827,1.902535146675527,0.954628106308844,4,3.75,0.42857142857142855,0.5021589636974252,0.5714285714285714,0.49784103630257476,1.399905442479312,0.004317927394850472,0.7142857142857143,0.0,0.2857142857142857,2.1834225917937142,0.0,0.07142857142857142,2,0.5,icmp,tunnel,ikev2,AES_GCM_16_256,PASS,0
exp_103_icmp_tunnel_aes_gcm_16_256_1789046725,9,0,12,3259.0,1.0261759757995605,3175.8685419045214,11.693900737298023,271.5833333333333,190.23777154451273,107.0,618.0,178.0,123.5,137.5,144.25,296.0,611.6,618.0,1.1051121410550178,-0.6418065144844878,2.188721875540867,0.6985716014958298,0.09328872507268732,0.2231127321424398,0.0,0.7594900131225586,0.0,0.0,0.0001499652862548828,0.004253506660461426,0.25769996643066406,0.8658566174572235,2.391610994336193,0.9912432209891326,4,3.75,0.3333333333333333,0.3424363301626266,0.6666666666666666,0.6575636698373735,2.3336015447534098,-0.3151273396747469,0.75,0.25,0.0,0.0,0.0,0.0,2,0.5714285714285714,icmp,tunnel,ikev2,AES_GCM_16_256,PASS,0
exp_103_icmp_tunnel_aes_gcm_16_256_1789046725,10,0,18,9688.0,1.0547490119934082,9185.123560049893,17.065671354345383,538.2222222222222,418.0266545934807,103.0,1106.0,382.0,105.55,128.4,167.0,1042.0,1106.0,1106.0,0.3565294487569173,-1.6380264911470894,1.8638263900908156,0.7683720451822793,0.06204405952902401,0.1383127467945318,0.0,0.5255820751190186,0.0,0.0,0.00019121170043945312,0.008267879486083984,0.2245987892150879,1.2577148214953864,2.2292306243953326,0.9911260058346206,6,3.8333333333333335,0.3333333333333333,0.342691990090834,0.6666666666666666,0.6573080099091659,2.1998910098461844,-0.314616019818332,0.5,0.16666666666666666,0.3333333333333333,2.225270062920119,0.0,0.0,2,0.5454545454545454,icmp,tunnel,ikev2,AES_GCM_16_256,PASS,0
exp_103_icmp_tunnel_aes_gcm_16_256_1789046725,11,0,13,7535.0,0.6910078525543213,10904.36233415692,18.813100244729924,579.6153846153846,468.51574777926066,103.0,1106.0,174.0,104.8,112.4,166.0,1106.0,1106.0,1106.0,0.15373708697407326,-1.9605287565260112,0.9957274520849255,0.6668166211322141,0.05758398771286011,0.09290895566870037,0.0,0.2724649906158447,0.0,1.71661376953125e-05,0.00020241737365722656,0.08358079195022583,0.1904552698135376,1.584962500721156,1.6134232090484857,0.9987844585975834,4,3.75,0.38461538461538464,0.3575315195753152,0.6153846153846154,0.6424684804246849,2.323572219313149,-0.2849369608493696,0.5384615384615384,0.0,0.46153846153846156,2.0019654950309986,0.0,0.0,2,0.5,icmp,tunnel,ikev2,AES_GCM_16_256,PASS,0
exp_104_icmp_transport_aes_gcm_16_128_1789046768,-1,1,28,11196.0,8.086074113845825,1384.6026937632234,3.462743428489662,399.85714285714283,405.9802699538941,42.0,1418.0,206.0,42.0,42.0,106.0,590.0,838.4000000000005,1418.0,1.508813071270525,1.4075209245447482,2.0641893753728278,-0.09843926065929133,0.2994842264387343,0.5337636315226418,7.200241088867188e-05,2.235395908355713,0.00020089149475097657,0.0003160238265991211,0.019123077392578125,0.3346710205078125,1.1435261726379395,1.6045671308315566,1.7822703238813482,0.9851507511929739,9,3.111111111111111,0.6785714285714286,0.7111468381564845,0.32142857142857145,0.28885316184351556,0.4453650428636298,0.42229367631296894,0.5357142857142857,0.35714285714285715,0.10714285714285714,3.200812282838573,0.14285714285714285,0.10714285714285714,5,0.6842105263157895,icmp,transport,ikev2,AES_GCM_16_128,PASS,0
exp_104_icmp_transport_aes_gcm_16_128_1789046768,0,0,4,1624.0,0.10540008544921875,15407.957148027506,37.950633369525875,406.0,104.65180361560904,286.0,514.0,412.0,290.8,295.6,310.0,508.0,511.6,512.8,-0.032665979665104164,-1.9508254627003763,1.5,0.5790099088852613,0.03513336181640625,0.031301836895492256,0.009269952774047852,0.0791780948638916,0.01080636978149414,0.013110995292663574,0.016952037811279297,0.04806506633758545,0.06673288345336914,1.584962500721156,0.8909180436821149,0.7512147122692725,0,1.0,0.5,0.5073891625615764,0.5,0.49261083743842365,1.0868419190749625,0.014778325123152709,0.0,1.0,0.0,0.0,0.0,0.0,0,0.0,icmp,transport,ikev2,AES_GCM_16_128,PASS,0
exp_104_icmp_transport_aes_gcm_16_128_1789046768,2,0,4,1464.0,0.26442813873291016,5536.475834286065,15.126983153787062,366.0,224.0,142.0,590.0,366.0,142.0,142.0,142.0,590.0,590.0,590.0,0.0,-2.0,1.0,0.4999999999999999,0.08814271291097005,0.12428627971492778,0.0002529621124267578,0.26391005516052246,0.00025539398193359376,0.00025904178619384766,0.0002651214599609375,0.1320875883102417,0.21118106842041018,0.9182958340544896,1.4100413473671536,0.9980407396320594,2,2.5,0.5,0.5,0.5,0.5,1.000042244010556,0.0,0.5,0.5,0.0,0.0,0.0,0.0,2,0.6666666666666666,icmp,transport,ikev2,AES_GCM_16_128,PASS,0
exp_104_icmp_transport_aes_gcm_16_128_1789046768,3,0,8,4156.0,1.0388081073760986,4000.738895364943,7.701133581068225,519.5,402.0643605195566,94.0,1418.0,590.0,110.8,127.60000000000001,142.0,590.0,838.3999999999999,1128.1999999999996,1.0426284899166824,0.4689980387832602,1.4056390622295665,-0.1905095868443133,0.14840115819658553,0.17185077795254988,0.0001571178436279297,0.43134093284606934,0.00021462440490722657,0.00025904178619384766,0.019123077392578125,0.2938344478607178,0.36679167747497565,1.6644977792004614,1.1580072691726113,0.9809413512774734,3,2.6666666666666665,0.625,0.6819056785370549,0.375,0.31809432146294514,0.7466316347786033,0.3638113570741097,0.375,0.5,0.125,3.213415797899348,0.0,0.125,3,0.5714285714285714,icmp,transport,ikev2,AES_GCM_16_128,PASS,0
exp_104_icmp_transport_aes_gcm_16_128_1789046768,4,0,6,3872.0,1.4541950225830078,2662.6414888440318,4.125994042630214,645.3333333333334,390.13444975916815,94.0,1418.0,590.0,218.0,342.0,590.0,590.0,1004.0,1211.0,0.8224576393273483,0.22925411470385226,1.2516291673878228,-0.4757630982704514,0.29083900451660155,0.4281107767096552,0.0001571178436279297,1.1109209060668945,0.00018830299377441405,0.00023508071899414062,0.019123077392578125,0.3237588405609131,0.796056079864502,1.3709505944546687,1.4719803674230039,0.9865800146114265,2,2.5,0.6666666666666666,0.6952479338842975,0.3333333333333333,0.3047520661157025,0.3333152313703325,0.390495867768595,0.16666666666666666,0.6666666666666666,0.16666666666666666,3.393701753024615,0.0,0.16666666666666666,3,0.8,icmp,transport,ikev2,AES_GCM_16_128,PASS,0
exp_104_icmp_transport_aes_gcm_16_128_1789046768,5,0,8,2860.0,0.6074609756469727,4708.121368543838,13.169570261661086,357.5,461.0268430362813,42.0,1418.0,68.0,42.0,42.0,42.0,590.0,838.3999999999999,1128.1999999999996,1.3699495767488157,0.6390106796785098,1.2987949406953985,-0.19358697537315883,0.08678013937813896,0.18685312615978586,7.200241088867188e-05,0.5435390472412109,0.00016984939575195315,0.0019240379333496094,0.004398822784423828,0.027801513671875,0.23836402893066425,0.5916727785823275,2.1531536402811513,0.8947719590749315,3,3.0,0.875,0.7937062937062938,0.125,0.2062937062937063,1.0,0.5874125874125874,0.625,0.25,0.125,2.9620834253065333,0.5,0.125,3,1.0,icmp,transport,ikev2,AES_GCM_16_128,PASS,0
exp_104_icmp_transport_aes_gcm_16_128_1789046768,6,0,6,1680.0,0.06368684768676758,26379.07293296696,94.21097476059629,280.0,509.28315634166944,42.0,1418.0,42.0,42.0,42.0,42.0,81.0,756.0,1087.0,1.7833473357767486,1.189852827574474,0.6500224216483541,-0.21408729334028695,0.012737369537353516,0.013177476015802173,7.200241088867188e-05,0.03491401672363281,0.0014883995056152344,0.003612995147705078,0.004398822784423828,0.020689010620117188,0.029224014282226565,1.9219280948873623,1.0344711681633225,0.0,2,3.5,1.0,1.0,0.0,0.0,1.0,1.0,0.8333333333333334,0.0,0.16666666666666666,2.6814159396029242,0.6666666666666666,0.16666666666666666,2,1.0,icmp,transport,ikev2,AES_GCM_16_128,PASS,0
exp_104_icmp_transport_aes_gcm_16_128_1789046768,7,0,4,632.0,0.15474891662597656,4084.035053554041,25.84832312375975,158.0,48.0,110.0,206.0,158.0,110.0,110.0,110.0,206.0,206.0,206.0,0.0,-2.0,1.0,0.5000000000000001,0.05158297220865885,0.07257967784747961,0.00015592575073242188,0.15422606468200684,0.00019812583923339844,0.0002614259719848633,0.0003669261932373047,0.07729649543762207,0.12345423698425294,0.9182958340544896,1.407019947085355,0.9966212885015961,2,2.5,0.5,0.5,0.5,0.5,1.0013602563463517,0.0,1.0,0.0,0.0,0.0,0.0,0.0,2,0.6666666666666666,icmp,transport,ikev2,AES_GCM_16_128,PASS,0
exp_104_icmp_transport_aes_gcm_16_128_1789046768,8,0,6,2144.0,0.5097091197967529,4206.320657662399,11.771419750920892,357.3333333333333,476.5342473410373,94.0,1418.0,158.0,98.0,102.0,110.0,206.0,812.0,1115.0,1.7524142763539499,1.1337306681856845,1.4591479170272448,-0.258018086915699,0.10194182395935059,0.13515978487008043,0.00015592575073242188,0.3455832004547119,0.000240325927734375,0.0003669261932373047,0.009377002716064453,0.15422606468200684,0.2690403461456299,1.3709505944546687,1.3258391284508169,0.9805774425539379,2,2.5,0.6666666666666666,0.8526119402985075,0.3333333333333333,0.14738805970149255,1.1005295302028328,0.7052238805970149,0.8333333333333334,0.0,0.16666666666666666,2.6709517319950113,0.0,0.16666666666666666,3,0.6,icmp,transport,ikev2,AES_GCM_16_128,PASS,0
exp_104_icmp_transport_aes_gcm_16_128_1789046768,9,0,4,1924.0,1.2953219413757324,1485.345023922441,3.0880353927701476,481.0,542.9060692237655,94.0,1418.0,206.0,110.80000000000001,127.60000000000001,178.0,509.0,1054.4,1236.1999999999996,1.1297070567516636,-0.6843417411280401,1.5,-0.997087083874338,0.43177398045857746,0.6038389365552834,0.0002300739288330078,1.285714864730835,0.002059459686279297,0.0048035383224487305,0.009377002716064453,0.6475459337234497,1.030447292327881,0.9182958340544896,1.3985037667397058,0.9925832518248753,1,3.0,0.75,0.8929313929313929,0.25,0.10706860706860707,1.0,0.7858627858627859,0.75,0.0,0.25,2.301196065292916,0.0,0.25,3,1.0,icmp,transport,ikev2,AES_GCM_16_128,PASS,0
exp_105_icmp_tunnel_aes_cbc_256_1789046811,-1,1,47,18942.0,8.213737964630127,2306.136387789305,5.722120696130152,403.02127659574467,374.15160707822884,42.0,1114.0,234.0,42.0,74.0,138.0,618.0,1114.0,1114.0,0.9699906731737286,-0.5842667550436693,2.558506919418083,0.6188616763886675,0.17855952097022015,0.38774973219002845,0.0,2.244757890701294,0.0,0.0,0.0002275705337524414,0.2857120633125305,0.4750039577484131,1.3496489125787519,2.1715311429601862,0.9898274687284059,14,3.9285714285714284,0.40425531914893614,0.36923239362263754,0.5957446808510638,0.6307676063773625,1.5018920482463467,-0.26153521275472497,0.5957446808510638,0.2127659574468085,0.19148936170212766,2.538313994552953,0.1702127659574468,0.0,2,0.84,icmp,tunnel,ikev2,AES_CBC_256,PASS,0
exp_105_icmp_tunnel_aes_cbc_256_1789046811,0,0,4,1624.0,0.09264206886291504,17529.833043809464,43.176928679333656,406.0,104.65180361560904,286.0,514.0,412.0,290.8,295.6,310.0,508.0,511.6,512.8,-0.032665979665104164,-1.9508254627003763,1.5,0.5790099088852613,0.03088068962097168,0.02724954851877194,0.010506153106689453,0.06939578056335449,0.010952949523925781,0.011623144149780273,0.012740135192871094,0.04106795787811279,0.05806465148925782,0.9182958340544896,0.8823852856893827,0.7490741670076615,0,1.0,0.5,0.5073891625615764,0.5,0.49261083743842365,0.9727895542996178,0.014778325123152709,0.0,1.0,0.0,0.0,0.0,0.0,0,0.0,icmp,tunnel,ikev2,AES_CBC_256,PASS,0
exp_105_icmp_tunnel_aes_cbc_256_1789046811,2,0,6,796.0,0.5816681385040283,1368.4779125898217,10.31516014514941,132.66666666666666,34.149995932975195,74.0,170.0,138.0,82.0,90.0,114.0,162.0,170.0,170.0,-0.4875668663839401,-1.0101130279595485,1.9182958340544896,0.1048284836721918,0.11633362770080566,0.2324497190462555,0.0,0.581233024597168,0.0,0.0,0.0002009868621826172,0.00023412704467773438,0.3488334655761719,0.7219280948873623,1.9981128890022286,0.999251955061559,2,3.5,0.3333333333333333,0.3869346733668342,0.6666666666666666,0.6130653266331658,3.000155512197716,-0.22613065326633167,1.0,0.0,0.0,0.0,0.16666666666666666,0.0,2,0.6666666666666666,icmp,tunnel,ikev2,AES_CBC_256,PASS,0
exp_105_icmp_tunnel_aes_cbc_256_1789046811,3,0,12,4416.0,1.2004292011260986,3678.684253813085,9.996424602752949,368.0,418.21366150170974,74.0,1114.0,138.0,74.0,77.2,130.0,388.0,1106.8,1114.0,1.1432530184995087,-0.6580521554238326,1.384431504340598,0.7226968407407028,0.10912992737509987,0.19026733079189467,0.0,0.581233024597168,0.0,0.0,0.00022101402282714844,0.14909958839416504,0.3203408718109131,1.0957952550009336,1.7434776315784108,0.9992409083280619,4,3.75,0.3333333333333333,0.3532608695652174,0.6666666666666666,0.6467391304347826,2.333278935314601,-0.29347826086956524,0.75,0.0,0.25,2.3018536510534213,0.16666666666666666,0.0,2,0.5714285714285714,icmp,tunnel,ikev2,AES_CBC_256,PASS,0
exp_105_icmp_tunnel_aes_cbc_256_1789046811,4,0,9,4258.0,0.6019730567932129,7073.406279481856,14.950835254893542,473.1111111111111,439.09311704022275,74.0,1114.0,234.0,99.6,125.2,138.0,1042.0,1114.0,1114.0,0.6779629514165894,-1.4823886022961201,1.584962500721156,0.4607194640359466,0.07524663209915161,0.13015188827546298,0.0,0.30338382720947266,0.0,0.0,0.00019502639770507812,0.07467734813690186,0.2995759963989258,0.8112781244591328,1.729647626704926,0.9989282565593788,3,3.6666666666666665,0.3333333333333333,0.34899013621418506,0.6666666666666666,0.6510098637858149,2.5001951587056954,-0.30201972757162987,0.6666666666666666,0.0,0.3333333333333333,2.1073737582063523,0.1111111111111111,0.0,2,0.6,icmp,tunnel,ikev2,AES_CBC_256,PASS,0
exp_105_icmp_tunnel_aes_cbc_256_1789046811,5,0,7,806.0,1.2506330013275146,644.4736378653464,5.597165589401272,115.14285714285714,86.73675867890411,42.0,234.0,42.0,42.0,42.0,42.0,202.0,234.0,234.0,0.42866430504504704,-1.6807407407407402,1.3787834934861753,0.832870755815962,0.20843883355458578,0.44042866025911015,0.0,1.1926500797271729,3.147125244140625e-05,8.946657180786133e-05,0.006914019584655762,0.036483705043792725,0.6183710098266602,0.6500224216483541,2.1129774129462238,0.9536371409208022,2,3.0,0.7142857142857143,0.4987593052109181,0.2857142857142857,0.5012406947890818,312658.25033187866,-0.0024813895781637717,1.0,0.0,0.0,0.0,0.5714285714285714,0.0,2,1.0,icmp,tunnel,ikev2,AES_CBC_256,PASS,0
exp_105_icmp_tunnel_aes_cbc_256_1789046811,6,0,10,1156.0,0.8067629337310791,1432.8868514741819,12.395214978150362,115.6,74.43010143752325,42.0,234.0,106.0,42.0,42.0,42.0,162.0,234.0,234.0,0.44535079196279437,-1.2969273714385283,2.1219280948873624,0.5535364382667753,0.0896403259701199,0.1638922430050743,0.0,0.5001840591430664,0.0,6.29425048828125e-05,0.00014209747314453125,0.04409193992614746,0.2988327026367188,0.9864267287308424,1.8283112306895641,0.92800361958964,3,3.6666666666666665,0.6,0.4671280276816609,0.4,0.532871972318339,1.9464791574163451,-0.0657439446366782,1.0,0.0,0.0,0.0,0.5,0.0,2,1.0,icmp,tunnel,ikev2,AES_CBC_256,PASS,0
exp_105_icmp_tunnel_aes_cbc_256_1789046811,7,0,12,4896.0,1.0246191024780273,4778.361039882128,11.711669215397373,408.0,396.9231663685051,74.0,1114.0,234.0,109.2,138.0,162.0,436.0,1106.8,1114.0,1.1113492622378935,-0.6780671747664706,1.5,0.5245871436245494,0.09314719113436612,0.15859157475793167,0.0,0.4572129249572754,0.0,0.0,0.00014209747314453125,0.12434446811676025,0.31829404830932617,1.2776134368191154,1.7025727802825883,0.9993975656907029,4,3.75,0.3333333333333333,0.35130718954248363,0.6666666666666666,0.6486928104575164,2.3331669775216435,-0.2973856209150327,0.75,0.0,0.25,2.290955498373581,0.08333333333333333,0.0,2,1.0,icmp,tunnel,ikev2,AES_CBC_256,PASS,0
exp_105_icmp_tunnel_aes_cbc_256_1789046811,8,0,12,7488.0,1.3124568462371826,5705.330443029892,9.143157761265853,624.0,312.9408889870418,170.0,1114.0,618.0,205.2,234.0,474.0,724.0,1106.8,1114.0,0.25949068118963164,-0.9613434656870568,1.9591479170272446,0.5981272788583483,0.11931425874883478,0.19498359564213993,0.0,0.4572129249572754,0.0,0.0,0.00015497207641601562,0.20448541641235352,0.4457709789276123,1.0957952550009336,1.6341882646593524,0.9994186936848154,4,3.75,0.3333333333333333,0.3450854700854701,0.6666666666666666,0.6549145299145299,2.3331292768970084,-0.30982905982905984,0.25,0.5,0.25,2.8035112577907624,0.0,0.0,2,1.0,icmp,tunnel,ikev2,AES_CBC_256,PASS,0
exp_105_icmp_tunnel_aes_cbc_256_1789046811,9,0,12,7200.0,1.1883788108825684,6058.6741652291885,10.09779027538198,600.0,345.5488388057468,74.0,1114.0,618.0,109.2,138.0,450.0,724.0,1106.8,1114.0,0.03033452793159264,-0.9809089453465583,1.9591479170272446,0.5648816056552018,0.10803443735296075,0.18468203512863637,0.0,0.4927949905395508,0.0,0.0,0.00015497207641601562,0.12463843822479248,0.4457709789276123,1.0957952550009336,1.7094579302276975,0.999329511024548,4,3.75,0.3333333333333333,0.34555555555555556,0.6666666666666666,0.6544444444444445,2.3333650012022145,-0.3088888888888889,0.25,0.5,0.25,2.816774926894637,0.08333333333333333,0.0,2,1.0,icmp,tunnel,ikev2,AES_CBC_256,PASS,0
exp_105_icmp_tunnel_aes_cbc_256_1789046811,10,0,6,3620.0,0.4931759834289551,7340.179006347503,12.166042551957187,603.3333333333334,487.7248769086477,74.0,1114.0,590.0,90.0,106.0,138.0,1096.0,1114.0,1114.0,0.0013184589467394212,-1.982868276429047,1.0,0.7233589119790469,0.09863519668579102,0.19707991883107528,0.0,0.4927949905395508,0.0,0.0,0.00013184547424316406,0.0002491474151611328,0.29577665328979497,0.7219280948873623,1.99804864190861,0.999227470715919,2,3.5,0.3333333333333333,0.34585635359116024,0.6666666666666666,0.6541436464088398,3.000695648341206,-0.3082872928176796,0.5,0.0,0.5,1.995660585422703,0.16666666666666666,0.0,2,1.0,icmp,tunnel,ikev2,AES_CBC_256,PASS,0
exp_106_mixed_tunnel_aes_gcm_16_256_1789046857,-1,1,69,12109.0,7.357397079467773,1645.8266244447354,9.37831671374075,175.4927536231884,83.92035962199058,42.0,362.0,166.0,46.800000000000004,54.0,118.0,221.0,292.0,336.4,0.3967350010710567,-0.4640754166816299,3.2980533647040926,0.5041305495624175,0.10819701587452608,0.18970068786647276,2.1457672119140625e-06,0.8043398857116699,1.0848045349121094e-05,1.6927719116210938e-05,0.00013554096221923828,0.12686651945114136,0.43840534687042243,1.6960926207855835,1.7532732586008122,0.992167706444375,18,4.333333333333333,0.4492753623188406,0.46890742422991166,0.5507246376811594,0.5310925757700884,1.2333255722031853,-0.06218515154017673,0.7971014492753623,0.2028985507246377,0.0,0.0,0.14492753623188406,0.0,2,0.5777777777777777,mixed,tunnel,ikev2,AES_GCM_16_256,PASS,1
exp_106_mixed_tunnel_aes_gcm_16_256_1789046857,0,0,18,3675.0,0.8815710544586182,4168.694039366861,20.418093254041768,204.16666666666666,77.11553381489072,54.0,346.0,202.5,106.7,117.4,141.0,269.0,292.8,322.19999999999993,0.020305873574537087,-0.8630758479109524,3.3082708345352603,0.5247783892013882,0.05185712085050695,0.1239041520331049,2.1457672119140625e-06,0.4337310791015625,5.769729614257813e-06,1.1205673217773438e-05,4.482269287109375e-05,0.00013899803161621094,0.20401511192321786,0.951994081908783,2.389291204559597,0.9988019181209749,4,5.25,0.3333333333333333,0.3461224489795918,0.6666666666666666,0.6538775510204081,2.1998225961004714,-0.30775510204081635,0.6666666666666666,0.3333333333333333,0.0,0.0,0.05555555555555555,0.0,2,0.45454545454545453,mixed,tunnel,ikev2,AES_GCM_16_256,PASS,1
exp_106_mixed_tunnel_aes_gcm_16_256_1789046857,1,0,16,1892.0,1.238515853881836,1527.634865609489,12.918688081264177,118.25,55.717479304074764,42.0,210.0,128.0,42.0,42.0,51.0,156.0,180.0,189.0,-0.19282573621589694,-1.2841218221271335,2.727217001462482,0.46475272393253286,0.0825677235921224,0.20577325235113994,1.0013580322265625e-05,0.8043398857116699,1.5401840209960936e-05,1.6450881958007812e-05,0.00013685226440429688,0.030450940132141113,0.2049174308776855,1.0389205950315936,2.49214525063546,0.9993225803470914,5,4.0,0.5,0.4143763213530655,0.5,0.5856236786469344,0.9999839511770301,-0.17124735729386892,1.0,0.0,0.0,0.0,0.3125,0.0,2,0.5714285714285714,mixed,tunnel,ikev2,AES_GCM_16_256,PASS,1
exp_106_mixed_tunnel_aes_gcm_16_256_1789046857,2,0,20,2560.0,1.3128149509429932,1950.0082613784643,15.234439542019253,128.0,74.08373640685248,42.0,358.0,128.0,42.0,42.0,54.0,156.0,184.80000000000004,217.4000000000001,1.200244429506641,2.215852672923285,2.5709505944546684,0.23261915505470349,0.06909552373384174,0.13053849576582185,1.0013580322265625e-05,0.45313405990600586,1.4829635620117188e-05,1.6927719116210938e-05,0.00013685226440429688,0.07696998119354248,0.2898208141326904,1.61078454839968,1.8892194384286713,0.9992383332319351,6,4.0,0.5,0.5,0.5,0.5,1.0765826587262628,0.0,0.95,0.05,0.0,0.0,0.3,0.0,2,0.5,mixed,tunnel,ikev2,AES_GCM_16_256,PASS,1
exp_106_mixed_tunnel_aes_gcm_16_256_1789046857,3,0,12,2223.0,0.7927060127258301,2804.318327744109,15.138020662586282,185.25,85.04814812798689,54.0,358.0,166.5,88.1,116.2,133.0,213.0,327.6,347.0,0.7832249115080847,-0.15226090060448083,2.688721875540867,-0.18144896828819032,0.07206418297507546,0.09843724899741801,1.4066696166992188e-05,0.3315160274505615,1.4781951904296875e-05,6.99758529663086e-05,0.00016188621520996094,0.11947906017303467,0.12794208526611328,1.6171895725927152,1.3659473955885693,0.9994174173270974,3,3.6666666666666665,0.5,0.6081871345029239,0.5,0.391812865497076,1.43183389838931,0.21637426900584794,0.8333333333333334,0.16666666666666666,0.0,0.0,0.08333333333333333,0.0,2,0.625,mixed,tunnel,ikev2,AES_GCM_16_256,PASS,1
exp_106_mixed_tunnel_aes_gcm_16_256_1789046857,4,0,8,1650.0,0.9809870719909668,1681.979352338696,8.155051405278526,206.25,56.393151179908365,147.0,338.0,194.0,152.25,157.5,168.75,216.0,265.2,301.59999999999997,1.3630757824800424,0.9543733290628738,2.5,-0.45831673445849325,0.14014101028442383,0.251089340610121,1.4781951904296875e-05,0.7417268753051758,1.621246337890625e-05,7.414817810058594e-05,0.00013899803161621094,0.11947906017303467,0.37236337661743185,1.3787834934861753,1.7916778851717992,0.9996920689901564,2,3.5,0.5,0.5381818181818182,0.5,0.4618181818181818,0.9999714189781918,0.07636363636363637,0.875,0.125,0.0,0.0,0.0,0.0,2,0.6,mixed,tunnel,ikev2,AES_GCM_16_256,PASS,1
exp_106_mixed_tunnel_aes_gcm_16_256_1789046857,5,0,13,1812.0,1.122314214706421,1614.5211173984726,11.583208899657917,139.3846153846154,46.60891044150655,54.0,210.0,138.0,54.0,66.80000000000001,118.0,182.0,194.8,202.79999999999998,-0.42632807171595133,-0.5516175447877716,2.7773627950641693,0.027391621628139923,0.09352618455886841,0.17208152499604373,6.9141387939453125e-06,0.47773194313049316,9.870529174804689e-06,1.7702579498291016e-05,0.000102996826171875,0.05995136499404907,0.42161309719085704,1.0408520829727552,1.8399091751525056,0.9795537892311285,4,3.75,0.38461538461538464,0.4470198675496689,0.6153846153846154,0.5529801324503312,1.7500716243911074,-0.10596026490066225,1.0,0.0,0.0,0.0,0.15384615384615385,0.0,2,0.875,mixed,tunnel,ikev2,AES_GCM_16_256,PASS,1
exp_106_mixed_tunnel_aes_gcm_16_256_1789046857,6,0,11,1455.0,1.1448490619659424,1270.90989400949,9.608253494229823,132.27272727272728,45.36737095212194,54.0,198.0,138.0,54.0,54.0,118.0,168.0,182.0,190.0,-0.41546724042948185,-0.7187314686982198,2.481714572986073,-0.21989465593094407,0.11448490619659424,0.18712241779157437,6.9141387939453125e-06,0.47773194313049316,8.845329284667969e-06,2.765655517578125e-05,0.000102996826171875,0.13486593961715698,0.47257587909698484,1.1567796494470395,1.634458109369806,0.980092651886931,3,3.6666666666666665,0.45454545454545453,0.5567010309278351,0.5454545454545454,0.44329896907216493,2.127269699218508,0.1134020618556701,1.0,0.0,0.0,0.0,0.18181818181818182,0.0,2,0.8571428571428571,mixed,tunnel,ikev2,AES_GCM_16_256,PASS,1
exp_106_mixed_tunnel_aes_gcm_16_256_1789046857,7,0,8,1427.0,0.8845629692077637,1613.2260219733778,9.044014138603378,178.375,71.21084450419052,54.0,286.0,176.0,76.4,98.80000000000001,133.0,230.25,266.4,276.2,-0.13205576326457452,-0.8956182592466879,2.75,0.3134621414481009,0.12636613845825195,0.19155459547366113,1.5974044799804688e-05,0.4734809398651123,1.7833709716796874e-05,7.748603820800781e-05,0.00017905235290527344,0.20536601543426514,0.4166183948516846,1.1488348542809166,1.5158576652975744,0.963403399237654,2,4.0,0.5,0.524176594253679,0.5,0.4758234057463209,2.3343880549142817,0.04835318850735809,0.75,0.25,0.0,0.0,0.125,0.0,2,0.8,mixed,tunnel,ikev2,AES_GCM_16_256,PASS,1
exp_106_mixed_tunnel_aes_gcm_16_256_1789046857,8,0,12,2769.0,1.1821000576019287,2342.441303672162,10.151424934657259,230.75,89.6206123984135,54.0,362.0,248.0,89.2,120.0,162.0,292.5,330.6,346.59999999999997,-0.4500055342329797,-0.8287688924911856,3.0220552088742,0.6340270359335971,0.10746364160017534,0.14939199801490016,1.5020370483398438e-05,0.3983469009399414,1.5974044799804688e-05,5.412101745605469e-05,0.00017905235290527344,0.18628346920013428,0.3787100315093994,1.3092966682370037,1.3901502465407787,0.9725267023349933,3,3.6666666666666665,0.5,0.5157096424702059,0.5,0.48429035752979416,1.0000225976040211,0.0314192849404117,0.5,0.5,0.0,0.0,0.08333333333333333,0.0,2,0.625,mixed,tunnel,ikev2,AES_GCM_16_256,PASS,1
exp_106_mixed_tunnel_aes_gcm_16_256_1789046857,9,0,5,1524.0,0.5851621627807617,2604.4062602369345,8.544639961407265,304.8,42.02094715734047,238.0,362.0,300.0,248.4,258.8,290.0,334.0,350.8,356.4,-0.24092990807509243,-0.9863406274841271,2.321928094887362,0.3499903125369593,0.14629054069519043,0.1642692889960906,1.5020370483398438e-05,0.3983469009399414,3.726482391357422e-05,7.063150405883789e-05,0.09340012073516846,0.23962002992630005,0.3348561525344849,1.5,1.1228898691986449,0.9998219486397202,1,4.0,0.6,0.5656167979002624,0.4,0.4343832020997375,18259.814105671812,0.13123359580052493,0.2,0.8,0.0,0.0,0.0,0.0,2,0.3333333333333333,mixed,tunnel,ikev2,AES_GCM_16_256,PASS,1
exp_107_mixed_transport_aes_gcm_16_128_1789046907,-1,1,42,8256.0,9.981597900390625,827.1220782873758,4.207743130822406,196.57142857142858,125.79899743281757,42.0,514.0,110.0,42.0,90.0,90.0,306.0,341.2,353.59999999999997,0.6635858398950947,-0.47296188894936186,2.434700530286099,0.5581285269121302,0.2434536073266006,0.44808027775295245,1.0967254638671875e-05,2.184616804122925,4.792213439941406e-05,0.0001327991485595703,0.0004050731658935547,0.23721599578857422,0.813060998916626,1.504829922412742,1.8405085148043276,0.9948420020362178,17,3.235294117647059,0.5476190476190477,0.5089631782945736,0.4523809523809524,0.49103682170542634,0.8190233642518454,0.017926356589147287,0.5952380952380952,0.40476190476190477,0.0,0.0,0.09523809523809523,0.0,2,0.48484848484848486,mixed,transport,ikev2,AES_GCM_16_128,PASS,1
exp_107_mixed_transport_aes_gcm_16_128_1789046907,0,0,4,1624.0,0.036219120025634766,44838.19592664271,110.4389062232579,406.0,104.65180361560904,286.0,514.0,412.0,290.8,295.6,310.0,508.0,511.6,512.8,-0.032665979665104164,-1.9508254627003763,1.5,0.5790099088852613,0.012073040008544922,0.0027663098649137255,0.009826183319091797,0.01596999168395996,0.009945535659790039,0.010124564170837402,0.010422945022583008,0.013196468353271484,0.014860582351684571,0.9182958340544896,0.22911219964121204,0.0,0,1.0,0.5,0.5073891625615764,0.5,0.49261083743842365,1.023094067603167,0.014778325123152709,0.0,1.0,0.0,0.0,0.0,0.0,0,0.0,mixed,transport,ikev2,AES_GCM_16_128,PASS,1
exp_107_mixed_transport_aes_gcm_16_128_1789046907,1,0,4,744.0,0.001,744000.0,4000.0,186.0,86.85620300243386,90.0,286.0,184.0,93.0,96.0,105.0,265.0,277.6,281.8,0.01889985288819099,-1.92302605906782,2.0,-0.9984476487986806,2.868970235188802e-05,1.5124501623747786e-05,1.0967254638671875e-05,4.792213439941406e-05,1.4209747314453125e-05,1.9073486328125e-05,2.7179718017578125e-05,3.7550926208496094e-05,4.3773651123046874e-05,1.584962500721156,0.5094191058060908,0.0,1,4.0,0.5,0.4946236559139785,0.5,0.5053763440860215,2.2711740360021726,-0.010752688172043012,0.5,0.5,0.0,0.0,0.0,0.0,2,0.3333333333333333,mixed,transport,ikev2,AES_GCM_16_128,PASS,1
exp_107_mixed_transport_aes_gcm_16_128_1789046907,2,0,10,2184.0,0.7626559734344482,2863.676514805032,13.112071954235496,218.4,99.1233574895443,90.0,342.0,268.0,90.0,90.0,110.0,301.0,316.8,329.4,-0.28383643715726414,-1.7243281411123357,2.121928094887362,-0.03625026578377453,0.08473955260382758,0.12832373516281242,1.0967254638671875e-05,0.3593459129333496,2.3937225341796876e-05,4.792213439941406e-05,0.00013208389282226562,0.1656169891357422,0.2616419792175293,1.4466166676282082,1.514313173796984,0.9993744550709623,4,3.25,0.5,0.4899267399267399,0.5,0.51007326007326,0.9999190945186015,-0.020146520146520148,0.4,0.6,0.0,0.0,0.0,0.0,2,0.4444444444444444,mixed,transport,ikev2,AES_GCM_16_128,PASS,1
exp_107_mixed_transport_aes_gcm_16_128_1789046907,3,0,6,1440.0,0.5253539085388184,2741.009396894205,11.420872487059189,240.0,100.89598604503551,90.0,342.0,292.0,95.0,100.0,152.0,312.0,328.0,335.0,-0.610638781379629,-1.470314843620335,1.9182958340544893,0.628112212708441,0.10507078170776367,0.14237919607707875,0.00012612342834472656,0.3593459129333496,0.0001285076141357422,0.00013208389282226562,0.0001327991485595703,0.1656169891357422,0.28185434341430665,1.3709505944546687,1.355065972642191,0.9992557274946063,3,2.6666666666666665,0.5,0.4875,0.5,0.5125,0.9999948302883269,-0.025,0.3333333333333333,0.6666666666666666,0.0,0.0,0.0,0.0,2,0.6,mixed,transport,ikev2,AES_GCM_16_128,PASS,1
exp_107_mixed_transport_aes_gcm_16_128_1789046907,4,0,4,400.0,0.5708880424499512,700.6627749346621,7.006627749346622,100.0,10.0,90.0,110.0,100.0,90.0,90.0,90.0,110.0,110.0,110.0,0.0,-2.0,1.0,-0.9999999999999999,0.19029601414998373,0.26887239398102025,0.00013589859008789062,0.5705389976501465,0.00015134811401367186,0.00017452239990234375,0.00021314620971679688,0.28537607192993164,0.45647382736206055,0.9182958340544896,1.4129091577291215,0.9993885932549809,2,2.5,0.5,0.55,0.5,0.45,1.0001336093220885,0.1,1.0,0.0,0.0,0.0,0.0,0.0,2,0.6666666666666666,mixed,transport,ikev2,AES_GCM_16_128,PASS,1
exp_107_mixed_transport_aes_gcm_16_128_1789046907,5,0,10,768.0,1.3937089443206787,551.0476223386357,7.1750992492009855,76.8,29.450976214719947,42.0,110.0,90.0,42.0,42.0,42.0,105.0,110.0,110.0,-0.20314963859607885,-1.723623731809325,1.5709505944546684,0.7435282504068756,0.1548565493689643,0.24673538339069717,1.811981201171875e-05,0.6347649097442627,2.9945373535156252e-05,5.3882598876953125e-05,0.00013589859008789062,0.18785309791564941,0.5833841800689697,1.4466166676282082,1.593305488793603,0.9996039782819295,4,3.25,0.7,0.6484375,0.3,0.3515625,0.38536234941429504,0.296875,1.0,0.0,0.0,0.0,0.4,0.0,2,0.6,mixed,transport,ikev2,AES_GCM_16_128,PASS,1
exp_107_mixed_transport_aes_gcm_16_128_1789046907,6,0,6,368.0,0.18805599212646484,1956.8639948070652,31.90539121968041,61.333333333333336,27.944389220179584,42.0,110.0,42.0,42.0,42.0,42.0,78.0,100.0,105.0,0.8395132519949936,-1.129488388425323,1.2516291673878228,0.7695095939010378,0.037611198425292966,0.07512095457035678,1.811981201171875e-05,0.18785309791564941,2.40325927734375e-05,3.2901763916015625e-05,5.3882598876953125e-05,9.799003601074219e-05,0.11275105476379396,0.7219280948873623,1.9972497677732235,0.9989210968046209,2,3.5,0.8333333333333334,0.7554347826086957,0.16666666666666666,0.24456521739130435,1.0,0.5108695652173914,1.0,0.0,0.0,0.0,0.6666666666666666,0.0,2,1.0,mixed,transport,ikev2,AES_GCM_16_128,PASS,1
exp_107_mixed_transport_aes_gcm_16_128_1789046907,7,0,6,1328.0,0.30033302307128906,4421.758175040169,19.97782308000076,221.33333333333334,92.12793037703362,90.0,334.0,244.0,95.0,100.0,140.0,294.0,320.0,327.0,-0.332131559040141,-1.4603638786141113,2.2516291673878226,0.21320127224050217,0.060066604614257814,0.08322530231596816,0.0001800060272216797,0.2122631072998047,0.0002295970916748047,0.0003039836883544922,0.0003139972686767578,0.08727192878723145,0.1622666358947754,1.3709505944546687,1.385527238024963,0.9973429928680753,3,2.6666666666666665,0.5,0.4864457831325301,0.5,0.5135542168674698,0.9999599588750985,-0.02710843373493976,0.5,0.5,0.0,0.0,0.0,0.0,2,0.6,mixed,transport,ikev2,AES_GCM_16_128,PASS,1
exp_107_mixed_transport_aes_gcm_16_128_1789046907,8,0,6,1328.0,0.30033302307128906,4421.758175040169,19.97782308000076,221.33333333333334,92.12793037703362,90.0,334.0,244.0,95.0,100.0,140.0,294.0,320.0,327.0,-0.332131559040141,-1.4603638786141113,2.2516291673878226,0.21320127224050217,0.060066604614257814,0.08322530231596816,0.0001800060272216797,0.2122631072998047,0.0002295970916748047,0.0003039836883544922,0.0003139972686767578,0.08727192878723145,0.1622666358947754,1.3709505944546687,1.385527238024963,0.9973429928680753,3,2.6666666666666665,0.5,0.4864457831325301,0.5,0.5135542168674698,0.9999599588750985,-0.02710843373493976,0.5,0.5,0.0,0.0,0.0,0.0,2,0.6,mixed,transport,ikev2,AES_GCM_16_128,PASS,1
exp_107_mixed_transport_aes_gcm_16_128_1789046907,10,0,4,400.0,0.8136000633239746,491.64204629703977,4.916420462970398,100.0,10.0,90.0,110.0,100.0,90.0,90.0,90.0,110.0,110.0,110.0,0.0,-2.0,1.0,-0.9999999999999999,0.2712000211079915,0.38315358785144243,0.00013399124145507812,0.813060998916626,0.00018820762634277343,0.0002695322036743164,0.0004050731658935547,0.40673303604125977,0.6505298137664796,0.9182958340544896,1.4128028953802196,0.9993374331792131,2,2.5,0.5,0.55,0.5,0.45,1.0003321240238605,0.1,1.0,0.0,0.0,0.0,0.0,0.0,2,0.6666666666666666,mixed,transport,ikev2,AES_GCM_16_128,PASS,1
exp_107_mixed_transport_aes_gcm_16_128_1789046907,11,0,8,1472.0,1.0322508811950684,1426.009923378143,7.750053931402951,184.0,96.18731725128839,90.0,346.0,150.0,90.0,90.0,105.0,243.0,326.4,336.2,0.5935241338967632,-1.205851099324127,2.0,0.3143956266726391,0.1474644115992955,0.30832761552944454,0.0001289844512939453,0.8956749439239502,0.000131988525390625,0.00015747547149658203,0.00025582313537597656,0.06793808937072754,0.4324846267700198,1.1488348542809166,2.0908470141273288,0.9875177095945236,4,2.75,0.5,0.4945652173913043,0.5,0.5054347826086957,0.9999515865738376,-0.010869565217391304,0.75,0.25,0.0,0.0,0.0,0.0,2,0.5714285714285714,mixed,transport,ikev2,AES_GCM_16_128,PASS,1
exp_107_mixed_transport_aes_gcm_16_128_1789046907,12,0,8,1952.0,0.5164868831634521,3779.3796195638374,15.489260735917368,244.0,99.9799979995999,90.0,354.0,268.0,97.0,104.0,170.0,331.0,348.4,351.2,-0.3607924538233034,-1.4691773468090719,2.25,0.3264462088858468,0.07378384045192174,0.13183356706073054,0.0001289844512939453,0.3798959255218506,0.00014100074768066406,0.00016498565673828125,0.00025582313537597656,0.06793808937072754,0.22617301940917978,1.1488348542809166,1.786729716473852,0.9750238078422085,4,2.75,0.5,0.48360655737704916,0.5,0.5163934426229508,0.9999554049102053,-0.03278688524590164,0.5,0.5,0.0,0.0,0.0,0.0,2,0.5714285714285714,mixed,transport,ikev2,AES_GCM_16_128,PASS,1
exp_108_mixed_tunnel_aes_cbc_256_1789046954,-1,1,50,10061.0,9.501363039016724,1058.9007028449669,5.2624028567983645,201.22,120.43476076282958,42.0,514.0,183.5,42.0,54.0,122.0,285.0,362.0,378.0,0.5871160889018298,-0.2586355157632072,2.9305823155278206,0.7076358926849275,0.19390536814319845,0.45053837277611863,8.821487426757812e-06,2.214524030685425,1.3637542724609376e-05,1.6927719116210938e-05,0.00015497207641601562,0.13496613502502441,0.9476052284240725,1.1476573127317153,2.3234841490270153,0.992823526179184,14,4.142857142857143,0.4,0.3971772189643177,0.6,0.6028227810356823,1.5278697048812342,-0.20564556207136467,0.62,0.38,0.0,0.0,0.2,0.0,2,0.5185185185185185,mixed,tunnel,ikev2,AES_CBC_256,PASS,1
exp_108_mixed_tunnel_aes_cbc_256_1789046954,0,0,4,1624.0,0.08106303215026855,20033.79292535654,49.344317550139266,406.0,104.65180361560904,286.0,514.0,412.0,290.8,295.6,310.0,508.0,511.6,512.8,-0.032665979665104164,-1.9508254627003763,1.5,0.5790099088852613,0.027021010716756184,0.01750621860475349,0.00983119010925293,0.051045894622802734,0.011902141571044921,0.01500856876373291,0.02018594741821289,0.03561592102050781,0.04487390518188477,1.584962500721156,0.6478503316519666,0.6297062084746311,0,1.0,0.5,0.5073891625615764,0.5,0.49261083743842365,0.8546210285559412,0.014778325123152709,0.0,1.0,0.0,0.0,0.0,0.0,0,0.0,mixed,tunnel,ikev2,AES_CBC_256,PASS,1
exp_108_mixed_tunnel_aes_cbc_256_1789046954,2,0,12,3045.0,0.479107141494751,6355.572138833085,25.046589709687034,253.75,106.16663396127178,54.0,378.0,278.5,91.4,123.6,168.0,350.0,376.4,378.0,-0.4198271757454145,-1.1535159619868756,3.0220552088742005,0.5697357955837177,0.043555194681340996,0.09321519863514144,1.3828277587890625e-05,0.29056596755981445,1.4066696166992188e-05,1.5974044799804688e-05,0.00014400482177734375,0.004675030708312988,0.17870402336120605,0.8658566174572235,2.1401134630127325,0.9794677438056134,4,3.75,0.3333333333333333,0.34942528735632183,0.6666666666666666,0.6505747126436782,2.333269034139207,-0.30114942528735633,0.4166666666666667,0.5833333333333334,0.0,0.0,0.08333333333333333,0.0,2,0.5714285714285714,mixed,tunnel,ikev2,AES_CBC_256,PASS,1
exp_108_mixed_tunnel_aes_cbc_256_1789046954,3,0,18,4048.0,0.9372410774230957,4319.059522156032,19.20530419931042,224.88888888888889,104.25710148415092,54.0,378.0,226.0,54.0,101.60000000000001,138.0,312.25,366.8,378.0,-0.03631745991286477,-1.1991612343839875,3.239097917988786,0.6334113234582269,0.05513182808371151,0.10347576881899638,1.3828277587890625e-05,0.30794286727905273,1.4638900756835937e-05,1.6927719116210938e-05,0.00014710426330566406,0.00914311408996582,0.22344880104064946,1.1400677626718572,1.8768449291569598,0.9890101280209938,6,3.8333333333333335,0.3333333333333333,0.3547430830039526,0.6666666666666666,0.6452569169960475,2.1996456185121427,-0.29051383399209485,0.5555555555555556,0.4444444444444444,0.0,0.0,0.1111111111111111,0.0,2,0.5454545454545454,mixed,tunnel,ikev2,AES_CBC_256,PASS,1
exp_108_mixed_tunnel_aes_cbc_256_1789046954,4,0,6,1003.0,0.150191068649292,6678.160086483466,39.949113179362705,167.16666666666666,71.19086239742352,54.0,266.0,163.5,71.0,88.0,126.0,222.75,250.0,258.0,-0.13483982586776536,-1.1540565008657997,2.584962500721156,0.8278039350337398,0.030038213729858397,0.05984498782209476,1.6927719116210938e-05,0.14972805976867676,2.1791458129882814e-05,2.9087066650390625e-05,0.0001621246337890625,0.0002548694610595703,0.0899387836456299,0.7219280948873623,1.9922288366226444,0.9969172009708753,2,3.5,0.3333333333333333,0.3708873379860419,0.6666666666666666,0.6291126620139581,2.9975038936926395,-0.25822532402791626,0.8333333333333334,0.16666666666666666,0.0,0.0,0.16666666666666666,0.0,2,0.6666666666666666,mixed,tunnel,ikev2,AES_CBC_256,PASS,1
exp_108_mixed_tunnel_aes_cbc_256_1789046954,5,0,13,1723.0,0.38882899284362793,4431.253923219981,33.433720836830965,132.53846153846155,82.19733795485048,42.0,282.0,125.0,42.0,42.0,42.0,202.0,242.40000000000003,262.79999999999995,0.3316415545663781,-1.2115330565280729,2.2877837199410704,0.35537000849774486,0.03240241607030233,0.06916219091709197,8.821487426757812e-06,0.2267289161682129,1.0514259338378907e-05,3.898143768310547e-05,0.0001360177993774414,0.008869409561157227,0.12331032752990727,0.8166890883150209,2.1344104821244136,0.9302162592044599,3,4.333333333333333,0.5384615384615384,0.4213580963435868,0.46153846153846156,0.5786419036564132,0.8518702186719251,-0.15728380731282646,0.8461538461538461,0.15384615384615385,0.0,0.0,0.38461538461538464,0.0,2,0.6,mixed,tunnel,ikev2,AES_CBC_256,PASS,1
exp_108_mixed_tunnel_aes_cbc_256_1789046954,6,0,13,1723.0,0.38882899284362793,4431.253923219981,33.433720836830965,132.53846153846155,82.19733795485048,42.0,282.0,125.0,42.0,42.0,42.0,202.0,242.40000000000003,262.79999999999995,0.3316415545663781,-1.2115330565280729,2.2877837199410704,0.35537000849774486,0.03240241607030233,0.06916219091709197,8.821487426757812e-06,0.2267289161682129,1.0514259338378907e-05,3.898143768310547e-05,0.0001360177993774414,0.008869409561157227,0.12331032752990727,0.8166890883150209,2.1344104821244136,0.9302162592044599,3,4.333333333333333,0.5384615384615384,0.4213580963435868,0.46153846153846156,0.5786419036564132,0.8518702186719251,-0.15728380731282646,0.8461538461538461,0.15384615384615385,0.0,0.0,0.38461538461538464,0.0,2,0.6,mixed,tunnel,ikev2,AES_CBC_256,PASS,1
exp_108_mixed_tunnel_aes_cbc_256_1789046954,7,0,3,314.0,0.001,314000.0,3000.0,104.66666666666667,36.41733408999377,54.0,138.0,122.0,60.8,67.6,88.0,130.0,134.8,136.4,-0.6061201421137351,-1.5000000000000002,1.584962500721156,0.0,7.355213165283203e-05,6.139278411865234e-05,1.2159347534179688e-05,0.00013494491577148438,2.4437904357910156e-05,4.285573959350586e-05,7.355213165283203e-05,0.0001042485237121582,0.0001226663589477539,1.0,0.8234879775744173,0.0,1,3.0,0.3333333333333333,0.4394904458598726,0.6666666666666666,0.5605095541401274,1.0,-0.12101910828025478,1.0,0.0,0.0,0.0,0.3333333333333333,0.0,2,1.0,mixed,tunnel,ikev2,AES_CBC_256,PASS,1
exp_108_mixed_tunnel_aes_cbc_256_1789046954,8,0,6,628.0,0.9911060333251953,633.6355333172961,6.053842675006014,104.66666666666667,36.41733408999377,54.0,138.0,122.0,54.0,54.0,71.0,134.0,138.0,138.0,-0.6061201421137351,-1.5000000000000002,1.584962500721156,-0.34344103065818143,0.19822120666503906,0.39628434624975334,1.2159347534179688e-05,0.9907898902893066,1.2922286987304688e-05,1.4066696166992188e-05,0.00013494491577148438,0.00015497207641601562,0.5945359230041505,0.7219280948873623,1.999192486639021,0.9996810199663219,2,3.5,0.3333333333333333,0.4394904458598726,0.6666666666666666,0.5605095541401274,2.9998877048635926,-0.12101910828025478,1.0,0.0,0.0,0.0,0.3333333333333333,0.0,2,0.6666666666666666,mixed,tunnel,ikev2,AES_CBC_256,PASS,1
exp_108_mixed_tunnel_aes_cbc_256_1789046954,9,0,6,628.0,1.0079381465911865,623.0541051788498,5.952746227823405,104.66666666666667,36.41733408999377,54.0,138.0,122.0,54.0,54.0,71.0,134.0,138.0,138.0,-0.6061201421137351,-1.5000000000000002,1.584962500721156,-0.34344103065818143,0.20158762931823732,0.4030057479201204,1.4066696166992188e-05,1.007599115371704,1.4448165893554688e-05,1.5020370483398438e-05,0.00015497207641601562,0.00015497207641601562,0.6046214580535889,0.7219280948873623,1.999149204412301,0.9996636388645186,2,3.5,0.3333333333333333,0.4394904458598726,0.6666666666666666,0.5605095541401274,2.999946356565691,-0.12101910828025478,1.0,0.0,0.0,0.0,0.3333333333333333,0.0,2,0.6666666666666666,mixed,tunnel,ikev2,AES_CBC_256,PASS,1
exp_108_mixed_tunnel_aes_cbc_256_1789046954,10,0,3,314.0,0.001,314000.0,3000.0,104.66666666666667,36.41733408999377,54.0,138.0,122.0,60.8,67.6,88.0,130.0,134.8,136.4,-0.6061201421137351,-1.5000000000000002,1.584962500721156,0.0,8.499622344970703e-05,6.99758529663086e-05,1.5020370483398438e-05,0.00015497207641601562,2.9015541076660157e-05,5.0008296966552734e-05,8.499622344970703e-05,0.00011998414993286133,0.0001409769058227539,1.0,0.8137084415949081,0.0,1,3.0,0.3333333333333333,0.4394904458598726,0.6666666666666666,0.5605095541401274,1.0,-0.12101910828025478,1.0,0.0,0.0,0.0,0.3333333333333333,0.0,2,1.0,mixed,tunnel,ikev2,AES_CBC_256,PASS,1
exp_108_mixed_tunnel_aes_cbc_256_1789046954,11,0,6,1724.0,0.2773728370666504,6215.460815241029,21.63153415977156,287.3333333333333,55.46069679411618,201.0,362.0,282.5,213.25,225.5,254.0,334.25,354.0,358.0,-0.08347801182087365,-1.2269524446077436,2.584962500721156,0.16619906060370784,0.05547456741333008,0.11082468995051396,1.0013580322265625e-05,0.27712392807006836,1.1157989501953124e-05,1.2874603271484375e-05,9.989738464355469e-05,0.00012612342834472656,0.16632480621337892,0.7219280948873623,1.997720710539036,0.9991026194229602,2,3.5,0.3333333333333333,0.345707656612529,0.6666666666666666,0.654292343387471,2.999544490080665,-0.308584686774942,0.16666666666666666,0.8333333333333334,0.0,0.0,0.0,0.0,2,0.6666666666666666,mixed,tunnel,ikev2,AES_CBC_256,PASS,1
exp_108_mixed_tunnel_aes_cbc_256_1789046954,12,0,6,1724.0,0.2773728370666504,6215.460815241029,21.63153415977156,287.3333333333333,55.46069679411618,201.0,362.0,282.5,213.25,225.5,254.0,334.25,354.0,358.0,-0.08347801182087365,-1.2269524446077436,2.584962500721156,0.16619906060370784,0.05547456741333008,0.11082468995051396,1.0013580322265625e-05,0.27712392807006836,1.1157989501953124e-05,1.2874603271484375e-05,9.989738464355469e-05,0.00012612342834472656,0.16632480621337892,0.7219280948873623,1.997720710539036,0.9991026194229602,2,3.5,0.3333333333333333,0.345707656612529,0.6666666666666666,0.654292343387471,2.999544490080665,-0.308584686774942,0.16666666666666666,0.8333333333333334,0.0,0.0,0.0,0.0,2,0.6666666666666666,mixed,tunnel,ikev2,AES_CBC_256,PASS,1
exp_109_mixed_transport_aes_cbc_128_1789046999,-1,1,55,9862.0,9.99579405784607,986.6149645469087,5.502314241541267,179.3090909090909,96.29667656443482,42.0,514.0,154.0,42.0,106.0,122.0,218.0,293.20000000000005,342.3999999999999,1.5556603800112492,3.0073727682316616,2.8257398192084335,0.6635866837710203,0.1851072973675198,0.3476167216786841,1.71661376953125e-05,2.236176013946533,0.00013957023620605468,0.00020933151245117188,0.030524611473083496,0.28241652250289917,0.4993871688842776,1.284241223445469,1.877909994431611,0.9842726362604206,18,3.2777777777777777,0.6181818181818182,0.5735145001013993,0.38181818181818183,0.4264854998986007,0.6065631205132506,0.14702900020279863,0.8,0.2,0.0,0.0,0.07272727272727272,0.0,2,0.6521739130434783,mixed,transport,ikev2,AES_CBC_128,PASS,1
exp_109_mixed_transport_aes_cbc_128_1789046999,0,0,4,1640.0,0.06889796257019043,23803.316365549053,58.056869184265985,410.0,101.46920715172658,286.0,514.0,420.0,293.2,300.4,322.0,508.0,511.6,512.8,-0.08040378344839896,-1.8875703421157966,1.5,0.6328843056027117,0.02296598752339681,0.0185335546239418,0.008440017700195312,0.04912304878234863,0.009018993377685547,0.009887456893920898,0.011334896087646484,0.03022897243499756,0.0415654182434082,0.9182958340544896,0.8069649798460244,0.0,0,1.0,0.5,0.5121951219512195,0.5,0.4878048780487805,0.9521017379036604,0.024390243902439025,0.0,1.0,0.0,0.0,0.0,0.0,0,0.0,mixed,transport,ikev2,AES_CBC_128,PASS,1
exp_109_mixed_transport_aes_cbc_128_1789046999,2,0,15,3286.0,0.6473660469055176,5075.953574808949,23.170816683546636,219.06666666666666,72.61172234716804,106.0,362.0,218.0,117.2,128.4,170.0,266.0,317.2,339.59999999999997,0.32896231012102195,-0.7635475270602221,3.1898980954642875,-0.2534001510038564,0.046240431921822686,0.06200481948368987,1.71661376953125e-05,0.13841605186462402,9.908676147460938e-05,0.00014656782150268555,0.00022351741790771484,0.12191510200500488,0.13473141193389893,1.287054028118727,1.3408931537526194,0.9973763005248135,5,3.6,0.5333333333333333,0.5015216068167986,0.4666666666666667,0.4984783931832015,1.090681359002668,0.0030432136335970784,0.6666666666666666,0.3333333333333333,0.0,0.0,0.0,0.0,2,0.5,mixed,transport,ikev2,AES_CBC_128,PASS,1
exp_109_mixed_transport_aes_cbc_128_1789046999,3,0,17,3514.0,1.3701190948486328,2564.740549352184,12.407680517640049,206.7058823529412,76.19461514544601,106.0,362.0,202.0,106.0,115.6,138.0,250.0,310.8,336.4,0.42833013937345155,-0.8129528643473547,3.101881223476018,-0.053903291384634504,0.08563244342803955,0.17471967055753443,1.71661376953125e-05,0.7224950790405273,0.00010251998901367188,0.00015360116958618164,0.0002645254135131836,0.1265575885772705,0.13695549964904785,1.198192411043098,2.0403205052049183,0.9985720490521858,6,3.5,0.5294117647058824,0.5036994877632328,0.47058823529411764,0.49630051223676724,0.874961722021277,0.007398975526465566,0.7058823529411765,0.29411764705882354,0.0,0.0,0.0,0.0,2,0.5,mixed,transport,ikev2,AES_CBC_128,PASS,1
exp_109_mixed_transport_aes_cbc_128_1789046999,4,0,5,690.0,0.5675029754638672,1215.8526559900515,8.810526492681534,138.0,22.627416997969522,106.0,170.0,138.0,109.2,112.4,122.0,154.0,163.6,166.8,0.0,-1.3,2.321928094887362,0.4857142857142857,0.1418757438659668,0.14441337954287897,0.0002040863037109375,0.3233199119567871,0.00022025108337402343,0.00024449825286865234,0.12198948860168457,0.2636207342147827,0.2994402408599854,1.5,1.0178791506471883,0.9991858100727645,2,2.5,0.6,0.6,0.4,0.4,1.1632682767787321,0.2,1.0,0.0,0.0,0.0,0.0,0.0,2,1.0,mixed,transport,ikev2,AES_CBC_128,PASS,1
exp_109_mixed_transport_aes_cbc_128_1789046999,5,0,12,1304.0,1.2664270401000977,1029.6684757275339,9.475476770498778,108.66666666666667,50.52612085732378,42.0,170.0,122.0,42.0,42.0,42.0,154.0,168.4,170.0,-0.32784094293912236,-1.5095320489443753,2.4182958340544896,0.4195394011709821,0.11512973091819069,0.18223461794589357,0.00011396408081054688,0.5629928112030029,0.00019097328186035156,0.00023949146270751953,0.0206301212310791,0.1665436029434204,0.3233199119567871,1.0957952550009336,1.5828494833007305,0.9330405250217442,4,3.0,0.75,0.6702453987730062,0.25,0.32975460122699385,0.48198936773472495,0.34049079754601225,1.0,0.0,0.0,0.0,0.3333333333333333,0.0,2,0.8571428571428571,mixed,transport,ikev2,AES_CBC_128,PASS,1
exp_109_mixed_transport_aes_cbc_128_1789046999,6,0,13,1586.0,1.1348319053649902,1397.5638087914904,11.455441055667954,122.0,71.55417527999327,42.0,266.0,122.0,42.0,42.0,42.0,154.0,234.00000000000006,256.4,0.6656602363787836,-0.4507692307692306,2.2577560641285177,0.5386895639928495,0.09456932544708252,0.18146120959108547,0.00011396408081054688,0.5629928112030029,0.00014209747314453125,0.00018143653869628906,0.011483073234558105,0.04428917169570923,0.3871830224990846,1.207518749639422,1.918796501262157,0.9251969082929432,5,3.0,0.6923076923076923,0.6015132408575031,0.3076923076923077,0.39848675914249687,0.3750393556681387,0.2030264817150063,0.8461538461538461,0.15384615384615385,0.0,0.0,0.3076923076923077,0.0,2,0.875,mixed,transport,ikev2,AES_CBC_128,PASS,1
exp_109_mixed_transport_aes_cbc_128_1789046999,7,0,7,1222.0,1.029486894607544,1186.9990831363084,6.799503749553321,174.57142857142858,57.1885531574711,106.0,266.0,170.0,110.8,115.6,130.0,210.0,256.4,261.2,0.5167752434437162,-1.2132358194939215,2.521640636343318,0.24542961896726376,0.17158114910125732,0.22237687178867144,0.00014090538024902344,0.5246219635009766,0.0001468658447265625,0.00017088651657104492,0.03203260898590088,0.34633952379226685,0.48256397247314453,1.7924812503605778,1.2960373381116597,0.9994960607747,3,2.6666666666666665,0.5714285714285714,0.5564648117839607,0.42857142857142855,0.44353518821603927,0.6666108632135263,0.11292962356792144,0.7142857142857143,0.2857142857142857,0.0,0.0,0.0,0.0,2,0.8333333333333334,mixed,transport,ikev2,AES_CBC_128,PASS,1
exp_109_mixed_transport_aes_cbc_128_1789046999,8,0,7,1030.0,1.2833411693572998,802.5925019734435,5.454512149334082,147.14285714285714,23.972773672460608,106.0,170.0,154.0,110.8,115.6,130.0,170.0,170.0,170.0,-0.5200705032248679,-1.2295867768595048,2.128085278891394,-0.050000000000000024,0.2138901948928833,0.27401879591240064,0.000225067138671875,0.6640501022338867,0.00024008750915527344,0.00025856494903564453,0.04709446430206299,0.4169464707374573,0.5943360328674316,1.7924812503605778,1.2811130259458752,0.9994162805702616,3,3.0,0.5714285714285714,0.566990291262136,0.42857142857142855,0.4330097087378641,1.1277456324272621,0.13398058252427184,1.0,0.0,0.0,0.0,0.0,0.0,2,0.8333333333333334,mixed,transport,ikev2,AES_CBC_128,PASS,1
exp_109_mixed_transport_aes_cbc_128_1789046999,9,0,6,876.0,0.6136398315429688,1427.5474879088908,9.777722519923909,146.0,27.325202042558928,106.0,186.0,146.0,110.0,114.0,126.0,166.0,178.0,182.0,0.0,-1.2685714285714282,2.584962500721156,0.1643989873053573,0.12272796630859376,0.15859020101111881,0.0002551078796386719,0.42909979820251465,0.00026063919067382814,0.0002689361572265625,0.09009599685668945,0.09391999244689941,0.2950278759002686,1.5219280948873621,1.2921986209217666,0.9991460071365518,2,2.5,0.6666666666666666,0.684931506849315,0.3333333333333333,0.3150684931506849,2.171958807012561,0.3698630136986301,1.0,0.0,0.0,0.0,0.0,0.0,2,0.8,mixed,transport,ikev2,AES_CBC_128,PASS,1
exp_109_mixed_transport_aes_cbc_128_1789046999,10,0,8,1184.0,1.1524791717529297,1027.3504537172041,6.941557119710839,148.0,34.813790371058424,106.0,218.0,138.0,111.6,117.2,122.0,162.0,195.6,206.79999999999998,0.8497827470241689,-0.43505538672679167,2.5,0.3581120981049933,0.16463988167898996,0.1270824995144637,0.00010085105895996094,0.339428186416626,0.00020298957824707033,0.045183539390563965,0.20535802841186523,0.2586125135421753,0.31615347862243653,2.2359263506290326,0.7718769373589967,0.9996772757438794,2,3.0,0.75,0.7804054054054054,0.25,0.2195945945945946,0.4453003001448351,0.5608108108108109,1.0,0.0,0.0,0.0,0.0,0.0,2,0.42857142857142855,mixed,transport,ikev2,AES_CBC_128,PASS,1
exp_109_mixed_transport_aes_cbc_128_1789046999,11,0,7,1030.0,1.0204989910125732,1009.3101600992271,6.859389437567563,147.14285714285714,35.11380913311364,106.0,218.0,138.0,110.8,115.6,122.0,162.0,189.20000000000002,203.59999999999997,0.8771202053369067,-0.2603418557885666,2.5216406363433186,-0.0904616275314925,0.1700831651687622,0.12545099898068754,0.00010085105895996094,0.30063700675964355,0.00018596649169921875,0.051542818546295166,0.21097302436828613,0.277305006980896,0.29909050464630127,1.9182958340544896,0.7375818839820367,0.9996355381174562,2,3.0,0.7142857142857143,0.7475728155339806,0.2857142857142857,0.2524271844660194,0.49299743575728905,0.49514563106796117,1.0,0.0,0.0,0.0,0.0,0.0,2,0.6666666666666666,mixed,transport,ikev2,AES_CBC_128,PASS,1
exp_109_mixed_transport_aes_cbc_128_1789046999,12,0,3,446.0,0.7202389240264893,619.238956854263,4.165284463145267,148.66666666666666,19.955506062794353,122.0,170.0,154.0,125.2,128.4,138.0,162.0,166.8,168.4,-0.3818017741606048,-1.5000000000000007,1.584962500721156,0.0,0.36011946201324463,0.3599804639816284,0.00013899803161621094,0.720099925994873,0.0721350908279419,0.18012923002243042,0.36011946201324463,0.5401096940040588,0.6481038331985474,1.0,0.9996112466622042,0.9998070112195004,1,3.0,0.6666666666666666,0.6547085201793722,0.3333333333333333,0.3452914798206278,1.0,0.3094170403587444,1.0,0.0,0.0,0.0,0.0,0.0,2,0.5,mixed,transport,ikev2,AES_CBC_128,PASS,1
exp_110_mixed_tunnel_3des_cbc_1789047044,-1,1,43,7635.0,7.839396953582764,973.9269544847642,5.4851157881918615,177.5581395348837,97.70299139110955,42.0,350.0,146.0,42.0,54.0,116.0,279.0,308.40000000000003,332.4,0.18829423459264938,-1.303823567338025,3.12603532631641,0.5186072432434077,0.18665230841863722,0.4586988542383459,1.5020370483398438e-05,2.2226970195770264,3.225803375244141e-05,0.00011390447616577148,0.0006345510482788086,0.06434547901153564,0.9524468183517445,0.9750577658008119,2.4574911536502135,0.9905420832951398,15,3.6,0.4418604651162791,0.4183366077275704,0.5581395348837209,0.5816633922724296,1.277858985645371,-0.1633267845448592,0.6744186046511628,0.32558139534883723,0.0,0.0,0.20930232558139536,0.0,2,0.5263157894736842,mixed,tunnel,ikev1,3DES_CBC,CRITICAL_FAIL,1
exp_110_mixed_tunnel_3des_cbc_1789047044,0,0,9,1774.0,0.23946499824523926,7408.18079051045,37.58378078612968,197.11111111111111,61.81773288276943,106.0,286.0,210.0,109.2,112.4,146.0,218.0,286.0,286.0,-0.021579189786528463,-1.108862186766865,2.197159723424149,0.20113822709857732,0.029933124780654907,0.030201147189018115,0.0006821155548095703,0.07253289222717285,0.0007855892181396484,0.0012267231941223145,0.018650054931640625,0.0625077486038208,0.06734802722930908,1.75,1.0089203345786737,0.8322462711160715,4,2.75,0.5555555555555556,0.5445321307779031,0.4444444444444444,0.455467869222097,1.0341979169633844,0.08906426155580609,0.7777777777777778,0.2222222222222222,0.0,0.0,0.0,0.0,0,0.0,mixed,tunnel,ikev1,3DES_CBC,CRITICAL_FAIL,1
exp_110_mixed_tunnel_3des_cbc_1789047044,2,0,12,2715.0,0.3543519973754883,7661.872996649307,33.864632029389206,226.25,93.2792626114365,54.0,350.0,243.0,89.2,119.6,146.75,306.0,332.4,341.2,-0.3097293589216974,-1.2210131837672367,3.084962500721156,0.5943949581669341,0.032213817943226204,0.07575224263725128,1.5020370483398438e-05,0.26114797592163086,2.4080276489257812e-05,3.802776336669922e-05,0.00015497207641601562,0.007121920585632324,0.07837200164794922,0.8658566174572235,2.3514720080291394,0.9581432589183588,4,3.75,0.3333333333333333,0.3447513812154696,0.6666666666666666,0.6552486187845303,2.332647989595596,-0.3104972375690608,0.5,0.5,0.0,0.0,0.08333333333333333,0.0,2,0.5714285714285714,mixed,tunnel,ikev1,3DES_CBC,CRITICAL_FAIL,1
exp_110_mixed_tunnel_3des_cbc_1789047044,3,0,12,2715.0,0.3543519973754883,7661.872996649307,33.864632029389206,226.25,93.2792626114365,54.0,350.0,243.0,89.2,119.6,146.75,306.0,332.4,341.2,-0.3097293589216974,-1.2210131837672367,3.084962500721156,0.5943949581669341,0.032213817943226204,0.07575224263725128,1.5020370483398438e-05,0.26114797592163086,2.4080276489257812e-05,3.802776336669922e-05,0.00015497207641601562,0.007121920585632324,0.07837200164794922,0.8658566174572235,2.3514720080291394,0.9581432589183588,4,3.75,0.3333333333333333,0.3447513812154696,0.6666666666666666,0.6552486187845303,2.332647989595596,-0.3104972375690608,0.5,0.5,0.0,0.0,0.08333333333333333,0.0,2,0.5714285714285714,mixed,tunnel,ikev1,3DES_CBC,CRITICAL_FAIL,1
exp_110_mixed_tunnel_3des_cbc_1789047044,4,0,3,306.0,0.001,306000.0,3000.0,102.0,34.56395039150859,54.0,134.0,118.0,60.4,66.8,86.0,126.0,130.8,132.4,-0.5951700641394972,-1.5000000000000004,1.584962500721156,0.0,0.00031554698944091797,0.0002714395523071289,4.410743713378906e-05,0.0005869865417480469,9.839534759521485e-05,0.00017982721328735352,0.00031554698944091797,0.0004512667655944824,0.0005326986312866211,1.0,0.8575016075387184,0.0,1,3.0,0.3333333333333333,0.43790849673202614,0.6666666666666666,0.5620915032679739,1.0,-0.12418300653594772,1.0,0.0,0.0,0.0,0.3333333333333333,0.0,2,1.0,mixed,tunnel,ikev1,3DES_CBC,CRITICAL_FAIL,1
exp_110_mixed_tunnel_3des_cbc_1789047044,5,0,13,1688.0,1.2400779724121094,1361.2047286967168,10.483211773138223,129.84615384615384,101.60696989557826,42.0,334.0,118.0,42.0,42.0,42.0,134.0,296.0,314.79999999999995,0.9456862960158162,-0.5979669915449493,1.8919954870390203,0.48622056056569524,0.10333983103434245,0.28025092878253616,2.5987625122070312e-05,1.0282979011535645,4.217624664306641e-05,9.417533874511719e-05,0.00040400028228759766,0.05315101146697998,0.07919211387634278,0.41381685030363374,2.711908990642842,0.985102467400232,4,3.5,0.5384615384615384,0.4372037914691943,0.46153846153846156,0.5627962085308057,0.9310423571835094,-0.12559241706161137,0.7692307692307693,0.23076923076923078,0.0,0.0,0.46153846153846156,0.0,2,0.6,mixed,tunnel,ikev1,3DES_CBC,CRITICAL_FAIL,1
exp_110_mixed_tunnel_3des_cbc_1789047044,6,0,13,2228.0,0.4811429977416992,4630.639977007621,27.01899447984698,171.3846153846154,116.73344946865944,42.0,334.0,134.0,42.0,42.0,42.0,286.0,308.4,319.59999999999997,0.08300075780894123,-1.759835118283607,2.345851989338261,0.4619907641135401,0.040095249811808266,0.0745727122296226,2.5987625122070312e-05,0.269787073135376,3.294944763183594e-05,9.363889694213867e-05,0.00021004676818847656,0.05315101146697998,0.07919211387634278,1.584962500721156,1.8598425683107422,0.9624852581191837,4,3.5,0.5384615384615384,0.3994614003590664,0.46153846153846156,0.6005385996409336,0.833311037457024,-0.20107719928186715,0.5384615384615384,0.46153846153846156,0.0,0.0,0.38461538461538464,0.0,2,0.6,mixed,tunnel,ikev1,3DES_CBC,CRITICAL_FAIL,1
exp_110_mixed_tunnel_3des_cbc_1789047044,7,0,6,1152.0,1.2675020694732666,908.8742557073176,4.733720081808946,192.0,94.87535682849015,54.0,310.0,192.0,70.0,86.0,122.0,277.0,298.0,304.0,-0.10922656362042116,-1.5863321136929063,2.2516291673878226,0.8612304908367405,0.25350041389465333,0.5067477540864118,3.1948089599609375e-05,1.266995906829834,3.31878662109375e-05,3.504753112792969e-05,0.00017499923706054688,0.00026416778564453125,0.7603032112121583,0.7219280948873623,1.9989937977111212,0.9996006612883536,2,3.5,0.3333333333333333,0.3645833333333333,0.6666666666666666,0.6354166666666666,2.999698856479382,-0.2708333333333333,0.5,0.5,0.0,0.0,0.16666666666666666,0.0,2,0.6666666666666666,mixed,tunnel,ikev1,3DES_CBC,CRITICAL_FAIL,1
exp_110_mixed_tunnel_3des_cbc_1789047044,8,0,3,306.0,0.001,306000.0,3000.0,102.0,34.56395039150859,54.0,134.0,118.0,60.4,66.8,86.0,126.0,130.8,132.4,-0.5951700641394972,-1.5000000000000004,1.584962500721156,0.0,0.00014960765838623047,0.00011456012725830078,3.504753112792969e-05,0.00026416778564453125,5.795955657958985e-05,9.232759475708008e-05,0.00014960765838623047,0.00020688772201538086,0.0002412557601928711,1.0,0.7606527349659307,0.0,1,3.0,0.3333333333333333,0.43790849673202614,0.6666666666666666,0.5620915032679739,1.0,-0.12418300653594772,1.0,0.0,0.0,0.0,0.3333333333333333,0.0,2,1.0,mixed,tunnel,ikev1,3DES_CBC,CRITICAL_FAIL,1
exp_110_mixed_tunnel_3des_cbc_1789047044,9,0,3,306.0,0.001,306000.0,3000.0,102.0,34.56395039150859,54.0,134.0,118.0,60.4,66.8,86.0,126.0,130.8,132.4,-0.5951700641394972,-1.5000000000000004,1.584962500721156,0.0,8.046627044677734e-05,6.35385513305664e-05,1.6927719116210938e-05,0.00014400482177734375,2.963542938232422e-05,4.869699478149414e-05,8.046627044677734e-05,0.00011223554611206055,0.00013129711151123048,1.0,0.7799369110934902,0.0,1,3.0,0.3333333333333333,0.43790849673202614,0.6666666666666666,0.5620915032679739,1.0,-0.12418300653594772,1.0,0.0,0.0,0.0,0.3333333333333333,0.0,2,1.0,mixed,tunnel,ikev1,3DES_CBC,CRITICAL_FAIL,1
exp_110_mixed_tunnel_3des_cbc_1789047044,10,0,3,306.0,0.001,306000.0,3000.0,102.0,34.56395039150859,54.0,134.0,118.0,60.4,66.8,86.0,126.0,130.8,132.4,-0.5951700641394972,-1.5000000000000004,1.584962500721156,0.0,8.046627044677734e-05,6.35385513305664e-05,1.6927719116210938e-05,0.00014400482177734375,2.963542938232422e-05,4.869699478149414e-05,8.046627044677734e-05,0.00011223554611206055,0.00013129711151123048,1.0,0.7799369110934902,0.0,1,3.0,0.3333333333333333,0.43790849673202614,0.6666666666666666,0.5620915032679739,1.0,-0.12418300653594772,1.0,0.0,0.0,0.0,0.3333333333333333,0.0,2,1.0,mixed,tunnel,ikev1,3DES_CBC,CRITICAL_FAIL,1
exp_111_mixed_transport_3des_cbc_1789047087,-1,1,30,5268.0,7.922912120819092,664.9070341392832,3.786486526989084,175.6,99.42555003619543,42.0,382.0,162.0,42.0,42.0,92.0,242.0,343.6,362.4,0.513302674538127,-0.6814418001630966,3.339572261986723,0.5469138086744313,0.2732038662351411,0.5055621859095384,0.0001239776611328125,2.3694028854370117,0.00018253326416015626,0.00020003318786621094,0.01629781723022461,0.2799539566040039,0.9146727561950683,1.3754446716614537,1.8504874853671631,0.9928060766687785,14,2.9285714285714284,0.5666666666666667,0.5022779043280182,0.43333333333333335,0.4977220956719818,1.080097624925213,0.004555808656036446,0.8,0.2,0.0,0.0,0.13333333333333333,0.0,2,0.52,mixed,transport,ikev1,3DES_CBC,CRITICAL_FAIL,1
exp_111_mixed_transport_3des_cbc_1789047087,0,0,10,2020.0,0.760113000869751,2657.4996055700103,13.155938641435693,202.0,59.356549764958544,86.0,270.0,222.0,96.8,107.6,174.0,246.0,255.6,262.79999999999995,-0.8343794535682562,-0.6565396332786388,2.6464393446710153,0.3779812739391316,0.08445700009663899,0.12220580229141446,0.0001239776611328125,0.3432610034942627,0.000177764892578125,0.00019884109497070312,0.0003249645233154297,0.18098211288452148,0.24347863197326663,1.4466166676282082,1.446941700627335,0.9771917525708523,5,2.8,0.5,0.4782178217821782,0.5,0.5217821782178218,0.9999846966707842,-0.04356435643564356,0.8,0.2,0.0,0.0,0.0,0.0,2,0.5555555555555556,mixed,transport,ikev1,3DES_CBC,CRITICAL_FAIL,1
exp_111_mixed_transport_3des_cbc_1789047087,1,0,6,644.0,0.9680869579315186,665.229496920416,6.1977903439790305,107.33333333333333,58.681816225774355,42.0,198.0,98.0,42.0,42.0,53.0,152.0,182.0,190.0,0.31325510065034645,-1.3686509669989269,2.2516291673878226,0.20198119362432476,0.1936173915863037,0.30583054674185756,0.00016498565673828125,0.7895991802215576,0.00017852783203125,0.00019884109497070312,0.00026702880859375,0.1778569221496582,0.5449022769927979,1.3709505944546687,1.579553183125872,0.9993483482499851,3,2.6666666666666665,0.6666666666666666,0.5590062111801242,0.3333333333333333,0.4409937888198758,0.33330950563364486,0.11801242236024845,1.0,0.0,0.0,0.0,0.3333333333333333,0.0,2,0.6666666666666666,mixed,transport,ikev1,3DES_CBC,CRITICAL_FAIL,1
exp_111_mixed_transport_3des_cbc_1789047087,2,0,6,604.0,1.1787919998168945,512.3889541953298,5.089956498629104,100.66666666666667,49.99555535800713,42.0,174.0,98.0,42.0,42.0,53.0,140.0,162.0,168.0,0.14438457491610943,-1.4370630644120201,2.2516291673878226,0.675810510911238,0.2357583999633789,0.38835891987493143,0.00016498565673828125,1.000195026397705,0.00020580291748046876,0.00026702880859375,0.00030803680419921875,0.1778569221496582,0.6712597846984865,1.3709505944546687,1.6472680195795213,0.9993721952052218,3,2.6666666666666665,0.6666666666666666,0.5695364238410596,0.3333333333333333,0.4304635761589404,0.39263007729697225,0.1390728476821192,1.0,0.0,0.0,0.0,0.3333333333333333,0.0,2,0.6666666666666666,mixed,transport,ikev1,3DES_CBC,CRITICAL_FAIL,1
exp_111_mixed_transport_3des_cbc_1789047087,5,0,8,1936.0,1.4101250171661377,1372.9279152076094,5.673255847965328,242.0,121.91800523302537,86.0,382.0,250.0,94.4,102.8,128.0,360.0,370.8,376.4,-0.05085561622667884,-1.8779015133695849,2.1556390622295662,0.3855052633134345,0.20144643102373397,0.30471617738109047,0.000186920166015625,0.8932921886444092,0.00019121170043945312,0.0002014636993408203,0.0002429485321044922,0.2580000162124634,0.5350788116455081,1.6644977792004614,1.512633722021452,0.9994094168342071,4,2.75,0.5,0.48760330578512395,0.5,0.512396694214876,0.9999927993038896,-0.024793388429752067,0.5,0.5,0.0,0.0,0.0,0.0,2,0.5714285714285714,mixed,transport,ikev1,3DES_CBC,CRITICAL_FAIL,1
exp_111_mixed_transport_3des_cbc_1789047087,6,0,10,2364.0,0.8346869945526123,2832.1993938183873,11.980538890940725,236.4,109.85372092013998,86.0,382.0,214.0,96.8,107.6,140.0,354.0,367.6,374.79999999999995,0.09089265225312662,-1.6326144835457943,2.6464393446710157,0.6586995202231424,0.0927429993947347,0.12402658145895605,0.0001480579376220703,0.29626989364624023,0.00018486976623535156,0.00020885467529296875,0.0002429485321044922,0.21973013877868652,0.2832171440124512,1.6577427265048887,1.3373003349907007,0.9535957720960511,5,2.8,0.5,0.48307952622673433,0.5,0.5169204737732657,1.000068062256766,-0.0338409475465313,0.6,0.4,0.0,0.0,0.0,0.0,2,0.5555555555555556,mixed,transport,ikev1,3DES_CBC,CRITICAL_FAIL,1
exp_111_mixed_transport_3des_cbc_1789047087,7,0,4,624.0,0.03808712959289551,16383.487195538,105.02235381755128,156.0,59.6992462263972,86.0,230.0,154.0,89.6,93.2,104.0,206.0,220.4,225.2,0.04579633591416836,-1.787882566782679,2.0,0.5071596179948813,0.012695709864298502,0.01769770760755518,0.0001480579376220703,0.03772401809692383,0.00016145706176757814,0.00018155574798583984,0.00021505355834960938,0.01896953582763672,0.030222225189208987,0.9182958340544896,1.393881391061698,0.0,2,2.5,0.5,0.4935897435897436,0.5,0.5064102564102564,1.0017425471505759,-0.01282051282051282,1.0,0.0,0.0,0.0,0.0,0.0,2,0.6666666666666666,mixed,transport,ikev1,3DES_CBC,CRITICAL_FAIL,1
exp_112_mixed_tunnel_aes_gcm_16_256_1789047132,-1,1,60,10679.0,8.241633892059326,1295.7382164583935,7.280109840575299,177.98333333333332,100.01108133046503,42.0,514.0,156.0,54.0,54.0,126.25,198.0,318.8,354.2,1.3822855163557222,2.1105306658003578,2.7797392122019233,0.7779941478023907,0.13968871003490382,0.34024462794807786,1.0967254638671875e-05,2.2486629486083984,1.3685226440429689e-05,2.1457672119140625e-05,0.0001900196075439453,0.0973426103591919,0.36680440902709965,1.0441337614734403,2.4357171896416854,0.9849464176581303,17,3.9411764705882355,0.43333333333333335,0.4408652495552018,0.5666666666666667,0.5591347504447982,1.455710294917445,-0.11826950088959641,0.8,0.2,0.0,0.0,0.11666666666666667,0.0,2,0.7027027027027027,mixed,tunnel,ikev2,AES_GCM_16_256,PASS,1
exp_112_mixed_tunnel_aes_gcm_16_256_1789047132,0,0,4,1608.0,0.09843897819519043,16334.992799412908,40.634310446300766,402.0,109.36178491593853,270.0,514.0,412.0,277.2,284.4,306.0,508.0,511.6,512.8,-0.06935955084097174,-1.9029053366293442,1.5,0.62433452397764,0.03281299273173014,0.03184828470966819,0.00839090347290039,0.07779812812805176,0.009162712097167968,0.010320425033569336,0.012249946594238281,0.04502403736114502,0.06468849182128907,0.9182958340544896,0.9705702372168766,0.7903183226240847,0,1.0,0.5,0.5124378109452736,0.5,0.48756218905472637,1.0447620571622493,0.024875621890547265,0.0,1.0,0.0,0.0,0.0,0.0,0,0.0,mixed,tunnel,ikev2,AES_GCM_16_256,PASS,1
exp_112_mixed_tunnel_aes_gcm_16_256_1789047132,2,0,15,3538.0,0.5943889617919922,5952.331263577757,25.236000269549564,235.86666666666667,96.91980648396326,54.0,358.0,270.0,93.2,117.2,142.0,315.0,344.4,355.2,-0.38601187317882385,-1.2813113822859992,3.056564762130954,0.7927231543125635,0.042456354413713725,0.10513754020168921,1.5020370483398438e-05,0.3753981590270996,1.6045570373535156e-05,2.0742416381835938e-05,0.0001684427261352539,0.005477726459503174,0.14204840660095236,0.7345299214394703,2.4763092673463842,0.9630733142723285,5,3.8,0.3333333333333333,0.34200113058224985,0.6666666666666666,0.6579988694177501,2.2500877969473287,-0.3159977388355003,0.4666666666666667,0.5333333333333333,0.0,0.0,0.06666666666666667,0.0,2,0.5555555555555556,mixed,tunnel,ikev2,AES_GCM_16_256,PASS,1
exp_112_mixed_tunnel_aes_gcm_16_256_1789047132,3,0,27,5290.0,1.1326680183410645,4670.388776181633,23.83752305423518,195.92592592592592,90.00408465048845,54.0,358.0,170.0,68.7,107.2,129.5,284.0,327.6,346.79999999999995,0.37076049188792387,-1.0711631047360746,3.4117518537749354,0.7888085539087119,0.0435641545515794,0.09681171912516681,1.1920928955078125e-05,0.3753981590270996,1.609325408935547e-05,1.9848346710205078e-05,0.0001709461212158203,0.012104034423828125,0.1464780569076538,1.2989565682277364,2.2222282951055665,0.9377589325820701,9,3.888888888888889,0.3333333333333333,0.345179584120983,0.6666666666666666,0.654820415879017,2.1249815223770474,-0.30964083175803403,0.7037037037037037,0.2962962962962963,0.0,0.0,0.07407407407407407,0.0,2,0.5882352941176471,mixed,tunnel,ikev2,AES_GCM_16_256,PASS,1
exp_112_mixed_tunnel_aes_gcm_16_256_1789047132,4,0,19,2622.0,1.4090988636016846,1860.763689283033,13.483794849877052,138.0,43.26296580825586,54.0,226.0,130.0,54.0,93.2,110.0,166.0,188.39999999999998,200.79999999999995,-0.12347730128386901,-0.22074079942337255,2.7550576199383077,0.3725992796955847,0.07828327020009358,0.1307513071199419,1.1920928955078125e-05,0.3646559715270996,1.2755393981933594e-05,1.9252300262451172e-05,0.0001499652862548828,0.07744866609573364,0.3072954654693604,1.5157895841746822,1.6702117396731584,0.9653511926606746,6,3.8333333333333335,0.3684210526315789,0.40198321891685734,0.631578947368421,0.5980167810831426,1.8333944077694875,-0.19603356216628529,1.0,0.0,0.0,0.0,0.10526315789473684,0.0,2,0.5833333333333334,mixed,tunnel,ikev2,AES_GCM_16_256,PASS,1
exp_112_mixed_tunnel_aes_gcm_16_256_1789047132,5,0,9,954.0,1.4020359516143799,680.4390421668667,6.419236246857232,106.0,47.17814936787769,42.0,174.0,110.0,42.0,42.0,54.0,134.0,164.4,169.2,-0.14708709895529343,-1.3621017873000645,2.725480556997868,0.41470279830920104,0.17525449395179749,0.25668711649836395,1.1920928955078125e-05,0.74446702003479,1.2755393981933594e-05,3.331899642944336e-05,0.00012445449829101562,0.310613214969635,0.47859928607940666,1.5487949406953985,1.4646451914880543,0.999776041927944,3,3.6666666666666665,0.5555555555555556,0.5471698113207547,0.4444444444444444,0.4528301886792453,3.5918937293991138,0.09433962264150944,1.0,0.0,0.0,0.0,0.3333333333333333,0.0,2,0.75,mixed,tunnel,ikev2,AES_GCM_16_256,PASS,1
exp_112_mixed_tunnel_aes_gcm_16_256_1789047132,6,0,11,1390.0,0.42668914794921875,3257.6408532551363,25.779891644465106,126.36363636363636,55.72541892215424,42.0,198.0,130.0,42.0,42.0,82.0,178.0,186.0,192.0,-0.3705598490557174,-1.2642139633529497,2.413088436425758,0.21136686696837778,0.042668914794921874,0.06983820187815165,1.0967254638671875e-05,0.22839784622192383,1.5473365783691408e-05,5.40614128112793e-05,0.006445169448852539,0.05526566505432129,0.11173377037048335,1.3567796494470397,1.6367082571831866,0.9244830314517138,3,3.3333333333333335,0.6363636363636364,0.637410071942446,0.36363636363636365,0.36258992805755397,11.057057566089115,0.27482014388489207,1.0,0.0,0.0,0.0,0.2727272727272727,0.0,2,1.0,mixed,tunnel,ikev2,AES_GCM_16_256,PASS,1
exp_112_mixed_tunnel_aes_gcm_16_256_1789047132,7,0,12,1755.0,1.18572998046875,1480.1008905132032,10.120347969321047,146.25,39.192101670277054,54.0,198.0,146.0,84.80000000000001,111.1,127.75,180.0,186.0,191.39999999999998,-0.7582868555646952,0.1150383373086643,3.0220552088742005,0.10213103151304392,0.10779363458806818,0.23689075284909608,1.0967254638671875e-05,0.8262279033660889,1.3828277587890625e-05,5.602836608886719e-05,0.00015020370483398438,0.058969974517822266,0.22839784622192383,1.2776134368191154,2.1976117248725995,0.9727314513949658,3,4.0,0.5,0.5424501424501424,0.5,0.45754985754985755,1.2553158815790375,0.0849002849002849,1.0,0.0,0.0,0.0,0.08333333333333333,0.0,2,0.875,mixed,tunnel,ikev2,AES_GCM_16_256,PASS,1
exp_112_mixed_tunnel_aes_gcm_16_256_1789047132,8,0,10,1387.0,1.0416269302368164,1331.5707953947217,9.600366224907871,138.7,36.916256581619976,54.0,190.0,142.0,79.2,104.4,123.25,161.0,179.2,184.6,-0.8360340832633582,0.3388821224667131,3.121928094887362,0.06689752998111226,0.11573632558186848,0.1871910542309347,1.2874603271484375e-05,0.5500791072845459,1.2874603271484375e-05,1.3828277587890625e-05,0.0001289844512939453,0.16576719284057617,0.37029585838317874,1.4466166676282082,1.6173784324964584,0.99958662363524,3,3.6666666666666665,0.4,0.43258832011535686,0.6,0.5674116798846431,1.666657520748831,-0.13482335976928622,1.0,0.0,0.0,0.0,0.1,0.0,2,0.8333333333333334,mixed,tunnel,ikev2,AES_GCM_16_256,PASS,1
exp_112_mixed_tunnel_aes_gcm_16_256_1789047132,9,0,8,1072.0,1.2475159168243408,859.3076733873411,6.412743831248814,134.0,37.89459064299283,54.0,190.0,134.0,73.6,93.2,125.0,159.0,170.4,180.2,-0.7224261854721284,0.1565552719175054,2.5,0.11188809313050752,0.1782165595463344,0.2626022016621808,1.2874603271484375e-05,0.7561190128326416,1.2874603271484375e-05,6.890296936035156e-05,0.0001289844512939453,0.24555861949920654,0.49765763282775893,1.6644977792004614,1.4734922996962452,0.999775822504936,2,4.0,0.5,0.5447761194029851,0.5,0.4552238805970149,7.51874005597782,0.08955223880597014,1.0,0.0,0.0,0.0,0.125,0.0,2,0.8,mixed,tunnel,ikev2,AES_GCM_16_256,PASS,1
exp_113_mixed_transport_aes_gcm_16_128_1789047175,-1,1,30,5548.0,9.322504043579102,595.1190768129727,3.2180195213390737,184.93333333333334,115.016211417734,42.0,514.0,172.0,63.60000000000001,90.0,95.0,238.0,289.20000000000005,421.39999999999947,1.3309143293200676,1.6578026617144603,2.552584246172162,0.6672303085001787,0.32146565667514143,0.5397298090103436,7.700920104980469e-05,2.2399768829345703,0.00015416145324707032,0.00021004676818847656,0.0162961483001709,0.3920478820800781,0.9697055816650391,1.8559585804392404,1.6789604700924499,0.991804337725263,13,3.0,0.5333333333333333,0.505407354001442,0.4666666666666667,0.494592645998558,0.8673176521272884,0.010814708002883922,0.7666666666666667,0.23333333333333334,0.0,0.0,0.06666666666666667,0.0,2,0.9565217391304348,mixed,transport,ikev2,AES_GCM_16_128,PASS,1
exp_113_mixed_transport_aes_gcm_16_128_1789047175,0,0,4,1624.0,0.13715314865112305,11840.778108062066,29.164478098675037,406.0,104.65180361560904,286.0,514.0,412.0,290.8,295.6,310.0,508.0,511.6,512.8,-0.032665979665104164,-1.9508254627003763,1.5,0.5790099088852613,0.045717716217041016,0.048088666582857924,0.007328987121582031,0.11352801322937012,0.009122419357299804,0.011812567710876465,0.0162961483001709,0.06491208076477051,0.09408164024353027,0.9182958340544896,1.051837640290817,0.8277463138535137,0,1.0,0.5,0.5073891625615764,0.5,0.49261083743842365,0.9309212399743619,0.014778325123152709,0.0,1.0,0.0,0.0,0.0,0.0,0,0.0,mixed,transport,ikev2,AES_GCM_16_128,PASS,1
exp_113_mixed_transport_aes_gcm_16_128_1789047175,2,0,6,1104.0,0.5572779178619385,1981.0582199912467,10.766620760821993,184.0,69.77105417004964,90.0,282.0,184.0,95.0,100.0,125.0,240.0,268.0,275.0,0.023742402584655625,-1.4218740399800418,2.584962500721156,0.22941399304373422,0.11145558357238769,0.18910513325244882,0.00020599365234375,0.48567700386047363,0.00020761489868164061,0.00021004676818847656,0.00023984909057617188,0.07094502449035645,0.3197842121124268,1.3709505944546687,1.696670821868775,0.9988230477288158,3,2.6666666666666665,0.5,0.483695652173913,0.5,0.5163043478260869,0.9999356361217531,-0.03260869565217391,0.6666666666666666,0.3333333333333333,0.0,0.0,0.0,0.0,2,0.8,mixed,transport,ikev2,AES_GCM_16_128,PASS,1
exp_113_mixed_transport_aes_gcm_16_128_1789047175,3,0,8,1552.0,0.7900900840759277,1964.332968202209,10.125427671145408,194.0,63.245553203367585,90.0,282.0,204.0,97.0,104.0,155.0,242.0,262.4,272.2,-0.3678993829839893,-1.094936,3.0,0.2570602820843476,0.11287001201084682,0.17147278949580433,0.00020599365234375,0.48567700386047363,0.00020842552185058595,0.00022494792938232422,0.0002560615539550781,0.1517505645751953,0.33380446434021005,1.6644977792004614,1.5191924519940154,0.9988457631813845,4,2.75,0.5,0.4793814432989691,0.5,0.520618556701031,0.999932815838802,-0.041237113402061855,0.75,0.25,0.0,0.0,0.0,0.0,2,0.8571428571428571,mixed,transport,ikev2,AES_GCM_16_128,PASS,1
exp_113_mixed_transport_aes_gcm_16_128_1789047175,4,0,4,648.0,1.018083095550537,636.4902853529735,3.928952378722059,162.0,63.182275995725256,90.0,238.0,160.0,93.0,96.0,105.0,217.0,229.6,233.79999999999998,0.03539715704516718,-1.8570567989686788,2.0,0.4249190092895688,0.339361031850179,0.47947143076098303,0.0002560615539550781,1.0174360275268555,0.000283050537109375,0.0003235340118408203,0.0003910064697265625,0.508913516998291,0.8140270233154298,0.9182958340544896,1.4128611505150916,0.9993644251372903,2,2.5,0.5,0.49382716049382713,0.5,0.5061728395061729,0.9998664362630713,-0.012345679012345678,1.0,0.0,0.0,0.0,0.0,0.0,2,1.0,mixed,transport,ikev2,AES_GCM_16_128,PASS,1
exp_113_mixed_transport_aes_gcm_16_128_1789047175,5,0,4,284.0,0.9582409858703613,296.3763856771848,4.174315291227955,71.0,29.8496231131986,42.0,110.0,66.0,42.0,42.0,42.0,95.0,104.0,107.0,0.16355834255060128,-1.7849803685942855,1.5,0.7269004605005989,0.3194136619567871,0.4513882138940853,7.700920104980469e-05,0.957772970199585,0.00013980865478515627,0.0002340078353881836,0.0003910064697265625,0.47908198833465576,0.7662965774536133,0.9182958340544896,1.4131731183809986,0.999511588757236,2,2.5,0.75,0.6830985915492958,0.25,0.31690140845070425,1.0,0.36619718309859156,1.0,0.0,0.0,0.0,0.5,0.0,2,1.0,mixed,transport,ikev2,AES_GCM_16_128,PASS,1
exp_113_mixed_transport_aes_gcm_16_128_1789047175,6,0,4,588.0,0.6832399368286133,860.6054305451064,5.854458711191199,147.0,105.46563421323555,42.0,266.0,140.0,42.0,42.0,42.0,245.0,257.6,261.8,0.026315021164756595,-1.964990587824332,1.5,0.5960395606792696,0.22774664560953775,0.3219176867341739,7.700920104980469e-05,0.683007001876831,9.279251098632812e-05,0.00011646747589111328,0.00015592575073242188,0.34158146381378174,0.5464367866516113,0.9182958340544896,1.4134841476521172,0.9996590729855994,2,2.5,0.75,0.5476190476190477,0.25,0.4523809523809524,1.0,0.09523809523809523,0.75,0.25,0.0,0.0,0.5,0.0,2,1.0,mixed,transport,ikev2,AES_GCM_16_128,PASS,1
exp_113_mixed_transport_aes_gcm_16_128_1789047175,7,0,6,1112.0,0.3007388114929199,3697.560665614917,19.950866900799912,185.33333333333334,64.72162612982532,90.0,266.0,204.0,95.0,100.0,130.0,233.0,252.0,259.0,-0.3614768096986599,-1.4234319976922372,2.584962500721156,0.2068243769458203,0.060147762298583984,0.09689965295907003,0.00015592575073242188,0.2501358985900879,0.00016107559204101563,0.00016880035400390625,0.0005981922149658203,0.04967999458312988,0.1699535369873047,1.3709505944546687,1.6109999483954673,0.8317380033138047,3,2.6666666666666665,0.5,0.48381294964028776,0.5,0.5161870503597122,0.9999505144670373,-0.03237410071942446,0.8333333333333334,0.16666666666666666,0.0,0.0,0.0,0.0,2,1.0,mixed,transport,ikev2,AES_GCM_16_128,PASS,1
exp_113_mixed_transport_aes_gcm_16_128_1789047175,8,0,4,608.0,0.05044698715209961,12052.255928919136,79.29115742709958,152.0,53.40411969127476,90.0,218.0,150.0,93.0,96.0,105.0,197.0,209.6,213.79999999999998,0.049163359716105005,-1.802914811878773,2.0,0.5167560837336309,0.016815662384033203,0.02323925332294481,0.00016880035400390625,0.04967999458312988,0.0002546787261962891,0.0003834962844848633,0.0005981922149658203,0.02513909339904785,0.03986363410949707,0.9182958340544896,1.3819182898628932,0.0,2,2.5,0.5,0.4934210526315789,0.5,0.506578947368421,1.0085936534242952,-0.013157894736842105,1.0,0.0,0.0,0.0,0.0,0.0,2,1.0,mixed,transport,ikev2,AES_GCM_16_128,PASS,1
exp_113_mixed_transport_aes_gcm_16_128_1789047175,10,0,6,776.0,1.2157340049743652,638.2975197081557,4.935290100836256,129.33333333333334,43.04519588628781,90.0,202.0,110.0,90.0,90.0,95.0,158.0,188.0,195.0,0.7035210499961679,-1.2072062576115934,1.9182958340544893,0.5672514428161396,0.24314680099487304,0.32734474793267115,0.0001468658447265625,0.8232090473175049,0.00014696121215820312,0.00014710426330566406,0.00018310546875,0.3920478820800781,0.6507445812225342,1.3709505944546687,1.3462788747967063,0.999607582271426,3,2.6666666666666665,0.5,0.5077319587628866,0.5,0.49226804123711343,0.9999685423118778,0.015463917525773196,1.0,0.0,0.0,0.0,0.0,0.0,2,1.0,mixed,transport,ikev2,AES_GCM_16_128,PASS,1
exp_113_mixed_transport_aes_gcm_16_128_1789047175,11,0,6,776.0,0.733036994934082,1058.609600010408,8.18512577327635,129.33333333333334,43.04519588628781,90.0,202.0,110.0,90.0,90.0,95.0,158.0,188.0,195.0,0.703521049996168,-1.2072062576115934,1.9182958340544893,0.1461584038980542,0.1466073989868164,0.18003571783411848,0.00014710426330566406,0.3920478820800781,0.00016150474548339843,0.00018310546875,0.0003190040588378906,0.34033989906311035,0.371364688873291,1.3709505944546687,1.2280041189884898,0.9991143505779652,3,2.6666666666666665,0.5,0.5077319587628866,0.5,0.49226804123711343,0.999762721081041,0.015463917525773196,1.0,0.0,0.0,0.0,0.0,0.0,2,1.0,mixed,transport,ikev2,AES_GCM_16_128,PASS,1
exp_114_mixed_tunnel_aes_cbc_256_1789047220,-1,1,51,10869.0,9.77466106414795,1111.956714270731,5.21757221711356,213.11764705882354,129.43643258657193,42.0,514.0,151.0,54.0,54.0,130.0,322.5,386.0,418.0,0.556837340922043,-0.7737677372258185,2.867802923875604,0.6166723101731856,0.19549322128295898,0.4387508341879253,0.0,2.1778159141540527,9.703636169433594e-06,1.913309097290039e-05,0.0001653432846069336,0.1256626844406128,0.9792236089706421,1.2112159638215654,2.2443161302086567,0.9903527497749884,15,4.133333333333334,0.37254901960784315,0.39249240960529946,0.6274509803921569,0.6075075903947005,1.7249208731526706,-0.21501518078940104,0.6470588235294118,0.35294117647058826,0.0,0.0,0.17647058823529413,0.0,2,0.5172413793103449,mixed,tunnel,ikev2,AES_CBC_256,PASS,1
exp_114_mixed_tunnel_aes_cbc_256_1789047220,0,0,4,1624.0,0.043119192123413086,37663.04329988112,92.76611650217025,406.0,104.65180361560904,286.0,514.0,412.0,290.8,295.6,310.0,508.0,511.6,512.8,-0.032665979665104164,-1.9508254627003763,1.5,0.5790099088852613,0.014373064041137695,0.0011720429080181532,0.01277613639831543,0.015556097030639648,0.013178300857543946,0.013781547546386719,0.014786958694458008,0.015171527862548828,0.015402269363403321,1.584962500721156,0.08153872868966201,0.0,0,1.0,0.5,0.5073891625615764,0.5,0.49261083743842365,1.1008181339881093,0.014778325123152709,0.0,1.0,0.0,0.0,0.0,0.0,0,0.0,mixed,tunnel,ikev2,AES_CBC_256,PASS,1
exp_114_mixed_tunnel_aes_cbc_256_1789047220,1,0,6,843.0,0.001,843000.0,6000.0,140.5,48.4759390488381,54.0,210.0,138.0,71.75,89.5,126.25,170.0,194.0,202.0,-0.38551309936671085,-0.5443042052875531,2.2516291673878226,-0.3997522949742357,1.64031982421875e-05,2.7369539066172554e-05,0.0,7.104873657226562e-05,1.1444091796875002e-06,2.86102294921875e-06,3.0994415283203125e-06,5.0067901611328125e-06,4.463195800781251e-05,0.7219280948873623,1.5726729469658867,0.0,1,6.0,0.3333333333333333,0.38434163701067614,0.6666666666666666,0.6156583629893239,0.0,-0.2313167259786477,1.0,0.0,0.0,0.0,0.16666666666666666,0.0,2,0.6666666666666666,mixed,tunnel,ikev2,AES_CBC_256,PASS,1
exp_114_mixed_tunnel_aes_cbc_256_1789047220,2,0,12,1744.0,0.5092990398406982,3424.3143292504524,23.561795843466417,145.33333333333334,51.41713938194366,54.0,226.0,146.0,54.0,61.10000000000001,128.75,182.0,208.4,217.2,-0.3639959329457731,-0.5434829177010507,2.8553885422075336,-0.027132821257967475,0.04629991271279075,0.10716160876479011,0.0,0.3555779457092285,2.86102294921875e-06,4.0531158447265625e-06,1.811981201171875e-05,0.00021135807037353516,0.1531810760498047,0.8658566174572235,2.3144599638785617,0.9989396836840023,3,4.666666666666667,0.3333333333333333,0.38073394495412843,0.6666666666666666,0.6192660550458715,2.332403271227775,-0.23853211009174313,1.0,0.0,0.0,0.0,0.16666666666666666,0.0,2,0.5714285714285714,mixed,tunnel,ikev2,AES_CBC_256,PASS,1
exp_114_mixed_tunnel_aes_cbc_256_1789047220,3,0,6,901.0,0.3560359477996826,2530.6433397195383,16.85223089713344,150.16666666666666,53.76621202535618,54.0,226.0,148.5,73.0,92.0,134.0,183.25,210.0,218.0,-0.4045949025468273,-0.5577878940935488,2.2516291673878226,0.6448205091793283,0.07120718955993652,0.1421854064503718,1.71661376953125e-05,0.3555779457092285,1.7547607421875e-05,1.811981201171875e-05,0.00017380714416503906,0.00024890899658203125,0.21344633102416996,0.7219280948873623,1.9967563749207973,0.9987136071700496,2,3.5,0.3333333333333333,0.37735849056603776,0.6666666666666666,0.6226415094339622,2.9991888359934484,-0.24528301886792453,1.0,0.0,0.0,0.0,0.16666666666666666,0.0,2,0.6666666666666666,mixed,tunnel,ikev2,AES_CBC_256,PASS,1
exp_114_mixed_tunnel_aes_cbc_256_1789047220,4,0,3,330.0,0.001,330000.0,3000.0,110.0,40.13311184877976,54.0,146.0,130.0,61.6,69.2,92.0,138.0,142.8,144.4,-0.6237520947068693,-1.5000000000000002,1.584962500721156,0.0,6.902217864990234e-05,5.4001808166503906e-05,1.5020370483398438e-05,0.00012302398681640625,2.582073211669922e-05,4.202127456665039e-05,6.902217864990234e-05,9.60230827331543e-05,0.00011222362518310547,1.0,0.7712100538388379,0.0,1,3.0,0.3333333333333333,0.44242424242424244,0.6666666666666666,0.5575757575757576,1.0,-0.11515151515151516,1.0,0.0,0.0,0.0,0.3333333333333333,0.0,2,1.0,mixed,tunnel,ikev2,AES_CBC_256,PASS,1
exp_114_mixed_tunnel_aes_cbc_256_1789047220,5,0,8,1455.0,1.1506671905517578,1264.48378118986,6.952488143999231,181.875,134.60352660684637,42.0,386.0,138.0,42.0,42.0,51.0,314.25,363.6,374.79999999999995,0.38673367606570447,-1.531242399063449,2.1556390622295662,0.3628520891876083,0.1643810272216797,0.3830330432845519,9.775161743164062e-06,1.1017179489135742,1.2922286987304688e-05,4.553794860839844e-05,8.821487426757812e-05,0.024380087852478027,0.46986947059631384,0.5916727785823275,2.330139430437899,0.9574601222315969,3,3.3333333333333335,0.5,0.4013745704467354,0.5,0.5986254295532646,1.0443199547614452,-0.1972508591065292,0.625,0.375,0.0,0.0,0.375,0.0,2,0.6666666666666666,mixed,tunnel,ikev2,AES_CBC_256,PASS,1
exp_114_mixed_tunnel_aes_cbc_256_1789047220,6,0,8,1455.0,0.3763871192932129,3865.700831453073,21.254712475343357,181.875,134.60352660684637,42.0,386.0,138.0,42.0,42.0,51.0,314.25,363.6,374.79999999999995,0.38673367606570447,-1.531242399063449,2.1556390622295662,0.6671599283047586,0.053769588470458984,0.1129941445530192,9.059906005859375e-06,0.3274848461151123,9.489059448242187e-06,4.291534423828125e-05,8.20159912109375e-05,0.024362683296203613,0.1601762294769288,1.1488348542809166,2.101411715348755,0.8700745305260971,3,3.3333333333333335,0.5,0.4013745704467354,0.5,0.5986254295532646,0.9999844246790133,-0.1972508591065292,0.625,0.375,0.0,0.0,0.375,0.0,2,0.6666666666666666,mixed,tunnel,ikev2,AES_CBC_256,PASS,1
exp_114_mixed_tunnel_aes_cbc_256_1789047220,7,0,6,660.0,1.3081531524658203,504.528081254037,4.5866189204912455,110.0,40.13311184877976,54.0,146.0,130.0,54.0,54.0,73.0,142.0,146.0,146.0,-0.6237520947068693,-1.5000000000000002,1.584962500721156,-0.3488089197868621,0.26163063049316404,0.5231537357168207,9.059906005859375e-06,1.3079380989074707,1.02996826171875e-05,1.2159347534179688e-05,8.20159912109375e-05,0.00011181831359863281,0.784807586669922,0.7219280948873623,1.9995813760388952,0.9998356052133924,2,3.5,0.3333333333333333,0.44242424242424244,0.6666666666666666,0.5575757575757576,2.999896882748459,-0.11515151515151516,1.0,0.0,0.0,0.0,0.3333333333333333,0.0,2,0.6666666666666666,mixed,tunnel,ikev2,AES_CBC_256,PASS,1
exp_114_mixed_tunnel_aes_cbc_256_1789047220,8,0,9,2614.0,0.44490599632263184,5875.398447325959,20.22899235881164,290.44444444444446,132.43708033218482,54.0,418.0,341.0,84.4,114.80000000000001,146.0,386.0,418.0,418.0,-0.6815819401705338,-1.219351985590103,2.503258334775646,0.5577777409361482,0.05561324954032898,0.09733149860611956,1.2159347534179688e-05,0.2522709369659424,1.8501281738281252e-05,8.863210678100586e-05,0.00011682510375976562,0.04815971851348877,0.2101274490356445,1.061278124459133,1.7501179897346109,0.9987208418114852,3,3.6666666666666665,0.3333333333333333,0.35118592195868403,0.6666666666666666,0.648814078041316,2.499407742712827,-0.297628156082632,0.3333333333333333,0.6666666666666666,0.0,0.0,0.1111111111111111,0.0,2,0.6,mixed,tunnel,ikev2,AES_CBC_256,PASS,1
exp_114_mixed_tunnel_aes_cbc_256_1789047220,9,0,9,2614.0,1.2308108806610107,2123.803129361469,7.3122525494465265,290.44444444444446,132.43708033218485,54.0,418.0,341.0,84.4,114.80000000000001,146.0,386.0,418.0,418.0,-0.6815819401705333,-1.2193519855901045,2.503258334775646,0.8349071338416441,0.15385136008262634,0.3222117049294051,1.8835067749023438e-05,0.9778978824615479,2.0503997802734375e-05,8.863210678100586e-05,0.0001499652862548828,0.06321096420288086,0.4699590206146239,1.061278124459133,2.0942915971933185,0.999478342900921,3,3.6666666666666665,0.3333333333333333,0.35118592195868403,0.6666666666666666,0.648814078041316,2.499837283172659,-0.297628156082632,0.3333333333333333,0.6666666666666666,0.0,0.0,0.1111111111111111,0.0,2,0.6,mixed,tunnel,ikev2,AES_CBC_256,PASS,1
exp_114_mixed_tunnel_aes_cbc_256_1789047220,10,0,3,330.0,0.001,330000.0,3000.0,110.0,40.13311184877976,54.0,146.0,130.0,61.6,69.2,92.0,138.0,142.8,144.4,-0.6237520947068693,-1.5000000000000002,1.584962500721156,0.0,9.846687316894531e-05,7.963180541992188e-05,1.8835067749023438e-05,0.0001780986785888672,3.4761428833007815e-05,5.8650970458984375e-05,9.846687316894531e-05,0.00013828277587890625,0.00016217231750488282,1.0,0.8005861940051799,0.0,1,3.0,0.3333333333333333,0.44242424242424244,0.6666666666666666,0.5575757575757576,1.0,-0.11515151515151516,1.0,0.0,0.0,0.0,0.3333333333333333,0.0,2,1.0,mixed,tunnel,ikev2,AES_CBC_256,PASS,1
exp_114_mixed_tunnel_aes_cbc_256_1789047220,11,0,9,2442.0,0.24036097526550293,10159.7191361974,37.44368232013784,271.3333333333333,88.08960084923633,124.0,402.0,290.0,145.6,167.2,194.0,323.0,376.4,389.2,-0.16929633808864356,-1.1841395105186219,2.94770277922009,0.5322906036183348,0.030045121908187866,0.05218780861036921,1.71661376953125e-05,0.13144493103027344,1.7833709716796874e-05,1.9550323486328125e-05,0.0001798868179321289,0.027217745780944824,0.11525464057922363,1.061278124459133,1.7369232798109466,0.9975033402866844,3,3.6666666666666665,0.3333333333333333,0.34316134316134317,0.6666666666666666,0.6568386568386568,2.4997916116011094,-0.31367731367731366,0.4444444444444444,0.5555555555555556,0.0,0.0,0.0,0.0,2,0.6,mixed,tunnel,ikev2,AES_CBC_256,PASS,1
exp_114_mixed_tunnel_aes_cbc_256_1789047220,12,0,12,2772.0,0.6854948997497559,4043.7937627427073,17.505600704513885,231.0,105.36998307551033,54.0,402.0,216.5,92.5,124.6,142.0,322.25,365.3,384.4,0.0576790245456866,-1.2023054994095104,3.0849625007211556,0.7441362923875892,0.06231771815906872,0.12941429479309235,1.71661376953125e-05,0.4449009895324707,1.811981201171875e-05,4.8041343688964844e-05,0.00017786026000976562,0.054250478744506836,0.13144493103027344,1.0957952550009336,2.076652065640406,0.9987847692000553,4,3.75,0.3333333333333333,0.354978354978355,0.6666666666666666,0.645021645021645,2.333146337143139,-0.29004329004329005,0.5833333333333334,0.4166666666666667,0.0,0.0,0.08333333333333333,0.0,2,0.5714285714285714,mixed,tunnel,ikev2,AES_CBC_256,PASS,1
exp_114_mixed_tunnel_aes_cbc_256_1789047220,13,0,3,330.0,0.001,330000.0,3000.0,110.0,40.13311184877976,54.0,146.0,130.0,61.6,69.2,92.0,138.0,142.8,144.4,-0.6237520947068693,-1.5000000000000002,1.584962500721156,0.0,0.00011646747589111328,4.0411949157714844e-05,7.605552673339844e-05,0.00015687942504882812,8.41379165649414e-05,9.626150131225586e-05,0.00011646747589111328,0.0001366734504699707,0.00014879703521728516,1.0,0.34402670910520616,0.0,1,3.0,0.3333333333333333,0.44242424242424244,0.6666666666666666,0.5575757575757576,1.0,-0.11515151515151516,1.0,0.0,0.0,0.0,0.3333333333333333,0.0,2,1.0,mixed,tunnel,ikev2,AES_CBC_256,PASS,1
exp_115_mixed_transport_aes_cbc_128_1789047266,-1,1,48,9472.0,9.16921591758728,1033.0218074406946,5.2349078079764935,197.33333333333334,114.5144338306554,42.0,514.0,154.0,42.0,106.0,122.0,289.0,350.80000000000007,382.79999999999995,0.9684498096429207,0.28245512670740114,2.856403922458244,0.6110532938332225,0.19508970037419746,0.3741009614509771,9.5367431640625e-07,2.1686151027679443,4.8875808715820326e-05,0.00016641616821289062,0.012781858444213867,0.22677898406982422,0.5881573677062988,1.4005803599967446,1.9175745472922368,0.9959129948950919,16,3.375,0.6041666666666666,0.5529983108108109,0.3958333333333333,0.4470016891891892,0.6503517283728426,0.10599662162162163,0.6875,0.3125,0.0,0.0,0.08333333333333333,0.0,2,0.6153846153846154,mixed,transport,ikev2,AES_CBC_128,PASS,1
exp_115_mixed_transport_aes_cbc_128_1789047266,0,0,4,1640.0,0.03438687324523926,47692.6177121106,116.3234578344161,410.0,101.46920715172658,286.0,514.0,420.0,293.2,300.4,322.0,508.0,511.6,512.8,-0.08040378344839896,-1.8875703421157966,1.5,0.6328843056027117,0.01146229108174642,0.0028464222741630316,0.007508993148803711,0.01409602165222168,0.008563566207885741,0.010145425796508789,0.012781858444213867,0.013438940048217773,0.013833189010620117,1.584962500721156,0.24830759804185157,0.0,0,1.0,0.5,0.5121951219512195,0.5,0.4878048780487805,0.803791479537515,0.024390243902439025,0.0,1.0,0.0,0.0,0.0,0.0,0,0.0,mixed,transport,ikev2,AES_CBC_128,PASS,1
exp_115_mixed_transport_aes_cbc_128_1789047266,1,0,6,1132.0,0.001,1132000.0,6000.0,188.66666666666666,80.22191443462039,106.0,314.0,154.0,110.0,114.0,126.0,254.0,298.0,306.0,0.5759346257752426,-1.4072171179145934,2.2516291673878226,0.4491921804596004,7.996559143066406e-05,0.00010881990205706545,9.5367431640625e-07,0.00029397010803222656,5.435943603515625e-06,1.2159347534179688e-05,3.3855438232421875e-05,5.888938903808594e-05,0.00019993782043457035,1.5219280948873621,1.3440265195895569,0.0,1,6.0,0.5,0.4787985865724382,0.5,0.5212014134275619,1.0701423529431713,-0.04240282685512368,0.6666666666666666,0.3333333333333333,0.0,0.0,0.0,0.0,2,0.6,mixed,transport,ikev2,AES_CBC_128,PASS,1
exp_115_mixed_transport_aes_cbc_128_1789047266,2,0,10,2164.0,0.7384068965911865,2930.6335165475607,13.542668745598709,216.4,104.29496632148648,106.0,394.0,162.0,113.2,120.4,126.0,306.0,365.2,379.59999999999997,0.5330862390085596,-1.3785257904882136,2.6464393446710153,0.4316116450093461,0.08204521073235406,0.16354398104508963,9.5367431640625e-07,0.4897501468658447,9.918212890625e-06,3.3855438232421875e-05,0.00016880035400390625,0.00029397010803222656,0.2962582111358643,0.9864267287308424,1.993315469237116,0.9989551526055156,3,4.0,0.5,0.47412199630314233,0.5,0.5258780036968577,0.9998008384402537,-0.051756007393715345,0.6,0.4,0.0,0.0,0.0,0.0,2,0.5555555555555556,mixed,transport,ikev2,AES_CBC_128,PASS,1
exp_115_mixed_transport_aes_cbc_128_1789047266,3,0,4,1032.0,0.49012184143066406,2105.598879224797,8.161235965987586,258.0,121.06196760337245,122.0,394.0,258.0,126.8,131.6,146.0,370.0,384.4,389.2,0.0,-1.9313514235045097,2.0,0.30308880308880315,0.1633739471435547,0.23078282446125387,0.00016880035400390625,0.4897501468658447,0.00017561912536621094,0.00018584728240966797,0.0002028942108154297,0.24497652053833008,0.39184069633483887,0.9182958340544896,1.412596169096043,0.9992416282373086,2,2.5,0.5,0.4689922480620155,0.5,0.5310077519379846,0.9999283731659109,-0.06201550387596899,0.5,0.5,0.0,0.0,0.0,0.0,2,0.6666666666666666,mixed,transport,ikev2,AES_CBC_128,PASS,1
exp_115_mixed_transport_aes_cbc_128_1789047266,4,0,6,1164.0,0.5670230388641357,2052.8266405748386,10.581580621519787,194.0,87.51380843425035,106.0,330.0,154.0,110.0,114.0,126.0,266.0,314.0,322.0,0.595847075217097,-1.4198679401928913,2.2516291673878226,0.5029650326523447,0.11340460777282715,0.14153443624526613,0.000164031982421875,0.3283100128173828,0.00019245147705078126,0.00023508071899414062,0.000247955322265625,0.2380659580230713,0.2922123908996582,1.3709505944546687,1.248037368035506,0.9988588329233009,3,2.6666666666666665,0.5,0.4793814432989691,0.5,0.520618556701031,1.0000191867377621,-0.041237113402061855,0.6666666666666666,0.3333333333333333,0.0,0.0,0.0,0.0,2,0.6,mixed,transport,ikev2,AES_CBC_128,PASS,1
exp_115_mixed_transport_aes_cbc_128_1789047266,5,0,15,2182.0,1.290863037109375,1690.341993900565,11.62013286366108,145.46666666666667,85.0394940927776,42.0,330.0,138.0,42.0,42.0,74.0,178.0,259.59999999999997,307.59999999999997,0.6075356810071236,-0.22651985943322517,2.7898980954642876,0.6003571635922954,0.09220450265066964,0.1135849158689559,1.0967254638671875e-05,0.3283100128173828,4.0149688720703126e-05,0.00016629695892333984,0.0002415180206298828,0.1788676381111145,0.23641057014465333,1.807354922057604,1.2318669992970424,0.9991407893803635,6,3.1666666666666665,0.6666666666666666,0.5444546287809349,0.3333333333333333,0.4555453712190651,0.638036689898604,0.08890925756186985,0.8666666666666667,0.13333333333333333,0.0,0.0,0.26666666666666666,0.0,2,0.5,mixed,transport,ikev2,AES_CBC_128,PASS,1
exp_115_mixed_transport_aes_cbc_128_1789047266,6,0,11,1294.0,0.9343061447143555,1384.9850044554864,11.773442850858077,117.63636363636364,60.67390142433225,42.0,202.0,138.0,42.0,42.0,42.0,162.0,186.0,194.0,-0.2289850595025026,-1.560455806579469,2.5503407095463886,0.6960298722662582,0.09343061447143555,0.13046552459627972,1.0967254638671875e-05,0.39592790603637695,2.255439758300781e-05,8.51750373840332e-05,0.00017452239990234375,0.1556990146636963,0.2488859891891479,1.7709505944546688,1.3963745070055102,0.9993919000991128,4,3.25,0.7272727272727273,0.5811437403400309,0.2727272727272727,0.4188562596599691,0.28573504039188835,0.16228748068006182,1.0,0.0,0.0,0.0,0.36363636363636365,0.0,2,0.5,mixed,transport,ikev2,AES_CBC_128,PASS,1
exp_115_mixed_transport_aes_cbc_128_1789047266,7,0,5,642.0,0.6841049194335938,938.4525410686206,7.308820413307013,128.4,16.31686244349691,106.0,154.0,122.0,109.2,112.4,122.0,138.0,147.6,150.8,0.27154541788363856,-1.0443786982248522,1.9219280948873623,-0.30779350562554625,0.17102622985839844,0.26117594228920965,0.00010609626770019531,0.6212389469146729,0.00013484954833984376,0.0001779794692993164,0.03137993812561035,0.20222818851470947,0.45363464355468763,1.5,1.5271015177258593,0.9995497228634838,2,2.5,0.6,0.5950155763239875,0.4,0.40498442367601245,0.5504174511308151,0.19003115264797507,1.0,0.0,0.0,0.0,0.0,0.0,2,1.0,mixed,transport,ikev2,AES_CBC_128,PASS,1
exp_115_mixed_transport_aes_cbc_128_1789047266,8,0,9,2106.0,1.2404139041900635,1697.8203750264527,7.255642628318174,234.0,100.34606785187616,106.0,362.0,266.0,112.4,118.8,138.0,330.0,349.2,355.6,-0.06486028516711329,-1.7680264291870154,2.503258334775646,0.1498922491776871,0.15505173802375793,0.26297344853504145,0.00015091896057128906,0.8291401863098145,0.00018663406372070311,0.00021696090698242188,0.062030911445617676,0.10918933153152466,0.3968459129333495,1.061278124459133,1.6960258289327814,0.9995365843673051,3,2.6666666666666665,0.6666666666666666,0.6438746438746439,0.3333333333333333,0.3561253561253561,0.39999289569016633,0.28774928774928776,0.4444444444444444,0.5555555555555556,0.0,0.0,0.0,0.0,2,0.625,mixed,transport,ikev2,AES_CBC_128,PASS,1
exp_115_mixed_transport_aes_cbc_128_1789047266,9,0,9,2090.0,1.052623987197876,1985.5143198509634,8.550061664429986,232.22222222222223,102.15650061197258,106.0,362.0,266.0,112.4,118.8,122.0,330.0,349.2,355.6,-0.0634753557322199,-1.7854192217260176,2.4193819456463714,0.1903821355226746,0.1315779983997345,0.17858956400049086,0.00015091896057128906,0.5661029815673828,0.0001574277877807617,0.00020653009414672852,0.06828200817108154,0.15627944469451904,0.31793475151062006,2.1556390622295662,1.3572801599989321,0.9994935476016558,3,2.6666666666666665,0.6666666666666666,0.6411483253588517,0.3333333333333333,0.3588516746411483,0.3999957059982033,0.2822966507177033,0.4444444444444444,0.5555555555555556,0.0,0.0,0.0,0.0,2,0.625,mixed,transport,ikev2,AES_CBC_128,PASS,1
exp_115_mixed_transport_aes_cbc_128_1789047266,10,0,5,690.0,0.7873961925506592,876.305989955123,6.350043405471905,138.0,28.621670111997307,106.0,186.0,122.0,109.2,112.4,122.0,154.0,173.2,179.6,0.6288941186718158,-1.0468750000000004,1.9219280948873623,0.5674803065350239,0.1968490481376648,0.23147345541386222,0.00012302398681640625,0.5661029815673828,0.00013418197631835936,0.00015091896057128906,0.11058509349822998,0.3072832226753235,0.46257507801055914,1.5,1.1758872177261748,0.9996402811257505,2,3.0,0.6,0.5768115942028985,0.4,0.42318840579710143,1.7800817400299487,0.1536231884057971,1.0,0.0,0.0,0.0,0.0,0.0,2,0.75,mixed,transport,ikev2,AES_CBC_128,PASS,1
exp_115_mixed_transport_aes_cbc_128_1789047266,11,0,5,754.0,0.8736119270324707,863.0834546424124,5.723365083835627,150.8,32.633724886993825,106.0,186.0,154.0,109.2,112.4,122.0,186.0,186.0,186.0,-0.15274429755954827,-1.6268491124260354,1.9219280948873623,-0.27151169998080227,0.21840298175811768,0.3238731096147762,0.00012302398681640625,0.7750718593597412,0.00015900135040283205,0.0002129673957824707,0.04920852184295654,0.26739853620529175,0.5720025300979615,1.5,1.4829084479488361,0.9995810811327129,2,2.5,0.6,0.6127320954907162,0.4,0.38726790450928383,0.5633910195949061,0.22546419098143236,1.0,0.0,0.0,0.0,0.0,0.0,2,1.0,mixed,transport,ikev2,AES_CBC_128,PASS,1
exp_115_mixed_transport_aes_cbc_128_1789047266,12,0,3,414.0,0.09841704368591309,4206.588457597186,30.482525055052072,138.0,34.56395039150859,106.0,186.0,122.0,107.6,109.2,114.0,154.0,173.2,179.6,0.5951700641394972,-1.5000000000000004,1.584962500721156,0.0,0.04920852184295654,0.04896557331085205,0.0002429485321044922,0.0981740951538086,0.010036063194274903,0.024725735187530518,0.04920852184295654,0.07369130849838257,0.08838098049163819,1.0,0.9950426559135647,0.9975314384276789,1,2.0,0.6666666666666666,0.7439613526570048,0.3333333333333333,0.2560386473429952,1.0,0.48792270531400966,1.0,0.0,0.0,0.0,0.0,0.0,2,1.0,mixed,transport,ikev2,AES_CBC_128,PASS,1
exp_116_mixed_tunnel_3des_cbc_1789047310,-1,1,43,7152.0,7.001250982284546,1021.5317259868127,6.141759538231676,166.32558139534885,94.87463476786827,42.0,374.0,126.0,42.0,54.0,110.0,242.0,292.40000000000003,325.2,0.3738077976093511,-1.00124030916874,3.129867815534561,0.641175892864042,0.16669645195915586,0.37981576698581726,1.0967254638671875e-05,1.6341321468353271,2.002716064453125e-05,4.1484832763671875e-05,0.00020992755889892578,0.13273757696151733,0.6488137245178218,1.2314867679653443,2.278473741031624,0.9896354124542935,14,3.857142857142857,0.3953488372093023,0.37220357941834453,0.6046511627906976,0.6277964205816555,1.6476623303748872,-0.25559284116331094,0.7674418604651163,0.23255813953488372,0.0,0.0,0.23255813953488372,0.0,2,1.0,mixed,tunnel,ikev1,3DES_CBC,CRITICAL_FAIL,1
exp_116_mixed_tunnel_3des_cbc_1789047310,0,0,3,290.0,0.001,290000.0,3000.0,96.66666666666667,30.8688984074406,54.0,126.0,110.0,59.6,65.2,82.0,118.0,122.8,124.4,-0.5673165779937296,-1.4999999999999993,1.584962500721156,0.0,6.949901580810547e-05,5.5670738220214844e-05,1.3828277587890625e-05,0.0001251697540283203,2.4962425231933594e-05,4.166364669799805e-05,6.949901580810547e-05,9.733438491821289e-05,0.00011403560638427735,1.0,0.7896668851625901,0.0,1,3.0,0.3333333333333333,0.43448275862068964,0.6666666666666666,0.5655172413793104,1.0,-0.1310344827586207,1.0,0.0,0.0,0.0,0.3333333333333333,0.0,2,1.0,mixed,tunnel,ikev1,3DES_CBC,CRITICAL_FAIL,1
exp_116_mixed_tunnel_3des_cbc_1789047310,1,0,5,374.0,0.14572787284851074,2566.4273600479037,34.31052620384898,74.8,35.902089075707,42.0,126.0,54.0,42.0,42.0,42.0,110.0,119.6,122.8,0.4246571118924562,-1.6867592197221242,1.9219280948873623,0.05394279541035242,0.036431968212127686,0.06290410985060041,1.8835067749023438e-05,0.1453850269317627,5.123615264892579e-05,9.98377799987793e-05,0.00016200542449951172,0.03649413585662842,0.10182867050170902,0.8112781244591328,1.7265710958367948,0.9976473552379067,2,3.0,0.6,0.5614973262032086,0.4,0.4385026737967914,3668.0455911981667,0.12299465240641712,1.0,0.0,0.0,0.0,0.6,0.0,2,1.0,mixed,tunnel,ikev1,3DES_CBC,CRITICAL_FAIL,1
exp_116_mixed_tunnel_3des_cbc_1789047310,2,0,14,2780.0,1.3011198043823242,2136.621078732822,10.759962266999823,198.57142857142858,97.87215734657876,42.0,326.0,241.0,42.0,45.6,114.0,269.75,291.6,305.2,-0.5359502541010933,-1.2819044054082576,2.8423709931771084,0.7215985276084137,0.10008613879864033,0.1947215886188633,1.8835067749023438e-05,0.707036018371582,4.00543212890625e-05,5.0067901611328125e-05,0.0002110004425048828,0.1453850269317627,0.242694902420044,1.3520301017579528,1.9455205829253714,0.9990324871749579,5,3.6,0.42857142857142855,0.3640287769784173,0.5714285714285714,0.6359712230215827,1.5762407640733351,-0.2719424460431655,0.5714285714285714,0.42857142857142855,0.0,0.0,0.21428571428571427,0.0,2,1.0,mixed,tunnel,ikev1,3DES_CBC,CRITICAL_FAIL,1
exp_116_mixed_tunnel_3des_cbc_1789047310,3,0,15,3393.0,0.5810229778289795,5839.700200288306,25.816534926119836,226.2,72.42393711105926,54.0,326.0,246.0,93.2,116.4,211.0,269.5,290.8,303.59999999999997,-1.0370016294863116,0.16517646267735886,2.9735572622751856,0.5137067007161219,0.041501641273498535,0.07944817750050623,2.6941299438476562e-05,0.25534486770629883,4.017353057861328e-05,4.470348358154297e-05,0.00022351741790771484,0.028082847595214844,0.16290509700775158,1.4345491399952024,1.914292080278702,0.9332421551694777,5,3.8,0.3333333333333333,0.34129089301503096,0.6666666666666666,0.6587091069849691,2.250093535355869,-0.31741821396993813,0.5333333333333333,0.4666666666666667,0.0,0.0,0.06666666666666667,0.0,2,1.0,mixed,tunnel,ikev1,3DES_CBC,CRITICAL_FAIL,1
exp_116_mixed_tunnel_3des_cbc_1789047310,4,0,9,1277.0,0.720999002456665,1771.153629407071,12.482680238577634,141.88888888888889,70.04830784607695,54.0,262.0,126.0,54.0,54.0,110.0,205.0,236.4,249.2,0.4000675932906674,-1.1272696502524702,2.5032583347756456,0.40204377967000243,0.09012487530708313,0.22435242797152566,2.6941299438476562e-05,0.6828310489654541,2.7108192443847657e-05,3.898143768310547e-05,0.00023543834686279297,0.009534478187561035,0.23098108768463124,0.5435644431995964,2.4893231517263663,0.9470624045787012,3,3.6666666666666665,0.3333333333333333,0.3774471417384495,0.6666666666666666,0.6225528582615505,2.499680002008077,-0.245105716523101,0.8888888888888888,0.1111111111111111,0.0,0.0,0.2222222222222222,0.0,2,1.0,mixed,tunnel,ikev1,3DES_CBC,CRITICAL_FAIL,1
exp_116_mixed_tunnel_3des_cbc_1789047310,5,0,3,290.0,0.001,290000.0,3000.0,96.66666666666667,30.8688984074406,54.0,126.0,110.0,59.6,65.2,82.0,118.0,122.8,124.4,-0.5673165779937296,-1.4999999999999993,1.584962500721156,0.0,0.0001480579376220703,0.00012087821960449219,2.7179718017578125e-05,0.0002689361572265625,5.1355361938476564e-05,8.761882781982422e-05,0.0001480579376220703,0.0002084970474243164,0.00024476051330566404,1.0,0.8109478873307202,0.0,1,3.0,0.3333333333333333,0.43448275862068964,0.6666666666666666,0.5655172413793104,1.0,-0.1310344827586207,1.0,0.0,0.0,0.0,0.3333333333333333,0.0,2,1.0,mixed,tunnel,ikev1,3DES_CBC,CRITICAL_FAIL,1
exp_116_mixed_tunnel_3des_cbc_1789047310,6,0,12,2431.0,0.4695589542388916,5177.198684114989,25.555896425084274,202.58333333333334,94.57488949093317,54.0,374.0,186.0,84.80000000000001,111.6,131.25,258.0,339.6,356.4,0.43043567722102355,-0.8718518196609653,3.0220552088742,0.47430265257447213,0.042687177658081055,0.08810463495473216,1.0967254638671875e-05,0.25374889373779297,1.7881393432617188e-05,2.7060508728027344e-05,0.00010704994201660156,0.006598949432373047,0.20216989517211914,0.8658566174572235,2.0639118319929866,0.9709511123026312,4,3.75,0.3333333333333333,0.3422459893048128,0.6666666666666666,0.6577540106951871,2.333408753028149,-0.3155080213903743,0.75,0.25,0.0,0.0,0.08333333333333333,0.0,2,1.0,mixed,tunnel,ikev1,3DES_CBC,CRITICAL_FAIL,1
exp_116_mixed_tunnel_3des_cbc_1789047310,7,0,15,2721.0,1.2865681648254395,2114.9287495149415,11.658923646719634,181.4,95.60878620712639,54.0,374.0,158.0,54.0,76.4,118.0,222.0,332.4,351.59999999999997,0.6638416012738098,-0.6036293048958021,2.866247897312731,0.5435096585685238,0.09189772605895996,0.21618474641406168,1.0967254638671875e-05,0.8167641162872314,1.8525123596191407e-05,2.3543834686279297e-05,0.0001266002655029297,0.009823441505432129,0.23827519416809087,1.0892300788425848,2.3524237569448228,0.9892075212119213,5,3.8,0.3333333333333333,0.35207644248438075,0.6666666666666666,0.6479235575156193,2.2498112037524374,-0.2958471150312385,0.8,0.2,0.0,0.0,0.13333333333333333,0.0,2,1.0,mixed,tunnel,ikev1,3DES_CBC,CRITICAL_FAIL,1
exp_116_mixed_tunnel_3des_cbc_1789047310,8,0,5,374.0,0.3620169162750244,1033.100894423044,13.811509283730537,74.8,35.902089075707,42.0,126.0,54.0,42.0,42.0,42.0,110.0,119.6,122.8,0.4246571118924561,-1.6867592197221244,1.9219280948873623,0.8080502073825733,0.0905042290687561,0.14578726434498346,2.002716064453125e-05,0.34265780448913574,8.153915405273439e-05,0.00017380714416503906,0.00966954231262207,0.09999996423721313,0.24559466838836674,0.8112781244591328,1.6108159257210435,0.9465242895688842,1,3.0,0.6,0.5614973262032086,0.4,0.4385026737967914,8608.316700361964,0.12299465240641712,1.0,0.0,0.0,0.0,0.6,0.0,2,1.0,mixed,tunnel,ikev1,3DES_CBC,CRITICAL_FAIL,1
exp_117_mixed_transport_3des_cbc_1789047354,-1,1,29,4626.0,7.695801019668579,601.1070177330572,3.7682886974186465,159.51724137931035,80.72371812702933,42.0,358.0,134.0,59.60000000000001,86.0,94.0,206.0,278.0,311.5999999999999,0.7206587068192162,-0.1620634041765867,2.780779927626624,0.4016603776955165,0.27485003641673494,0.6002552741660911,9.202957153320312e-05,2.192708969116211,0.00013277530670166015,0.00018638372421264648,0.009695053100585938,0.11554574966430664,1.3021454334259037,1.091571886725058,2.183929454993837,0.9821632825956845,14,2.9285714285714284,0.5517241379310345,0.5248594898400346,0.4482758620689655,0.4751405101599654,0.7999906223853946,0.04971897968006917,0.8620689655172413,0.13793103448275862,0.0,0.0,0.06896551724137931,0.0,2,0.5294117647058824,mixed,transport,ikev1,3DES_CBC,CRITICAL_FAIL,1
exp_117_mixed_transport_3des_cbc_1789047354,0,0,9,1722.0,0.12048196792602539,14292.595229331655,74.69997506619332,191.33333333333334,62.87907265360851,94.0,278.0,206.0,100.4,106.8,134.0,218.0,278.0,278.0,-0.14351326179791993,-1.1679665260597276,2.725480556997868,0.19969227721102392,0.015060245990753174,0.013390808903145375,0.000782012939453125,0.033245086669921875,0.0010333538055419921,0.0015271306037902832,0.012985467910766602,0.02802222967147827,0.03131380081176758,2.1556390622295662,0.8890903788017698,0.0,4,2.75,0.5555555555555556,0.5400696864111498,0.4444444444444444,0.45993031358885017,0.9166683975915053,0.08013937282229965,0.7777777777777778,0.2222222222222222,0.0,0.0,0.0,0.0,0,0.0,mixed,transport,ikev1,3DES_CBC,CRITICAL_FAIL,1
exp_117_mixed_transport_3des_cbc_1789047354,2,0,4,888.0,0.014865875244140625,59734.12163202463,269.07261996407493,222.0,124.57929201917949,86.0,358.0,222.0,89.6,93.2,104.0,340.0,350.8,354.4,0.0,-1.9632309490912956,2.0,0.4929927400436599,0.004955291748046875,0.006781809105212246,0.00012993812561035156,0.01454615592956543,0.00014190673828125,0.00015985965728759766,0.00018978118896484375,0.007367968559265137,0.011674880981445312,0.9182958340544896,1.36832322429057,0.0,2,2.5,0.5,0.5,0.5,0.5,0.9958713901765933,0.0,0.5,0.5,0.0,0.0,0.0,0.0,2,0.6666666666666666,mixed,transport,ikev1,3DES_CBC,CRITICAL_FAIL,1
exp_117_mixed_transport_3des_cbc_1789047354,3,0,6,1084.0,1.1668269634246826,929.015213034174,5.142150625650411,180.66666666666666,117.52257466357499,86.0,358.0,110.0,86.0,86.0,92.0,278.0,346.0,352.0,0.6960771572108786,-1.4691023022030405,1.9182958340544893,0.16365748132217134,0.23336539268493653,0.4592376691009416,0.00012993812561035156,1.15177321434021,0.00015311241149902345,0.00018787384033203125,0.00018978118896484375,0.01454615592956543,0.6968823909759523,0.7219280948873623,1.9678826236173155,0.9870985591211491,3,2.6666666666666665,0.5,0.511070110701107,0.5,0.488929889298893,0.9999486279550921,0.02214022140221402,0.6666666666666666,0.3333333333333333,0.0,0.0,0.0,0.0,2,0.6,mixed,transport,ikev1,3DES_CBC,CRITICAL_FAIL,1
exp_117_mixed_transport_3des_cbc_1789047354,5,0,4,280.0,0.07509803771972656,3728.4596042973612,53.263708632819444,70.0,29.257477676655586,42.0,110.0,64.0,42.0,42.0,42.0,92.0,102.80000000000001,106.39999999999999,0.2414911031918904,-1.684775962966198,1.5,0.16741238254560625,0.025032679239908855,0.03519301956562321,0.00011897087097167969,0.07480311393737793,0.00013036727905273436,0.0001474618911743164,0.00017595291137695312,0.03748953342437744,0.05987768173217774,0.9182958340544896,1.4058268953737436,0.9960728163970234,2,2.5,0.75,0.6928571428571428,0.25,0.30714285714285716,1.0,0.38571428571428573,1.0,0.0,0.0,0.0,0.5,0.0,2,1.0,mixed,transport,ikev1,3DES_CBC,CRITICAL_FAIL,1
exp_117_mixed_transport_3des_cbc_1789047354,6,0,12,1624.0,0.7742140293121338,2097.6111753527325,15.499589965660586,135.33333333333334,60.45016312816883,42.0,214.0,142.0,42.0,46.400000000000006,86.0,186.0,205.2,209.6,-0.2247093767154457,-1.4254406765409957,2.5220552088742005,0.5574486166015076,0.07038309357383034,0.0868409222596844,9.202957153320312e-05,0.2319169044494629,0.00011897087097167969,0.00015151500701904297,0.0001819133758544922,0.1330854892730713,0.20045113563537598,2.049452072789394,1.2338146000074783,0.9988738298315918,6,2.8333333333333335,0.5833333333333334,0.5135467980295566,0.4166666666666667,0.48645320197044334,0.7381870628315262,0.027093596059113302,1.0,0.0,0.0,0.0,0.16666666666666666,0.0,2,0.5555555555555556,mixed,transport,ikev1,3DES_CBC,CRITICAL_FAIL,1
exp_117_mixed_transport_3des_cbc_1789047354,7,0,8,1344.0,0.5309510231018066,2531.30692196123,15.067303106912082,168.0,43.034869582700026,86.0,214.0,178.0,94.4,102.8,158.0,200.0,208.4,211.2,-0.884711270057513,-0.6696770521857172,2.5,0.27242838893095667,0.07585014615740095,0.09509293329529529,9.202957153320312e-05,0.2319169044494629,0.00011720657348632813,0.00015151500701904297,0.0001819133758544922,0.14922857284545898,0.21303744316101075,1.6644977792004614,1.2536782647682758,0.9989133216882131,4,2.75,0.5,0.47619047619047616,0.5,0.5238095238095238,1.0001394334866938,-0.047619047619047616,1.0,0.0,0.0,0.0,0.0,0.0,2,0.5714285714285714,mixed,transport,ikev1,3DES_CBC,CRITICAL_FAIL,1
exp_118_mixed_tunnel_aes_gcm_16_256_1789047398,-1,1,64,11763.0,9.075805902481079,1296.0832488478313,7.051715372461209,183.796875,109.67853306474505,42.0,514.0,153.0,43.800000000000004,54.0,118.0,224.0,337.90000000000003,388.19999999999993,1.0766784567561285,0.8110735356113818,3.071480270161776,0.7082531604460788,0.1440604111504933,0.3491597837081482,1.0967254638671875e-05,2.207335948944092,1.5020370483398438e-05,2.1576881408691406e-05,0.000164031982421875,0.09804308414459229,0.47553749084472674,1.0124006644532964,2.42368709927046,0.9846552979693085,18,4.111111111111111,0.40625,0.40635892204369634,0.59375,0.5936410779563036,1.4813795602241595,-0.18728215591260733,0.765625,0.234375,0.0,0.0,0.15625,0.0,2,0.8648648648648649,mixed,tunnel,ikev2,AES_GCM_16_256,PASS,1
exp_118_mixed_tunnel_aes_gcm_16_256_1789047398,0,0,4,1608.0,0.07135200500488281,22536.15718142693,56.06009249111177,402.0,109.36178491593853,270.0,514.0,412.0,277.2,284.4,306.0,508.0,511.6,512.8,-0.06935955084097174,-1.9029053366293442,1.5,0.62433452397764,0.02378400166829427,0.021634978241250224,0.00836801528930664,0.054380178451538086,0.00841517448425293,0.008485913276672363,0.008603811264038086,0.031491994857788086,0.045224905014038086,0.9182958340544896,0.9096059164919018,0.762139458419097,0,1.0,0.5,0.5124378109452736,0.5,0.48756218905472637,1.0037418165992882,0.024875621890547265,0.0,1.0,0.0,0.0,0.0,0.0,0,0.0,mixed,tunnel,ikev2,AES_GCM_16_256,PASS,1
exp_118_mixed_tunnel_aes_gcm_16_256_1789047398,2,0,12,2776.0,0.3163149356842041,8776.063621514999,37.93687444458933,231.33333333333334,99.83514188679032,54.0,390.0,230.0,89.2,120.0,150.75,310.75,358.3,374.59999999999997,-0.06672974366908722,-1.0666182347692257,3.084962500721156,0.3930888571801914,0.028755903244018555,0.08565615182812594,1.2874603271484375e-05,0.2994201183319092,1.5020370483398438e-05,2.2530555725097656e-05,0.0001289844512939453,0.0026094913482666016,0.011189937591552734,0.4394969869215134,2.978629204309141,0.9465886196118098,3,4.666666666666667,0.3333333333333333,0.34870317002881845,0.6666666666666666,0.6512968299711815,2.333658288530998,-0.3025936599423631,0.5833333333333334,0.4166666666666667,0.0,0.0,0.08333333333333333,0.0,2,0.5714285714285714,mixed,tunnel,ikev2,AES_GCM_16_256,PASS,1
exp_118_mixed_tunnel_aes_gcm_16_256_1789047398,3,0,12,2776.0,0.3163149356842041,8776.063621514999,37.93687444458933,231.33333333333334,99.83514188679032,54.0,390.0,230.0,89.2,120.0,150.75,310.75,358.3,374.59999999999997,-0.06672974366908722,-1.0666182347692257,3.084962500721156,0.3930888571801914,0.028755903244018555,0.08565615182812594,1.2874603271484375e-05,0.2994201183319092,1.5020370483398438e-05,2.2530555725097656e-05,0.0001289844512939453,0.0026094913482666016,0.011189937591552734,0.4394969869215134,2.978629204309141,0.9465886196118098,3,4.666666666666667,0.3333333333333333,0.34870317002881845,0.6666666666666666,0.6512968299711815,2.333658288530998,-0.3025936599423631,0.5833333333333334,0.4166666666666667,0.0,0.0,0.08333333333333333,0.0,2,0.5714285714285714,mixed,tunnel,ikev2,AES_GCM_16_256,PASS,1
exp_118_mixed_tunnel_aes_gcm_16_256_1789047398,4,0,9,1207.0,0.5738129615783691,2103.4728749938713,15.68455333466847,134.11111111111111,38.38531097653674,54.0,194.0,138.0,74.0,94.0,118.0,166.0,171.6,182.79999999999998,-0.5225247758642284,-0.0821946672394307,2.725480556997868,-0.04432553637032902,0.07172662019729614,0.15813263323363497,1.1920928955078125e-05,0.4826841354370117,1.5425682067871094e-05,1.8358230590820312e-05,0.00012350082397460938,0.02279055118560791,0.20827431678771965,1.061278124459133,2.2046267922826743,0.9992005803686803,3,3.6666666666666665,0.3333333333333333,0.36619718309859156,0.6666666666666666,0.6338028169014085,2.5001704313137076,-0.2676056338028169,1.0,0.0,0.0,0.0,0.1111111111111111,0.0,2,1.0,mixed,tunnel,ikev2,AES_GCM_16_256,PASS,1
exp_118_mixed_tunnel_aes_gcm_16_256_1789047398,5,0,18,2051.0,1.3483078479766846,1521.1659585589437,13.350066920556309,113.94444444444444,47.15514844310596,42.0,194.0,123.5,42.0,42.0,66.5,138.0,166.0,170.19999999999996,-0.29376677061355794,-1.0818976185611522,2.4410685859554375,0.35992062692544424,0.07931222635156968,0.1407459349772633,1.1920928955078125e-05,0.4826841354370117,1.6927719116210938e-05,2.09808349609375e-05,0.000164031982421875,0.09067010879516602,0.27431716918945315,1.5569010760354054,1.774558184701533,0.9674075936662333,6,3.6666666666666665,0.4444444444444444,0.4115065821550463,0.5555555555555556,0.5884934178449537,1.8351999020628202,-0.17698683568990736,1.0,0.0,0.0,0.0,0.2777777777777778,0.0,2,1.0,mixed,tunnel,ikev2,AES_GCM_16_256,PASS,1
exp_118_mixed_tunnel_aes_gcm_16_256_1789047398,6,0,16,1627.0,1.2082428932189941,1346.5835463475025,13.242370461929958,101.6875,46.57483058208586,42.0,174.0,114.5,42.0,42.0,51.0,138.0,156.0,168.0,-0.11331461789574175,-1.4754095617405434,2.6556390622295662,0.3094328520818071,0.08054952621459961,0.1399195604063734,1.4781951904296875e-05,0.44695091247558594,1.5783309936523438e-05,5.4955482482910156e-05,0.00017309188842773438,0.07408547401428223,0.3031128406524658,1.3699740752745009,1.7370409230301624,0.9350743862449085,5,3.6,0.5,0.44744929317762755,0.5,0.5525507068223725,1.000018282833199,-0.10510141364474493,1.0,0.0,0.0,0.0,0.375,0.0,2,1.0,mixed,tunnel,ikev2,AES_GCM_16_256,PASS,1
exp_118_mixed_tunnel_aes_gcm_16_256_1789047398,7,0,16,3275.0,1.4536709785461426,2252.916958743594,11.00661720302214,204.6875,111.38543371442246,42.0,406.0,168.0,51.0,82.5,125.5,305.0,360.5,385.0,0.3855978949442917,-1.11875566690074,2.9056390622295662,0.7136186483019756,0.09691139856974283,0.17713597051572763,1.4781951904296875e-05,0.5921900272369385,1.5497207641601562e-05,2.1457672119140625e-05,0.00013589859008789062,0.11227858066558838,0.34382572174072257,1.6922718656836107,1.8277947211083838,0.9994256321572514,5,4.0,0.375,0.3554198473282443,0.625,0.6445801526717557,1.940650592523254,-0.28916030534351145,0.625,0.375,0.0,0.0,0.125,0.0,2,1.0,mixed,tunnel,ikev2,AES_GCM_16_256,PASS,1
exp_118_mixed_tunnel_aes_gcm_16_256_1789047398,8,0,15,3354.0,0.9451901912689209,3548.4921775343905,15.869821903105501,223.6,102.21663269742356,54.0,406.0,190.0,98.80000000000001,122.0,145.0,312.0,364.0,386.4,0.2958587193297306,-1.0739413767868218,3.0565647621309546,0.6691402699621815,0.06751358509063721,0.14467105315504897,1.1205673217773438e-05,0.5466902256011963,1.7642974853515625e-05,2.1398067474365234e-05,0.00014483928680419922,0.06708967685699463,0.16813888549804695,1.4345491399952024,2.1428118525920063,0.9991239564979952,5,3.8,0.3333333333333333,0.3464519976147883,0.6666666666666666,0.6535480023852117,2.250154543908953,-0.30709600477042337,0.6,0.4,0.0,0.0,0.06666666666666667,0.0,2,1.0,mixed,tunnel,ikev2,AES_GCM_16_256,PASS,1
exp_118_mixed_tunnel_aes_gcm_16_256_1789047398,9,0,7,1040.0,0.6731648445129395,1544.9410474673255,10.39864166564546,148.57142857142858,48.62350149834115,54.0,214.0,152.0,73.2,92.4,128.0,182.0,197.20000000000002,205.59999999999997,-0.6431228934863512,-0.3953022846836416,2.521640636343318,0.18947981976322287,0.11219414075215657,0.21327898118775934,1.1205673217773438e-05,0.5834908485412598,1.621246337890625e-05,3.9637088775634766e-05,0.00012433528900146484,0.06708312034606934,0.33644187450408936,1.2516291673878228,1.9009645137742721,0.9995824269388813,2,3.5,0.42857142857142855,0.4826923076923077,0.5714285714285714,0.5173076923076924,11.279166589624793,-0.03461538461538462,1.0,0.0,0.0,0.0,0.14285714285714285,0.0,2,1.0,mixed,tunnel,ikev2,AES_GCM_16_256,PASS,1
exp_118_mixed_tunnel_aes_gcm_16_256_1789047398,10,0,4,727.0,0.6655311584472656,1092.3605766199523,6.010237010288597,181.75,23.155722834755128,149.0,214.0,182.0,153.35,157.7,170.75,193.0,205.6,209.79999999999998,-0.0314191161994454,-1.0585501282547194,2.0,-0.7918016901075831,0.22184371948242188,0.3136571857068693,1.2159347534179688e-05,0.6654219627380371,2.9134750366210938e-05,5.459785461425781e-05,9.703636169433594e-05,0.3327594995498657,0.5323569774627686,0.9182958340544896,1.4138591463373653,0.9998359269767575,1,4.0,0.5,0.5006877579092159,0.5,0.49931224209078406,50566.4859910182,0.001375515818431912,1.0,0.0,0.0,0.0,0.0,0.0,2,0.5,mixed,tunnel,ikev2,AES_GCM_16_256,PASS,1
exp_118_mixed_tunnel_aes_gcm_16_256_1789047398,11,0,7,1013.0,0.4601120948791504,2201.6374080887117,15.213683965075006,144.71428571428572,47.20385663939604,54.0,214.0,149.0,73.2,92.4,128.0,170.0,197.20000000000002,205.59999999999997,-0.4916812145166858,-0.2899103855358858,2.521640636343318,0.7042240461055831,0.07668534914652507,0.1602636728572394,1.0967254638671875e-05,0.434445858001709,1.1563301086425781e-05,3.337860107421875e-05,0.0001004934310913086,0.019107580184936523,0.22994399070739746,0.6500224216483541,2.0898592075497375,0.9442174262248362,2,3.5,0.42857142857142855,0.47186574531095754,0.5714285714285714,0.5281342546890424,1.4999319111726834,-0.0562685093780849,1.0,0.0,0.0,0.0,0.14285714285714285,0.0,2,0.75,mixed,tunnel,ikev2,AES_GCM_16_256,PASS,1
exp_118_mixed_tunnel_aes_gcm_16_256_1789047398,12,0,4,464.0,0.02555704116821289,18155.466313413064,156.51264063287124,116.0,38.0,54.0,154.0,128.0,63.6,73.2,102.0,142.0,149.2,151.6,-0.7872867764980318,-0.9502842980026243,2.0,0.9737541658054457,0.00851901372273763,0.011966505829875674,1.0967254638671875e-05,0.025442123413085938,2.956390380859375e-05,5.745887756347656e-05,0.00010395050048828125,0.01277303695678711,0.020374488830566407,0.9182958340544896,1.4045172014148617,0.0,1,4.0,0.5,0.6293103448275862,0.5,0.3706896551724138,2125.978278332139,0.25862068965517243,1.0,0.0,0.0,0.0,0.25,0.0,2,0.5,mixed,tunnel,ikev2,AES_GCM_16_256,PASS,1
exp_119_mixed_transport_aes_gcm_16_128_1789047442,-1,1,34,6152.0,10.235023021697998,601.0733915261266,3.3219270663017397,180.94117647058823,122.89951447194349,42.0,514.0,110.0,42.0,56.40000000000001,90.0,271.0,320.8,404.5999999999997,1.0848493577635514,0.5730719044200749,2.570767799623961,0.6990727454269873,0.31015221277872723,0.5383508815320182,9.202957153320312e-05,2.240046977996826,0.00013189315795898439,0.00017309188842773438,0.009253978729248047,0.39526891708374023,0.8030924320220948,1.7226586461964088,1.7357578749832077,0.9925537165051768,13,3.1538461538461537,0.5588235294117647,0.5133289986996099,0.4411764705882353,0.4866710013003901,0.7784062278315176,0.026657997399219768,0.6764705882352942,0.3235294117647059,0.0,0.0,0.11764705882352941,0.0,2,0.52,mixed,transport,ikev2,AES_GCM_16_128,PASS,1
exp_119_mixed_transport_aes_gcm_16_128_1789047442,0,0,4,1624.0,0.05329298973083496,30473.05111239358,75.05677613890045,406.0,104.65180361560904,286.0,514.0,412.0,290.8,295.6,310.0,508.0,511.6,512.8,-0.032665979665104164,-1.9508254627003763,1.5,0.5790099088852613,0.01776432991027832,0.012627537973362739,0.008423089981079102,0.03561592102050781,0.00858926773071289,0.008838534355163574,0.009253978729248047,0.02243494987487793,0.03034353256225586,0.9182958340544896,0.7107967055572068,0.0,0,1.0,0.5,0.5073891625615764,0.5,0.49261083743842365,0.9814603952047235,0.014778325123152709,0.0,1.0,0.0,0.0,0.0,0.0,0,0.0,mixed,transport,ikev2,AES_GCM_16_128,PASS,1
exp_119_mixed_transport_aes_gcm_16_128_1789047442,2,0,6,1080.0,0.25626707077026367,4214.353396063867,23.413074422577036,180.0,73.85571519298061,90.0,290.0,164.0,95.0,100.0,120.0,241.0,276.0,283.0,0.3240841692232877,-1.4200556264560809,2.584962500721156,0.8799671618104817,0.05125341415405273,0.10086300653009364,9.202957153320312e-05,0.25296807289123535,9.927749633789062e-05,0.00011014938354492188,0.0002009868621826172,0.002895832061767578,0.15293917655944828,0.7219280948873623,1.967889170031969,0.9871267195230644,2,3.5,0.5,0.48333333333333334,0.5,0.5166666666666667,0.9996375785854534,-0.03333333333333333,0.6666666666666666,0.3333333333333333,0.0,0.0,0.0,0.0,2,0.6,mixed,transport,ikev2,AES_GCM_16_128,PASS,1
exp_119_mixed_transport_aes_gcm_16_128_1789047442,3,0,8,1280.0,0.8362200260162354,1530.6976156717258,9.566860097948286,160.0,72.91090453423274,90.0,290.0,130.0,90.0,90.0,105.0,199.0,270.4,280.2,0.7504753000481538,-0.9896916672186866,2.5,0.40799619674193505,0.11946000371660505,0.2070659928180538,9.202957153320312e-05,0.579679012298584,0.00010290145874023438,0.00015556812286376953,0.0002739429473876953,0.12793195247650146,0.3836524486541749,1.1488348542809166,1.733335451535903,0.9957272718719288,3,3.3333333333333335,0.5,0.49375,0.5,0.50625,0.9998005131023524,-0.0125,0.75,0.25,0.0,0.0,0.0,0.0,2,0.5714285714285714,mixed,transport,ikev2,AES_GCM_16_128,PASS,1
exp_119_mixed_transport_aes_gcm_16_128_1789047442,4,0,4,400.0,1.1390149593353271,351.1806379026139,3.511806379026139,100.0,10.0,90.0,110.0,100.0,90.0,90.0,90.0,110.0,110.0,110.0,0.0,-2.0,1.0,-0.9999999999999999,0.3796716531117757,0.5365726524762757,0.0002410411834716797,1.1384999752044678,0.0002476215362548828,0.0002574920654296875,0.0002739429473876953,0.5693869590759277,0.9108547687530518,0.9182958340544896,1.4132507255356859,0.9995478688610377,2,2.5,0.5,0.55,0.5,0.45,1.0000280149177398,0.1,1.0,0.0,0.0,0.0,0.0,0.0,2,0.6666666666666666,mixed,transport,ikev2,AES_GCM_16_128,PASS,1
exp_119_mixed_transport_aes_gcm_16_128_1789047442,5,0,7,526.0,0.9810929298400879,536.1367756321869,7.1349000559416496,75.14285714285714,29.681300373075548,42.0,110.0,90.0,42.0,42.0,42.0,100.0,110.0,110.0,-0.0980874448805825,-1.7723319747598774,1.5566567074628228,0.03875282307792876,0.1635154883066813,0.27787845121932914,9.608268737792969e-05,0.763861894607544,0.00011396408081054688,0.00015914440155029297,0.008561015129089355,0.15413105487823486,0.48187148571014404,1.2516291673878228,1.6993910161411838,0.9823156829571408,3,2.6666666666666665,0.7142857142857143,0.6577946768060836,0.2857142857142857,0.34220532319391633,0.25444023063991916,0.3155893536121673,1.0,0.0,0.0,0.0,0.42857142857142855,0.0,2,0.6666666666666666,mixed,transport,ikev2,AES_GCM_16_128,PASS,1
exp_119_mixed_transport_aes_gcm_16_128_1789047442,6,0,8,888.0,0.9318950176239014,952.8970358315439,8.58465798046436,111.0,89.63816151617569,42.0,274.0,66.0,42.0,42.0,42.0,144.0,254.4,264.2,0.9489552181940899,-0.8142349529458279,2.0,0.5676482916640831,0.13312785966055735,0.21507953189452694,9.608268737792969e-05,0.6332390308380127,0.00011754035949707031,0.00013589859008789062,0.01688098907470703,0.14070355892181396,0.37322425842285173,1.6644977792004614,1.6155740569168975,0.9814905449476047,3,2.6666666666666665,0.75,0.5900900900900901,0.25,0.4099099099099099,0.2546519820143899,0.18018018018018017,0.875,0.125,0.0,0.0,0.5,0.0,2,0.6666666666666666,mixed,transport,ikev2,AES_GCM_16_128,PASS,1
exp_119_mixed_transport_aes_gcm_16_128_1789047442,7,0,5,1098.0,0.8221950531005859,1335.4495333672028,6.081282028083801,219.6,89.74987465172306,42.0,282.0,254.0,82.80000000000001,123.60000000000001,246.0,274.0,278.8,280.4,-1.4216277296278772,0.14620891817450143,1.5219280948873621,0.6453029224131934,0.20554876327514648,0.2586303624980869,0.0001399517059326172,0.6332390308380127,0.00016427040100097656,0.00020074844360351562,0.09440803527832031,0.2997560501098633,0.499845838546753,1.5,1.2582372189448223,0.9995609731201878,2,3.0,0.6,0.4936247723132969,0.4,0.5063752276867031,2.1766412238431223,-0.012750455373406194,0.4,0.6,0.0,0.0,0.2,0.0,2,0.6666666666666666,mixed,transport,ikev2,AES_GCM_16_128,PASS,1
exp_119_mixed_transport_aes_gcm_16_128_1789047442,8,0,4,736.0,0.8132541179656982,905.0061767176238,4.918511829987086,184.0,84.87638069569178,90.0,282.0,182.0,93.0,96.0,105.0,261.0,273.6,277.8,0.019782502165322735,-1.9194672834297437,2.0,0.4494914953773325,0.2710847059885661,0.3831213171643071,0.00013303756713867188,0.8129000663757324,0.00015063285827636718,0.00017702579498291016,0.00022101402282714844,0.4065605401992798,0.6503642559051515,0.9182958340544896,1.4132848346510254,0.9995646482665819,2,2.5,0.5,0.4945652173913043,0.5,0.5054347826086957,1.0001069776227918,-0.010869565217391304,0.5,0.5,0.0,0.0,0.0,0.0,2,0.6666666666666666,mixed,transport,ikev2,AES_GCM_16_128,PASS,1
exp_119_mixed_transport_aes_gcm_16_128_1789047442,11,0,6,1224.0,0.6413290500640869,1908.5366550566948,9.35557183851321,204.0,99.19005326476373,90.0,350.0,176.0,95.0,100.0,123.0,289.0,336.0,343.0,0.40410785988155684,-1.4532083691791464,2.2516291673878226,0.8549720540561109,0.1282658100128174,0.1636200876874047,0.00013208389282226562,0.39526891708374023,0.00014848709106445311,0.00017309188842773438,0.0010519027709960938,0.24470305442810059,0.3350425720214844,1.3709505944546687,1.2756229586675973,0.9978839590189927,3,2.6666666666666665,0.5,0.4852941176470588,0.5,0.5147058823529411,0.9986262185919449,-0.029411764705882353,0.6666666666666666,0.3333333333333333,0.0,0.0,0.0,0.0,2,0.6,mixed,transport,ikev2,AES_GCM_16_128,PASS,1
exp_119_mixed_transport_aes_gcm_16_128_1789047442,12,0,6,1224.0,0.9999511241912842,1224.059826913957,6.000293269186064,204.0,99.19005326476373,90.0,350.0,176.0,95.0,100.0,123.0,289.0,336.0,343.0,0.40410785988155684,-1.4532083691791464,2.2516291673878226,0.24533517826750054,0.19999022483825685,0.29267486683518845,0.00013208389282226562,0.7539181709289551,0.00013761520385742189,0.00014591217041015625,0.0010519027709960938,0.24470305442810059,0.5502321243286133,1.3709505944546687,1.463438543725554,0.9986700361627133,3,2.6666666666666665,0.5,0.4852941176470588,0.5,0.5147058823529411,0.9999841688892813,-0.029411764705882353,0.6666666666666666,0.3333333333333333,0.0,0.0,0.0,0.0,2,0.6,mixed,transport,ikev2,AES_GCM_16_128,PASS,1
exp_120_mixed_tunnel_aes_cbc_256_1789047488,-1,1,53,11306.0,10.013980150222778,1129.0216108275868,5.29260086448453,213.32075471698113,123.8416172900504,42.0,514.0,202.0,42.0,54.0,122.0,311.0,362.0,384.4,0.3658185983547422,-0.6974401815218654,2.8806979967276547,0.6573256558718239,0.19257654135043806,0.4616674937087847,1.4066696166992188e-05,2.2535130977630615,1.9168853759765626e-05,2.9802322387695312e-05,0.0001990795135498047,0.11705803871154785,0.42043764591217037,1.1779511182628544,2.3973070300481045,0.9934983548394984,16,4.0,0.39622641509433965,0.38970458163806826,0.6037735849056604,0.6102954183619317,1.5525591546955053,-0.22059083672386343,0.5849056603773585,0.41509433962264153,0.0,0.0,0.18867924528301888,0.0,2,0.5172413793103449,mixed,tunnel,ikev2,AES_CBC_256,PASS,1
exp_120_mixed_tunnel_aes_cbc_256_1789047488,0,0,4,1624.0,0.09771895408630371,16619.08905170752,40.9337168761269,406.0,104.65180361560904,286.0,514.0,412.0,290.8,295.6,310.0,508.0,511.6,512.8,-0.032665979665104164,-1.9508254627003763,1.5,0.5790099088852613,0.03257298469543457,0.028006472533587616,0.009058952331542969,0.07193183898925781,0.010592794418334961,0.01289355754852295,0.01672816276550293,0.04433000087738037,0.06089110374450684,1.584962500721156,0.8597803675370697,0.7361093828913564,0,1.0,0.5,0.5073891625615764,0.5,0.49261083743842365,1.0946788595351213,0.014778325123152709,0.0,1.0,0.0,0.0,0.0,0.0,0,0.0,mixed,tunnel,ikev2,AES_CBC_256,PASS,1
exp_120_mixed_tunnel_aes_cbc_256_1789047488,2,0,12,2586.0,0.4471700191497803,5783.035286929233,26.8354305657969,215.5,91.31219341723572,54.0,378.0,210.0,91.4,123.6,153.0,265.25,342.5,360.4,0.1836302157435365,-0.7483100040317883,3.2516291673878226,0.5421061309042501,0.0406518199227073,0.09737827991622161,1.8835067749023438e-05,0.34119105339050293,2.002716064453125e-05,2.396106719970703e-05,0.00019097328186035156,0.01805901527404785,0.06920099258422852,1.2776134368191154,2.395363472973479,0.917753937875853,4,3.75,0.3333333333333333,0.34957463263727767,0.6666666666666666,0.6504253673627224,2.333208426231058,-0.3008507347254447,0.6666666666666666,0.3333333333333333,0.0,0.0,0.08333333333333333,0.0,2,0.5714285714285714,mixed,tunnel,ikev2,AES_CBC_256,PASS,1
exp_120_mixed_tunnel_aes_cbc_256_1789047488,3,0,18,3907.0,1.1532061100006104,3387.945976108236,15.608658195533211,217.05555555555554,101.73684584490093,54.0,378.0,210.0,54.0,101.60000000000001,138.0,308.0,350.8,364.4,0.06657450351420947,-1.2057333311208758,3.239097917988786,0.6382710174034922,0.06783565352944766,0.13347492437879432,1.8835067749023438e-05,0.42247605323791504,1.964569091796875e-05,2.5987625122070312e-05,0.00019407272338867188,0.035858154296875,0.3063100337982178,1.2577148214953864,1.9675929963268797,0.9676710089133591,6,3.8333333333333335,0.3333333333333333,0.3552597901202969,0.6666666666666666,0.6447402098797032,2.199923512762729,-0.2894804197594062,0.6111111111111112,0.3888888888888889,0.0,0.0,0.1111111111111111,0.0,2,0.5454545454545454,mixed,tunnel,ikev2,AES_CBC_256,PASS,1
exp_120_mixed_tunnel_aes_cbc_256_1789047488,4,0,6,1321.0,0.28356003761291504,4658.625422399202,21.159540147157617,220.16666666666666,119.83657853742136,54.0,362.0,218.5,71.0,88.0,126.0,334.25,354.0,358.0,-0.07294764817376023,-1.7111209835833936,2.2516291673878226,0.8564073272635448,0.056712007522583006,0.11317204561012446,1.9073486328125e-05,0.28305602073669434,2.1839141845703124e-05,2.5987625122070312e-05,0.0002040863037109375,0.0002548694610595703,0.16993556022644046,0.7219280948873623,1.9955218485822601,0.9982225391121272,2,3.5,0.3333333333333333,0.3663890991672975,0.6666666666666666,0.6336109008327026,3.0003040117537854,-0.267221801665405,0.5,0.5,0.0,0.0,0.16666666666666666,0.0,2,0.6666666666666666,mixed,tunnel,ikev2,AES_CBC_256,PASS,1
exp_120_mixed_tunnel_aes_cbc_256_1789047488,5,0,7,482.0,0.20872712135314941,2309.235124191144,33.53660968742326,68.85714285714286,39.11677963457104,42.0,138.0,42.0,42.0,42.0,42.0,88.0,128.4,133.2,0.954400893798805,-0.9888137656888438,1.6644977792004614,0.808868146079702,0.03478785355885824,0.05186496255382633,1.4066696166992188e-05,0.13312911987304688,2.9921531677246094e-05,4.887580871582031e-05,9.40561294555664e-05,0.05654501914978027,0.1042395830154419,1.2516291673878228,1.4908500064849084,0.9988120598767513,2,3.5,0.7142857142857143,0.6348547717842323,0.2857142857142857,0.3651452282157676,3463.3857190673384,0.2697095435684647,1.0,0.0,0.0,0.0,0.7142857142857143,0.0,2,1.0,mixed,tunnel,ikev2,AES_CBC_256,PASS,1
exp_120_mixed_tunnel_aes_cbc_256_1789047488,6,0,7,482.0,0.20872712135314941,2309.235124191144,33.53660968742326,68.85714285714286,39.11677963457104,42.0,138.0,42.0,42.0,42.0,42.0,88.0,128.4,133.2,0.954400893798805,-0.9888137656888438,1.6644977792004614,0.808868146079702,0.03478785355885824,0.05186496255382633,1.4066696166992188e-05,0.13312911987304688,2.9921531677246094e-05,4.887580871582031e-05,9.40561294555664e-05,0.05654501914978027,0.1042395830154419,1.2516291673878228,1.4908500064849084,0.9988120598767513,2,3.5,0.7142857142857143,0.6348547717842323,0.2857142857142857,0.3651452282157676,3463.3857190673384,0.2697095435684647,1.0,0.0,0.0,0.0,0.7142857142857143,0.0,2,1.0,mixed,tunnel,ikev2,AES_CBC_256,PASS,1
exp_120_mixed_tunnel_aes_cbc_256_1789047488,7,0,9,2154.0,0.27292609214782715,7892.24651644267,32.97596037510865,239.33333333333334,104.38922890370975,54.0,378.0,282.0,81.2,108.4,138.0,301.0,352.4,365.2,-0.45202778301614277,-1.1252413897398335,2.94770277922009,0.4935232339435575,0.034115761518478394,0.06016351276684664,1.5020370483398438e-05,0.16059589385986328,2.1362304687500002e-05,2.855062484741211e-05,0.00016105175018310547,0.02810370922088623,0.12636947631835938,1.061278124459133,1.7634590766846596,0.9976946629569289,3,3.6666666666666665,0.3333333333333333,0.3556174558960074,0.6666666666666666,0.6443825441039925,2.4990844393712797,-0.28876508820798513,0.4444444444444444,0.5555555555555556,0.0,0.0,0.1111111111111111,0.0,2,0.6,mixed,tunnel,ikev2,AES_CBC_256,PASS,1
exp_120_mixed_tunnel_aes_cbc_256_1789047488,8,0,9,2154.0,0.27292609214782715,7892.24651644267,32.97596037510865,239.33333333333334,104.38922890370975,54.0,378.0,282.0,81.2,108.4,138.0,301.0,352.4,365.2,-0.45202778301614277,-1.1252413897398335,2.94770277922009,0.4935232339435575,0.034115761518478394,0.06016351276684664,1.5020370483398438e-05,0.16059589385986328,2.1362304687500002e-05,2.855062484741211e-05,0.00016105175018310547,0.02810370922088623,0.12636947631835938,1.061278124459133,1.7634590766846596,0.9976946629569289,3,3.6666666666666665,0.3333333333333333,0.3556174558960074,0.6666666666666666,0.6443825441039925,2.4990844393712797,-0.28876508820798513,0.4444444444444444,0.5555555555555556,0.0,0.0,0.1111111111111111,0.0,2,0.6,mixed,tunnel,ikev2,AES_CBC_256,PASS,1
exp_120_mixed_tunnel_aes_cbc_256_1789047488,10,0,6,628.0,0.6657180786132812,943.3422648039699,9.01282418602519,104.66666666666667,36.41733408999377,54.0,138.0,122.0,54.0,54.0,71.0,134.0,138.0,138.0,-0.6061201421137351,-1.5000000000000002,1.584962500721156,-0.34344103065818143,0.13314361572265626,0.266051690922849,1.5020370483398438e-05,0.6652469635009766,2.064704895019531e-05,2.9087066650390625e-05,0.0001480579376220703,0.0002789497375488281,0.39925975799560554,0.7219280948873623,1.9982159209279757,0.9992923203869031,2,3.5,0.3333333333333333,0.4394904458598726,0.6666666666666666,0.5605095541401274,3.000508856102787,-0.12101910828025478,1.0,0.0,0.0,0.0,0.3333333333333333,0.0,2,0.6666666666666666,mixed,tunnel,ikev2,AES_CBC_256,PASS,1
exp_120_mixed_tunnel_aes_cbc_256_1789047488,11,0,12,2590.0,1.3928699493408203,1859.4700827781696,8.615305402833219,215.83333333333334,118.14738911865788,54.0,394.0,198.5,54.0,60.800000000000004,122.0,321.75,358.8,376.4,0.04686418140353028,-1.547334953369044,2.584962500721156,0.6216437614173717,0.1266245408491655,0.22016521168846864,1.5020370483398438e-05,0.6652469635009766,2.5987625122070312e-05,5.412101745605469e-05,0.0001480579376220703,0.16241991519927979,0.40209197998046875,1.2776134368191154,1.738710928395767,0.9993035062614256,4,3.75,0.3333333333333333,0.3613899613899614,0.6666666666666666,0.6386100386100386,2.3333016308361008,-0.27722007722007724,0.5,0.5,0.0,0.0,0.16666666666666666,0.0,2,0.5714285714285714,mixed,tunnel,ikev2,AES_CBC_256,PASS,1
exp_120_mixed_tunnel_aes_cbc_256_1789047488,12,0,9,2511.0,0.7685551643371582,3267.1695104223477,11.710284983592643,279.0,78.45876482444633,145.0,394.0,298.0,161.4,177.8,218.0,330.0,368.4,381.2,-0.264396170482855,-1.114476542617605,2.94770277922009,0.7801305251582507,0.09606939554214478,0.16644574557999314,1.5020370483398438e-05,0.40209197998046875,2.269744873046875e-05,6.586313247680664e-05,0.00015246868133544922,0.09164196252822876,0.37666883468627926,0.8112781244591328,1.732539401349458,0.9991022331253021,3,3.6666666666666665,0.3333333333333333,0.33691756272401435,0.6666666666666666,0.6630824372759857,2.4997820597591565,-0.32616487455197135,0.3333333333333333,0.6666666666666666,0.0,0.0,0.0,0.0,2,0.6,mixed,tunnel,ikev2,AES_CBC_256,PASS,1
exp_120_mixed_tunnel_aes_cbc_256_1789047488,13,0,3,549.0,0.001,549000.0,3000.0,183.0,29.87752778706208,145.0,218.0,186.0,149.1,153.2,165.5,202.0,211.6,214.8,-0.14960252331717339,-1.4999999999999998,1.584962500721156,0.0,9.548664093017578e-05,8.046627044677734e-05,1.5020370483398438e-05,0.00017595291137695312,3.1113624572753906e-05,5.525350570678711e-05,9.548664093017578e-05,0.00013571977615356445,0.00015985965728759766,1.0,0.8339628125826056,0.0,1,3.0,0.3333333333333333,0.33879781420765026,0.6666666666666666,0.6612021857923497,1.0,-0.3224043715846995,1.0,0.0,0.0,0.0,0.0,0.0,2,1.0,mixed,tunnel,ikev2,AES_CBC_256,PASS,1
ikev2_aes128gcm_dh14_transport_video_1789041798,-1,1,827,834562.0,10.359771966934204,80557.95076027857,79.82801191373485,1009.1438935912938,354.24214775527037,42.0,1414.0,1090.0,123.20000000000002,626.0,814.0,1306.0,1378.0,1378.0,-1.1786268205835135,0.8708995168060834,2.930764601845418,0.019311140787784006,0.012542096812269012,0.07779290578107058,1.9073486328125e-06,2.2244319915771484,0.0004899501800537109,0.001751720905303955,0.005903005599975586,0.014523744583129883,0.026020526885986328,0.013476778883280784,6.202049377867957,0.23959447421021704,167,4.281437125748503,0.9806529625151149,0.9885400964817473,0.019347037484885126,0.011459903518252688,0.018536736936722184,0.9770801929634946,0.08464328899637243,0.2370012091898428,0.6783555018137848,3.0788303024064825,0.0036275695284159614,0.16324062877871826,59,0.875609756097561,video,transport,ikev2,AES_GCM_16_128,PASS,0
ikev2_aes128gcm_dh14_transport_video_1789041798,0,0,4,1624.0,0.07304787635803223,22231.99469947941,54.75860763418574,406.0,104.65180361560904,286.0,514.0,412.0,290.8,295.6,310.0,508.0,511.6,512.8,-0.032665979665104164,-1.9508254627003763,1.5,0.5790099088852613,0.024349292119344074,0.015972771822008746,0.010384798049926758,0.046708106994628906,0.011498832702636718,0.01316988468170166,0.015954971313476562,0.031331539154052734,0.040557479858398436,1.584962500721156,0.6559581192588586,0.0,0,1.0,0.5,0.5073891625615764,0.5,0.49261083743842365,0.9110946268744659,0.014778325123152709,0.0,1.0,0.0,0.0,0.0,0.0,0,0.0,video,transport,ikev2,AES_GCM_16_128,PASS,0
ikev2_aes128gcm_dh14_transport_video_1789041798,2,0,94,92744.0,0.6935341358184814,133726.65483948705,135.53766879703034,986.6382978723404,409.14828116476485,78.0,1414.0,1086.0,114.0,147.2,742.0,1345.0,1378.0,1383.6,-0.9775634700298133,-0.11993486888507876,2.850515509396058,-0.08011716877705492,0.007457356299123456,0.00809469638994277,5.0067901611328125e-06,0.03221392631530762,0.00023674964904785164,0.0009789466857910156,0.004312038421630859,0.011197805404663086,0.0209233283996582,2.5261596073331476,1.0853190790702905,0.0,17,4.882352941176471,0.9361702127659575,0.9595014232726645,0.06382978723404255,0.040498576727335464,3.228929996728459,0.919002846545329,0.1276595744680851,0.19148936170212766,0.6808510638297872,2.6951821392860116,0.0,0.23404255319148937,12,0.8817204301075269,video,transport,ikev2,AES_GCM_16_128,PASS,0
ikev2_aes128gcm_dh14_transport_video_1789041798,3,0,188,186640.0,1.4510750770568848,128621.87694557404,129.55911308276853,992.7659574468086,404.74968428179284,78.0,1414.0,1112.0,115.4,142.0,794.0,1342.0,1378.0,1383.2,-1.046751105708547,0.049645518245904796,2.885239606322589,0.001920038124018965,0.007759759770357672,0.009657450092348658,5.0067901611328125e-06,0.06921696662902832,0.0002644062042236329,0.0009859800338745117,0.003909111022949219,0.01155543327331543,0.02218937873840332,1.6330335022497438,1.2443949275733828,0.047700472376257956,34,5.0588235294117645,0.9627659574468085,0.9765216459494214,0.03723404255319149,0.023478354050578656,0.048036987128174086,0.9530432918988427,0.1276595744680851,0.20212765957446807,0.6702127659574468,2.7420827205972977,0.0,0.22340425531914893,24,0.8823529411764706,video,transport,ikev2,AES_GCM_16_128,PASS,0
ikev2_aes128gcm_dh14_transport_video_1789041798,4,0,158,157752.0,1.4806020259857178,106545.84907445055,106.71334850755102,998.4303797468355,347.7940858693238,82.0,1406.0,1074.0,137.4,684.8000000000001,804.0,1284.0,1378.0,1378.0,-1.1712060999848095,0.9127985204033746,2.9462487732101117,0.134374394112966,0.009430586152775273,0.010968440761166475,5.9604644775390625e-06,0.06921696662902832,0.0005276203155517579,0.001352071762084961,0.0057489871978759766,0.013505935668945312,0.02594799995422364,1.829906563958596,1.1629476297514367,0.04674920431974068,32,4.34375,0.9873417721518988,0.9920634920634921,0.012658227848101266,0.007936507936507936,0.009623593465142084,0.9841269841269841,0.08860759493670886,0.2468354430379747,0.6645569620253164,3.0812976861452968,0.0,0.13924050632911392,14,0.8598726114649682,video,transport,ikev2,AES_GCM_16_128,PASS,0
ikev2_aes128gcm_dh14_transport_video_1789041798,5,0,150,148168.0,1.4895820617675781,99469.51148443602,100.699386660179,987.7866666666666,372.7309053757445,42.0,1394.0,1080.0,90.0,168.8,802.0,1289.0,1374.4,1378.0,-1.1839932070714057,0.698184687654722,2.875106009525828,0.09588732025838043,0.009997195045419988,0.010456557055749943,3.814697265625e-06,0.04398703575134277,0.0004990577697753907,0.0018432140350341797,0.00625920295715332,0.015035867691040039,0.026940536499023466,2.5223285326073324,1.0458444757526435,0.0,27,4.481481481481482,0.9933333333333333,0.9957750661411371,0.006666666666666667,0.004224933858862912,1.0,0.9915501322822742,0.10666666666666667,0.22666666666666666,0.6666666666666666,2.936032281885719,0.013333333333333334,0.14666666666666667,13,0.8639455782312925,video,transport,ikev2,AES_GCM_16_128,PASS,0
ikev2_aes128gcm_dh14_transport_video_1789041798,6,0,176,176612.0,1.479783058166504,119349.92702161871,118.93635288544885,1003.4772727272727,411.3404909360019,42.0,1394.0,1136.0,89.0,138.0,820.0,1343.0,1378.0,1378.0,-1.1519498381808129,0.24812164071114795,2.680090425135454,0.04593670851194539,0.008455903189522879,0.009706868988151398,3.0994415283203125e-06,0.04146099090576172,0.0003983974456787111,0.0013289451599121094,0.004486083984375,0.011678934097290039,0.022870063781738278,2.405700906249952,1.1478041986074858,0.0,33,4.757575757575758,0.9943181818181818,0.9964555069870678,0.005681818181818182,0.003544493012932304,1.0,0.9929110139741354,0.13068181818181818,0.19318181818181818,0.6761363636363636,2.760359283242908,0.011363636363636364,0.23295454545454544,22,0.884393063583815,video,transport,ikev2,AES_GCM_16_128,PASS,0
ikev2_aes128gcm_dh14_transport_video_1789041798,7,0,151,154914.0,1.454667091369629,106494.46936628097,103.8038193727386,1025.9205298013244,328.05571169525194,82.0,1394.0,1070.0,140.0,702.0,846.0,1306.0,1370.0,1378.0,-1.226872631512593,1.4201511777394602,2.8510745343771626,0.07436235090567095,0.00969778060913086,0.00984220326053946,3.0994415283203125e-06,0.05164813995361328,0.0006949663162231446,0.0022444725036621094,0.005953073501586914,0.014931797981262207,0.023044443130493163,2.3179888253963856,1.0147876993189822,0.03550512709061455,38,3.736842105263158,0.9867549668874173,0.9919180964922473,0.013245033112582781,0.008081903507752689,0.00981927722211833,0.9838361929844947,0.06622516556291391,0.2251655629139073,0.7086092715231788,3.2810473464019623,0.0,0.17218543046357615,11,0.8666666666666667,video,transport,ikev2,AES_GCM_16_128,PASS,0
ikev2_aes128gcm_dh14_transport_video_1789041798,8,0,143,147106.0,1.4833669662475586,99170.33569389163,96.40230856815155,1028.7132867132866,310.18860994489654,74.0,1406.0,1066.0,626.0,722.8,816.0,1306.0,1365.2,1378.0,-1.1366599840878246,1.4382357916541926,2.910902308879813,0.007143389800875844,0.01044624624117999,0.01034346743928619,2.1457672119140625e-06,0.05164813995361328,0.001075553894042969,0.0028163790702819824,0.0059299468994140625,0.016259312629699707,0.023242831230163574,2.3921404633464034,0.9900663964935817,0.03481818129216297,31,4.064516129032258,0.986013986013986,0.9914891302870039,0.013986013986013986,0.008510869712996071,0.01061569022711272,0.9829782605740078,0.04895104895104895,0.26573426573426573,0.6853146853146853,3.5189911886582808,0.006993006993006993,0.14685314685314685,7,0.8802816901408451,video,transport,ikev2,AES_GCM_16_128,PASS,0
ikev2_aes128gcm_dh14_transport_video_1789041798,9,0,154,155268.0,1.4954040050506592,103830.13518459852,102.98220379233437,1008.2337662337662,365.43629487653277,74.0,1414.0,1082.0,128.4,686.0,790.0,1314.0,1376.8000000000002,1378.0,-1.1009561296301356,0.579327649305132,2.8738632433202196,-0.06415577240413144,0.009773882385952021,0.010197353258793179,2.1457672119140625e-06,0.0452728271484375,0.0008405685424804688,0.0020809173583984375,0.005928993225097656,0.013663053512573242,0.022949790954589846,2.496810742045632,1.043220046662486,0.0,29,4.379310344827586,0.9935064935064936,0.9959682613287992,0.006493506493506494,0.0040317386712007625,1.0,0.9919365226575985,0.09090909090909091,0.2662337662337662,0.6428571428571429,3.0453940455466055,0.006493506493506494,0.17532467532467533,13,0.9019607843137255,video,transport,ikev2,AES_GCM_16_128,PASS,0
ikev2_aes128gcm_dh14_transport_video_1789041798,10,0,132,134480.0,1.4574320316314697,92271.88443872832,90.5702613467589,1018.7878787878788,319.837625240907,98.0,1414.0,1082.0,146.4,702.0,861.0,1286.0,1364.4,1378.0,-1.2780465802545176,1.551038711174419,2.94392409808634,-0.045497797803489774,0.011125435355965418,0.012296408824903364,2.1457672119140625e-06,0.07433915138244629,0.0004899501800537109,0.002631068229675293,0.006785869598388672,0.014988541603088379,0.029113054275512695,1.9934754907516017,1.1051525876444037,0.05100694218942753,29,3.7241379310344827,0.9924242424242424,0.9953450327186198,0.007575757575757576,0.004654967281380131,1.0,0.9906900654372397,0.06818181818181818,0.24242424242424243,0.6893939393939394,3.312364420843819,0.0,0.11363636363636363,8,0.8778625954198473,video,transport,ikev2,AES_GCM_16_128,PASS,0
ikev2_aes128gcm_dh14_transport_video_1789041798,11,0,134,140852.0,1.479858160018921,95179.39205619485,90.5492185807096,1051.134328358209,291.2370371478161,82.0,1410.0,1112.0,626.0,755.2,884.0,1286.0,1358.4,1378.0,-1.4285630164185215,2.4778782729761586,2.8827494008109396,-0.1576893456060852,0.01112675308284903,0.013320668058635014,1.9073486328125e-06,0.07433915138244629,0.00041141510009765623,0.0015859603881835938,0.006044864654541016,0.015201091766357422,0.030119085311889646,1.9987758600248804,1.1970671850335968,0.05023397065398201,28,4.071428571428571,0.9850746268656716,0.9911112373271235,0.014925373134328358,0.008888762672876494,0.011621663271148509,0.9822224746542471,0.04477611940298507,0.22388059701492538,0.7313432835820896,3.712944315860603,0.0,0.11940298507462686,6,0.8721804511278195,video,transport,ikev2,AES_GCM_16_128,PASS,0
ikev2_aes128gcm_dh14_transport_video_1789041798,12,0,120,124244.0,1.3518600463867188,91905.96344058106,88.76658521030978,1035.3666666666666,291.1066223148411,82.0,1410.0,1106.0,626.0,732.4,845.0,1277.0,1354.8000000000002,1378.0,-1.2260622476332446,1.9076370575385129,2.9268844447122393,-0.11825666999475339,0.01136016845703125,0.012694022493921549,1.9073486328125e-06,0.06250786781311035,0.00041255950927734377,0.0016540288925170898,0.007125139236450195,0.015500068664550781,0.02929191589355469,2.2376887392706113,1.1173166335778972,0.04623841645456033,25,3.96,0.9833333333333333,0.989923054634429,0.016666666666666666,0.010076945365570973,0.011215347059929218,0.9798461092688581,0.041666666666666664,0.25833333333333336,0.7,3.7008857283168672,0.0,0.11666666666666667,6,0.8739495798319328,video,transport,ikev2,AES_GCM_16_128,PASS,0
ikev2_aes128gcm_dh14_transport_video_1789041798,13,0,46,47096.0,0.6070520877838135,77581.48097626191,75.77603458697232,1023.8260869565217,211.18416693244066,626.0,1366.0,1036.0,712.0,744.0,827.0,1213.0,1294.0,1321.0,-0.06364837529363959,-1.2998663840701314,3.427830912711187,0.2663138768916774,0.013490046395195856,0.013888648479441084,0.0001881122589111328,0.06250786781311035,0.0010840892791748047,0.0035631656646728516,0.008773088455200195,0.020174026489257812,0.03127145767211914,2.451569898260044,1.029471552657829,0.10296952942095963,11,3.3636363636363638,0.9782608695652174,0.9867080006794632,0.021739130434782608,0.013291999320536776,1.0,0.9734160013589265,0.0,0.32608695652173914,0.6739130434782609,0.0,0.0,0.043478260869565216,2,0.8666666666666667,video,transport,ikev2,AES_GCM_16_128,PASS,0
ikev2_aes256gcm_dh14_tunnel_voip_1789041749,-1,1,435,131946.0,10.266780138015747,12851.741074246975,42.369661583507146,303.3241379310345,42.498770680036245,42.0,514.0,306.0,250.7,274.0,286.0,328.0,342.0,347.1999999999998,-1.68431955567032,10.62066754638028,1.701020779946616,0.2835377371314675,0.023656175433216006,0.10550358194322586,7.867813110351562e-06,2.2046380043029785,0.0024706363677978516,0.009056627750396729,0.018135428428649902,0.027612626552581787,0.034735131263732906,0.023508255539705453,4.459686332422123,0.22563170955587591,54,3.259259259259259,0.9356321839080459,0.9368226395646704,0.06436781609195402,0.06317736043532961,0.07357712722755978,0.8736452791293408,0.04827586206896552,0.9517241379310345,0.0,0.0,0.004597701149425287,0.0,2,0.21686746987951808,voip,tunnel,ikev2,AES_GCM_16_256,PASS,0
ikev2_aes256gcm_dh14_tunnel_voip_1789041749,0,0,4,1608.0,0.06622910499572754,24279.35573195097,60.39640729341037,402.0,109.36178491593853,270.0,514.0,412.0,277.2,284.4,306.0,508.0,511.6,512.8,-0.06935955084097174,-1.9029053366293442,1.5,0.62433452397764,0.02207636833190918,0.012849030161328785,0.008622169494628906,0.03938102722167969,0.010542917251586913,0.013424038887023926,0.018225908279418945,0.028803467750549316,0.035150003433227536,1.584962500721156,0.582000081176235,0.0,0,1.0,0.5,0.5124378109452736,0.5,0.48756218905472637,0.8332740324532742,0.024875621890547265,0.0,1.0,0.0,0.0,0.0,0.0,0,0.0,voip,tunnel,ikev2,AES_GCM_16_256,PASS,0
ikev2_aes256gcm_dh14_tunnel_voip_1789041749,2,0,49,15075.0,0.7200009822845459,20937.471435340805,68.05546270857045,307.6530612244898,43.045088378188375,149.0,366.0,314.0,223.60000000000002,267.6,294.0,338.0,350.0,350.0,-1.7146340196289247,3.478639442456421,2.8147241244083707,0.5361628265922371,0.015000020464261373,0.01386749362756142,1.1920928955078125e-05,0.060044050216674805,1.8811225891113283e-05,0.002425074577331543,0.012202024459838867,0.024392127990722656,0.03302447795867921,2.7227942093616946,0.9244366848641742,0.08339440041617231,9,3.5555555555555554,0.7551020408163265,0.7712106135986733,0.24489795918367346,0.2287893864013267,2.1391446301379786,0.5424212271973466,0.061224489795918366,0.9387755102040817,0.0,0.0,0.0,0.0,2,0.23809523809523808,voip,tunnel,ikev2,AES_GCM_16_256,PASS,0
ikev2_aes256gcm_dh14_tunnel_voip_1789041749,3,0,86,26142.0,1.47617506980896,17709.281598545884,58.2586725374855,303.9767441860465,37.57255825181088,149.0,366.0,310.0,250.25,272.0,286.5,330.0,344.0,350.0,-1.629438836159018,4.068687567410949,2.79063502017896,0.42306425931570407,0.017366765527164235,0.01414268286517482,1.1920928955078125e-05,0.060044050216674805,0.00013785362243652345,0.005174875259399414,0.015275955200195312,0.026510953903198242,0.03694381713867188,2.8713257265744114,0.8143064139744868,0.04067542627206503,14,3.4285714285714284,0.8372093023255814,0.8467600030602096,0.16279069767441862,0.15323999693979037,0.2642932507904653,0.6935200061204192,0.046511627906976744,0.9534883720930233,0.0,0.0,0.0,0.0,2,0.20512820512820512,voip,tunnel,ikev2,AES_GCM_16_256,PASS,0
ikev2_aes256gcm_dh14_tunnel_voip_1789041749,4,0,76,22849.0,1.442147970199585,15843.727878241114,52.699169274205644,300.64473684210526,34.576651670169305,162.0,370.0,300.0,265.25,274.0,286.0,322.0,338.0,342.0,-1.7527516366780762,5.2989334191726964,2.576435757369788,0.03813037236153664,0.01922863960266113,0.012686925154983271,1.1920928955078125e-05,0.046231985092163086,0.0025254249572753905,0.007887482643127441,0.01804494857788086,0.028112053871154785,0.0365262508392334,3.220728938061153,0.6597588627312373,0.0,10,3.2,0.9473684210526315,0.9456869009584664,0.05263157894736842,0.054313099041533544,0.06229193129393176,0.8913738019169329,0.039473684210526314,0.9605263157894737,0.0,0.0,0.0,0.0,2,0.2876712328767123,voip,tunnel,ikev2,AES_GCM_16_256,PASS,0
ikev2_aes256gcm_dh14_tunnel_voip_1789041749,5,0,76,23424.0,1.4741718769073486,15889.599012796927,51.55436838168402,308.2105263157895,34.23383821119624,162.0,370.0,312.0,270.0,274.0,290.0,334.0,342.0,350.0,-1.7001812538965213,5.468137616953191,2.463963544363219,-0.00040333261214848436,0.019655625025431316,0.011912376480304855,1.2874603271484375e-05,0.04467201232910156,0.003575658798217774,0.010451078414916992,0.0201718807220459,0.028539419174194336,0.035650205612182635,3.2422199974276262,0.6060234890217868,0.0,8,3.125,0.9736842105263158,0.9707991803278688,0.02631578947368421,0.02920081967213115,1455.4747912399368,0.9415983606557377,0.02631578947368421,0.9736842105263158,0.0,0.0,0.0,0.0,2,0.28378378378378377,voip,tunnel,ikev2,AES_GCM_16_256,PASS,0
ikev2_aes256gcm_dh14_tunnel_voip_1789041749,6,0,77,23682.0,1.4676029682159424,16136.516832470348,52.46650604257313,307.5584415584416,34.94355132766905,134.0,350.0,310.0,270.0,278.8,290.0,334.0,343.6,346.0,-2.3216408882536594,8.806763594296024,2.3780176419503567,0.04886830814979347,0.0193105653712624,0.011352606570534232,1.5020370483398438e-05,0.04432511329650879,0.004696011543273926,0.010343372821807861,0.01952040195465088,0.027017951011657715,0.0343700647354126,3.158374464782537,0.5878656831945939,0.0,7,3.0,0.974025974025974,0.9744953973481969,0.025974025974025976,0.025504602651803057,1237.953427107734,0.9489907946963939,0.025974025974025976,0.974025974025974,0.0,0.0,0.0,0.0,2,0.13333333333333333,voip,tunnel,ikev2,AES_GCM_16_256,PASS,0
ikev2_aes256gcm_dh14_tunnel_voip_1789041749,7,0,81,24611.0,1.473863124847412,16698.294153025883,54.95761352220944,303.8395061728395,37.30404168025311,134.0,350.0,306.0,270.0,282.0,286.0,330.0,342.0,346.0,-2.311192062555904,7.547731821082429,2.397597577029625,0.055642026610962694,0.01842328906059265,0.012025958490203692,7.867813110351562e-06,0.05182909965515137,0.0024367809295654298,0.009588122367858887,0.017109036445617676,0.026926040649414062,0.033273124694824234,3.0673389617139497,0.6527230684806057,0.03516547688952948,10,3.3,0.9506172839506173,0.9531510300272236,0.04938271604938271,0.0468489699727764,0.05970578430713807,0.9063020600544472,0.04938271604938271,0.9506172839506173,0.0,0.0,0.0,0.0,2,0.16666666666666666,voip,tunnel,ikev2,AES_GCM_16_256,PASS,0
ikev2_aes256gcm_dh14_tunnel_voip_1789041749,8,0,81,24506.0,1.4531259536743164,16864.333018094614,55.7418989009085,302.5432098765432,31.613815304258267,162.0,350.0,306.0,270.0,274.0,282.0,326.0,338.0,342.0,-1.6118555383247732,4.891355483939571,2.6369668678485723,0.058414405144727635,0.018164074420928954,0.01209721480952703,7.867813110351562e-06,0.05182909965515137,0.0020179510116577148,0.009520649909973145,0.01783156394958496,0.025958538055419922,0.03326640129089356,2.9797475980057646,0.6659601017427808,0.035667313988920486,13,3.230769230769231,0.9506172839506173,0.9552762588753775,0.04938271604938271,0.04472374112462254,0.05732389994074418,0.910552517750755,0.04938271604938271,0.9506172839506173,0.0,0.0,0.0,0.0,2,0.23076923076923078,voip,tunnel,ikev2,AES_GCM_16_256,PASS,0
ikev2_aes256gcm_dh14_tunnel_voip_1789041749,9,0,79,23101.0,1.4748411178588867,15663.382123178852,53.5650918891446,292.4177215189873,52.27134839625772,42.0,350.0,306.0,184.4,270.0,278.0,320.0,330.0,338.0,-3.1622514012275236,11.593223391456812,2.1181937981908385,0.39188261989083856,0.018908219459729318,0.010749042146544832,7.867813110351562e-06,0.04342794418334961,0.003377819061279297,0.01242762804031372,0.018475055694580078,0.026997268199920654,0.03380041122436523,3.1137320740122703,0.56845509511574,0.0,9,3.111111111111111,0.9746835443037974,0.9763213713692048,0.02531645569620253,0.023678628630795204,2188.3415833043455,0.9526427427384095,0.0759493670886076,0.9240506329113924,0.0,0.0,0.02531645569620253,0.0,2,0.22666666666666666,voip,tunnel,ikev2,AES_GCM_16_256,PASS,0
ikev2_aes256gcm_dh14_tunnel_voip_1789041749,10,0,78,23012.0,1.4828860759735107,15518.386997391342,52.60012974954479,295.02564102564105,53.79328295666433,42.0,350.0,306.0,176.8,272.8,286.0,322.0,338.0,346.0,-3.05375227636261,10.873893256242924,2.1125622782302176,0.377628567502689,0.01925826072692871,0.01110429815230126,1.7881393432617188e-05,0.04623007774353027,0.004342222213745118,0.011976003646850586,0.01903510093688965,0.027827978134155273,0.03424324989318848,3.1632461769441673,0.5765692832007302,0.0,9,3.111111111111111,0.9743589743589743,0.9761863375630107,0.02564102564102564,0.023813662436989395,1047.1586441368308,0.9523726751260212,0.07692307692307693,0.9230769230769231,0.0,0.0,0.02564102564102564,0.0,2,0.1891891891891892,voip,tunnel,ikev2,AES_GCM_16_256,PASS,0
ikev2_aes256gcm_dh14_tunnel_voip_1789041749,11,0,81,24444.0,1.4525871276855469,16827.906246799394,55.76257592827486,301.77777777777777,37.10778428202077,154.0,350.0,302.0,270.0,274.0,282.0,326.0,338.0,346.0,-1.8295079007472963,5.198508747049916,2.549193485557324,0.09376456721083846,0.018157339096069335,0.011530735527675097,1.71661376953125e-05,0.04623007774353027,0.0036450862884521485,0.008391916751861572,0.018756985664367676,0.027430295944213867,0.03311944007873536,3.13737056552288,0.6350104746183042,0.0,11,3.1818181818181817,0.9506172839506173,0.9524627720504009,0.04938271604938271,0.04753722794959908,0.05734739364265742,0.9049255441008018,0.04938271604938271,0.9506172839506173,0.0,0.0,0.0,0.0,2,0.23076923076923078,voip,tunnel,ikev2,AES_GCM_16_256,PASS,0
ikev2_aes256gcm_dh14_tunnel_voip_1789041749,12,0,70,21214.0,1.2651801109313965,16767.573104182567,55.3280907557641,303.0571428571429,39.32970005126469,154.0,350.0,304.0,270.0,274.0,286.0,334.0,342.0,348.2,-2.008958338057171,5.585236212098371,2.432745040580043,0.18974307688032455,0.018335943636686905,0.01062243193000249,1.71661376953125e-05,0.04063105583190918,0.004920101165771485,0.00919485092163086,0.017541885375976562,0.028232097625732422,0.032609653472900395,3.2242430556586728,0.5792913006914677,0.0,6,3.1666666666666665,0.9714285714285714,0.971056849250495,0.02857142857142857,0.028943150749505042,1039.4771609957897,0.9421136985009899,0.04285714285714286,0.9571428571428572,0.0,0.0,0.0,0.0,2,0.22058823529411764,voip,tunnel,ikev2,AES_GCM_16_256,PASS,0
ikev2_aes256gcm_dh14_tunnel_voip_1789041749,13,0,28,8616.0,0.5131340026855469,16790.935613128648,54.56664312530201,307.7142857142857,36.00680207847355,162.0,350.0,310.0,278.0,283.6,293.0,335.0,343.2,348.6,-2.1573750662585898,6.913762563317009,2.417618872656059,0.18961548620787214,0.019004963062427663,0.01036593630723557,0.0030279159545898438,0.04063105583190918,0.0075950145721435545,0.010112404823303223,0.016896963119506836,0.02802443504333496,0.03271808624267578,3.129913317684683,0.5454044224534819,0.0,2,3.0,1.0,1.0,0.0,0.0,1.0,1.0,0.03571428571428571,0.9642857142857143,0.0,0.0,0.0,0.0,1,0.18518518518518517,voip,tunnel,ikev2,AES_GCM_16_256,PASS,0
