capture_id,window_idx,is_full_session,pkt_count,byte_count,duration_sec,byte_rate,pkt_rate,pkt_len_mean,pkt_len_std,pkt_len_min,pkt_len_max,pkt_len_median,pkt_len_q05,pkt_len_q10,pkt_len_q25,pkt_len_q75,pkt_len_q90,pkt_len_q95,pkt_len_skew,pkt_len_kurtosis,pkt_len_entropy,pkt_len_autocorr,iat_mean,iat_std,iat_min,iat_max,iat_q10,iat_q25,iat_q50,iat_q75,iat_q90,iat_entropy,burstiness_coeff,idle_ratio,burst_count,burst_mean_pkts,fwd_pkt_ratio,fwd_byte_ratio,bwd_pkt_ratio,bwd_byte_ratio,fwd_bwd_iat_ratio,fwd_bwd_byte_skew,small_pkt_ratio,med_pkt_ratio,large_pkt_ratio,bimodal_index,tcp_like_ack_ratio,mtu_saturation_ratio,esp_spi_count,seq_gap_rate,label_class,label_mode,label_ike,label_crypto,label_nist,is_mixed
bulk_01,-1,1,5001,4824260.0,320.5285270214081,15050.953638450372,15.602355417388429,964.6590681863627,515.278278992324,104.0,1280.0,1280.0,116.0,116.0,144.0,1280.0,1280.0,1280.0,-1.024229568425629,-0.9476856941105836,0.8796233168574225,-0.24068969074998223,0.006537700796127319,0.17989945228473547,9.5367431640625e-07,10.0,5.9604644775390625e-06,6.9141387939453125e-06,1.2874603271484375e-05,3.0994415283203125e-05,0.00011801719665527344,0.008237984715203144,27.513027112554933,0.08648913326108414,258,20.325581395348838,0.734253149370126,0.9660184152595424,0.265746850629874,0.03398158474045761,0.3622012760350417,0.9320368305190848,0.2695460907818436,0.003199360127974405,0.727254549090182,2.2501333748765227,0.0,0.0,2,0.493,bulk,tunnel,ikev2,AES_GCM_16_256,PASS,0
bulk_01,397,0,19,7692.0,0.7310218811035156,10522.25685555202,25.991014073776437,404.8421052631579,459.25812752833355,116.0,1280.0,124.0,116.0,116.0,116.0,482.0,1280.0,1280.0,1.2519259799216167,-0.25963588701137574,1.189731916820733,-0.19982116203326772,0.04061232672797309,0.07666246504200896,2.2172927856445312e-05,0.3094339370727539,3.0541419982910155e-05,8.374452590942383e-05,0.005352139472961426,0.03211599588394165,0.1135819435119629,1.2332247882202196,1.8876184547868236,0.883863948276132,5,3.8,0.5789473684210527,0.5283411336453459,0.42105263157894735,0.4716588663546542,1.2138552940412715,0.056682267290691625,0.6842105263157895,0.10526315789473684,0.21052631578947367,2.4864514825338877,0.0,0.0,2,0.4444444444444444,bulk,tunnel,ikev2,AES_GCM_16_256,PASS,0
bulk_01,398,0,18,7568.0,0.4215879440307617,17951.177464049568,42.69571806988533,420.44444444444446,466.9159122752216,116.0,1280.0,140.0,116.0,116.0,116.0,483.0,1280.0,1280.0,1.1693228838117589,-0.46280737873410205,1.224394445405986,-0.22902488465123236,0.024799290825338924,0.04149589623194032,2.2172927856445312e-05,0.11507296562194824,2.9754638671875e-05,8.106231689453125e-05,0.0031812191009521484,0.01687908172607422,0.1103816032409668,1.2772018112022603,1.6732020009032789,0.7986232856105523,5,3.6,0.5555555555555556,0.5206131078224101,0.4444444444444444,0.47938689217758984,0.7776337786345838,0.0412262156448203,0.6666666666666666,0.1111111111111111,0.2222222222222222,2.445122584604678,0.0,0.0,2,0.4117647058823529,bulk,tunnel,ikev2,AES_GCM_16_256,PASS,0
bulk_01,406,0,8,1432.0,0.7015631198883057,2041.1563256460597,11.403107964503127,179.0,81.77407902263406,116.0,380.0,160.0,116.0,116.0,116.0,188.0,253.99999999999997,316.9999999999999,1.6838456893409752,1.696184242367643,1.9056390622295665,0.1803061651620992,0.10022330284118652,0.16454243881768163,5.7220458984375e-05,0.4866650104522705,5.822181701660156e-05,6.401538848876953e-05,0.00031685829162597656,0.10719799995422363,0.2600834369659425,1.3787834934861753,1.6417419144178271,0.9992842988558637,2,4.0,0.5,0.46089385474860334,0.5,0.5391061452513967,2.757240606163313,-0.0782122905027933,0.875,0.125,0.0,0.0,0.0,0.0,2,0.7142857142857143,bulk,tunnel,ikev2,AES_GCM_16_256,PASS,0
bulk_01,407,0,9,1548.0,0.7428381443023682,2083.899449527857,12.11569447399917,172.0,79.5989949685296,116.0,380.0,160.0,116.0,116.0,116.0,184.0,236.00000000000003,307.99999999999994,1.8322482325659946,2.2913563241846076,1.836591668108979,-0.15524688189247232,0.09285476803779602,0.1551451080008749,5.7220458984375e-05,0.4866650104522705,5.838871002197266e-05,6.657838821411133e-05,0.02079594135284424,0.10628247261047363,0.22231984138488764,1.2987949406953985,1.6708182084900165,0.9437601121292915,2,4.0,0.5555555555555556,0.5012919896640827,0.4444444444444444,0.49870801033591733,2.592488283047251,0.002583979328165375,0.8888888888888888,0.1111111111111111,0.0,0.0,0.0,0.0,2,0.75,bulk,tunnel,ikev2,AES_GCM_16_256,PASS,0
bulk_01,413,0,13,3824.0,0.6993730068206787,5467.754635518103,18.58807799731573,294.15384615384613,226.76108951047206,116.0,744.0,188.0,116.0,116.0,144.0,264.0,688.0,715.1999999999999,1.1638030008886193,-0.42512937892818403,1.9877733714879842,0.1403748494650761,0.05828108390172323,0.07889645802004183,9.989738464355469e-05,0.20604801177978516,0.00010235309600830078,0.00016415119171142578,0.0049849748611450195,0.12083220481872559,0.19113447666168215,1.780672129520887,1.3537000178833534,0.9430333509125811,3,4.0,0.5384615384615384,0.47489539748953974,0.46153846153846156,0.5251046025104602,1.1610746195556298,-0.0502092050209205,0.6923076923076923,0.3076923076923077,0.0,0.0,0.0,0.0,2,0.6666666666666666,bulk,tunnel,ikev2,AES_GCM_16_256,PASS,0
bulk_01,414,0,20,5272.0,1.4514820575714111,3632.149617351108,13.779019792682504,263.6,198.81207206807136,116.0,744.0,186.0,116.0,116.0,140.0,243.0,660.0,698.4000000000001,1.5220893550151022,0.7349313538773861,2.1577174691301484,0.11748641444251634,0.07639379250375848,0.12449465152100783,3.409385681152344e-05,0.43698906898498535,8.268356323242188e-05,0.0001035928726196289,0.0006570816040039062,0.128556489944458,0.22775044441223136,1.61078454839968,1.6296222221545131,0.9721658677944013,5,4.2,0.55,0.4575113808801214,0.45,0.5424886191198786,0.9253050023104856,-0.08497723823975721,0.75,0.25,0.0,0.0,0.0,0.0,2,0.7368421052631579,bulk,tunnel,ikev2,AES_GCM_16_256,PASS,0
bulk_01,415,0,92,90672.0,1.1512348651885986,78760.64454071746,79.91418847875867,985.5652173913044,497.03921865092957,116.0,1280.0,1280.0,116.0,116.0,404.0,1280.0,1280.0,1280.0,-1.1058527034402832,-0.7590873407204604,0.8932424104664218,0.1793219077084254,0.012650932584490095,0.0590689419773844,5.9604644775390625e-06,0.43698906898498535,6.9141387939453125e-06,7.987022399902344e-06,3.218650817871094e-05,9.489059448242188e-05,0.005569934844970703,0.4126433335571532,4.668768315268812,0.9040058782731082,12,8.583333333333334,0.7934782608695652,0.9687224280924651,0.20652173913043478,0.03127757190753485,0.24999873156123575,0.9374448561849303,0.25,0.010869565217391304,0.7391304347826086,2.298830011372458,0.0,0.0,2,0.38461538461538464,bulk,tunnel,ikev2,AES_GCM_16_256,PASS,0
bulk_01,416,0,492,482156.0,0.9215569496154785,523197.1829860114,533.8791055781066,979.9918699186992,506.3077568528345,116.0,1280.0,1280.0,116.0,116.0,272.0,1280.0,1280.0,1280.0,-1.0981387141779653,-0.7881260238028238,0.9059355527184383,0.20576478973071036,0.0018768980643899765,0.009682755474946767,4.0531158447265625e-06,0.1098489761352539,5.9604644775390625e-06,6.9141387939453125e-06,1.0013580322265625e-05,3.504753112792969e-05,0.0006470680236816406,0.37971320296159616,5.156166704976156,0.4451878125574019,31,16.806451612903224,0.758130081300813,0.9708144252067795,0.241869918699187,0.02918557479322045,0.31772411397661116,0.9416288504135591,0.24796747967479674,0.012195121951219513,0.7398373983739838,2.29329832586956,0.0,0.0,2,0.2953156822810591,bulk,tunnel,ikev2,AES_GCM_16_256,PASS,0
bulk_01,417,0,613,594252.0,1.254045009613037,473868.1589932481,488.8181806083296,969.415986949429,510.0291948962708,116.0,1280.0,1280.0,116.0,116.0,144.0,1280.0,1280.0,1280.0,-1.0360827792935239,-0.9208359639624879,0.9251667398158572,0.16464394242927918,0.002049093152962479,0.02129510955036489,4.0531158447265625e-06,0.3885660171508789,5.9604644775390625e-06,6.9141387939453125e-06,9.059906005859375e-06,2.47955322265625e-05,6.477832794189451e-05,0.09706378797570445,10.38738630954036,0.688960855507937,24,26.458333333333332,0.7455138662316476,0.9670442842430484,0.2544861337683524,0.032955715756951595,0.3397778041195874,0.9340885684860968,0.25774877650897227,0.013050570962479609,0.7292006525285482,2.263757187621894,0.0,0.0,2,0.32189542483660133,bulk,tunnel,ikev2,AES_GCM_16_256,PASS,0
bulk_01,418,0,628,587768.0,1.3846361637115479,424492.740695487,453.54874909278124,935.9363057324841,526.4686788674048,116.0,1280.0,1280.0,116.0,116.0,144.0,1280.0,1280.0,1280.0,-0.8774219175632341,-1.228496941880259,0.9059554418582766,-0.3001132793692974,0.0022083511382959297,0.020923499564037797,5.0067901611328125e-06,0.3885660171508789,5.9604644775390625e-06,7.152557373046875e-06,1.3113021850585938e-05,2.7894973754882812e-05,7.586479187011714e-05,0.15357842144244976,9.470427403484658,0.6813148666786625,21,30.857142857142858,0.7038216560509554,0.9591267302745301,0.2961783439490446,0.04087326972546991,0.41938593826122517,0.9182534605490602,0.2961783439490446,0.0031847133757961785,0.7006369426751592,2.185958508098982,0.0,0.0,2,0.543859649122807,bulk,tunnel,ikev2,AES_GCM_16_256,PASS,0
bulk_01,419,0,895,832596.0,1.4378180503845215,579069.0969398635,622.4709724298193,930.2748603351955,532.1172387140942,116.0,1280.0,1280.0,116.0,116.0,128.0,1280.0,1280.0,1280.0,-0.8645147772149633,-1.2521515556939178,0.8833299633000766,-0.39526929188409643,0.0016082975955084133,0.007889897748718136,9.5367431640625e-07,0.10064005851745605,5.9604644775390625e-06,8.106231689453125e-06,1.8835067749023438e-05,3.981590270996094e-05,0.0005480766296386747,0.3342338223245623,4.9026965371346005,0.2193219432876677,50,18.88,0.6983240223463687,0.9608501602217642,0.3016759776536313,0.03914983977823578,0.43099709764648375,0.9217003204435285,0.3016759776536313,0.0,0.6983240223463687,2.178606457271507,0.0,0.0,2,0.587248322147651,bulk,tunnel,ikev2,AES_GCM_16_256,PASS,0
bulk_01,420,0,682,653244.0,1.4171931743621826,460942.1014845043,481.232913294928,957.8357771260997,520.3389680319441,116.0,1280.0,1280.0,116.0,116.0,116.0,1280.0,1280.0,1280.0,-0.9961545622013175,-1.007331371159139,0.8515053051061474,-0.34013000447027036,0.0020810472457594457,0.010316842238028994,9.5367431640625e-07,0.10990095138549805,5.9604644775390625e-06,7.152557373046875e-06,1.6927719116210938e-05,4.00543212890625e-05,0.0009739398956298828,0.3606798533123853,4.955143193336053,0.3507567706609822,43,16.837209302325583,0.7228739002932552,0.96600963805255,0.27712609970674484,0.033990361947449955,0.382062877898681,0.9320192761051,0.27712609970674484,0.0,0.7228739002932552,2.234156132057342,0.0,0.0,2,0.5359765051395007,bulk,tunnel,ikev2,AES_GCM_16_256,PASS,0
bulk_01,421,0,554,538256.0,1.4598610401153564,368703.5856217299,379.4881737211259,971.5812274368232,513.2137555888086,116.0,1280.0,1280.0,116.0,116.0,116.0,1280.0,1280.0,1280.0,-1.0632483444992804,-0.8690970552782873,0.8347024128230004,-0.324776854947967,0.002639893381763755,0.013678303128610706,4.0531158447265625e-06,0.1475539207458496,5.9604644775390625e-06,6.9141387939453125e-06,1.2874603271484375e-05,2.6941299438476562e-05,8.277893066406251e-05,0.397562691270484,5.1794226995546,0.6577899009015203,30,19.433333333333334,0.7346570397111913,0.9678665913617313,0.26534296028880866,0.03213340863826878,0.35956507551438815,0.9357331827234624,0.26534296028880866,0.0,0.7346570397111913,2.2648264991896165,0.0,0.0,2,0.515370705244123,bulk,tunnel,ikev2,AES_GCM_16_256,PASS,0
bulk_01,422,0,854,808324.0,1.4578919410705566,554447.1282325856,585.7772966169854,946.5152224824355,525.7990343044917,116.0,1280.0,1280.0,116.0,116.0,116.0,1280.0,1280.0,1280.0,-0.9426131682090828,-1.1111092249034253,0.8646636512357289,-0.38521953984569596,0.0017091347492034662,0.00830967005625772,3.814697265625e-06,0.1475539207458496,5.9604644775390625e-06,7.867813110351562e-06,1.5974044799804688e-05,3.719329833984375e-05,0.0007121086120605537,0.3033133678710486,4.859073274856345,0.30224803846117365,58,15.706896551724139,0.7131147540983607,0.9643657741202785,0.28688524590163933,0.035634225879721496,0.4012390523290801,0.928731548240557,0.28688524590163933,0.0,0.7131147540983607,2.210792632000405,0.0,0.0,2,0.5662368112543963,bulk,tunnel,ikev2,AES_GCM_16_256,PASS,0
bulk_01,423,0,1035,965916.0,1.4333431720733643,673890.2579783319,722.0880666720227,933.2521739130435,531.5213359887034,116.0,1280.0,1280.0,116.0,116.0,116.0,1280.0,1280.0,1280.0,-0.8806801263213531,-1.2240391579566339,0.8795120945051739,-0.40278559818861076,0.0013862119652547043,0.006937707953409794,3.814697265625e-06,0.08436703681945801,5.9604644775390625e-06,7.867813110351562e-06,1.71661376953125e-05,3.403425216674805e-05,0.00016186237335205097,0.38539736365429994,5.00118808601537,0.25721617391706453,56,19.464285714285715,0.7014492753623188,0.9620712360081001,0.2985507246376812,0.037928763991899914,0.42472981685496813,0.9241424720162001,0.2985507246376812,0.0,0.7014492753623188,2.185118061521029,0.0,0.0,2,0.5870406189555126,bulk,tunnel,ikev2,AES_GCM_16_256,PASS,0
bulk_01,424,0,1241,1171728.0,1.4606068134307861,802220.0014579932,849.6468649800718,944.1804995970991,526.3974835534937,116.0,1280.0,1280.0,116.0,116.0,128.0,1280.0,1280.0,1280.0,-0.9297467674814416,-1.1351387509569892,0.8677930359690282,-0.35723940937613385,0.0011779087205086986,0.007182103510603264,2.86102294921875e-06,0.1072537899017334,5.9604644775390625e-06,7.152557373046875e-06,1.5020370483398438e-05,2.9087066650390625e-05,0.00010764598846435628,0.27804564285183153,6.092162510685467,0.33668019918941977,47,27.382978723404257,0.7107171635777598,0.963500061447708,0.2892828364222401,0.036499938552292,0.4062487460433731,0.927000122895416,0.2892828364222401,0.0,0.7107171635777598,2.2053089062856155,0.0,0.0,2,0.557258064516129,bulk,tunnel,ikev2,AES_GCM_16_256,PASS,0
bulk_01,425,0,1506,1514292.0,1.4505610466003418,1043935.3817952188,1038.2189729481497,1005.5059760956175,493.3804312741703,116.0,1280.0,1280.0,116.0,116.0,1280.0,1280.0,1280.0,1280.0,-1.2413244865716573,-0.4585267829417061,0.788981506776486,-0.25933058900103917,0.0009638279379404264,0.005014844132589578,2.86102294921875e-06,0.07765078544616699,5.9604644775390625e-06,6.198883056640625e-06,1.0013580322265625e-05,2.5033950805664062e-05,7.796287536621094e-05,0.3209130821589621,5.197656427004523,0.08966856856583741,65,24.153846153846153,0.7636122177954847,0.9720714366846025,0.23638778220451528,0.02792856331539756,0.3088782604829965,0.9441428733692049,0.23638778220451528,0.0,0.7636122177954847,2.3535635993031474,0.0,0.0,2,0.45382059800664454,bulk,tunnel,ikev2,AES_GCM_16_256,PASS,0
bulk_01,426,0,1054,1106300.0,1.020611047744751,1083958.4800150814,1032.7146686575936,1049.6204933586337,463.25501294465494,116.0,1280.0,1280.0,116.0,116.0,1280.0,1280.0,1280.0,1280.0,-1.5137608921737638,0.29202972842595143,0.7184993580478679,-0.21213221346453434,0.0009692412609161928,0.0052204204705152985,4.0531158447265625e-06,0.0798790454864502,5.9604644775390625e-06,6.198883056640625e-06,8.106231689453125e-06,2.09808349609375e-05,5.3882598876953125e-05,0.33411480292443835,5.380538512231162,0.1296262596790798,46,23.891304347826086,0.801707779886148,0.9776733254994124,0.198292220113852,0.022326674500587545,0.24639844393959695,0.9553466509988249,0.198292220113852,0.0,0.801707779886148,2.507945136640179,0.0,0.0,2,0.38461538461538464,bulk,tunnel,ikev2,AES_GCM_16_256,PASS,0
bulk_01,427,0,263,274984.0,0.25217509269714355,1090448.6920532212,1042.92615573996,1045.5665399239545,466.65522313959497,116.0,1280.0,1280.0,116.0,116.0,1280.0,1280.0,1280.0,1280.0,-1.4882497428867756,0.2150171668817067,0.7249595109587079,-0.22746841799504408,0.0009625003538058914,0.00608831988314891,4.76837158203125e-06,0.0798790454864502,5.9604644775390625e-06,6.9141387939453125e-06,8.106231689453125e-06,2.1755695343017578e-05,4.303455352783204e-05,0.27270920431570495,6.318959675624026,0.31676025031696164,11,24.818181818181817,0.7984790874524715,0.9775114188461874,0.20152091254752852,0.022488581153812585,0.24876333728799851,0.9550228376923748,0.20152091254752852,0.0,0.7984790874524715,2.4928912655501843,0.0,0.0,2,0.3931297709923664,bulk,tunnel,ikev2,AES_GCM_16_256,PASS,0
bulk_02,-1,1,5001,4710168.0,34.24281597137451,137552.00518372943,146.04523191610807,941.8452309538093,526.8271643238775,116.0,1280.0,1280.0,116.0,116.0,128.0,1280.0,1280.0,1280.0,-0.9174055616745148,-1.1563504136243503,0.892159989639041,-0.2733792889366219,0.006848563194274902,0.06644648497149128,1.9073486328125e-06,3.8509068489074707,5.9604644775390625e-06,7.152557373046875e-06,1.5020370483398438e-05,3.0994415283203125e-05,0.00010397434234619149,0.033875036985441,9.700835379842836,0.9004781417245687,254,20.62992125984252,0.7166566686662668,0.9632072571509127,0.28334333133373324,0.03679274284908734,0.4016208774317681,0.9264145143018253,0.2903419316136773,0.0015996800639872025,0.7080583883223356,2.2018056427986497,0.0,0.0,2,0.5352,bulk,tunnel,ikev2,AES_GCM_16_256,PASS,0
bulk_02,0,0,14,5584.0,1.2918329238891602,4322.540397243436,10.837314749535835,398.85714285714283,461.75919159276964,116.0,1280.0,140.0,116.0,116.0,116.0,403.0,1266.8,1280.0,1.2763314821028624,-0.25017951720010734,1.0949143184120975,-0.10455904422774544,0.09937176337608924,0.1832923716122383,2.09808349609375e-05,0.5488619804382324,2.8610229492187503e-05,4.9114227294921875e-05,0.0006940364837646484,0.0411229133605957,0.41427412033081074,1.1451104143815827,1.844493052070458,0.9514689000690248,5,3.4,0.6428571428571429,0.6862464183381088,0.35714285714285715,0.3137535816618911,0.9275010250595745,0.37249283667621774,0.7142857142857143,0.07142857142857142,0.21428571428571427,2.457846707588175,0.0,0.0,2,0.46153846153846156,bulk,tunnel,ikev2,AES_GCM_16_256,PASS,0
bulk_02,1,0,18,7644.0,1.1082301139831543,6897.484469652476,16.242114135759362,424.6666666666667,464.5537882982144,116.0,1280.0,158.0,116.0,116.0,116.0,483.0,1280.0,1280.0,1.1684834681129295,-0.4601798961314745,1.224394445405986,-0.24081394732231098,0.06519000670489143,0.13340058708772823,2.002716064453125e-05,0.4335789680480957,2.32696533203125e-05,4.9114227294921875e-05,8.20159912109375e-05,0.02421092987060547,0.27818460464477546,0.951994081908783,2.046303529129561,0.9210641242926914,6,3.5,0.5555555555555556,0.5264259549973835,0.4444444444444444,0.4735740450026164,0.7777574697941346,0.05285190999476714,0.6666666666666666,0.1111111111111111,0.2222222222222222,2.4439221840233896,0.0,0.0,2,0.5294117647058824,bulk,tunnel,ikev2,AES_GCM_16_256,PASS,0
bulk_02,2,0,12,3424.0,1.3209099769592285,2592.1524250139614,9.084646349347995,285.3333333333333,319.96805396094715,116.0,1280.0,160.0,116.0,116.0,116.0,245.0,470.00000000000006,839.9999999999994,2.4483290347412283,4.832125534278915,1.207518749639422,-0.25302922254333066,0.12008272517811168,0.19472142349662755,2.002716064453125e-05,0.5204169750213623,6.008148193359375e-05,7.653236389160156e-05,0.00020503997802734375,0.1826099157333374,0.4335789680480957,1.2776134368191154,1.6215471597654973,0.9803884195398875,3,4.0,0.4166666666666667,0.2266355140186916,0.5833333333333334,0.7733644859813084,1.1113265987768906,-0.5467289719626168,0.75,0.16666666666666666,0.08333333333333333,3.5545214083370134,0.0,0.0,2,0.7272727272727273,bulk,tunnel,ikev2,AES_GCM_16_256,PASS,0
bulk_02,3,0,5,956.0,0.3829660415649414,2496.3048840921488,13.055987887511238,191.2,97.95999183340105,116.0,380.0,160.0,116.0,116.0,116.0,184.0,301.6,340.79999999999995,1.2443296036041624,-0.09944516688895089,1.9219280948873623,-0.3519749706687525,0.09574151039123535,0.14261634642214394,8.296966552734375e-05,0.34100890159606934,0.00011959075927734376,0.00017452239990234375,0.020937085151672363,0.11650407314300537,0.2512069702148438,1.5,1.4895822747843845,0.8904416177543585,1,3.0,0.4,0.3138075313807531,0.6,0.6861924686192469,2.242480238401409,-0.3723849372384937,0.8,0.2,0.0,0.0,0.0,0.0,2,0.75,bulk,tunnel,ikev2,AES_GCM_16_256,PASS,0
bulk_02,8,0,4,752.0,0.5867640972137451,1281.605339472676,6.817049678046148,188.0,60.199667773169644,116.0,264.0,186.0,120.2,124.4,137.0,237.0,253.20000000000002,258.59999999999997,0.05104426312945104,-1.7333011710012718,2.0,-0.4440001411114215,0.1955880324045817,0.2758307054620335,8.082389831542969e-05,0.5856711864471436,0.0002670764923095703,0.0005464553833007812,0.0010120868682861328,0.29334163665771484,0.4687393665313721,0.9182958340544896,1.4102565060574026,0.9981373932526014,1,4.0,0.75,0.8085106382978723,0.25,0.19148936170212766,1.0,0.6170212765957447,0.75,0.25,0.0,0.0,0.0,0.0,2,0.6666666666666666,bulk,tunnel,ikev2,AES_GCM_16_256,PASS,0
bulk_02,9,0,10,2240.0,1.3165950775146484,1701.358328202528,7.5953496794755715,224.0,181.4695566754931,116.0,744.0,152.0,116.0,116.0,116.0,234.0,311.99999999999983,527.9999999999995,2.2567029510397605,3.79789078444984,1.295461844238322,-0.07593705532708378,0.14628834194607204,0.20562579344254264,8.082389831542969e-05,0.5856711864471436,9.779930114746093e-05,0.00011110305786132812,0.014390945434570312,0.3186018466949463,0.4019694805145264,1.4466166676282082,1.4056102153931647,0.957254898410054,3,3.3333333333333335,0.6,0.48035714285714287,0.4,0.5196428571428572,1.1026377081919942,-0.039285714285714285,0.8,0.2,0.0,0.0,0.0,0.0,2,0.6666666666666666,bulk,tunnel,ikev2,AES_GCM_16_256,PASS,0
bulk_02,10,0,11,2608.0,1.1494009494781494,2269.008043871969,9.570202639030546,237.0909090909091,187.78781766347333,116.0,744.0,160.0,116.0,116.0,116.0,212.0,472.0,608.0,1.8523108658577552,2.1184306033618876,1.8676338909712125,-0.22829828766835664,0.11494009494781494,0.16479480217296458,6.699562072753906e-05,0.3900129795074463,9.853839874267578e-05,0.0001373291015625,0.0073615312576293945,0.24909663200378418,0.3854886293411255,1.5709505944546687,1.4337326632200955,0.9514527984912476,4,3.0,0.45454545454545453,0.3113496932515337,0.5454545454545454,0.6886503067484663,1.2060995202574742,-0.3773006134969325,0.8181818181818182,0.18181818181818182,0.0,0.0,0.0,0.0,2,0.7,bulk,tunnel,ikev2,AES_GCM_16_256,PASS,0
bulk_02,11,0,9,1896.0,0.955794095993042,1983.6908471694542,9.416254021373991,210.66666666666666,95.72181917758702,116.0,472.0,188.0,133.6,151.2,184.0,192.0,260.80000000000007,366.3999999999999,2.129159396332481,3.2899760711189705,1.8799649487271108,-0.20104855722872841,0.11947426199913025,0.156833227065069,6.699562072753906e-05,0.38498592376708984,0.00017130374908447266,0.00030308961868286133,0.0003600120544433594,0.2760637402534485,0.32695322036743163,1.5487949406953985,1.3126836839764429,0.9986031049484758,4,3.0,0.4444444444444444,0.3924050632911392,0.5555555555555556,0.6075949367088608,1.3334325572204992,-0.21518987341772153,0.8888888888888888,0.1111111111111111,0.0,0.0,0.0,0.0,2,0.875,bulk,tunnel,ikev2,AES_GCM_16_256,PASS,0
bulk_02,12,0,38,39692.0,1.1070311069488525,35854.45770299738,34.32604536717476,1044.5263157894738,456.30384249521757,116.0,1280.0,1280.0,116.0,179.2,1280.0,1280.0,1280.0,1280.0,-1.4251348736116687,0.039325472061795264,0.7424875695421236,0.3788505977030785,0.029919759647266286,0.09991426939320681,4.0531158447265625e-06,0.4223508834838867,5.0067901611328125e-06,5.9604644775390625e-06,8.821487426757812e-06,3.1948089599609375e-05,0.007141208648681617,0.5344875115070162,3.339295879218611,0.9832721868959613,4,10.0,0.8421052631578947,0.9775269575733145,0.15789473684210525,0.022473042426685477,0.16124634451829345,0.9550539151466291,0.21052631578947367,0.0,0.7894736842105263,2.451217525084829,0.0,0.0,2,0.2972972972972973,bulk,tunnel,ikev2,AES_GCM_16_256,PASS,0
bulk_02,13,0,151,164232.0,1.0388679504394531,158087.4642735181,145.35052307285565,1087.6291390728477,431.89141411702144,116.0,1280.0,1280.0,116.0,116.0,1280.0,1280.0,1280.0,1280.0,-1.799920730394102,1.2403277278368963,0.6474532485611213,-0.1951710083812816,0.006925786336263021,0.04489902639038197,4.0531158447265625e-06,0.36407995223999023,5.0067901611328125e-06,5.9604644775390625e-06,8.106231689453125e-06,2.3126602172851562e-05,8.094310760498047e-05,0.21738945318599737,6.481941871850035,0.9195807614207606,6,26.0,0.8344370860927153,0.9820254274441035,0.16556291390728478,0.01797457255589654,0.1888198805148099,0.964050854888207,0.16556291390728478,0.0,0.8344370860927153,2.6903057924233678,0.0,0.0,2,0.32666666666666666,bulk,tunnel,ikev2,AES_GCM_16_256,PASS,0
bulk_02,14,0,291,265268.0,1.2431409358978271,213385.2987540925,234.08448036491743,911.5738831615121,537.799497511941,116.0,1280.0,1280.0,116.0,116.0,136.0,1280.0,1280.0,1280.0,-0.7760996988499534,-1.3951327008824903,0.9313347561969165,-0.2354227401354363,0.004286692882406301,0.03876754141007471,4.0531158447265625e-06,0.5210189819335938,5.9604644775390625e-06,6.9141387939453125e-06,1.2040138244628906e-05,2.3126602172851562e-05,6.59942626953127e-05,0.12569115098521252,9.04158541045457,0.9414218454497804,7,42.42857142857143,0.6838487972508591,0.9568134867379405,0.3161512027491409,0.0431865132620595,0.45950203234034903,0.913626973475881,0.3161512027491409,0.003436426116838488,0.6804123711340206,2.1485297861562467,0.0,0.0,2,0.5379310344827586,bulk,tunnel,ikev2,AES_GCM_16_256,PASS,0
bulk_02,15,0,299,239056.0,1.4715619087219238,162450.52184561107,203.18547131984852,799.5183946488295,567.1631531612198,116.0,1280.0,1280.0,116.0,116.0,136.0,1280.0,1280.0,1280.0,-0.334902023301059,-1.8849824777146853,1.0367058466582884,0.06307546782264058,0.004938127210476254,0.03911348930944299,5.0067901611328125e-06,0.5210189819335938,5.9604644775390625e-06,7.152557373046875e-06,1.6927719116210938e-05,2.384185791015625e-05,7.48395919799805e-05,0.2105993517088929,7.919109519285186,0.9609225463037521,8,38.125,0.5953177257525084,0.9353289605782745,0.40468227424749165,0.06467103942172546,0.6779062048432833,0.870657921156549,0.411371237458194,0.006688963210702341,0.5819397993311036,2.031906934513056,0.0,0.0,2,0.4597315436241611,bulk,tunnel,ikev2,AES_GCM_16_256,PASS,0
bulk_02,16,0,280,231252.0,1.2374351024627686,186880.10348159476,226.27449265237289,825.9,564.6295283508597,116.0,1280.0,1280.0,116.0,116.0,128.0,1280.0,1280.0,1280.0,-0.43988137561477725,-1.8051518476144734,0.9959667650017727,-0.03495030483411121,0.004435251263307414,0.02321528964319772,5.0067901611328125e-06,0.21119117736816406,5.9604644775390625e-06,7.867813110351562e-06,1.6927719116210938e-05,3.2901763916015625e-05,9.93728637695313e-05,0.3688683055033673,5.233087186745535,0.9039751808174631,13,22.384615384615383,0.6178571428571429,0.9431442755089686,0.3821428571428571,0.05685572449103143,0.5450933350232089,0.8862885510179371,0.3892857142857143,0.0035714285714285713,0.6071428571428571,2.0495698999419103,0.0,0.0,2,0.4910394265232975,bulk,tunnel,ikev2,AES_GCM_16_256,PASS,0
bulk_02,17,0,205,179852.0,0.9249730110168457,194440.26783255464,221.62808812620213,877.3268292682927,553.2003522847715,116.0,1280.0,1280.0,116.0,116.0,116.0,1280.0,1280.0,1280.0,-0.6459840315198975,-1.5825775128109179,0.9307581628899635,-0.5280648286868502,0.004534181426553165,0.03148650369653122,5.0067901611328125e-06,0.3949899673461914,6.413459777832032e-06,8.106231689453125e-06,1.811981201171875e-05,3.600120544433594e-05,0.00012085437774658222,0.2788023226819387,6.942721963046501,0.9231774880928999,9,23.666666666666668,0.6536585365853659,0.9536730200386985,0.3463414634146341,0.046326979961301515,0.5262385202796177,0.9073460400773969,0.3463414634146341,0.0,0.6536585365853659,2.101675932608024,0.0,0.0,2,0.6911764705882353,bulk,tunnel,ikev2,AES_GCM_16_256,PASS,0
bulk_02,18,0,147,145196.0,1.0912630558013916,133053.1618642329,134.70629214332516,987.7278911564625,503.9826494938003,116.0,1280.0,1280.0,116.0,116.0,732.0,1280.0,1280.0,1280.0,-1.1447667467017328,-0.6887839154711206,0.8139625284011012,-0.29768258336003,0.007474404491790354,0.05811492116862599,3.814697265625e-06,0.5603358745574951,5.0067901611328125e-06,6.377696990966797e-06,9.5367431640625e-06,2.574920654296875e-05,7.486343383789062e-05,0.17707386600803302,7.774150714178613,0.9946795878341016,4,37.5,0.7482993197278912,0.9697236838480399,0.25170068027210885,0.03027631615196011,0.33025019095269514,0.9394473676960797,0.25170068027210885,0.0,0.7482993197278912,2.304026075729444,0.0,0.0,2,0.4863013698630137,bulk,tunnel,ikev2,AES_GCM_16_256,PASS,0
bulk_02,19,0,160,160708.0,1.01655912399292,158090.16534990963,157.39369823521878,1004.425,493.8160784897551,116.0,1280.0,1280.0,116.0,116.0,1280.0,1280.0,1280.0,1280.0,-1.2342823638783755,-0.4756783420393562,0.79085809055281,-0.23452293588092246,0.006393453610018364,0.04149672121202063,3.814697265625e-06,0.4197120666503906,5.0067901611328125e-06,6.556510925292969e-06,9.059906005859375e-06,2.2530555725097656e-05,6.570816040039068e-05,0.21980570485978418,6.489486630570998,0.9345633593651422,6,27.333333333333332,0.76875,0.9724220325061602,0.23125,0.02757796749383976,0.30756325360761744,0.9448440650123204,0.2375,0.0,0.7625,2.34969215568147,0.0,0.0,2,0.44654088050314467,bulk,tunnel,ikev2,AES_GCM_16_256,PASS,0
bulk_02,20,0,154,159908.0,1.0002691745758057,159864.96841494073,153.9585582703859,1038.3636363636363,471.8187223178347,116.0,1280.0,1280.0,116.0,116.0,1280.0,1280.0,1280.0,1280.0,-1.4405476714179857,0.07538731249451525,0.7372413771710564,-0.1402810506582372,0.006537707023371279,0.04515669165916471,1.9073486328125e-06,0.4182109832763672,5.9604644775390625e-06,5.9604644775390625e-06,7.867813110351562e-06,1.811981201171875e-05,3.676414489746095e-05,0.17031069514767058,6.9060582616351045,0.934695179258017,5,31.4,0.7987012987012987,0.9772869399904945,0.2012987012987013,0.022713060009505466,0.24589027843216907,0.9545738799809891,0.2077922077922078,0.0,0.7922077922077922,2.46466475437996,0.0,0.0,2,0.38562091503267976,bulk,tunnel,ikev2,AES_GCM_16_256,PASS,0
bulk_02,21,0,230,223500.0,1.4191031455993652,157493.8373528893,162.0741950387675,971.7391304347826,513.118209737738,116.0,1280.0,1280.0,116.0,116.0,116.0,1280.0,1280.0,1280.0,-1.064002546032554,-0.8674591670295908,0.8345178669312221,-0.2664228947334605,0.0061969569676828175,0.04856060500628546,1.9073486328125e-06,0.5053470134735107,5.9604644775390625e-06,6.9141387939453125e-06,1.0013580322265625e-05,2.5033950805664062e-05,7.047653198242191e-05,0.1619078578618639,7.834937425265867,0.9653160622632159,6,39.166666666666664,0.7434782608695653,0.9689127516778524,0.2565217391304348,0.03108724832214765,0.34115198009636316,0.9378255033557047,0.26521739130434785,0.0,0.7347826086956522,2.2651604196812163,0.0,0.0,2,0.5021834061135371,bulk,tunnel,ikev2,AES_GCM_16_256,PASS,0
bulk_02,22,0,248,234936.0,1.3152859210968018,178619.7177599906,188.55215890488333,947.3225806451613,525.2944419850994,116.0,1280.0,1280.0,116.0,116.0,116.0,1280.0,1280.0,1280.0,-0.9458884277038165,-1.1048428694426062,0.8638808755097664,-0.28228025818349123,0.005325044214966808,0.03468396960646438,5.0067901611328125e-06,0.31618213653564453,5.9604644775390625e-06,7.867813110351562e-06,1.5020370483398438e-05,2.9087066650390625e-05,9.627342224121095e-05,0.2493642237059553,6.512144512243883,0.9604053793665752,8,31.875,0.7258064516129032,0.965828991725406,0.27419354838709675,0.034171008274593934,0.3742678189108742,0.9316579834508122,0.2862903225806452,0.0,0.7137096774193549,2.2121462821904063,0.0,0.0,2,0.5465587044534413,bulk,tunnel,ikev2,AES_GCM_16_256,PASS,0
bulk_02,23,0,237,233592.0,1.2952020168304443,180351.7883423584,182.98303810549564,985.620253164557,505.6242739675899,116.0,1280.0,1280.0,116.0,116.0,152.0,1280.0,1280.0,1280.0,-1.135473796614811,-0.7104930290791454,0.8162554088088008,-0.26678398081854293,0.005488144139112052,0.03506489574857364,3.814697265625e-06,0.29761576652526855,5.9604644775390625e-06,5.9604644775390625e-06,1.0967254638671875e-05,2.390146255493164e-05,8.893013000488281e-05,0.2196654573397807,6.388044266996765,0.9866129059869809,8,30.5,0.7552742616033755,0.9708894140210281,0.24472573839662448,0.029110585978971884,0.32019353296931125,0.9417788280420563,0.25316455696202533,0.0,0.7468354430379747,2.299731316058654,0.0,0.0,2,0.4788135593220339,bulk,tunnel,ikev2,AES_GCM_16_256,PASS,0
bulk_02,24,0,343,338092.0,1.1851558685302734,285272.18147202197,289.413408909124,985.6909620991254,504.8730326836088,116.0,1280.0,1280.0,116.0,116.0,168.0,1280.0,1280.0,1280.0,-1.1327011287567714,-0.7165762755773066,0.8170032963802778,-0.2776200733454644,0.0034653680366382262,0.024228423076702754,3.814697265625e-06,0.24239706993103027,5.9604644775390625e-06,6.198883056640625e-06,9.059906005859375e-06,2.09808349609375e-05,5.168914794921893e-05,0.19567184064431847,6.989570299696194,0.9520722991230569,11,32.09090909090909,0.7521865889212828,0.9698898524661926,0.2478134110787172,0.030110147533807367,0.3268104880872975,0.9397797049323853,0.2536443148688047,0.0,0.7463556851311953,2.298244788259777,0.0,0.0,2,0.48830409356725146,bulk,tunnel,ikev2,AES_GCM_16_256,PASS,0
bulk_02,25,0,353,352224.0,1.4461610317230225,243557.9387589667,244.09453183745356,997.8016997167139,497.26100247892566,116.0,1280.0,1280.0,116.0,116.0,1280.0,1280.0,1280.0,1280.0,-1.1948376602285367,-0.571809321040726,0.8010184733704513,-0.2605789615958978,0.004108412021940405,0.029847431952887644,4.76837158203125e-06,0.3810610771179199,5.9604644775390625e-06,6.139278411865234e-06,9.059906005859375e-06,2.390146255493164e-05,6.256103515625013e-05,0.21330924472388335,7.263187967896711,0.9655980186094161,11,33.0,0.7592067988668555,0.9706209684746071,0.24079320113314448,0.02937903152539293,0.3145773175275459,0.9412419369492141,0.24362606232294617,0.0,0.7563739376770539,2.329411621516255,0.0,0.0,2,0.46875,bulk,tunnel,ikev2,AES_GCM_16_256,PASS,0
bulk_02,26,0,177,181452.0,1.1035428047180176,164426.78908713962,160.39250969084782,1025.1525423728813,479.4115324111327,116.0,1280.0,1280.0,116.0,116.0,1280.0,1280.0,1280.0,1280.0,-1.349814860995095,-0.17745940310521613,0.7607859931846075,-0.21537572900845808,0.006270129572261463,0.045300152614351774,4.76837158203125e-06,0.4232289791107178,5.0067901611328125e-06,5.9604644775390625e-06,7.987022399902344e-06,2.5033950805664062e-05,7.510185241699219e-05,0.17921833563297423,7.223603354445738,0.9945341933209091,5,36.2,0.7796610169491526,0.9734805899080748,0.22033898305084745,0.026519410091925138,0.277356419218037,0.9469611798161497,0.22033898305084745,0.0,0.7796610169491526,2.4125730865768285,0.0,0.0,2,0.4147727272727273,bulk,tunnel,ikev2,AES_GCM_16_256,PASS,0
bulk_02,27,0,238,229252.0,1.0721170902252197,213831.12170317236,221.9906782290014,963.2436974789916,516.7909052713704,116.0,1280.0,1280.0,116.0,116.0,128.0,1280.0,1280.0,1280.0,-1.018811143688855,-0.9615246691885768,0.8458909094087717,-0.33287763833780465,0.004523700802638058,0.03407371245505938,4.0531158447265625e-06,0.3865029811859131,5.9604644775390625e-06,6.9141387939453125e-06,9.059906005859375e-06,2.09808349609375e-05,4.4250488281250005e-05,0.15728598432253216,7.53060013055299,0.9252078985319512,9,27.333333333333332,0.726890756302521,0.9659239614049169,0.27310924369747897,0.03407603859508314,0.3720593101086845,0.9318479228098338,0.27310924369747897,0.0,0.726890756302521,2.2442642669257404,0.0,0.0,2,0.5274261603375527,bulk,tunnel,ikev2,AES_GCM_16_256,PASS,0
bulk_02,28,0,360,348184.0,1.3283591270446777,262115.86378349116,271.0110486468557,967.1777777777778,515.1299637044741,116.0,1280.0,1280.0,116.0,116.0,128.0,1280.0,1280.0,1280.0,-1.03971907484284,-0.9184036786208902,0.8406663188962668,-0.3269440655857743,0.003700164699288796,0.022083730191859476,4.0531158447265625e-06,0.2660410404205322,5.9604644775390625e-06,6.198883056640625e-06,1.0013580322265625e-05,2.5987625122070312e-05,7.224082946777342e-05,0.2771043470272731,5.966697509057896,0.7987420717639748,20,18.95,0.7305555555555555,0.9668451163752498,0.26944444444444443,0.03315488362475013,0.36638678577856376,0.9336902327504998,0.26944444444444443,0.0,0.7305555555555555,2.2537801137304814,0.0,0.0,2,0.520891364902507,bulk,tunnel,ikev2,AES_GCM_16_256,PASS,0
bulk_02,29,0,214,212368.0,1.0409750938415527,204008.7234136311,205.57648426560053,992.373831775701,501.33847993621714,116.0,1280.0,1280.0,116.0,116.0,1280.0,1280.0,1280.0,1280.0,-1.169586332760298,-0.6314440778389279,0.807553895427769,-0.27853154887065007,0.004887207013340623,0.02552438359492208,4.0531158447265625e-06,0.28664088249206543,5.0067901611328125e-06,6.198883056640625e-06,1.1920928955078125e-05,3.790855407714844e-05,0.000117778778076172,0.378756199142485,5.221624928171485,0.8165937804471932,15,15.2,0.7523364485981309,0.9703910193626158,0.24766355140186916,0.029608980637384163,0.3249184872649178,0.9407820387252317,0.24766355140186916,0.0,0.7523364485981309,2.3165157151883387,0.0,0.0,2,0.47417840375586856,bulk,tunnel,ikev2,AES_GCM_16_256,PASS,0
bulk_02,30,0,250,231608.0,1.3429741859436035,172459.01106972288,186.15398763182066,926.432,534.9934180679236,116.0,1280.0,1280.0,116.0,116.0,116.0,1280.0,1280.0,1280.0,-0.8523189003317465,-1.2733954452022216,0.8861256474645222,-0.41668446323379627,0.005393470626279533,0.03228068056278755,4.76837158203125e-06,0.4179420471191406,5.9604644775390625e-06,8.106231689453125e-06,1.7881393432617188e-05,3.0040740966796875e-05,8.51154327392579e-05,0.26315010461527893,5.984031205125116,0.8377039512203609,16,16.5625,0.696,0.9616248143414735,0.304,0.038375185658526476,0.43347494221223765,0.923249628682947,0.304,0.0,0.696,2.173956857337852,0.0,0.0,2,0.5983935742971888,bulk,tunnel,ikev2,AES_GCM_16_256,PASS,0
bulk_02,31,0,394,355468.0,1.4564878940582275,244058.3278790981,270.51374859161626,902.2030456852792,544.6373351072751,116.0,1280.0,1280.0,116.0,116.0,116.0,1280.0,1280.0,1280.0,-0.7480698612799099,-1.4401411408478857,0.9096022564022737,-0.4692425502091871,0.0037060760663059225,0.017770904337464713,4.76837158203125e-06,0.20099306106567383,6.9141387939453125e-06,8.821487426757812e-06,1.8835067749023438e-05,3.218650817871094e-05,9.369850158691413e-05,0.46281179894049884,4.793779253408551,0.7358020269594479,25,16.72,0.6751269035532995,0.957835867082269,0.3248730964467005,0.04216413291773099,0.4791886697982704,0.9156717341645381,0.3248730964467005,0.0,0.6751269035532995,2.135193740287763,0.0,0.0,2,0.6437659033078881,bulk,tunnel,ikev2,AES_GCM_16_256,PASS,0
bulk_02,32,0,473,439232.0,1.408400058746338,311865.93416573305,335.84207630680766,928.6088794926004,533.8266195214867,116.0,1280.0,1280.0,116.0,116.0,116.0,1280.0,1280.0,1280.0,-0.8611268807420103,-1.2580547022707762,0.8841151220488479,-0.393595195884188,0.002983898429547326,0.012917735632841277,5.0067901611328125e-06,0.15198898315429688,6.198883056640625e-06,8.106231689453125e-06,2.193450927734375e-05,4.696846008300781e-05,0.0019098043441772758,0.45027251737934487,4.327696884078,0.4952825828836323,36,14.11111111111111,0.6997885835095138,0.9619426635582107,0.30021141649048627,0.038057336441789304,0.42722351733263275,0.9238853271164214,0.3023255813953488,0.0,0.6976744186046512,2.177286860596608,0.0,0.0,2,0.5911016949152542,bulk,tunnel,ikev2,AES_GCM_16_256,PASS,0
bulk_02,33,0,506,484964.0,1.3705880641937256,353836.4390217343,369.18459544419284,958.4268774703557,519.9677927743803,116.0,1280.0,1280.0,116.0,116.0,116.0,1280.0,1280.0,1280.0,-0.9987000575153331,-1.0021770507189185,0.8508873233420278,-0.3238058245650386,0.002714035770680645,0.011691323717876932,5.0067901611328125e-06,0.0938878059387207,5.9604644775390625e-06,7.867813110351562e-06,1.8835067749023438e-05,4.291534423828125e-05,0.0010077953338623062,0.47413283022634717,4.306139846896374,0.48693200488530985,35,15.428571428571429,0.7272727272727273,0.9664882341782071,0.2727272727272727,0.03351176582179296,0.37328696200022693,0.9329764683564141,0.2766798418972332,0.0,0.7233201581027668,2.2352482916359704,0.0,0.0,2,0.5366336633663367,bulk,tunnel,ikev2,AES_GCM_16_256,PASS,0
bulk_02,34,0,434,410196.0,1.3336899280548096,307564.74302709324,325.4129695895583,945.1520737327189,526.4859243004347,116.0,1280.0,1280.0,116.0,116.0,116.0,1280.0,1280.0,1280.0,-0.9364531328555677,-1.122749127551976,0.866147750404819,-0.3487418498196043,0.003080115307285934,0.01520490660632654,5.0067901611328125e-06,0.12456798553466797,5.9604644775390625e-06,7.152557373046875e-06,1.4066696166992188e-05,2.8133392333984375e-05,8.664131164550782e-05,0.39683998793559816,4.934871009329444,0.7854815449898023,21,21.61904761904762,0.7142857142857143,0.9645047733278725,0.2857142857142857,0.03549522667212747,0.39800759793602564,0.9290095466557451,0.2880184331797235,0.0,0.7119815668202765,2.2082109402310772,0.0,0.0,2,0.5565819861431871,bulk,tunnel,ikev2,AES_GCM_16_256,PASS,0
bulk_02,35,0,372,350624.0,1.3381590843200684,262019.66874376187,277.99385316658135,942.5376344086021,527.6338857587291,116.0,1280.0,1280.0,116.0,116.0,116.0,1280.0,1280.0,1280.0,-0.9241246437900348,-1.1456408306021988,0.869137580612638,-0.3414128595825516,0.0036068978014018017,0.018690765803607245,5.0067901611328125e-06,0.1919717788696289,5.9604644775390625e-06,7.152557373046875e-06,1.5020370483398438e-05,2.7894973754882812e-05,9.107589721679688e-05,0.408229881286427,5.180514203131028,0.8214483863760516,19,20.526315789473685,0.7150537634408602,0.9644291320616957,0.2849462365591398,0.03557086793830428,0.39619857256728236,0.9288582641233915,0.2903225806451613,0.0,0.7096774193548387,2.2029865399358024,0.0,0.0,2,0.5525606469002695,bulk,tunnel,ikev2,AES_GCM_16_256,PASS,0
bulk_02,36,0,308,302580.0,1.482447862625122,204108.35863339616,207.76447372293612,982.4025974025974,506.7050618787158,116.0,1280.0,1280.0,116.0,116.0,152.0,1280.0,1280.0,1280.0,-1.1155566747045937,-0.7550419368110748,0.8214087920579166,-0.24222387247922697,0.004828820399430365,0.026225700250027656,5.0067901611328125e-06,0.2174830436706543,6.198883056640625e-06,7.867813110351562e-06,1.2874603271484375e-05,3.0040740966796875e-05,8.649826049804701e-05,0.37460768939606026,5.4299535140314426,0.9192112948602544,14,22.928571428571427,0.7532467532467533,0.9698856500760129,0.24675324675324675,0.030114349923987045,0.324648142767942,0.9397713001520259,0.2564935064935065,0.0,0.7435064935064936,2.2897997848237024,0.0,0.0,2,0.48534201954397393,bulk,tunnel,ikev2,AES_GCM_16_256,PASS,0
bulk_02,37,0,368,365412.0,1.4412579536437988,253536.8488868788,255.3325024639897,992.9673913043479,500.8060231763556,116.0,1280.0,1280.0,116.0,116.0,1280.0,1280.0,1280.0,1280.0,-1.1718256974139967,-0.6263857668630473,0.8069426836284626,-0.2405575669342037,0.003927133388675202,0.02164419032218124,4.0531158447265625e-06,0.2174830436706543,5.9604644775390625e-06,7.867813110351562e-06,1.1920928955078125e-05,3.0517578125e-05,7.796287536621094e-05,0.319275586005662,5.510044639670686,0.8000548876655604,19,20.263157894736842,0.7608695652173914,0.9712543649360175,0.2391304347826087,0.028745635063982575,0.3118019644894965,0.9425087298720348,0.24728260869565216,0.0,0.7527173913043478,2.3177581256064923,0.0,0.0,2,0.4768392370572207,bulk,tunnel,ikev2,AES_GCM_16_256,PASS,0
bulk_02,38,0,439,415464.0,1.4184610843658447,292897.70764895016,309.49033768964125,946.3872437357631,525.8357534096832,116.0,1280.0,1280.0,116.0,116.0,116.0,1280.0,1280.0,1280.0,-0.9419420322662322,-1.1123273528785664,0.8648352856836521,-0.33571189973931104,0.0032384956264060382,0.01620749525859508,4.0531158447265625e-06,0.13452410697937012,5.9604644775390625e-06,7.867813110351562e-06,1.4066696166992188e-05,2.8133392333984375e-05,7.994174957275391e-05,0.3973847133974243,5.003092187093336,0.7386904384719479,23,20.0,0.7198177676537585,0.965157029249225,0.28018223234624146,0.03484297075077504,0.3872546084268044,0.93031405849845,0.2870159453302961,0.0,0.7129840546697038,2.210479558887686,0.0,0.0,2,0.5593607305936074,bulk,tunnel,ikev2,AES_GCM_16_256,PASS,0
bulk_02,39,0,417,374432.0,1.3862850666046143,270097.4056635299,300.8039327880415,897.9184652278177,546.2445610259219,116.0,1280.0,1280.0,116.0,116.0,116.0,1280.0,1280.0,1280.0,-0.7303000493722914,-1.4664277677715363,0.9134248201828343,-0.4562497725479459,0.003332416025491861,0.018098313439984283,5.0067901611328125e-06,0.16825604438781738,6.556510925292969e-06,8.106231689453125e-06,1.71661376953125e-05,2.7179718017578125e-05,7.796287536621094e-05,0.3385117712215158,5.429359342362252,0.8745837347005357,18,24.11111111111111,0.6738609112709832,0.9574929493205709,0.3261390887290168,0.04250705067942911,0.4820820617524719,0.9149858986411418,0.328537170263789,0.0,0.6714628297362111,2.1290428571318327,0.0,0.0,2,0.6466346153846154,bulk,tunnel,ikev2,AES_GCM_16_256,PASS,0
bulk_02,40,0,391,367960.0,1.4887731075286865,247156.5332146557,262.6323635366083,941.0741687979539,528.3339563524672,116.0,1280.0,1280.0,116.0,116.0,116.0,1280.0,1280.0,1280.0,-0.9175079600506834,-1.1578446808833565,0.8707280156950614,-0.3251206685655535,0.0038173669423812477,0.021856032520072628,5.0067901611328125e-06,0.2106151580810547,5.9604644775390625e-06,7.152557373046875e-06,1.3828277587890625e-05,2.771615982055664e-05,8.585453033447266e-05,0.3251888182749476,5.723921469538638,0.894295610748055,14,28.714285714285715,0.7161125319693095,0.9645287531253397,0.28388746803069054,0.03547124687466029,0.3942225927728161,0.9290575062506794,0.2915601023017903,0.0,0.7084398976982097,2.2002298061135224,0.0,0.0,2,0.5615384615384615,bulk,tunnel,ikev2,AES_GCM_16_256,PASS,0
bulk_02,41,0,371,367968.0,1.3485119342803955,272869.6651812416,275.1180694577807,991.8274932614555,501.8567061720256,116.0,1280.0,1280.0,116.0,116.0,1280.0,1280.0,1280.0,1280.0,-1.1674960533501804,-0.6365231642490694,0.808058271613826,-0.21418150257867957,0.003644626849406474,0.02256812910643101,5.0067901611328125e-06,0.2507948875427246,5.9604644775390625e-06,6.9141387939453125e-06,1.0013580322265625e-05,2.8789043426513672e-05,9.496212005615258e-05,0.2902840327849505,6.190466012753118,0.8202231974185605,14,27.285714285714285,0.7628032345013477,0.9717801547960693,0.2371967654986523,0.028219845203930775,0.30849782522045643,0.9435603095921384,0.24797843665768193,0.0,0.7520215633423181,2.3155751812702667,0.0,0.0,2,0.47297297297297297,bulk,tunnel,ikev2,AES_GCM_16_256,PASS,0
bulk_02,42,0,323,315804.0,1.3833520412445068,228288.96086052892,233.49081822253942,977.7213622291022,509.89977441270946,116.0,1280.0,1280.0,116.0,116.0,134.0,1280.0,1280.0,1280.0,-1.0942146032521876,-0.8023010942779805,0.826839795496356,-0.30242930527570266,0.004296124351691015,0.025247114320816624,4.76837158203125e-06,0.29177308082580566,5.9604644775390625e-06,7.152557373046875e-06,1.3470649719238281e-05,3.409385681152344e-05,0.00010800361633300781,0.31739683731593016,5.875351107975574,0.8243764131495662,17,19.88235294117647,0.7430340557275542,0.969069422806551,0.25696594427244585,0.0309305771934491,0.3430485798362781,0.9381388456131018,0.26006191950464397,0.0,0.739938080495356,2.2795328981597462,0.0,0.0,2,0.5062111801242236,bulk,tunnel,ikev2,AES_GCM_16_256,PASS,0
bulk_02,43,0,283,264748.0,1.4620919227600098,181074.79829327817,193.55828152430885,935.5053003533569,530.2600027030193,116.0,1280.0,1280.0,116.0,116.0,128.0,1280.0,1280.0,1280.0,-0.889757101816937,-1.2079352493689572,0.8773686209180944,-0.37050462281506236,0.005184723130354644,0.028227913535004485,4.76837158203125e-06,0.29177308082580566,5.984306335449219e-06,8.106231689453125e-06,1.704692840576172e-05,3.910064697265625e-05,0.00012836456298828133,0.3635477495542237,5.443390020144407,0.8340841470092416,18,16.61111111111111,0.7031802120141343,0.9621224711801412,0.2968197879858657,0.03787752881985888,0.4191669607844937,0.9242449423602822,0.2968197879858657,0.0,0.7031802120141343,2.188773469269823,0.0,0.0,2,0.5709219858156028,bulk,tunnel,ikev2,AES_GCM_16_256,PASS,0
bulk_02,44,0,303,270860.0,1.2148540019989014,222956.8323060477,249.41268621698464,893.927392739274,546.0194341330333,116.0,1280.0,1280.0,116.0,116.0,128.0,1280.0,1280.0,1280.0,-0.7074531972990917,-1.4990390568932765,0.9182958340544896,-0.44030639894596413,0.004022695370857289,0.021960813515234018,5.0067901611328125e-06,0.2807610034942627,6.9141387939453125e-06,9.059906005859375e-06,2.0503997802734375e-05,4.172325134277344e-05,0.00169391632080081,0.29367460756800096,5.45787180468263,0.6435255100268533,23,14.130434782608695,0.6666666666666666,0.9545890866130105,0.3333333333333333,0.04541091338698959,0.4974538154475477,0.9091781732260208,0.3333333333333333,0.0,0.6666666666666666,2.1212025216816044,0.0,0.0,2,0.6390728476821192,bulk,tunnel,ikev2,AES_GCM_16_256,PASS,0
bulk_02,45,0,157,138508.0,0.49138593673706055,281872.12869731616,319.504463319654,882.2165605095541,549.4220972982747,116.0,1280.0,1280.0,116.0,116.0,128.0,1280.0,1280.0,1280.0,-0.6575594736697054,-1.5668943367630777,0.9285476315878131,-0.46658465537066474,0.003149909850878593,0.015202515340497942,5.0067901611328125e-06,0.1505908966064453,7.867813110351562e-06,9.059906005859375e-06,2.205371856689453e-05,4.3451786041259766e-05,0.0018326044082641602,0.43699302212541785,4.824801742981921,0.4829700993002501,13,13.0,0.6560509554140127,0.9518583764114709,0.34394904458598724,0.048141623588529185,0.5195296144522855,0.9037167528229416,0.34394904458598724,0.0,0.6560509554140127,2.1049726670183992,0.0,0.0,2,0.6602564102564102,bulk,tunnel,ikev2,AES_GCM_16_256,PASS,0
bulk_03,-1,1,5001,4825056.0,34.323307037353516,140576.66397789022,145.70274346109744,964.8182363527294,515.6520909873061,116.0,1280.0,1280.0,116.0,116.0,144.0,1280.0,1280.0,1280.0,-1.0262420374952828,-0.944613187998534,0.8652671164093493,-0.25796749064063873,0.006864661407470703,0.05701844631749066,9.5367431640625e-07,3.177802085876465,5.9604644775390625e-06,7.152557373046875e-06,1.1920928955078125e-05,3.0040740966796875e-05,9.393692016601562e-05,0.03220923746829875,8.304873038954035,0.9003135708005502,263,19.9467680608365,0.734253149370126,0.9662718940464111,0.265746850629874,0.03372810595358893,0.364298757051076,0.9325437880928221,0.2705458908218356,0.0015996800639872025,0.7278544291141772,2.249452091418631,0.0,0.0,2,0.5032,bulk,tunnel,ikev2,AES_GCM_16_256,PASS,0
bulk_03,0,0,22,8168.0,1.3107669353485107,6231.466311612649,16.78406695096453,371.27272727272725,435.26315778954415,116.0,1280.0,140.0,116.0,116.0,116.0,410.0,1275.6000000000001,1280.0,1.4757805735456375,0.3684622833674487,1.0957952550009336,-0.14610164161016723,0.06241747311183384,0.10903134012830085,1.7881393432617188e-05,0.3767240047454834,3.0994415283203125e-05,5.602836608886719e-05,0.00016999244689941406,0.04121088981628418,0.24098610877990723,1.4112050925821995,1.746779994649208,0.9395149474649198,6,4.166666666666667,0.5909090909090909,0.5416258570029383,0.4090909090909091,0.4583741429970617,0.8168812109285664,0.0832517140058766,0.7272727272727273,0.09090909090909091,0.18181818181818182,2.6099152973799797,0.0,0.0,2,0.5714285714285714,bulk,tunnel,ikev2,AES_GCM_16_256,PASS,0
bulk_03,1,0,18,6444.0,1.0790929794311523,5971.681887317048,16.680675662896782,358.0,416.95883090140524,116.0,1280.0,158.0,116.0,116.0,116.0,335.0,1249.2,1280.0,1.6093033533515282,0.8111490405480133,1.2332247882202196,-0.2859453852919468,0.0634760576135972,0.11471120436689489,1.7881393432617188e-05,0.4274311065673828,2.9850006103515626e-05,5.602836608886719e-05,0.00010704994201660156,0.04143095016479492,0.20621399879455568,1.2577148214953864,1.8071285702178324,0.8896630258123871,5,3.6,0.5,0.3792675356921167,0.5,0.6207324643078833,1.0001214174428301,-0.2414649286157666,0.7222222222222222,0.1111111111111111,0.16666666666666666,2.704811029685186,0.0,0.0,2,0.6470588235294118,bulk,tunnel,ikev2,AES_GCM_16_256,PASS,0
bulk_03,2,0,5,956.0,0.14688491821289062,6508.496662771068,34.040254512400985,191.2,97.95999183340105,116.0,380.0,160.0,116.0,116.0,116.0,184.0,301.6,340.79999999999995,1.2443296036041624,-0.09944516688895089,1.9219280948873623,-0.3519749706687525,0.036721229553222656,0.0430327174380828,6.389617919921875e-05,0.10528302192687988,7.68423080444336e-05,9.626150131225586e-05,0.02076900005340576,0.05739396810531616,0.08612740039825441,1.5,1.171843811272792,0.716772172445137,1,3.0,0.4,0.3138075313807531,0.6,0.6861924686192469,2.782468831441809,-0.3723849372384937,0.8,0.2,0.0,0.0,0.0,0.0,2,0.75,bulk,tunnel,ikev2,AES_GCM_16_256,PASS,0
bulk_03,6,0,7,1728.0,0.931190013885498,1855.690003364319,7.517262745110088,246.85714285714286,210.35713073005056,116.0,744.0,144.0,116.0,116.0,116.0,246.0,456.00000000000017,599.9999999999997,1.765811487580204,1.5288993660190213,1.3787834934861753,-0.14283148904891865,0.155198335647583,0.2056308713437293,7.700920104980469e-05,0.46172499656677246,7.903575897216797e-05,0.00014603137969970703,0.02054297924041748,0.33135199546813965,0.4449729919433594,0.9182958340544896,1.324946852934107,0.955708255690282,2,3.5,0.5714285714285714,0.41898148148148145,0.42857142857142855,0.5810185185185185,1.3430515238330076,-0.16203703703703703,0.7142857142857143,0.2857142857142857,0.0,0.0,0.0,0.0,2,0.6666666666666666,bulk,tunnel,ikev2,AES_GCM_16_256,PASS,0
bulk_03,7,0,29,16832.0,1.24708890914917,13497.032871123585,23.25415596854705,580.4137931034483,521.3609192158656,116.0,1280.0,200.0,116.0,116.0,160.0,1280.0,1280.0,1280.0,0.53104110622698,-1.6346304885289618,1.6227175508861444,0.8617633212283512,0.04453888961247036,0.09520826860723859,6.9141387939453125e-06,0.46172499656677246,7.081031799316406e-06,8.106231689453125e-06,0.0003739595413208008,0.05600625276565552,0.11666445732116701,1.1559739978306767,2.1375955224770475,0.9590117518405864,8,4.25,0.6551724137931034,0.8524239543726235,0.3448275862068966,0.14757604562737642,0.5006628100129571,0.7048479087452472,0.5862068965517241,0.06896551724137931,0.3448275862068966,2.1373925024502194,0.0,0.0,2,0.5357142857142857,bulk,tunnel,ikev2,AES_GCM_16_256,PASS,0
bulk_03,8,0,88,92748.0,1.0764310359954834,86162.51008986066,81.75163764078727,1053.9545454545455,447.2733531961621,116.0,1280.0,1280.0,116.0,165.60000000000002,1280.0,1280.0,1280.0,1280.0,-1.4866389071239186,0.23689414352629434,0.8565928551583468,0.6426620837438871,0.012372770528683717,0.0458541510605846,4.0531158447265625e-06,0.29830408096313477,5.578994750976562e-06,5.9604644775390625e-06,7.152557373046875e-06,2.7060508728027344e-05,0.0010355949401855528,0.5377222591706939,3.7057541154727094,0.9898581999650489,8,11.75,0.8636363636363636,0.9777892784750075,0.13636363636363635,0.02221072152499245,0.14670920012596197,0.9555785569500151,0.19318181818181818,0.011363636363636364,0.7954545454545454,2.509848177124245,0.0,0.0,2,0.21839080459770116,bulk,tunnel,ikev2,AES_GCM_16_256,PASS,0
bulk_03,9,0,100,107192.0,1.2555460929870605,85374.80272427139,79.64661796054872,1071.92,444.1271817846776,116.0,1280.0,1280.0,116.0,128.0,1280.0,1280.0,1280.0,1280.0,-1.6659677343397254,0.775647685578079,0.6800770457282799,0.28794875740539294,0.012682283767546066,0.06568150220909412,4.0531158447265625e-06,0.4955310821533203,5.769729614257813e-06,5.9604644775390625e-06,7.152557373046875e-06,2.193450927734375e-05,7.576942443847662e-05,0.3249497231963769,5.178588085930844,0.9974729128078962,3,33.333333333333336,0.82,0.9791775505634749,0.18,0.020822449436525114,0.16462019750558857,0.9583551011269498,0.18,0.0,0.82,2.6028579681301154,0.0,0.0,2,0.20202020202020202,bulk,tunnel,ikev2,AES_GCM_16_256,PASS,0
bulk_03,10,0,183,168156.0,1.2321019172668457,136478.96951010195,148.52667416178227,918.8852459016393,536.9138923655296,116.0,1280.0,1280.0,116.0,116.0,128.0,1280.0,1280.0,1280.0,-0.814362425616135,-1.3365708221590789,0.8948692308065574,-0.05195132592896814,0.006769790754213438,0.036208667259446235,4.76837158203125e-06,0.2932288646697998,5.9604644775390625e-06,6.020069122314453e-06,1.0967254638671875e-05,2.4974346160888672e-05,8.962154388427737e-05,0.37003547383782415,5.347775256075328,0.9462828548263191,7,26.714285714285715,0.6939890710382514,0.9597992340445777,0.30601092896174864,0.040200765955422345,0.5152635296747983,0.9195984680891554,0.3114754098360656,0.0,0.6885245901639344,2.159319056453369,0.0,0.0,2,0.46153846153846156,bulk,tunnel,ikev2,AES_GCM_16_256,PASS,0
bulk_03,11,0,296,269032.0,1.4231579303741455,189038.7526627294,207.98816047224088,908.8918918918919,540.0975529392957,116.0,1280.0,1280.0,116.0,116.0,116.0,1280.0,1280.0,1280.0,-0.7701674947156174,-1.403441874107618,0.9594426921153971,0.05617156847500302,0.004824264170759815,0.025189918783907816,4.76837158203125e-06,0.2932288646697998,5.9604644775390625e-06,6.9141387939453125e-06,1.1920928955078125e-05,3.802776336669922e-05,0.0009837150573730542,0.3388998514183098,5.220422735931007,0.7216142915992996,17,18.11764705882353,0.6959459459459459,0.9600047577983288,0.30405405405405406,0.03999524220167118,0.4145232946761854,0.9200095155966577,0.3141891891891892,0.006756756756756757,0.6790540540540541,2.148795364802243,0.0,0.0,2,0.41694915254237286,bulk,tunnel,ikev2,AES_GCM_16_256,PASS,0
bulk_03,12,0,213,191832.0,1.4441041946411133,132838.06023960328,147.49628232534457,900.6197183098592,542.6374739693059,116.0,1280.0,1280.0,116.0,116.0,128.0,1280.0,1280.0,1280.0,-0.7337387393607502,-1.457127873631656,0.9844322757923509,0.04771510068710766,0.006811812238873176,0.03360830893394052,5.0067901611328125e-06,0.3676750659942627,6.9141387939453125e-06,7.867813110351562e-06,1.2993812561035156e-05,7.039308547973633e-05,0.0031495094299316415,0.41460572621721725,4.933103651701292,0.7097309696596276,16,14.0625,0.6901408450704225,0.9587347262187748,0.30985915492957744,0.041265273781225235,0.44518139781478006,0.9174694524375495,0.3192488262910798,0.009389671361502348,0.6713615023474179,2.1380323049224894,0.0,0.0,2,0.419811320754717,bulk,tunnel,ikev2,AES_GCM_16_256,PASS,0
bulk_03,13,0,270,246792.0,1.419964075088501,173801.58014534164,190.1456556097533,914.0444444444445,539.8999889096974,116.0,1280.0,1280.0,116.0,116.0,116.0,1280.0,1280.0,1280.0,-0.7975776692414751,-1.3636955815113234,0.898653375690748,-0.4412070533415829,0.005278676859065059,0.028802414787342343,3.814697265625e-06,0.3676750659942627,6.9141387939453125e-06,8.106231689453125e-06,1.6927719116210938e-05,3.910064697265625e-05,0.00011096000671386728,0.3572637920035991,5.455336672336185,0.8409037904643923,18,15.944444444444445,0.6851851851851852,0.9595124639372427,0.3148148148148148,0.040487536062757304,0.45647641483067897,0.9190249278744854,0.3148148148148148,0.0,0.6851851851851852,2.1530784611428717,0.0,0.0,2,0.620817843866171,bulk,tunnel,ikev2,AES_GCM_16_256,PASS,0
bulk_03,14,0,312,285428.0,1.3217520713806152,215946.70148832124,236.05032044633404,914.8333333333334,539.6370317800439,116.0,1280.0,1280.0,116.0,116.0,116.0,1280.0,1280.0,1280.0,-0.8012520751135752,-1.35766910761763,0.8978525399739925,-0.41304362353033564,0.00425000666038783,0.018832839073032223,3.814697265625e-06,0.14726805686950684,6.9141387939453125e-06,8.940696716308594e-06,1.5974044799804688e-05,3.528594970703125e-05,0.00010085105895996094,0.5221915409824536,4.430206908053646,0.7762862497587408,20,16.5,0.6891025641025641,0.9600880081842006,0.3108974358974359,0.03991199181579943,0.44848819613808105,0.9201760163684012,0.3141025641025641,0.0,0.6858974358974359,2.1543580936115445,0.0,0.0,2,0.6141479099678456,bulk,tunnel,ikev2,AES_GCM_16_256,PASS,0
bulk_03,15,0,206,195156.0,1.4297330379486084,136498.2096797674,144.0828424134133,947.3592233009708,525.0912607572789,116.0,1280.0,1280.0,116.0,116.0,116.0,1280.0,1280.0,1280.0,-0.9453215864266802,-1.1058183682825091,0.8640356019245087,-0.30578946824756925,0.006974307502188333,0.036119140915469444,5.9604644775390625e-06,0.29361796379089355,6.198883056640625e-06,8.106231689453125e-06,1.2874603271484375e-05,2.7894973754882812e-05,7.295608520507812e-05,0.3698062973270031,5.178143172059144,0.9040994808008025,11,19.545454545454547,0.7233009708737864,0.9654020373444834,0.2766990291262136,0.03459796265551661,0.3783564281440539,0.9308040746889668,0.28640776699029125,0.0,0.7135922330097088,2.2118511456847707,0.0,0.0,2,0.551219512195122,bulk,tunnel,ikev2,AES_GCM_16_256,PASS,0
bulk_03,16,0,176,173020.0,1.1747589111328125,147281.2833002117,149.8179739962852,983.0681818181819,506.6452451589265,116.0,1280.0,1280.0,116.0,116.0,152.0,1280.0,1280.0,1280.0,-1.1203770031544553,-0.744345712536056,0.8201600133177441,-0.2819507791818926,0.006712908063616072,0.038165233375430034,5.0067901611328125e-06,0.33056092262268066,5.9604644775390625e-06,7.510185241699219e-06,1.0967254638671875e-05,2.6941299438476562e-05,7.162094116210937e-05,0.33172924310757607,5.684503423908141,0.9970775045785761,8,22.875,0.75,0.9698763148768929,0.25,0.030123685123107154,0.3282280628899404,0.9397526297537857,0.2556818181818182,0.0,0.7443181818181818,2.2922021305993314,0.0,0.0,2,0.49714285714285716,bulk,tunnel,ikev2,AES_GCM_16_256,PASS,0
bulk_03,17,0,171,173588.0,1.314655065536499,132040.7189312128,130.07214172199338,1015.1345029239766,487.31550058831687,116.0,1280.0,1280.0,116.0,116.0,1280.0,1280.0,1280.0,1280.0,-1.2966558910989578,-0.317968592996118,0.7746319868686842,-0.26094930135979333,0.007733265091391171,0.05187503404738618,5.0067901611328125e-06,0.4598839282989502,5.9604644775390625e-06,7.152557373046875e-06,9.059906005859375e-06,2.866983413696289e-05,7.82489776611328e-05,0.24796055172264525,6.707170420771724,0.980797825487304,7,25.285714285714285,0.7719298245614035,0.9733391709104317,0.22807017543859648,0.026660829089568402,0.2900650577245208,0.9466783418208632,0.22807017543859648,0.0,0.7719298245614035,2.3831240912715894,0.0,0.0,2,0.4411764705882353,bulk,tunnel,ikev2,AES_GCM_16_256,PASS,0
bulk_03,18,0,198,196508.0,1.199497938156128,163825.20865527517,165.0690623981949,992.4646464646464,501.4310291884177,116.0,1280.0,1280.0,116.0,116.0,1280.0,1280.0,1280.0,1280.0,-1.1707162148327384,-0.6288677091600876,0.8072511053800779,-0.3006977763027132,0.006088822021097096,0.043885453443814476,5.0067901611328125e-06,0.4598839282989502,5.9604644775390625e-06,7.867813110351562e-06,9.059906005859375e-06,2.5033950805664062e-05,7.381439208984376e-05,0.18375634639678473,7.2063605950684915,0.97762141131718,6,33.833333333333336,0.7525252525252525,0.9705457284181814,0.2474747474747475,0.029454271581818552,0.32429400539685954,0.9410914568363629,0.2474747474747475,0.0,0.7525252525252525,2.3171233135087617,0.0,0.0,2,0.48223350253807107,bulk,tunnel,ikev2,AES_GCM_16_256,PASS,0
bulk_03,19,0,201,192300.0,1.3574531078338623,141662.35201071526,148.0714131781267,956.7164179104477,520.2203553194176,116.0,1280.0,1280.0,116.0,116.0,128.0,1280.0,1280.0,1280.0,-0.9878788902724858,-1.0237925981187856,0.8535457524356882,-0.3594638932674057,0.006787265539169311,0.03487102902679057,5.0067901611328125e-06,0.2924339771270752,5.9604644775390625e-06,7.152557373046875e-06,1.3589859008789062e-05,3.0517578125e-05,7.719993591308593e-05,0.429488896513627,5.136957124847208,0.8411060475051597,12,17.666666666666668,0.7213930348258707,0.9651586063442538,0.27860696517412936,0.034841393655746226,0.3819180348259976,0.9303172126885075,0.27860696517412936,0.0,0.7213930348258707,2.2305107992930617,0.0,0.0,2,0.545,bulk,tunnel,ikev2,AES_GCM_16_256,PASS,0
bulk_03,20,0,193,184420.0,1.2339389324188232,149456.34273690637,156.40968521973176,955.5440414507772,520.5867946410581,116.0,1280.0,1280.0,116.0,116.0,128.0,1280.0,1280.0,1280.0,-0.9815058899696552,-1.0360787277453052,0.8551682588981591,-0.36064725467675673,0.006426765273014705,0.03139215968407408,5.0067901611328125e-06,0.2527329921722412,5.984306335449219e-06,7.152557373046875e-06,1.4066696166992188e-05,3.129243850708008e-05,7.872581481933595e-05,0.43349507344773436,4.8838372825880665,0.7893997022518532,14,14.714285714285714,0.7202072538860104,0.9647543650363302,0.27979274611398963,0.035245634963669885,0.3840477080828174,0.9295087300726602,0.27979274611398963,0.0,0.7202072538860104,2.227543263278039,0.0,0.0,2,0.546875,bulk,tunnel,ikev2,AES_GCM_16_256,PASS,0
bulk_03,21,0,251,244560.0,1.1033589839935303,221650.4361208283,227.48715843280957,974.3426294820717,511.7617042800173,116.0,1280.0,1280.0,116.0,116.0,116.0,1280.0,1280.0,1280.0,-1.0772225200697494,-0.8391838339210222,0.831162748878359,-0.35497323252537205,0.004413435935974121,0.02708797835545751,5.0067901611328125e-06,0.22714614868164062,5.9604644775390625e-06,7.152557373046875e-06,1.0013580322265625e-05,2.378225326538086e-05,7.750988006591795e-05,0.27330512097162574,6.136226405442234,0.8773708501816081,12,21.833333333333332,0.7370517928286853,0.9682695453058554,0.26294820717131473,0.03173045469414459,0.353227617075372,0.9365390906117108,0.26294820717131473,0.0,0.7370517928286853,2.271416970024074,0.0,0.0,2,0.524,bulk,tunnel,ikev2,AES_GCM_16_256,PASS,0
bulk_03,22,0,321,314408.0,1.371150016784668,229302.40757848174,234.11005073882546,979.4641744548287,508.9368671042006,116.0,1280.0,1280.0,116.0,116.0,152.0,1280.0,1280.0,1280.0,-1.103097620500093,-0.7827770262591849,0.8245762146329408,-0.3314616381831339,0.004284843802452087,0.02592341963616929,5.0067901611328125e-06,0.27231621742248535,5.9604644775390625e-06,6.9141387939453125e-06,1.0967254638671875e-05,2.6226043701171875e-05,7.710456848144533e-05,0.31042800257999814,6.048615122496428,0.7683244015844146,16,21.0,0.7414330218068536,0.9689320882420295,0.2585669781931464,0.031067911757970534,0.345972372896704,0.937864176484059,0.2585669781931464,0.0,0.7414330218068536,2.2838063133202158,0.0,0.0,2,0.509375,bulk,tunnel,ikev2,AES_GCM_16_256,PASS,0
bulk_03,23,0,235,229936.0,1.416990041732788,162270.72401921698,165.84449648822277,978.4510638297872,509.32156872766416,116.0,1280.0,1280.0,116.0,116.0,152.0,1280.0,1280.0,1280.0,-1.0972043100278366,-0.7956059915882272,0.826103559888341,-0.3052776711637457,0.006055512998858069,0.04071175075213499,4.76837158203125e-06,0.44711804389953613,5.9604644775390625e-06,6.9141387939453125e-06,1.0967254638671875e-05,2.7894973754882812e-05,7.863044738769533e-05,0.15043860113380503,6.721978597224347,0.8262431210204051,12,20.5,0.7404255319148936,0.9686173543942662,0.25957446808510637,0.03138264560573377,0.3467897268481426,0.9372347087885324,0.25957446808510637,0.0,0.7404255319148936,2.280886902406219,0.0,0.0,2,0.5,bulk,tunnel,ikev2,AES_GCM_16_256,PASS,0
bulk_03,24,0,248,254800.0,1.1249721050262451,226494.5049406853,220.4499106173075,1027.4193548387098,478.75933574278645,116.0,1280.0,1280.0,116.0,116.0,1280.0,1280.0,1280.0,1280.0,-1.368042645395436,-0.12811461523658174,0.7560228567532863,-0.1818414386853524,0.004554542935328928,0.026333444076558896,4.0531158447265625e-06,0.30147504806518555,5.9604644775390625e-06,6.9141387939453125e-06,1.0013580322265625e-05,2.7418136596679688e-05,9.779930114746095e-05,0.2629131137409574,5.780528128126954,0.8416030603107996,14,18.571428571428573,0.7862903225806451,0.9750235478806908,0.21370967741935484,0.024976452119309264,0.2680229397491511,0.9500470957613815,0.21774193548387097,0.0,0.782258064516129,2.4229292029804266,0.0,0.0,2,0.4008097165991903,bulk,tunnel,ikev2,AES_GCM_16_256,PASS,0
bulk_03,25,0,286,290704.0,1.455009937286377,199795.1990226052,196.5622314122444,1016.4475524475524,485.9944124448098,116.0,1280.0,1280.0,116.0,116.0,1280.0,1280.0,1280.0,1280.0,-1.3019810786215735,-0.3042419146592126,0.7732266742876346,-0.19333011187542448,0.005105298025566235,0.02928542564553792,4.0531158447265625e-06,0.35152482986450195,5.9604644775390625e-06,7.152557373046875e-06,1.1920928955078125e-05,3.0040740966796875e-05,9.450912475585937e-05,0.2954710132007603,5.7351579361234934,0.8688596984246785,16,18.75,0.7797202797202797,0.9738840882822389,0.2202797202797203,0.026115911717761023,0.279257357330234,0.947768176564478,0.22727272727272727,0.0,0.7727272727272727,2.386098925574518,0.0,0.0,2,0.4245614035087719,bulk,tunnel,ikev2,AES_GCM_16_256,PASS,0
bulk_03,26,0,160,152668.0,1.4436070919036865,105754.53726725359,110.83348155972814,954.175,520.9049523425555,116.0,1280.0,1280.0,116.0,116.0,128.0,1280.0,1280.0,1280.0,-0.973537950611567,-1.0515603833612706,0.8571484374283715,-0.32740080438999103,0.009079289886186708,0.04724739596056883,5.9604644775390625e-06,0.35152482986450195,5.9604644775390625e-06,8.106231689453125e-06,1.9073486328125e-05,3.540515899658203e-05,0.00013656616210937607,0.37146797387916675,5.203291585706247,0.9939766408414172,7,23.571428571428573,0.725,0.9649435376110252,0.275,0.035056462388974766,0.3738881970653014,0.9298870752220505,0.28125,0.0,0.71875,2.223992806056334,0.0,0.0,2,0.5471698113207547,bulk,tunnel,ikev2,AES_GCM_16_256,PASS,0
bulk_03,27,0,147,148764.0,1.2051258087158203,123442.71355247352,121.9789659609422,1012.0,488.59314905770265,116.0,1280.0,1280.0,116.0,116.0,1280.0,1280.0,1280.0,1280.0,-1.274733375334542,-0.3747310035373719,0.7802576553436587,-0.2660608471268825,0.008254286361067262,0.03525931951685764,4.76837158203125e-06,0.29502105712890625,5.9604644775390625e-06,5.9604644775390625e-06,1.049041748046875e-05,4.571676254272461e-05,0.00023794174194335938,0.5278393950977596,4.271120101071725,0.9234629641060217,10,15.6,0.7687074829931972,0.9722782393589847,0.23129251700680273,0.027721760641015298,0.33263266335010316,0.9445564787179694,0.23129251700680273,0.0,0.7687074829931972,2.371514747745575,0.0,0.0,2,0.4520547945205479,bulk,tunnel,ikev2,AES_GCM_16_256,PASS,0
bulk_03,28,0,171,178244.0,1.0287699699401855,173259.3341642383,166.21791556565577,1042.3625730994152,468.47103251623736,116.0,1280.0,1280.0,116.0,116.0,1280.0,1280.0,1280.0,1280.0,-1.464460023427107,0.14547591819508687,0.7311867136980617,-0.21912627208453922,0.00605158805847168,0.025242222553900982,4.76837158203125e-06,0.1943061351776123,5.9604644775390625e-06,5.9604644775390625e-06,7.867813110351562e-06,2.574920654296875e-05,9.231567382812498e-05,0.5534666231005888,4.170484148276038,0.8480306022701412,13,14.076923076923077,0.7953216374269005,0.9766387648392092,0.2046783625730994,0.023361235160790826,0.251835181753423,0.9532775296784184,0.2046783625730994,0.0,0.7953216374269005,2.4783358330805045,0.0,0.0,2,0.3941176470588235,bulk,tunnel,ikev2,AES_GCM_16_256,PASS,0
bulk_03,29,0,203,198252.0,1.4809379577636719,133869.21373760686,137.07528997807938,976.6108374384237,510.42416561921044,116.0,1280.0,1280.0,116.0,116.0,134.0,1280.0,1280.0,1280.0,-1.088254929133662,-0.8151949245021402,0.8283773572530004,-0.30027117636144396,0.007331376028533029,0.04132115483158412,5.0067901611328125e-06,0.48250794410705566,5.9604644775390625e-06,6.9141387939453125e-06,1.3470649719238281e-05,2.8073787689208984e-05,0.00010745525360107431,0.3545272837778368,5.635438590545273,0.936765878280043,12,17.75,0.7438423645320197,0.9690494925650183,0.2561576354679803,0.03095050743498174,0.33997767269732326,0.9380989851300365,0.26108374384236455,0.0,0.7389162561576355,2.2766118678437492,0.0,0.0,2,0.5099009900990099,bulk,tunnel,ikev2,AES_GCM_16_256,PASS,0
bulk_03,30,0,239,228004.0,1.3589210510253906,167783.10986348824,175.8748235003495,953.9916317991632,522.3528199878125,116.0,1280.0,1280.0,116.0,116.0,116.0,1280.0,1280.0,1280.0,-0.9782362183021177,-1.0428737556281473,0.8559065001588589,-0.3053949985636333,0.005709752315232733,0.027652064022759767,5.0067901611328125e-06,0.2675790786743164,5.9604644775390625e-06,7.927417755126953e-06,1.5497207641601562e-05,3.600120544433594e-05,0.0001233816146850587,0.39321526701718224,4.842105294778985,0.9041599879853915,15,16.8,0.7280334728033473,0.9666146207961264,0.2719665271966527,0.03338537920387362,0.36992801880098025,0.9332292415922527,0.2803347280334728,0.0,0.7196652719665272,2.2263215711140334,0.0,0.0,2,0.542016806722689,bulk,tunnel,ikev2,AES_GCM_16_256,PASS,0
bulk_03,31,0,251,250416.0,1.3358290195465088,187461.11690627292,187.89829860501925,997.6733067729084,498.29651331700677,116.0,1280.0,1280.0,116.0,116.0,1280.0,1280.0,1280.0,1280.0,-1.1986268171049035,-0.5627452842245244,0.8000393978781977,-0.2554978284116802,0.005343316078186035,0.02918552267113478,5.0067901611328125e-06,0.2932729721069336,5.9604644775390625e-06,7.867813110351562e-06,1.0013580322265625e-05,3.0994415283203125e-05,7.815361022949218e-05,0.32716931287790935,5.461039774623681,0.8833187901992424,16,16.625,0.7609561752988048,0.9716471790939876,0.23904382470119523,0.028352820906012394,0.3105109934583716,0.9432943581879752,0.24302788844621515,0.0,0.7569721115537849,2.3313526458095164,0.0,0.0,2,0.468,bulk,tunnel,ikev2,AES_GCM_16_256,PASS,0
bulk_03,32,0,226,228856.0,1.3806250095367432,165762.60636969822,163.69397804537263,1012.637168141593,489.09917306861735,116.0,1280.0,1280.0,116.0,116.0,1280.0,1280.0,1280.0,1280.0,-1.2829414265785093,-0.35352222189268856,0.7781655393133492,-0.27299432885141584,0.006136111153496636,0.036621925538678955,5.0067901611328125e-06,0.31374597549438477,6.9141387939453125e-06,7.867813110351562e-06,1.0013580322265625e-05,2.8848648071289062e-05,5.812644958496093e-05,0.27150783591652383,5.967290574134951,0.9661963254915891,11,21.454545454545453,0.7699115044247787,0.9731883804663194,0.23008849557522124,0.026811619533680567,0.2947780929489894,0.9463767609326389,0.23008849557522124,0.0,0.7699115044247787,2.3757962397515993,0.0,0.0,2,0.4488888888888889,bulk,tunnel,ikev2,AES_GCM_16_256,PASS,0
bulk_03,33,0,202,198068.0,1.200387954711914,165003.32181984876,168.27892949698816,980.5346534653465,508.62278742526496,116.0,1280.0,1280.0,116.0,116.0,125.0,1280.0,1280.0,1280.0,-1.1097132863852992,-0.7684166482811379,0.8228368841492257,-0.31912869652715187,0.005972079376676189,0.030151327588982178,5.0067901611328125e-06,0.31374597549438477,5.9604644775390625e-06,7.867813110351562e-06,1.1920928955078125e-05,2.9087066650390625e-05,7.891654968261719e-05,0.42825397681471455,5.0478698988528,0.8877179037386251,12,17.75,0.7425742574257426,0.9693640567885776,0.25742574257425743,0.03063594321142234,0.34232417925701464,0.9387281135771554,0.25742574257425743,0.0,0.7425742574257426,2.287171747307737,0.0,0.0,2,0.5024875621890548,bulk,tunnel,ikev2,AES_GCM_16_256,PASS,0
bulk_03,34,0,204,198368.0,1.3793771266937256,143809.83718026034,147.8928394941377,972.3921568627451,512.7070821583685,116.0,1280.0,1280.0,116.0,116.0,116.0,1280.0,1280.0,1280.0,-1.0670173720825546,-0.8609787387966428,0.833764907210665,-0.3091544624743039,0.006794961215240028,0.031880347409122045,5.0067901611328125e-06,0.29678797721862793,5.9604644775390625e-06,7.152557373046875e-06,1.2874603271484375e-05,3.445148468017578e-05,0.00011296272277832037,0.476720615929866,4.691072594356479,0.8876057444723705,14,15.5,0.7352941176470589,0.9678980480722698,0.2647058823529412,0.03210195192773028,0.3556969940894746,0.9357960961445394,0.2647058823529412,0.0,0.7352941176470589,2.2665457370250786,0.0,0.0,2,0.5073891625615764,bulk,tunnel,ikev2,AES_GCM_16_256,PASS,0
bulk_03,35,0,282,286604.0,1.2429699897766113,230579.983714256,226.8759522107863,1016.3262411347517,486.6622242552597,116.0,1280.0,1280.0,116.0,116.0,1280.0,1280.0,1280.0,1280.0,-1.3041338531441191,-0.2986972472102467,0.7726570871457086,-0.2331067803345953,0.004423380746535983,0.023482522690215567,3.814697265625e-06,0.19647502899169922,5.9604644775390625e-06,7.867813110351562e-06,1.0013580322265625e-05,3.1948089599609375e-05,8.416175842285156e-05,0.36937912082628066,5.307527546900418,0.9398182834445277,14,21.071428571428573,0.7730496453900709,0.9736081841146669,0.22695035460992907,0.026391815885333073,0.29030764290203664,0.9472163682293339,0.22695035460992907,0.0,0.7730496453900709,2.387307701773745,0.0,0.0,2,0.4306049822064057,bulk,tunnel,ikev2,AES_GCM_16_256,PASS,0
bulk_03,36,0,365,380076.0,1.1799750328063965,322105.1203905945,309.3285788699286,1041.304109589041,469.3914546030255,116.0,1280.0,1280.0,116.0,116.0,1280.0,1280.0,1280.0,1280.0,-1.4581998780841385,0.12691277939649304,0.7327525499549904,-0.10684662963651152,0.0032416896505670233,0.020703050365127776,3.814697265625e-06,0.24969005584716797,5.0067901611328125e-06,6.198883056640625e-06,8.106231689453125e-06,2.5272369384765625e-05,7.01189041137695e-05,0.25083759423885815,6.384530311591058,0.8452669071647108,15,25.266666666666666,0.7945205479452054,0.9766467759079763,0.2054794520547945,0.0233532240920237,0.25611594587847547,0.9532935518159525,0.2054794520547945,0.0,0.7945205479452054,2.4748071086374965,0.0,0.0,2,0.3598901098901099,bulk,tunnel,ikev2,AES_GCM_16_256,PASS,0
bulk_03,37,0,372,353020.0,1.3918261528015137,253637.99874677573,267.27475931618767,948.9784946236559,520.9959337445725,116.0,1280.0,1280.0,116.0,116.0,144.0,1280.0,1280.0,1280.0,-0.9390157154213522,-1.1172083270018032,0.8656458187711454,-0.282511180134196,0.0037515529725108184,0.030296018315688227,9.5367431640625e-07,0.4182260036468506,5.9604644775390625e-06,6.198883056640625e-06,9.775161743164062e-06,2.2172927856445312e-05,4.482269287109375e-05,0.15578826442378554,8.073441877468628,0.8418056159384912,13,29.53846153846154,0.7123655913978495,0.9608520763696108,0.28763440860215056,0.039147923630389214,0.4014765271272072,0.9217041527392216,0.28763440860215056,0.0,0.7123655913978495,2.208925300308187,0.0,0.0,2,0.5256064690026954,bulk,tunnel,ikev2,AES_GCM_16_256,PASS,0
bulk_03,38,0,349,323580.0,1.2842018604278564,251969.73308557045,271.76412895377985,927.163323782235,530.6863040139962,116.0,1280.0,1280.0,116.0,116.0,144.0,1280.0,1280.0,1280.0,-0.8396670293622986,-1.2939283765872727,0.8891982091168884,-0.40060753870246896,0.00369023523111453,0.0233700936993486,9.5367431640625e-07,0.29270505905151367,5.9604644775390625e-06,7.152557373046875e-06,1.3947486877441406e-05,2.384185791015625e-05,6.890296936035156e-05,0.283013003727216,6.331239337540741,0.8944738470495605,14,25.857142857142858,0.6934097421203438,0.9572903146053526,0.30659025787965616,0.04270968539464738,0.4397771461514585,0.9145806292107053,0.30659025787965616,0.0,0.6934097421203438,2.168590165422987,0.0,0.0,2,0.5948275862068966,bulk,tunnel,ikev2,AES_GCM_16_256,PASS,0
bulk_03,39,0,328,331584.0,1.4014439582824707,236601.68359951428,234.04432125989396,1010.9268292682926,489.9987252469184,116.0,1280.0,1280.0,116.0,116.0,1280.0,1280.0,1280.0,1280.0,-1.272253765565291,-0.38064199365900153,0.7809756883263415,-0.25080338193995694,0.004285761340313366,0.02663280483707939,4.76837158203125e-06,0.3232448101043701,5.9604644775390625e-06,6.198883056640625e-06,8.821487426757812e-06,2.5033950805664062e-05,7.123947143554697e-05,0.2721120852645792,6.212803261665253,0.9635059531323312,13,26.153846153846153,0.7682926829268293,0.9727851766068326,0.23170731707317074,0.02721482339316734,0.2987804032964172,0.9455703532136653,0.23170731707317074,0.0,0.7682926829268293,2.3699309291269035,0.0,0.0,2,0.4434250764525994,bulk,tunnel,ikev2,AES_GCM_16_256,PASS,0
bulk_03,40,0,417,412844.0,1.4130702018737793,292160.99770029454,295.102111308443,990.0335731414868,503.0575566947229,116.0,1280.0,1280.0,116.0,116.0,1280.0,1280.0,1280.0,1280.0,-1.1586207834441278,-0.657274404758855,0.8103265236207233,-0.294051631759097,0.0033968033698888924,0.025365092735508583,4.76837158203125e-06,0.34253621101379395,5.9604644775390625e-06,6.9141387939453125e-06,9.417533874511719e-06,2.485513687133789e-05,6.556510925292969e-05,0.22536815546779515,7.4651443813059775,0.8202829970611688,17,25.470588235294116,0.750599520383693,0.970439197372373,0.24940047961630696,0.0295608026276269,0.33009361629309086,0.9408783947447462,0.24940047961630696,0.0,0.750599520383693,2.311174551638133,0.0,0.0,2,0.4831730769230769,bulk,tunnel,ikev2,AES_GCM_16_256,PASS,0
bulk_03,41,0,522,491408.0,1.1457250118255615,428905.7102951835,455.6067072047785,941.3946360153257,528.3056860400635,116.0,1280.0,1280.0,116.0,116.0,116.0,1280.0,1280.0,1280.0,-0.9194331699074695,-1.15439014525711,0.8702505896073165,-0.40095148594871255,0.002199088314444456,0.012937412825966941,5.0067901611328125e-06,0.1424119472503662,5.9604644775390625e-06,7.152557373046875e-06,1.3113021850585938e-05,2.5033950805664062e-05,7.319450378417969e-05,0.3234329076446988,5.880406136893539,0.6971301122729928,20,27.05,0.7088122605363985,0.9637612737277375,0.29118773946360155,0.03623872627226256,0.4091477345477938,0.9275225474554749,0.29118773946360155,0.0,0.7088122605363985,2.2010781143934044,0.0,0.0,2,0.5777351247600768,bulk,tunnel,ikev2,AES_GCM_16_256,PASS,0
bulk_03,42,0,575,527924.0,1.3559551239013672,389337.3686889076,424.0553318207202,918.1286956521739,538.2616827246791,116.0,1280.0,1280.0,116.0,116.0,116.0,1280.0,1280.0,1280.0,-0.8153163375529253,-1.3349027493557009,0.8946733707329075,-0.45128802635870163,0.002362291156622591,0.013723601241745525,5.0067901611328125e-06,0.1424119472503662,6.9141387939453125e-06,8.106231689453125e-06,1.5974044799804688e-05,2.5987625122070312e-05,7.548332214355477e-05,0.34014163896510197,5.806987092254047,0.7028472973410174,23,25.956521739130434,0.688695652173913,0.9601382017108523,0.31130434782608696,0.03986179828914768,0.4505784345626682,0.9202764034217047,0.31130434782608696,0.0,0.688695652173913,2.159610780224203,0.0,0.0,2,0.6219512195121951,bulk,tunnel,ikev2,AES_GCM_16_256,PASS,0
bulk_03,43,0,499,470184.0,1.4767990112304688,318380.4948570779,337.89296729297865,942.2525050100201,527.7517106603705,116.0,1280.0,1280.0,116.0,116.0,116.0,1280.0,1280.0,1280.0,-0.9227807296519095,-1.1480728885771339,0.8694707893421771,-0.3900498304028105,0.0029654598619085716,0.018718545655824096,4.76837158203125e-06,0.2494039535522461,6.699562072753908e-06,8.106231689453125e-06,1.5974044799804688e-05,2.9087066650390625e-05,9.288787841796878e-05,0.2389319431501539,6.310062002248326,0.7730312695345798,21,24.714285714285715,0.7094188376753507,0.9637078250216936,0.2905811623246493,0.03629217497830636,0.4079458438366761,0.9274156500433872,0.2905811623246493,0.0,0.7094188376753507,2.2023940346891044,0.0,0.0,2,0.572289156626506,bulk,tunnel,ikev2,AES_GCM_16_256,PASS,0
bulk_03,44,0,329,322320.0,1.3085699081420898,246314.69667343228,251.4195060981609,979.6960486322189,508.82015503196953,116.0,1280.0,1280.0,116.0,116.0,152.0,1280.0,1280.0,1280.0,-1.1043325957889225,-0.7800599535237507,0.8242594578171597,-0.3009545998214952,0.003989542402872225,0.022122749144473094,4.76837158203125e-06,0.2494039535522461,5.9604644775390625e-06,7.152557373046875e-06,1.3113021850585938e-05,3.314018249511719e-05,0.00010211467742919941,0.320982747227948,5.543795031109071,0.9122045206922059,16,21.5,0.7416413373860182,0.9689749317448498,0.25835866261398177,0.03102506825515016,0.34565638172459046,0.9379498634896997,0.25835866261398177,0.0,0.7416413373860182,2.2844081682640054,0.0,0.0,2,0.4969512195121951,bulk,tunnel,ikev2,AES_GCM_16_256,PASS,0
bulk_03,45,0,122,121276.0,0.5526180267333984,219457.19128432925,220.76731865074845,994.0655737704918,500.73578219349685,116.0,1280.0,1280.0,116.0,116.0,1280.0,1280.0,1280.0,1280.0,-1.1802897387084579,-0.6067078833116382,0.804717519321077,-0.27881227824436133,0.004567091130028086,0.018134743581887793,4.76837158203125e-06,0.11017417907714844,5.9604644775390625e-06,6.9141387939453125e-06,1.1920928955078125e-05,3.409385681152344e-05,7.891654968261719e-05,0.46696056989512175,3.969873425396462,0.9566503066637674,9,14.444444444444445,0.7540983606557377,0.9710082786371582,0.2459016393442623,0.028991721362841782,0.31867270629125055,0.9420165572743164,0.2459016393442623,0.0,0.7540983606557377,2.3221827121770136,0.0,0.0,2,0.47107438016528924,bulk,tunnel,ikev2,AES_GCM_16_256,PASS,0
chat_01,-1,1,300,50484.0,81.83614802360535,616.8912054051966,3.665861691259785,168.28,85.19202779603265,116.0,376.0,120.0,116.0,116.0,116.0,208.0,282.0000000000023,376.0,1.4718872252497326,0.7650159156378824,1.3567796494470397,-0.37718676630940623,0.27369949171774366,0.7249010994391681,1.5020370483398438e-05,3.883464813232422,5.1593780517578126e-05,8.392333984375e-05,0.0003819465637207031,0.15211701393127441,0.31628608703613204,0.6377505496985767,2.6485195364089065,0.9989748683889492,60,4.95,0.5,0.40408842405514617,0.5,0.5959115759448538,0.9998409266848555,-0.19182315188970764,0.8,0.2,0.0,0.0,0.0,0.0,2,0.7993311036789298,chat,tunnel,ikev2,AES_GCM_16_256,PASS,0
chat_01,0,0,10,1680.0,0.5782918930053711,2905.1073001716736,17.292305358164725,168.0,84.51272093596324,116.0,372.0,120.0,116.0,116.0,116.0,187.0,281.99999999999994,326.9999999999999,1.4587102216941306,0.7156390912244195,1.3567796494470397,-0.42876410858605035,0.06425465477837457,0.09080424044552797,1.811981201171875e-05,0.2133939266204834,6.351470947265626e-05,8.702278137207031e-05,0.0003609657287597656,0.15207409858703613,0.20793623924255372,1.224394445405986,1.4131711949512094,0.9891887635372364,2,4.5,0.5,0.40476190476190477,0.5,0.5952380952380952,1.0186847697477754,-0.19047619047619047,0.8,0.2,0.0,0.0,0.0,0.0,2,0.7777777777777778,chat,tunnel,ikev2,AES_GCM_16_256,PASS,0
chat_01,2,0,10,1680.0,0.4636681079864502,3623.2813321918075,21.567150786855997,168.0,84.51272093596324,116.0,372.0,120.0,116.0,116.0,116.0,187.0,281.99999999999994,326.9999999999999,1.4587102216941306,0.7156390912244195,1.3567796494470397,-0.42876410858605035,0.05151867866516113,0.0732741660662483,6.198883056640625e-05,0.17813706398010254,6.275177001953125e-05,8.893013000488281e-05,0.0003421306610107422,0.13992094993591309,0.1512779712677002,1.4466166676282082,1.422255882892338,0.9977421436523178,2,5.0,0.5,0.40476190476190477,0.5,0.5952380952380952,1.13382635457993,-0.19047619047619047,0.8,0.2,0.0,0.0,0.0,0.0,2,0.7777777777777778,chat,tunnel,ikev2,AES_GCM_16_256,PASS,0
chat_01,3,0,10,1680.0,0.4636681079864502,3623.2813321918075,21.567150786855997,168.0,84.51272093596324,116.0,372.0,120.0,116.0,116.0,116.0,187.0,281.99999999999994,326.9999999999999,1.4587102216941306,0.7156390912244195,1.3567796494470397,-0.42876410858605035,0.05151867866516113,0.0732741660662483,6.198883056640625e-05,0.17813706398010254,6.275177001953125e-05,8.893013000488281e-05,0.0003421306610107422,0.13992094993591309,0.1512779712677002,1.4466166676282082,1.422255882892338,0.9977421436523178,2,5.0,0.5,0.40476190476190477,0.5,0.5952380952380952,1.13382635457993,-0.19047619047619047,0.8,0.2,0.0,0.0,0.0,0.0,2,0.7777777777777778,chat,tunnel,ikev2,AES_GCM_16_256,PASS,0
chat_01,5,0,9,1564.0,0.3208928108215332,4873.901649575532,28.046748622877107,173.77777777777777,87.19044006946044,116.0,372.0,124.0,116.0,116.0,116.0,208.0,292.0,331.99999999999994,1.3004798617268125,0.25907903418408607,1.4466166676282082,-0.5098685561013155,0.04011160135269165,0.06867068650258627,4.1961669921875e-05,0.16469907760620117,5.598068237304688e-05,7.557868957519531e-05,0.00030434131622314453,0.03995782136917114,0.15663981437683105,0.8112781244591328,1.7119479711324757,0.990626499901183,2,5.0,0.5555555555555556,0.43478260869565216,0.4444444444444444,0.5652173913043478,1.4364804411703032,-0.13043478260869565,0.7777777777777778,0.2222222222222222,0.0,0.0,0.0,0.0,2,0.75,chat,tunnel,ikev2,AES_GCM_16_256,PASS,0
chat_01,6,0,10,1680.0,0.5760819911956787,2916.251550431389,17.358640181139222,168.0,84.51272093596324,116.0,372.0,120.0,116.0,116.0,116.0,187.0,281.99999999999994,326.9999999999999,1.4587102216941306,0.7156390912244195,1.3567796494470397,-0.42876410858605035,0.0640091101328532,0.09359715816112067,4.1961669921875e-05,0.2551891803741455,5.79833984375e-05,8.0108642578125e-05,0.0004398822784423828,0.15318584442138672,0.18279709815979006,1.224394445405986,1.4622246074387226,0.9947787140721023,2,5.0,0.5,0.40476190476190477,0.5,0.5952380952380952,0.7587909658324106,-0.19047619047619047,0.8,0.2,0.0,0.0,0.0,0.0,2,0.7777777777777778,chat,tunnel,ikev2,AES_GCM_16_256,PASS,0
chat_01,8,0,9,1564.0,0.35332608222961426,4426.505935057495,25.472220853911416,173.77777777777777,87.19044006946044,116.0,372.0,124.0,116.0,116.0,116.0,208.0,292.0,331.99999999999994,1.3004798617268125,0.25907903418408607,1.4466166676282082,-0.5098685561013155,0.04416576027870178,0.07765391326505787,3.409385681152344e-05,0.20446395874023438,4.7278404235839846e-05,5.525350570678711e-05,7.545948028564453e-05,0.03719604015350342,0.16526129245758056,1.061278124459133,1.7581980832428037,0.9988623151683889,2,5.0,0.5555555555555556,0.43478260869565216,0.4444444444444444,0.5652173913043478,1.7808399149642196,-0.13043478260869565,0.7777777777777778,0.2222222222222222,0.0,0.0,0.0,0.0,2,0.75,chat,tunnel,ikev2,AES_GCM_16_256,PASS,0
chat_01,9,0,10,1680.0,0.49626588821411133,3385.2820431517807,20.150488352093934,168.0,84.51272093596324,116.0,372.0,120.0,116.0,116.0,116.0,187.0,281.99999999999994,326.9999999999999,1.4587102216941306,0.7156390912244195,1.3567796494470397,-0.42876410858605035,0.05514065424601237,0.07952170869906056,3.409385681152344e-05,0.20446395874023438,4.9161911010742185e-05,5.602836608886719e-05,8.893013000488281e-05,0.14293980598449707,0.1596609115600586,1.4466166676282082,1.4421349846393348,0.999190003314933,2,5.0,0.5,0.40476190476190477,0.5,0.5952380952380952,1.2108255746093217,-0.19047619047619047,0.8,0.2,0.0,0.0,0.0,0.0,2,0.7777777777777778,chat,tunnel,ikev2,AES_GCM_16_256,PASS,0
chat_01,13,0,10,1680.0,0.48751211166381836,3446.0682305232754,20.51231089597188,168.0,84.51272093596324,116.0,372.0,120.0,116.0,116.0,116.0,187.0,281.99999999999994,326.9999999999999,1.4587102216941306,0.7156390912244195,1.3567796494470397,-0.42876410858605035,0.05416801240709093,0.07694144853693768,2.09808349609375e-05,0.19637012481689453,5.550384521484375e-05,8.893013000488281e-05,0.00013709068298339844,0.141679048538208,0.15530757904052736,1.224394445405986,1.4203959998145683,0.9909315161479948,2,5.0,0.5,0.40476190476190477,0.5,0.5952380952380952,1.1762833236215746,-0.19047619047619047,0.8,0.2,0.0,0.0,0.0,0.0,2,0.7777777777777778,chat,tunnel,ikev2,AES_GCM_16_256,PASS,0
chat_01,14,0,9,1556.0,0.29114198684692383,5344.47132428931,30.91275187570938,172.88888888888889,87.73247776234858,116.0,372.0,116.0,116.0,116.0,116.0,208.0,292.0,331.99999999999994,1.295478906719742,0.24055213687621668,1.4466166676282082,-0.48794149250815566,0.03639274835586548,0.06177657085833931,2.09808349609375e-05,0.14504194259643555,5.118846893310547e-05,8.273124694824219e-05,0.00012004375457763672,0.038424909114837646,0.14268791675567627,0.8112781244591328,1.6974500745093752,0.9848149840558561,2,4.5,0.4444444444444444,0.35732647814910024,0.5555555555555556,0.6426735218508998,0.6686730859743425,-0.2853470437017995,0.7777777777777778,0.2222222222222222,0.0,0.0,0.0,0.0,2,0.75,chat,tunnel,ikev2,AES_GCM_16_256,PASS,0
chat_01,16,0,10,1680.0,0.48168301582336426,3487.770888347172,20.7605410020665,168.0,84.51272093596324,116.0,372.0,120.0,116.0,116.0,116.0,187.0,281.99999999999994,326.9999999999999,1.4587102216941306,0.7156390912244195,1.3567796494470397,-0.42876410858605035,0.05352033509148492,0.07542783353739307,3.790855407714844e-05,0.18416213989257812,7.472038269042968e-05,9.417533874511719e-05,0.0005159378051757812,0.14056086540222168,0.15894756317138672,1.4466166676282082,1.4093040356422912,0.9910395604667566,2,5.0,0.5,0.40476190476190477,0.5,0.5952380952380952,1.1465332078669568,-0.19047619047619047,0.8,0.2,0.0,0.0,0.0,0.0,2,0.7777777777777778,chat,tunnel,ikev2,AES_GCM_16_256,PASS,0
chat_01,17,0,10,1680.0,0.48168301582336426,3487.770888347172,20.7605410020665,168.0,84.51272093596324,116.0,372.0,120.0,116.0,116.0,116.0,187.0,281.99999999999994,326.9999999999999,1.4587102216941306,0.7156390912244195,1.3567796494470397,-0.42876410858605035,0.05352033509148492,0.07542783353739307,3.790855407714844e-05,0.18416213989257812,7.472038269042968e-05,9.417533874511719e-05,0.0005159378051757812,0.14056086540222168,0.15894756317138672,1.4466166676282082,1.4093040356422912,0.9910395604667566,2,5.0,0.5,0.40476190476190477,0.5,0.5952380952380952,1.1465332078669568,-0.19047619047619047,0.8,0.2,0.0,0.0,0.0,0.0,2,0.7777777777777778,chat,tunnel,ikev2,AES_GCM_16_256,PASS,0
chat_01,20,0,4,572.0,0.21107196807861328,2709.9761527165933,18.950882186829322,143.0,37.66961640367472,116.0,208.0,124.0,117.2,118.4,122.0,145.0,182.8,195.39999999999998,1.1282021686157053,-0.6853559440215617,1.5,-0.9969151597447763,0.0703573226928711,0.09926058398566916,6.699562072753906e-05,0.21073293685913086,0.00010800361633300781,0.00016951560974121094,0.0002720355987548828,0.10550248622894287,0.1686407566070557,0.9182958340544896,1.4107866729421978,0.9983937648254829,1,4.0,0.75,0.7832167832167832,0.25,0.21678321678321677,1.0,0.5664335664335665,1.0,0.0,0.0,0.0,0.0,0.0,2,0.6666666666666666,chat,tunnel,ikev2,AES_GCM_16_256,PASS,0
chat_01,21,0,10,1680.0,0.5183260440826416,3241.203136865995,19.292875814678542,168.0,84.51272093596324,116.0,372.0,120.0,116.0,116.0,116.0,187.0,281.99999999999994,326.9999999999999,1.4587102216941306,0.7156390912244195,1.3567796494470397,-0.42876410858605035,0.057591782675849065,0.08216567583389306,4.291534423828125e-05,0.21073293685913086,4.46319580078125e-05,6.699562072753906e-05,0.0002720355987548828,0.14226198196411133,0.171024227142334,1.4466166676282082,1.4266661900389193,0.9918312506295949,2,5.0,0.5,0.40476190476190477,0.5,0.5952380952380952,1.161353556260631,-0.19047619047619047,0.8,0.2,0.0,0.0,0.0,0.0,2,0.7777777777777778,chat,tunnel,ikev2,AES_GCM_16_256,PASS,0
chat_01,22,0,6,1108.0,0.164992094039917,6715.473286446916,36.36537880747427,184.66666666666666,101.30920765436652,116.0,372.0,116.0,116.0,116.0,116.0,233.0,322.0,347.0,0.9529546392447656,-0.8187018872846368,1.2516291673878228,-0.6070611123826963,0.0329984188079834,0.06406357241468277,4.291534423828125e-05,0.16109704971313477,4.3773651123046874e-05,4.506111145019531e-05,0.00021910667419433594,0.003587961196899414,0.09809341430664063,0.7219280948873623,1.9413545671048051,0.9763925395974434,1,5.0,0.3333333333333333,0.20938628158844766,0.6666666666666666,0.7906137184115524,0.004764178352525318,-0.5812274368231047,0.6666666666666666,0.3333333333333333,0.0,0.0,0.0,0.0,2,0.8,chat,tunnel,ikev2,AES_GCM_16_256,PASS,0
chat_01,25,0,10,1680.0,0.4299161434173584,3907.738813076094,23.260350077833895,168.0,84.51272093596324,116.0,372.0,120.0,116.0,116.0,116.0,187.0,281.99999999999994,326.9999999999999,1.4587102216941306,0.7156390912244195,1.3567796494470397,-0.42876410858605035,0.04776846037970649,0.06746544784931399,2.8133392333984375e-05,0.14626598358154297,4.3964385986328126e-05,5.1975250244140625e-05,0.00012302398681640625,0.1398179531097412,0.14395732879638673,0.9182958340544896,1.4123133758064135,0.9989485353530032,2,5.0,0.5,0.40476190476190477,0.5,0.5952380952380952,0.9877070490692438,-0.19047619047619047,0.8,0.2,0.0,0.0,0.0,0.0,2,0.7777777777777778,chat,tunnel,ikev2,AES_GCM_16_256,PASS,0
chat_01,26,0,10,1680.0,0.4299161434173584,3907.738813076094,23.260350077833895,168.0,84.51272093596324,116.0,372.0,120.0,116.0,116.0,116.0,187.0,281.99999999999994,326.9999999999999,1.4587102216941306,0.7156390912244195,1.3567796494470397,-0.42876410858605035,0.04776846037970649,0.06746544784931399,2.8133392333984375e-05,0.14626598358154297,4.3964385986328126e-05,5.1975250244140625e-05,0.00012302398681640625,0.1398179531097412,0.14395732879638673,0.9182958340544896,1.4123133758064135,0.9989485353530032,2,5.0,0.5,0.40476190476190477,0.5,0.5952380952380952,0.9877070490692438,-0.19047619047619047,0.8,0.2,0.0,0.0,0.0,0.0,2,0.7777777777777778,chat,tunnel,ikev2,AES_GCM_16_256,PASS,0
chat_01,30,0,4,572.0,0.0983438491821289,5816.327149659139,40.673616431182786,143.0,37.66961640367472,116.0,208.0,124.0,117.2,118.4,122.0,145.0,182.8,195.39999999999998,1.1282021686157053,-0.6853559440215617,1.5,-0.9969151597447763,0.03278128306070963,0.0462014403353863,7.700920104980469e-05,0.09811997413635254,9.098052978515626e-05,0.0001119375228881836,0.0001468658447265625,0.04913341999053955,0.07852535247802735,0.9182958340544896,1.409341754807793,0.9977235480648946,1,4.0,0.75,0.7832167832167832,0.25,0.21678321678321677,1.0,0.5664335664335665,1.0,0.0,0.0,0.0,0.0,0.0,2,0.6666666666666666,chat,tunnel,ikev2,AES_GCM_16_256,PASS,0
chat_01,31,0,10,1680.0,0.45572686195373535,3686.418642951424,21.942968112806096,168.0,84.51272093596324,116.0,372.0,120.0,116.0,116.0,116.0,187.0,281.99999999999994,326.9999999999999,1.4587102216941306,0.7156390912244195,1.3567796494470397,-0.42876410858605035,0.05063631799485949,0.07524308869708911,5.3882598876953125e-05,0.20501017570495605,7.238388061523438e-05,8.893013000488281e-05,0.0001659393310546875,0.09811997413635254,0.16064677238464356,1.4466166676282082,1.4859216814114742,0.9933276029751127,2,5.0,0.5,0.40476190476190477,0.5,0.5952380952380952,0.8561566519068593,-0.19047619047619047,0.8,0.2,0.0,0.0,0.0,0.0,2,0.7777777777777778,chat,tunnel,ikev2,AES_GCM_16_256,PASS,0
chat_01,32,0,15,2676.0,1.2644867897033691,2116.2735916187403,11.862520132392042,178.4,93.80604102792812,116.0,376.0,116.0,116.0,116.0,116.0,240.0,331.99999999999994,373.2,1.160736091361396,-0.22556017808757822,1.4256051990169436,-0.48907406745109244,0.09032048497881208,0.22055629212202194,3.600120544433594e-05,0.8608131408691406,5.7816505432128906e-05,7.2479248046875e-05,0.00019502639770507812,0.08277755975723267,0.14697713851928712,1.0949143184120975,2.4419028559346736,0.997134233419224,3,5.0,0.4666666666666667,0.34080717488789236,0.5333333333333333,0.6591928251121076,1.1668153260227234,-0.3183856502242152,0.7333333333333333,0.26666666666666666,0.0,0.0,0.0,0.0,2,0.7857142857142857,chat,tunnel,ikev2,AES_GCM_16_256,PASS,0
chat_01,33,0,10,1684.0,0.4212198257446289,3997.9124843495647,23.74057294744397,168.4,85.48122600898982,116.0,376.0,120.0,116.0,116.0,116.0,187.0,282.4,329.1999999999999,1.4771798235218485,0.7842924766689454,1.3567796494470397,-0.4255403866981521,0.04680220286051432,0.06751628708918245,3.600120544433594e-05,0.16991901397705078,6.079673767089844e-05,6.699562072753906e-05,0.00022411346435546875,0.10953402519226074,0.1467517852783203,1.4466166676282082,1.4425569824868287,0.9980845904623472,2,5.0,0.5,0.40380047505938244,0.5,0.5961995249406176,0.8062529198011281,-0.19239904988123516,0.8,0.2,0.0,0.0,0.0,0.0,2,0.7777777777777778,chat,tunnel,ikev2,AES_GCM_16_256,PASS,0
chat_01,35,0,4,572.0,0.20047497749328613,2853.2239142870394,19.952614785224053,143.0,37.66961640367472,116.0,208.0,124.0,117.2,118.4,122.0,145.0,182.8,195.39999999999998,1.1282021686157053,-0.6853559440215617,1.5,-0.9969151597447763,0.06682499249776204,0.09433925793290956,0.00011301040649414062,0.2002408504486084,0.00011463165283203125,0.00011706352233886719,0.00012111663818359375,0.100180983543396,0.16021690368652344,0.9182958340544896,1.4117150289398086,0.9988321383166856,1,4.0,0.75,0.7832167832167832,0.25,0.21678321678321677,1.0,0.5664335664335665,1.0,0.0,0.0,0.0,0.0,0.0,2,0.6666666666666666,chat,tunnel,ikev2,AES_GCM_16_256,PASS,0
chat_01,36,0,10,1684.0,0.5363688468933105,3139.6305168614044,18.643886679699552,168.4,85.48122600898982,116.0,376.0,120.0,116.0,116.0,116.0,187.0,282.4,329.1999999999999,1.4771798235218485,0.7842924766689454,1.3567796494470397,-0.4255403866981521,0.05959653854370117,0.08513200416769498,1.71661376953125e-05,0.2002408504486084,7.686614990234376e-05,0.00011301040649414062,0.0002999305725097656,0.14206290245056152,0.1937497615814209,1.224394445405986,1.4284483260205472,0.9963866196913891,2,5.0,0.5,0.40380047505938244,0.5,0.5961995249406176,1.1730687605266914,-0.19239904988123516,0.8,0.2,0.0,0.0,0.0,0.0,2,0.7777777777777778,chat,tunnel,ikev2,AES_GCM_16_256,PASS,0
chat_01,37,0,15,2680.0,1.2919609546661377,2074.366094672383,11.61025799256931,178.66666666666666,94.36006688330728,116.0,376.0,116.0,116.0,116.0,116.0,240.0,334.4,376.0,1.1683638590955423,-0.20270372258114078,1.4256051990169436,-0.48744047145722325,0.09228292533329555,0.22277806839004963,1.71661376953125e-05,0.869610071182251,5.846023559570312e-05,9.560585021972656e-05,0.00025844573974609375,0.09731125831604004,0.14441208839416506,1.0949143184120975,2.4140506332544622,0.9949657465928826,3,5.0,0.4666666666666667,0.3402985074626866,0.5333333333333333,0.6597014925373135,1.1655938154233016,-0.3194029850746269,0.7333333333333333,0.26666666666666666,0.0,0.0,0.0,0.0,2,0.7857142857142857,chat,tunnel,ikev2,AES_GCM_16_256,PASS,0
chat_01,38,0,10,1684.0,0.42011213302612305,4008.4536189657892,23.80316875870421,168.4,85.48122600898982,116.0,376.0,120.0,116.0,116.0,116.0,187.0,282.4,329.1999999999999,1.4771798235218485,0.7842924766689454,1.3567796494470397,-0.4255403866981521,0.04667912589179145,0.06503102602831208,5.602836608886719e-05,0.14541888236999512,6.251335144042968e-05,0.00010704994201660156,0.00021696090698242188,0.12836503982543945,0.1423062801361084,1.224394445405986,1.3931201937856723,0.9885742855878117,2,5.0,0.5,0.40380047505938244,0.5,0.5961995249406176,0.9548687560764677,-0.19239904988123516,0.8,0.2,0.0,0.0,0.0,0.0,2,0.7777777777777778,chat,tunnel,ikev2,AES_GCM_16_256,PASS,0
chat_01,43,0,10,1684.0,0.4674720764160156,3602.35420457791,21.391652046187115,168.4,85.48122600898982,116.0,376.0,120.0,116.0,116.0,116.0,187.0,282.4,329.1999999999999,1.4771798235218485,0.7842924766689454,1.3567796494470397,-0.4255403866981521,0.05194134182400174,0.07455475815021176,2.6941299438476562e-05,0.18532204627990723,4.220008850097656e-05,5.0067901611328125e-05,8.20159912109375e-05,0.12895607948303223,0.15926518440246581,1.4466166676282082,1.4353368664591317,0.9990523889183566,2,5.0,0.5,0.40380047505938244,0.5,0.5961995249406176,0.8334811316684653,-0.19239904988123516,0.8,0.2,0.0,0.0,0.0,0.0,2,0.7777777777777778,chat,tunnel,ikev2,AES_GCM_16_256,PASS,0
chat_01,44,0,11,1808.0,1.2941820621490479,1397.0213719372175,8.499576931033955,164.36363636363637,82.49658144682859,116.0,376.0,124.0,116.0,116.0,116.0,166.0,272.0,324.0,1.6267084320162302,1.2774258744832494,1.2776134368191154,-0.3748932536293766,0.1294182062149048,0.242953805093006,2.6941299438476562e-05,0.8267099857330322,4.410743713378906e-05,5.555152893066406e-05,0.0001239776611328125,0.14680224657058716,0.2494608402252195,1.5709505944546687,1.8772623646723137,0.9996577129810971,2,5.0,0.5454545454545454,0.4446902654867257,0.45454545454545453,0.5553097345132744,3.0584475336746655,-0.11061946902654868,0.8181818181818182,0.18181818181818182,0.0,0.0,0.0,0.0,2,0.8,chat,tunnel,ikev2,AES_GCM_16_256,PASS,0
chat_01,45,0,10,1684.0,0.5874691009521484,2866.5337415544655,17.022171861962384,168.4,85.48122600898982,116.0,376.0,120.0,116.0,116.0,116.0,187.0,282.4,329.1999999999999,1.4771798235218485,0.7842924766689454,1.3567796494470397,-0.4255403866981521,0.06527434455023871,0.1015251026794785,1.5020370483398438e-05,0.3030691146850586,5.507469177246094e-05,0.00011301040649414062,0.0004649162292480469,0.1385641098022461,0.17389698028564457,1.224394445405986,1.5553361438228857,0.9927963363993207,2,5.0,0.5,0.40380047505938244,0.5,0.5961995249406176,1.5784061153359719,-0.19239904988123516,0.8,0.2,0.0,0.0,0.0,0.0,2,0.7777777777777778,chat,tunnel,ikev2,AES_GCM_16_256,PASS,0
chat_01,46,0,9,1560.0,0.28439998626708984,5485.232332377647,31.64557114833258,173.33333333333334,88.74432689223326,116.0,376.0,116.0,116.0,116.0,116.0,208.0,292.8,334.4,1.3138071028965743,0.3019646469536146,1.4466166676282082,-0.4842721841319862,0.03554999828338623,0.06036500587602686,1.5020370483398438e-05,0.14160394668579102,5.0067901611328125e-05,0.00010102987289428711,0.00045692920684814453,0.03698474168777466,0.13947606086730957,0.8112781244591328,1.697983426367995,0.9851197961202488,2,4.5,0.4444444444444444,0.3564102564102564,0.5555555555555556,0.6435897435897436,0.6831731063080021,-0.28717948717948716,0.7777777777777778,0.2222222222222222,0.0,0.0,0.0,0.0,2,0.75,chat,tunnel,ikev2,AES_GCM_16_256,PASS,0
chat_01,48,0,10,1684.0,0.5089490413665771,3308.779196200661,19.6483325190063,168.4,85.48122600898982,116.0,376.0,120.0,116.0,116.0,116.0,187.0,282.4,329.1999999999999,1.4771798235218485,0.7842924766689454,1.3567796494470397,-0.4255403866981521,0.05654989348517524,0.08060512860226635,3.314018249511719e-05,0.19936704635620117,6.747245788574219e-05,7.987022399902344e-05,0.0003819465637207031,0.14156007766723633,0.1724574089050293,1.4466166676282082,1.425355527289713,0.9954967636941622,2,5.0,0.5,0.40380047505938244,0.5,0.5961995249406176,1.0704087981580444,-0.19239904988123516,0.8,0.2,0.0,0.0,0.0,0.0,2,0.7777777777777778,chat,tunnel,ikev2,AES_GCM_16_256,PASS,0
chat_01,49,0,10,1684.0,0.5089490413665771,3308.779196200661,19.6483325190063,168.4,85.48122600898982,116.0,376.0,120.0,116.0,116.0,116.0,187.0,282.4,329.1999999999999,1.4771798235218485,0.7842924766689454,1.3567796494470397,-0.4255403866981521,0.05654989348517524,0.08060512860226635,3.314018249511719e-05,0.19936704635620117,6.747245788574219e-05,7.987022399902344e-05,0.0003819465637207031,0.14156007766723633,0.1724574089050293,1.4466166676282082,1.425355527289713,0.9954967636941622,2,5.0,0.5,0.40380047505938244,0.5,0.5961995249406176,1.0704087981580444,-0.19239904988123516,0.8,0.2,0.0,0.0,0.0,0.0,2,0.7777777777777778,chat,tunnel,ikev2,AES_GCM_16_256,PASS,0
chat_01,54,0,10,1684.0,0.7043640613555908,2390.809089207421,14.197203617621264,168.4,85.48122600898982,116.0,376.0,120.0,116.0,116.0,116.0,187.0,282.4,329.1999999999999,1.4771798235218485,0.7842924766689454,1.3567796494470397,-0.4255403866981521,0.07826267348395453,0.1103362652338442,7.700920104980469e-05,0.27588391304016113,0.00011382102966308593,0.00013899803161621094,0.002721071243286133,0.20606493949890137,0.22693848609924316,1.224394445405986,1.4098017678209944,0.9890495840493759,2,5.0,0.5,0.40380047505938244,0.5,0.5961995249406176,1.0176307749857116,-0.19239904988123516,0.8,0.2,0.0,0.0,0.0,0.0,2,0.7777777777777778,chat,tunnel,ikev2,AES_GCM_16_256,PASS,0
chat_01,55,0,10,1684.0,0.7043640613555908,2390.809089207421,14.197203617621264,168.4,85.48122600898982,116.0,376.0,120.0,116.0,116.0,116.0,187.0,282.4,329.1999999999999,1.4771798235218485,0.7842924766689454,1.3567796494470397,-0.4255403866981521,0.07826267348395453,0.1103362652338442,7.700920104980469e-05,0.27588391304016113,0.00011382102966308593,0.00013899803161621094,0.002721071243286133,0.20606493949890137,0.22693848609924316,1.224394445405986,1.4098017678209944,0.9890495840493759,2,5.0,0.5,0.40380047505938244,0.5,0.5961995249406176,1.0176307749857116,-0.19239904988123516,0.8,0.2,0.0,0.0,0.0,0.0,2,0.7777777777777778,chat,tunnel,ikev2,AES_GCM_16_256,PASS,0
chat_01,58,0,4,572.0,0.14208006858825684,4025.8989574226375,28.153139562396067,143.0,37.66961640367472,116.0,208.0,124.0,117.2,118.4,122.0,145.0,182.8,195.39999999999998,1.1282021686157053,-0.6853559440215617,1.5,-0.9969151597447763,0.04736002286275228,0.06684703750627091,8.392333984375e-05,0.14189600944519043,8.716583251953126e-05,9.202957153320312e-05,0.00010013580322265625,0.07099807262420654,0.11353683471679688,0.9182958340544896,1.4114356799258165,0.9987045393143791,1,4.0,0.75,0.7832167832167832,0.25,0.21678321678321677,1.0,0.5664335664335665,1.0,0.0,0.0,0.0,0.0,0.0,2,0.6666666666666666,chat,tunnel,ikev2,AES_GCM_16_256,PASS,0
chat_01,59,0,10,1684.0,0.47478604316711426,3546.860789686838,21.062118703603552,168.4,85.48122600898982,116.0,376.0,120.0,116.0,116.0,116.0,187.0,282.4,329.1999999999999,1.4771798235218485,0.7842924766689454,1.3567796494470397,-0.4255403866981521,0.05275400479634603,0.07504128928418667,1.71661376953125e-05,0.18933796882629395,5.931854248046875e-05,8.392333984375e-05,0.00010013580322265625,0.1404881477355957,0.15138440132141115,1.224394445405986,1.4224487245119966,0.9935467413077352,2,5.0,0.5,0.40380047505938244,0.5,0.5961995249406176,1.0042171428964912,-0.19239904988123516,0.8,0.2,0.0,0.0,0.0,0.0,2,0.7777777777777778,chat,tunnel,ikev2,AES_GCM_16_256,PASS,0
chat_01,60,0,6,1112.0,0.14336800575256348,7756.263290145661,41.85034149359169,185.33333333333334,102.54538290706,116.0,376.0,116.0,116.0,116.0,116.0,233.0,324.0,350.0,0.9658905768325902,-0.7836734693877552,1.2516291673878228,-0.6037735849056605,0.028673601150512696,0.055916693490651447,1.71661376953125e-05,0.1404881477355957,3.8242340087890626e-05,6.985664367675781e-05,8.58306884765625e-05,0.0027070045471191406,0.0853756904602051,0.7219280948873623,1.9500425898566218,0.9799128264228069,1,5.0,0.3333333333333333,0.20863309352517986,0.6666666666666666,0.7913669064748201,0.0021551810764925197,-0.5827338129496403,0.6666666666666666,0.3333333333333333,0.0,0.0,0.0,0.0,2,0.8,chat,tunnel,ikev2,AES_GCM_16_256,PASS,0
chat_01,63,0,9,1568.0,0.4501049518585205,3483.6319696675155,19.995336560591607,174.22222222222223,88.20402835065954,116.0,376.0,124.0,116.0,116.0,116.0,208.0,292.8,334.4,1.3189389807686012,0.32087835560678357,1.4466166676282082,-0.5058161614232657,0.056263118982315063,0.097361847814874,3.790855407714844e-05,0.2327280044555664,3.8743019104003906e-05,7.432699203491211e-05,0.00011944770812988281,0.05433779954910278,0.22156920433044433,0.8112781244591328,1.7304429461603543,0.9986890035738557,2,5.0,0.5555555555555556,0.4336734693877551,0.4444444444444444,0.5663265306122449,1.4477842190032182,-0.1326530612244898,0.7777777777777778,0.2222222222222222,0.0,0.0,0.0,0.0,2,0.75,chat,tunnel,ikev2,AES_GCM_16_256,PASS,0
chat_01,64,0,10,1684.0,0.8192589282989502,2055.5162010825265,12.206153213079135,168.4,85.48122600898982,116.0,376.0,120.0,116.0,116.0,116.0,187.0,282.4,329.1999999999999,1.4771798235218485,0.7842924766689454,1.3567796494470397,-0.4255403866981521,0.09102876981099446,0.13451867679595556,3.790855407714844e-05,0.3691539764404297,3.886222839355469e-05,8.606910705566406e-05,0.0001518726348876953,0.21678686141967773,0.2600131988525391,1.4466166676282082,1.4777437872825265,0.9992797320079239,2,5.0,0.5,0.40380047505938244,0.5,0.5961995249406176,0.7470918375064931,-0.19239904988123516,0.8,0.2,0.0,0.0,0.0,0.0,2,0.7777777777777778,chat,tunnel,ikev2,AES_GCM_16_256,PASS,0
chat_01,66,0,9,1568.0,0.2786719799041748,5626.686976348245,32.29603494077436,174.22222222222223,88.20402835065954,116.0,376.0,124.0,116.0,116.0,116.0,208.0,292.8,334.4,1.3189389807686012,0.32087835560678357,1.4466166676282082,-0.5058161614232657,0.03483399748802185,0.0619260815103404,7.081031799316406e-05,0.17435812950134277,8.215904235839844e-05,0.00012439489364624023,0.0005894899368286133,0.027191579341888428,0.12222142219543455,1.061278124459133,1.7776973152254116,0.9840790188521049,2,5.0,0.5555555555555556,0.4336734693877551,0.4444444444444444,0.5663265306122449,1.1698354699474303,-0.1326530612244898,0.7777777777777778,0.2222222222222222,0.0,0.0,0.0,0.0,2,0.75,chat,tunnel,ikev2,AES_GCM_16_256,PASS,0
chat_01,67,0,10,1684.0,0.4176630973815918,4031.9578400804658,23.94274251829255,168.4,85.48122600898982,116.0,376.0,120.0,116.0,116.0,116.0,187.0,282.4,329.1999999999999,1.4771798235218485,0.7842924766689454,1.3567796494470397,-0.4255403866981521,0.04640701082017687,0.06693447083695757,7.081031799316406e-05,0.17435812950134277,8.378028869628906e-05,0.00013685226440429688,0.0009591579437255859,0.09987711906433105,0.14606451988220215,1.4466166676282082,1.4423042413155183,0.9893772483939431,2,5.0,0.5,0.40380047505938244,0.5,0.5961995249406176,0.876906129575826,-0.19239904988123516,0.8,0.2,0.0,0.0,0.0,0.0,2,0.7777777777777778,chat,tunnel,ikev2,AES_GCM_16_256,PASS,0
chat_01,69,0,9,1568.0,0.24586987495422363,6377.357129627744,36.604728422608225,174.22222222222223,88.20402835065954,116.0,376.0,124.0,116.0,116.0,116.0,208.0,292.8,334.4,1.3189389807686012,0.32087835560678357,1.4466166676282082,-0.5058161614232657,0.030733734369277954,0.054527004511640824,3.814697265625e-05,0.14746809005737305,5.70058822631836e-05,6.794929504394531e-05,8.535385131835938e-05,0.024566709995269775,0.11280891895294189,1.061278124459133,1.7741166673672415,0.9981827931652077,2,5.0,0.5555555555555556,0.4336734693877551,0.4444444444444444,0.5663265306122449,1.2473434777557315,-0.1326530612244898,0.7777777777777778,0.2222222222222222,0.0,0.0,0.0,0.0,2,0.75,chat,tunnel,ikev2,AES_GCM_16_256,PASS,0
chat_01,70,0,10,1684.0,0.42702603340148926,3943.553479833642,23.417776008513314,168.4,85.48122600898982,116.0,376.0,120.0,116.0,116.0,116.0,187.0,282.4,329.1999999999999,1.4771798235218485,0.7842924766689454,1.3567796494470397,-0.4255403866981521,0.04744733704460992,0.0698397839535431,3.814697265625e-05,0.18115615844726562,5.970001220703125e-05,6.890296936035156e-05,8.893013000488281e-05,0.09795498847961426,0.15420570373535156,1.4466166676282082,1.4719121533781303,0.9989537021579753,2,5.0,0.5,0.40380047505938244,0.5,0.5961995249406176,0.7471544219118623,-0.19239904988123516,0.8,0.2,0.0,0.0,0.0,0.0,2,0.7777777777777778,chat,tunnel,ikev2,AES_GCM_16_256,PASS,0
chat_01,74,0,10,1684.0,0.7437789440155029,2264.1135696964548,13.444854926938568,168.4,85.48122600898982,116.0,376.0,120.0,116.0,116.0,116.0,187.0,282.4,329.1999999999999,1.4771798235218485,0.7842924766689454,1.3567796494470397,-0.4255403866981521,0.08264210489061144,0.1183536405238572,2.8848648071289062e-05,0.2949190139770508,4.9638748168945317e-05,5.817413330078125e-05,9.298324584960938e-05,0.22381997108459473,0.23869571685791016,1.224394445405986,1.4321054452215118,0.9994621165617131,2,5.0,0.5,0.40380047505938244,0.5,0.5961995249406176,1.1565621933419903,-0.19239904988123516,0.8,0.2,0.0,0.0,0.0,0.0,2,0.7777777777777778,chat,tunnel,ikev2,AES_GCM_16_256,PASS,0
chat_01,75,0,9,1560.0,0.44885993003845215,3475.471735394961,20.050798473432465,173.33333333333334,88.74432689223326,116.0,376.0,116.0,116.0,116.0,116.0,208.0,292.8,334.4,1.3138071028965743,0.3019646469536146,1.4466166676282082,-0.4842721841319862,0.05610749125480652,0.09706575485820795,2.8848648071289062e-05,0.224639892578125,4.7039985656738284e-05,5.733966827392578e-05,8.058547973632812e-05,0.056027770042419434,0.2240659475326538,0.8112781244591328,1.7299655130165854,0.9991087055249103,2,4.5,0.4444444444444444,0.3564102564102564,0.5555555555555556,0.6435897435897436,0.6657489010219889,-0.28717948717948716,0.7777777777777778,0.2222222222222222,0.0,0.0,0.0,0.0,2,0.75,chat,tunnel,ikev2,AES_GCM_16_256,PASS,0
chat_01,77,0,10,1684.0,0.46706604957580566,3605.485779857959,21.410248098919,168.4,85.48122600898982,116.0,376.0,120.0,116.0,116.0,116.0,187.0,282.4,329.1999999999999,1.4771798235218485,0.7842924766689454,1.3567796494470397,-0.4255403866981521,0.051896227730645075,0.07364865349534741,4.100799560546875e-05,0.17366695404052734,4.730224609375e-05,6.508827209472656e-05,0.00010800361633300781,0.14397788047790527,0.15383987426757814,1.224394445405986,1.419125003701464,0.9988478915701089,2,5.0,0.5,0.40380047505938244,0.5,0.5961995249406176,1.0844566744293502,-0.19239904988123516,0.8,0.2,0.0,0.0,0.0,0.0,2,0.7777777777777778,chat,tunnel,ikev2,AES_GCM_16_256,PASS,0
chat_01,78,0,10,1684.0,0.46706604957580566,3605.485779857959,21.410248098919,168.4,85.48122600898982,116.0,376.0,120.0,116.0,116.0,116.0,187.0,282.4,329.1999999999999,1.4771798235218485,0.7842924766689454,1.3567796494470397,-0.4255403866981521,0.051896227730645075,0.07364865349534741,4.100799560546875e-05,0.17366695404052734,4.730224609375e-05,6.508827209472656e-05,0.00010800361633300781,0.14397788047790527,0.15383987426757814,1.224394445405986,1.419125003701464,0.9988478915701089,2,5.0,0.5,0.40380047505938244,0.5,0.5961995249406176,1.0844566744293502,-0.19239904988123516,0.8,0.2,0.0,0.0,0.0,0.0,2,0.7777777777777778,chat,tunnel,ikev2,AES_GCM_16_256,PASS,0
chat_01,80,0,9,1568.0,0.3591320514678955,4366.082040271949,25.060419874009913,174.22222222222223,88.20402835065954,116.0,376.0,124.0,116.0,116.0,116.0,208.0,292.8,334.4,1.3189389807686012,0.32087835560678357,1.4466166676282082,-0.5058161614232657,0.04489150643348694,0.07655619723500699,1.71661376953125e-05,0.19644999504089355,5.7554244995117196e-05,8.916854858398438e-05,0.00011050701141357422,0.04363828897476196,0.16823022365570067,1.061278124459133,1.705322409396615,0.9817726641744822,2,4.5,0.5555555555555556,0.4336734693877551,0.4444444444444444,0.5663265306122449,1.6568878931539035,-0.1326530612244898,0.7777777777777778,0.2222222222222222,0.0,0.0,0.0,0.0,2,0.75,chat,tunnel,ikev2,AES_GCM_16_256,PASS,0
chat_01,81,0,10,1684.0,0.5000660419464111,3367.5552001998635,19.997358671020567,168.4,85.48122600898982,116.0,376.0,120.0,116.0,116.0,116.0,187.0,282.4,329.1999999999999,1.4771798235218485,0.7842924766689454,1.3567796494470397,-0.4255403866981521,0.055562893549601235,0.07823473432589063,1.71661376953125e-05,0.19644999504089355,6.3323974609375e-05,9.393692016601562e-05,0.00012183189392089844,0.14093399047851562,0.16419882774353028,1.224394445405986,1.408013897659123,0.9869096880037417,2,4.5,0.5,0.40380047505938244,0.5,0.5961995249406176,1.1828337921957193,-0.19239904988123516,0.8,0.2,0.0,0.0,0.0,0.0,2,0.7777777777777778,chat,tunnel,ikev2,AES_GCM_16_256,PASS,0
chat_01,83,0,4,572.0,0.15541911125183105,3680.3710650047938,25.73686059443912,143.0,37.66961640367472,116.0,208.0,124.0,117.2,118.4,122.0,145.0,182.8,195.39999999999998,1.1282021686157053,-0.6853559440215617,1.5,-0.9969151597447763,0.051806370417277016,0.07299017451973153,0.00010395050048828125,0.1550300121307373,0.00014019012451171875,0.000194549560546875,0.00028514862060546875,0.07765758037567139,0.12408103942871095,0.9182958340544896,1.408876264744569,0.9974964525407478,1,4.0,0.75,0.7832167832167832,0.25,0.21678321678321677,1.0,0.5664335664335665,1.0,0.0,0.0,0.0,0.0,0.0,2,0.6666666666666666,chat,tunnel,ikev2,AES_GCM_16_256,PASS,0
chat_01,84,0,10,1684.0,0.5445010662078857,3092.7395821793734,18.365436948808632,168.4,85.48122600898982,116.0,376.0,120.0,116.0,116.0,116.0,187.0,282.4,329.1999999999999,1.4771798235218485,0.7842924766689454,1.3567796494470397,-0.4255403866981521,0.06050011846754286,0.08616434663460133,1.6927719116210938e-05,0.2067718505859375,4.744529724121094e-05,5.507469177246094e-05,0.00028514862060546875,0.1550300121307373,0.18661918640136718,1.4466166676282082,1.4241777477357889,0.9979464078118822,2,5.0,0.5,0.40380047505938244,0.5,0.5961995249406176,0.9318184619361342,-0.19239904988123516,0.8,0.2,0.0,0.0,0.0,0.0,2,0.7777777777777778,chat,tunnel,ikev2,AES_GCM_16_256,PASS,0
chat_01,85,0,6,1112.0,0.1823101043701172,6099.497358316856,32.91095696933555,185.33333333333334,102.54538290706,116.0,376.0,116.0,116.0,116.0,116.0,233.0,324.0,350.0,0.9658905768325902,-0.7836734693877552,1.2516291673878228,-0.6037735849056605,0.036462020874023435,0.0725598248171387,1.6927719116210938e-05,0.1815810203552246,3.218650817871094e-05,5.507469177246094e-05,5.507469177246094e-05,0.0006020069122314453,0.10918941497802737,0.7219280948873623,1.989956484072633,0.99600085789314,1,5.0,0.3333333333333333,0.20863309352517986,0.6666666666666666,0.7913669064748201,0.010184697915479718,-0.5827338129496403,0.6666666666666666,0.3333333333333333,0.0,0.0,0.0,0.0,2,0.8,chat,tunnel,ikev2,AES_GCM_16_256,PASS,0
chat_01,88,0,10,1684.0,0.3833279609680176,4393.1050470396085,26.087322132064184,168.4,85.48122600898982,116.0,376.0,120.0,116.0,116.0,116.0,187.0,282.4,329.1999999999999,1.4771798235218485,0.7842924766689454,1.3567796494470397,-0.4255403866981521,0.042591995663113065,0.06141640336420294,4.291534423828125e-05,0.14495182037353516,6.313323974609375e-05,7.009506225585938e-05,0.0001251697540283203,0.09685993194580078,0.1417919158935547,1.224394445405986,1.4419366942389442,0.9986584102192196,2,5.0,0.5,0.40380047505938244,0.5,0.5961995249406176,0.8458976676416282,-0.19239904988123516,0.8,0.2,0.0,0.0,0.0,0.0,2,0.7777777777777778,chat,tunnel,ikev2,AES_GCM_16_256,PASS,0
chat_01,89,0,14,2256.0,1.4298980236053467,1577.7348893116998,9.790908001047782,161.14285714285714,75.87099685166464,116.0,376.0,124.0,116.0,116.0,116.0,187.0,252.80000000000007,308.4,1.7548267984150827,2.0102171736714647,1.2916919971380596,-0.32787807092815735,0.10999215566194974,0.22891265342616038,4.291534423828125e-05,0.870168924331665,6.856918334960938e-05,7.295608520507812e-05,0.00013494491577148438,0.14100193977355957,0.16989517211914065,1.4885252948977485,2.081153614045722,0.9994514314221749,3,4.666666666666667,0.5714285714285714,0.5,0.42857142857142855,0.5,0.766338873302098,0.0,0.8571428571428571,0.14285714285714285,0.0,0.0,0.0,0.0,2,0.7692307692307693,chat,tunnel,ikev2,AES_GCM_16_256,PASS,0
chat_01,90,0,10,1684.0,0.4796919822692871,3510.58608908465,20.846710742782957,168.4,85.48122600898982,116.0,376.0,120.0,116.0,116.0,116.0,187.0,282.4,329.1999999999999,1.4771798235218485,0.7842924766689454,1.3567796494470397,-0.4255403866981521,0.0532991091410319,0.0746620992892688,9.417533874511719e-05,0.176131010055542,0.00011076927185058594,0.00017213821411132812,0.0002079010009765625,0.13922595977783203,0.16250128746032716,1.224394445405986,1.4007869869780782,0.9890739144740439,2,5.0,0.5,0.40380047505938244,0.5,0.5961995249406176,1.121558986231545,-0.19239904988123516,0.8,0.2,0.0,0.0,0.0,0.0,2,0.7777777777777778,chat,tunnel,ikev2,AES_GCM_16_256,PASS,0
chat_01,91,0,6,1112.0,0.1441969871520996,7711.672913297818,41.60974593506017,185.33333333333334,102.54538290706,116.0,376.0,116.0,116.0,116.0,116.0,233.0,324.0,350.0,0.9658905768325902,-0.7836734693877552,1.2516291673878228,-0.6037735849056605,0.02883939743041992,0.05521853841248135,0.00011491775512695312,0.13922595977783203,0.00013780593872070312,0.00017213821411132812,0.0002079010009765625,0.004476070404052734,0.08532600402832033,0.7219280948873623,1.9146247393331208,0.9655261356534162,1,5.0,0.3333333333333333,0.20863309352517986,0.6666666666666666,0.7913669064748201,0.00790650309879082,-0.5827338129496403,0.6666666666666666,0.3333333333333333,0.0,0.0,0.0,0.0,2,0.8,chat,tunnel,ikev2,AES_GCM_16_256,PASS,0
chat_01,93,0,10,1684.0,0.4425349235534668,3805.349386841195,22.59708662019712,168.4,85.48122600898982,116.0,376.0,120.0,116.0,116.0,116.0,187.0,282.4,329.1999999999999,1.4771798235218485,0.7842924766689454,1.3567796494470397,-0.4255403866981521,0.04917054706149631,0.06927829636555786,1.5974044799804688e-05,0.1521599292755127,4.153251647949219e-05,8.20159912109375e-05,0.0004570484161376953,0.14293599128723145,0.14738316535949708,0.9182958340544896,1.4089102439448382,0.9971752995216919,2,5.0,0.5,0.40380047505938244,0.5,0.5961995249406176,1.0205488517165533,-0.19239904988123516,0.8,0.2,0.0,0.0,0.0,0.0,2,0.7777777777777778,chat,tunnel,ikev2,AES_GCM_16_256,PASS,0
chat_01,94,0,9,1560.0,0.2903749942779541,5372.363429155093,30.99440439897169,173.33333333333334,88.74432689223326,116.0,376.0,116.0,116.0,116.0,116.0,208.0,292.8,334.4,1.3138071028965743,0.3019646469536146,1.4466166676282082,-0.4842721841319862,0.03629687428474426,0.06251267538557558,1.5974044799804688e-05,0.14618897438049316,3.833770751953125e-05,7.349252700805664e-05,0.00031960010528564453,0.036082684993743896,0.14391188621520995,0.8112781244591328,1.7222131217708583,0.9956951230826958,2,4.5,0.4444444444444444,0.3564102564102564,0.5555555555555556,0.6435897435897436,0.6616824069962949,-0.28717948717948716,0.7777777777777778,0.2222222222222222,0.0,0.0,0.0,0.0,2,0.75,chat,tunnel,ikev2,AES_GCM_16_256,PASS,0
chat_01,97,0,10,1684.0,0.42261791229248047,3984.686760826543,23.662035396832202,168.4,85.48122600898982,116.0,376.0,120.0,116.0,116.0,116.0,187.0,282.4,329.1999999999999,1.4771798235218485,0.7842924766689454,1.3567796494470397,-0.4255403866981521,0.04695754581027561,0.06668133161893693,2.09808349609375e-05,0.16335701942443848,7.5531005859375e-05,0.00010085105895996094,0.00012302398681640625,0.09968686103820801,0.15450501441955566,1.224394445405986,1.4200041859972912,0.9827692616671218,2,4.5,0.5,0.40380047505938244,0.5,0.5961995249406176,0.8028267351626234,-0.19239904988123516,0.8,0.2,0.0,0.0,0.0,0.0,2,0.7777777777777778,chat,tunnel,ikev2,AES_GCM_16_256,PASS,0
chat_01,98,0,10,1684.0,0.42261791229248047,3984.686760826543,23.662035396832202,168.4,85.48122600898982,116.0,376.0,120.0,116.0,116.0,116.0,187.0,282.4,329.1999999999999,1.4771798235218485,0.7842924766689454,1.3567796494470397,-0.4255403866981521,0.04695754581027561,0.06668133161893693,2.09808349609375e-05,0.16335701942443848,7.5531005859375e-05,0.00010085105895996094,0.00012302398681640625,0.09968686103820801,0.15450501441955566,1.224394445405986,1.4200041859972912,0.9827692616671218,2,4.5,0.5,0.40380047505938244,0.5,0.5961995249406176,0.8028267351626234,-0.19239904988123516,0.8,0.2,0.0,0.0,0.0,0.0,2,0.7777777777777778,chat,tunnel,ikev2,AES_GCM_16_256,PASS,0
chat_01,101,0,4,572.0,0.21305584907531738,2684.7420640293817,18.774420028177495,143.0,37.66961640367472,116.0,208.0,124.0,117.2,118.4,122.0,145.0,182.8,195.39999999999998,1.1282021686157053,-0.6853559440215617,1.5,-0.9969151597447763,0.07101861635843913,0.10002489632510586,0.0001308917999267578,0.21247506141662598,0.00019469261169433594,0.0002903938293457031,0.00044989585876464844,0.10646247863769531,0.17007002830505372,0.9182958340544896,1.4084122310697342,0.9972740121371364,1,4.0,0.75,0.7832167832167832,0.25,0.21678321678321677,1.0,0.5664335664335665,1.0,0.0,0.0,0.0,0.0,0.0,2,0.6666666666666666,chat,tunnel,ikev2,AES_GCM_16_256,PASS,0
chat_01,102,0,10,1684.0,0.49890589714050293,3375.386039034428,20.043860089278077,168.4,85.48122600898982,116.0,376.0,120.0,116.0,116.0,116.0,187.0,282.4,329.1999999999999,1.4771798235218485,0.7842924766689454,1.3567796494470397,-0.4255403866981521,0.05543398857116699,0.08043859586747482,3.504753112792969e-05,0.21247506141662598,5.984306335449219e-05,0.00010395050048828125,0.00020885467529296875,0.1408710479736328,0.15814709663391113,1.224394445405986,1.4510437891442585,0.9980062726904757,2,5.0,0.5,0.40380047505938244,0.5,0.5961995249406176,1.2499696423517968,-0.19239904988123516,0.8,0.2,0.0,0.0,0.0,0.0,2,0.7777777777777778,chat,tunnel,ikev2,AES_GCM_16_256,PASS,0
chat_01,103,0,6,1112.0,0.14128494262695312,7870.619326619327,42.467370467370465,185.33333333333334,102.54538290706,116.0,376.0,116.0,116.0,116.0,116.0,233.0,324.0,350.0,0.9658905768325902,-0.7836734693877552,1.2516291673878228,-0.6037735849056605,0.028256988525390624,0.056307060250770216,3.504753112792969e-05,0.1408710479736328,4.744529724121094e-05,6.604194641113281e-05,0.00010395050048828125,0.00020885467529296875,0.08460617065429689,0.7219280948873623,1.9926068056888298,0.9970704970704971,1,5.0,0.3333333333333333,0.20863309352517986,0.6666666666666666,0.7913669064748201,0.0066418656107229,-0.5827338129496403,0.6666666666666666,0.3333333333333333,0.0,0.0,0.0,0.0,2,0.8,chat,tunnel,ikev2,AES_GCM_16_256,PASS,0
chat_01,107,0,9,1568.0,0.24293208122253418,6454.478931350602,37.04739182535422,174.22222222222223,88.20402835065954,116.0,376.0,124.0,116.0,116.0,116.0,208.0,292.8,334.4,1.3189389807686012,0.32087835560678357,1.4466166676282082,-0.5058161614232657,0.030366510152816772,0.05324528294441379,5.91278076171875e-05,0.14333605766296387,7.648468017578125e-05,8.624792098999023e-05,0.0004730224609375,0.025053441524505615,0.11126689910888671,1.061278124459133,1.7533634689334239,0.9914665468024823,2,5.0,0.5555555555555556,0.4336734693877551,0.4444444444444444,0.5663265306122449,1.253985410659167,-0.1326530612244898,0.7777777777777778,0.2222222222222222,0.0,0.0,0.0,0.0,2,0.75,chat,tunnel,ikev2,AES_GCM_16_256,PASS,0
chat_01,108,0,10,1684.0,0.4691610336303711,3589.385902254493,21.31464312502668,168.4,85.48122600898982,116.0,376.0,120.0,116.0,116.0,116.0,187.0,282.4,329.1999999999999,1.4771798235218485,0.7842924766689454,1.3567796494470397,-0.4255403866981521,0.052129003736707896,0.07942859993579589,5.91278076171875e-05,0.22622895240783691,7.89642333984375e-05,8.702278137207031e-05,0.0008299350738525391,0.09752297401428223,0.1599146366119385,1.4466166676282082,1.523663806681552,0.9955813688761685,2,5.0,0.5,0.40380047505938244,0.5,0.5961995249406176,0.6536721959658878,-0.19239904988123516,0.8,0.2,0.0,0.0,0.0,0.0,2,0.7777777777777778,chat,tunnel,ikev2,AES_GCM_16_256,PASS,0
chat_02,-1,1,400,67520.0,59.0559561252594,1143.3224424779123,6.773237218471044,168.8,85.67473373171346,116.0,376.0,120.0,116.0,116.0,116.0,212.0,282.40000000000236,376.0,1.4564914221936933,0.7250305027915092,1.3567796494470397,-0.38005330160612905,0.14800991510090075,0.673852595564924,1.4066696166992188e-05,5.178056955337524,5.2928924560546875e-05,8.404254913330078e-05,0.0004680156707763672,0.14135050773620605,0.1700209140777588,0.12741851179235877,4.552722311767013,0.9981258112151148,80,4.975,0.5,0.4052132701421801,0.5,0.5947867298578199,1.0008941585000466,-0.1895734597156398,0.8,0.2,0.0,0.0,0.0,0.0,2,0.7994987468671679,chat,tunnel,ikev2,AES_GCM_16_256,PASS,0
chat_02,0,0,21,3500.0,1.4026141166687012,2495.340634609272,14.97204380765563,166.66666666666666,84.15254478416439,116.0,376.0,124.0,116.0,116.0,116.0,212.0,272.0,376.0,1.5326617016771589,0.9667681030173547,1.3159669973441042,-0.3789345191385475,0.07013070583343506,0.08842851866826579,1.9788742065429688e-05,0.2522268295288086,5.850791931152344e-05,6.604194641113281e-05,0.00023806095123291016,0.1504039764404297,0.1887053966522217,1.7332062193464952,1.260892168775792,0.9979721196194452,4,5.0,0.5238095238095238,0.42628571428571427,0.47619047619047616,0.5737142857142857,1.2181272751656949,-0.14742857142857144,0.8095238095238095,0.19047619047619047,0.0,0.0,0.0,0.0,2,0.8,chat,tunnel,ikev2,AES_GCM_16_256,PASS,0
chat_02,1,0,29,4948.0,1.4360671043395996,3445.5214418934997,20.19404240398373,170.6206896551724,86.56686225631427,116.0,376.0,124.0,116.0,116.0,116.0,212.0,292.79999999999995,376.0,1.4053291262339056,0.5714128275932677,1.3854560156711013,-0.41446365176309236,0.05128811086927142,0.0704708373037282,2.09808349609375e-05,0.1880970001220703,6.46352767944336e-05,7.736682891845703e-05,0.0002269744873046875,0.1400333046913147,0.15160579681396485,1.569201689900517,1.3739921809786926,0.9969045218054814,6,5.0,0.5172413793103449,0.4147130153597413,0.4827586206896552,0.5852869846402587,1.0688492072097964,-0.17057396928051738,0.7931034482758621,0.20689655172413793,0.0,0.0,0.0,0.0,2,0.7857142857142857,chat,tunnel,ikev2,AES_GCM_16_256,PASS,0
chat_02,2,0,29,4940.0,1.3932020664215088,3545.7885966883277,20.81535815869666,170.3448275862069,86.72758613834507,116.0,376.0,116.0,116.0,116.0,116.0,212.0,292.79999999999995,376.0,1.4038152884934163,0.5653580780248073,1.3854560156711013,-0.4089723442702181,0.04975721665791103,0.0678882205503414,2.09808349609375e-05,0.16790294647216797,6.833076477050782e-05,7.736682891845703e-05,0.0002664327621459961,0.1418912410736084,0.14502079486846925,1.4299111709758698,1.3643620111443018,0.9970519446093471,6,4.833333333333333,0.4827586206896552,0.3902834008097166,0.5172413793103449,0.6097165991902834,0.9659167308141496,-0.2194331983805668,0.7931034482758621,0.20689655172413793,0.0,0.0,0.0,0.0,2,0.7857142857142857,chat,tunnel,ikev2,AES_GCM_16_256,PASS,0
chat_02,3,0,11,1804.0,0.5548810958862305,3251.146981532565,19.824066960564423,164.0,83.0859357970573,116.0,376.0,116.0,116.0,116.0,116.0,168.0,272.0,324.0,1.601923885864897,1.1935557683015263,1.2776134368191154,-0.37893451913854753,0.05548810958862305,0.06951686518716717,6.4849853515625e-05,0.16790294647216797,6.871223449707031e-05,9.328126907348633e-05,0.0007984638214111328,0.13182204961776733,0.14710488319396972,1.5709505944546687,1.2528019588445556,0.9965398265831378,2,5.0,0.45454545454545453,0.37915742793791574,0.5454545454545454,0.6208425720620843,0.5484597213840624,-0.24168514412416853,0.8181818181818182,0.18181818181818182,0.0,0.0,0.0,0.0,2,0.8,chat,tunnel,ikev2,AES_GCM_16_256,PASS,0
chat_02,9,0,4,576.0,0.10923910140991211,5272.837221889991,36.61692515201383,144.0,39.395431207184416,116.0,212.0,124.0,117.2,118.4,122.0,146.0,185.60000000000002,198.79999999999995,1.130488513757019,-0.6838133701774898,1.5,-0.9971764649527379,0.03641303380330404,0.05123135896360928,8.606910705566406e-05,0.10886502265930176,0.00012645721435546874,0.00018703937530517578,0.0002880096435546875,0.05457651615142822,0.08714962005615234,0.9182958340544896,1.4069124898478231,0.9965755965969855,1,4.0,0.75,0.7847222222222222,0.25,0.2152777777777778,1.0,0.5694444444444444,1.0,0.0,0.0,0.0,0.0,0.0,2,0.6666666666666666,chat,tunnel,ikev2,AES_GCM_16_256,PASS,0
chat_02,10,0,19,3260.0,0.8014590740203857,4067.581372117673,23.706762598231833,171.57894736842104,87.01743067338423,116.0,376.0,124.0,116.0,116.0,116.0,212.0,292.79999999999995,376.0,1.379186653027564,0.49518130331254584,1.4002582326102067,-0.43500717899392144,0.04452550411224365,0.06431166550563251,2.193450927734375e-05,0.16902709007263184,5.218982696533203e-05,7.176399230957031e-05,0.0002009868621826172,0.10572999715805054,0.14277279376983643,1.5157895841746822,1.4443457169580138,0.9981630568875253,4,5.0,0.5263157894736842,0.4196319018404908,0.47368421052631576,0.5803680981595092,1.0288773907896696,-0.1607361963190184,0.7894736842105263,0.21052631578947367,0.0,0.0,0.0,0.0,2,0.7777777777777778,chat,tunnel,ikev2,AES_GCM_16_256,PASS,0
chat_02,11,0,26,4488.0,1.3160901069641113,3410.1008557481573,19.75548624096526,172.6153846153846,90.11918472568037,116.0,376.0,116.0,116.0,116.0,116.0,212.0,324.0,376.0,1.3298455341863078,0.2636848513705501,1.3708849092838398,-0.4164249243978,0.05264360427856445,0.07087296646227742,1.811981201171875e-05,0.17174291610717773,4.916191101074219e-05,6.699562072753906e-05,0.0002129077911376953,0.14013004302978516,0.15549092292785646,1.4292750707107134,1.3462531903034,0.9957417299235772,5,5.0,0.46153846153846156,0.35650623885918004,0.5384615384615384,0.64349376114082,1.055856494236766,-0.28698752228163993,0.7692307692307693,0.23076923076923078,0.0,0.0,0.0,0.0,2,0.8,chat,tunnel,ikev2,AES_GCM_16_256,PASS,0
chat_02,12,0,25,4068.0,1.4736018180847168,2760.5829132915283,16.965234226226205,162.72,79.33096242955835,116.0,376.0,124.0,116.0,116.0,116.0,212.0,272.0,355.1999999999997,1.6665067561589693,1.5567434690140711,1.291314688649721,-0.3354906480562898,0.06140007575352987,0.07366290501723194,1.811981201171875e-05,0.18651604652404785,6.232261657714845e-05,0.00010675191879272461,0.0020924806594848633,0.14083677530288696,0.16719660758972169,1.7492184835974092,1.1997005608325544,0.9915927461042653,5,4.6,0.52,0.4473942969518191,0.48,0.5526057030481809,0.8099472871531891,-0.10521140609636184,0.84,0.16,0.0,0.0,0.0,0.0,2,0.7916666666666666,chat,tunnel,ikev2,AES_GCM_16_256,PASS,0
chat_02,13,0,20,3376.0,0.9463498592376709,3567.3910309655735,21.133833121833966,168.8,85.67473373171346,116.0,376.0,120.0,116.0,116.0,116.0,212.0,282.40000000000015,376.0,1.4564914221936942,0.7250305027915105,1.3567796494470397,-0.4028218893901181,0.04980788732829847,0.06539914899019565,4.100799560546875e-05,0.1692030429840088,7.920265197753906e-05,0.00010800361633300781,0.0016269683837890625,0.12247037887573242,0.14075703620910646,1.562688039303908,1.3130016046963515,0.9877909816871023,4,4.75,0.5,0.4052132701421801,0.5,0.5947867298578199,0.9599883162582639,-0.1895734597156398,0.8,0.2,0.0,0.0,0.0,0.0,2,0.7894736842105263,chat,tunnel,ikev2,AES_GCM_16_256,PASS,0
chat_02,14,0,6,1112.0,0.14295601844787598,7778.616193101746,41.970950682203664,185.33333333333334,102.54538290706,116.0,376.0,116.0,116.0,116.0,116.0,233.0,324.0,350.0,0.9658905768325902,-0.7836734693877552,1.2516291673878228,-0.6037735849056605,0.028591203689575195,0.05535099569893262,6.794929504394531e-05,0.13928484916687012,0.00014281272888183594,0.0002551078796386719,0.0016269683837890625,0.0017211437225341797,0.08425936698913575,0.7219280948873623,1.9358772167363147,0.9743195891934804,1,5.0,0.3333333333333333,0.20863309352517986,0.6666666666666666,0.7913669064748201,0.03949543618573363,-0.5827338129496403,0.6666666666666666,0.3333333333333333,0.0,0.0,0.0,0.0,2,0.8,chat,tunnel,ikev2,AES_GCM_16_256,PASS,0
chat_02,20,0,10,1688.0,0.40584802627563477,4159.192334850933,24.63976501688941,168.8,85.67473373171346,116.0,376.0,120.0,116.0,116.0,116.0,190.0,282.4,329.1999999999999,1.4564914221936944,0.7250305027915105,1.3567796494470397,-0.4303674785837144,0.04509422514173719,0.06354678909130615,2.193450927734375e-05,0.14543390274047852,6.694793701171875e-05,0.00013518333435058594,0.00030803680419921875,0.1172170639038086,0.14151544570922853,1.224394445405986,1.4091689062772057,0.993442796299016,2,5.0,0.5,0.4052132701421801,0.5,0.5947867298578199,0.9022265403859315,-0.1895734597156398,0.8,0.2,0.0,0.0,0.0,0.0,2,0.7777777777777778,chat,tunnel,ikev2,AES_GCM_16_256,PASS,0
chat_02,21,0,24,3952.0,1.3006000518798828,3038.5974491449488,18.453020946224385,164.66666666666666,80.37965469500905,116.0,376.0,124.0,116.0,116.0,116.0,212.0,272.0,360.39999999999975,1.6043944894808337,1.340003783472791,1.3248893422453545,-0.3520508906111017,0.0565478283426036,0.0709438304817165,2.193450927734375e-05,0.16916203498840332,6.289482116699219e-05,0.0001081228256225586,0.00030803680419921875,0.14094650745391846,0.15619139671325682,1.6514812425365812,1.2545588045060834,0.9923288467771147,5,4.6,0.5416666666666666,0.4605263157894737,0.4583333333333333,0.5394736842105263,0.916164317072005,-0.07894736842105263,0.8333333333333334,0.16666666666666666,0.0,0.0,0.0,0.0,2,0.782608695652174,chat,tunnel,ikev2,AES_GCM_16_256,PASS,0
chat_02,22,0,29,4948.0,1.4272730350494385,3466.750844787458,20.318466956110807,170.6206896551724,86.56686225631427,116.0,376.0,124.0,116.0,116.0,116.0,212.0,292.79999999999995,376.0,1.4053291262339056,0.5714128275932677,1.3854560156711013,-0.41446365176309236,0.05097403696605137,0.06894640886778393,1.5974044799804688e-05,0.17016816139221191,5.0568580627441405e-05,8.338689804077148e-05,0.00045752525329589844,0.1413583755493164,0.15509240627288817,1.483831706844689,1.3525524054784155,0.9915027636731621,6,4.833333333333333,0.5172413793103449,0.4147130153597413,0.4827586206896552,0.5852869846402587,1.0515506267138168,-0.17057396928051738,0.7931034482758621,0.20689655172413793,0.0,0.0,0.0,0.0,2,0.7857142857142857,chat,tunnel,ikev2,AES_GCM_16_256,PASS,0
chat_02,23,0,26,4488.0,1.2550029754638672,3576.087139029428,20.71708235623109,172.6153846153846,90.11918472568037,116.0,376.0,116.0,116.0,116.0,116.0,212.0,324.0,376.0,1.3298455341863078,0.2636848513705501,1.3708849092838398,-0.4164249243978,0.05020011901855469,0.0677427718544662,1.5974044799804688e-05,0.17039704322814941,4.4918060302734376e-05,8.511543273925781e-05,0.0005190372467041016,0.13754010200500488,0.1451047420501709,1.4594705707972522,1.34942752629534,0.9918358453029942,5,5.0,0.46153846153846156,0.35650623885918004,0.5384615384615384,0.64349376114082,1.0506126618943579,-0.28698752228163993,0.7692307692307693,0.23076923076923078,0.0,0.0,0.0,0.0,2,0.8,chat,tunnel,ikev2,AES_GCM_16_256,PASS,0
chat_02,24,0,11,1804.0,0.5546422004699707,3252.5473151364936,19.83260558010057,164.0,83.0859357970573,116.0,376.0,116.0,116.0,116.0,116.0,168.0,272.0,324.0,1.601923885864897,1.1935557683015263,1.2776134368191154,-0.37893451913854753,0.05546422004699707,0.06894175465084539,3.504753112792969e-05,0.17039704322814941,5.3930282592773435e-05,0.0001195669174194336,0.0025174617767333984,0.12716233730316162,0.1477574825286865,1.5709505944546687,1.2429727060025961,0.9902026274771766,2,5.0,0.45454545454545453,0.37915742793791574,0.5454545454545454,0.6208425720620843,0.5559954486107906,-0.24168514412416853,0.8181818181818182,0.18181818181818182,0.0,0.0,0.0,0.0,2,0.8,chat,tunnel,ikev2,AES_GCM_16_256,PASS,0
chat_02,30,0,4,576.0,0.09798097610473633,5878.692200252091,40.824251390639525,144.0,39.395431207184416,116.0,212.0,124.0,117.2,118.4,122.0,146.0,185.60000000000002,198.79999999999995,1.130488513757019,-0.6838133701774898,1.5,-0.9971764649527379,0.032660325368245445,0.04596025994662516,0.00010800361633300781,0.09765791893005371,0.00012941360473632811,0.0001615285873413086,0.00021505355834960938,0.04893648624420166,0.07816934585571289,0.9182958340544896,1.407176819324957,0.9967028581718018,1,4.0,0.75,0.7847222222222222,0.25,0.2152777777777778,1.0,0.5694444444444444,1.0,0.0,0.0,0.0,0.0,0.0,2,0.6666666666666666,chat,tunnel,ikev2,AES_GCM_16_256,PASS,0
chat_02,31,0,19,3260.0,0.8891708850860596,3666.336870313153,21.36822102329752,171.57894736842104,87.01743067338423,116.0,376.0,124.0,116.0,116.0,116.0,212.0,292.79999999999995,376.0,1.379186653027564,0.49518130331254584,1.4002582326102067,-0.43500717899392144,0.04939838250478109,0.07158854183227775,3.4809112548828125e-05,0.18911409378051758,4.1556358337402346e-05,7.957220077514648e-05,0.00018799304962158203,0.12595468759536743,0.15833537578582765,1.5577277787393193,1.4491788804313313,0.9971952991497681,4,5.0,0.5263157894736842,0.4196319018404908,0.47368421052631576,0.5803680981595092,0.9987403116968426,-0.1607361963190184,0.7894736842105263,0.21052631578947367,0.0,0.0,0.0,0.0,2,0.7777777777777778,chat,tunnel,ikev2,AES_GCM_16_256,PASS,0
chat_02,32,0,26,4488.0,1.2940959930419922,3468.0580297990064,20.091245270671607,172.6153846153846,90.11918472568037,116.0,376.0,116.0,116.0,116.0,116.0,212.0,324.0,376.0,1.3298455341863078,0.2636848513705501,1.3708849092838398,-0.4164249243978,0.05176383972167969,0.06974939828526529,3.4809112548828125e-05,0.1737060546875,4.220008850097656e-05,7.009506225585938e-05,0.0001609325408935547,0.13705110549926758,0.14864802360534668,1.6038561897747248,1.3474280739645266,0.9969177380582155,5,5.0,0.46153846153846156,0.35650623885918004,0.5384615384615384,0.64349376114082,1.0558435874473295,-0.28698752228163993,0.7692307692307693,0.23076923076923078,0.0,0.0,0.0,0.0,2,0.8,chat,tunnel,ikev2,AES_GCM_16_256,PASS,0
chat_02,33,0,25,4068.0,1.380626916885376,2946.4875342117775,18.10771591821397,162.72,79.33096242955835,116.0,376.0,124.0,116.0,116.0,116.0,212.0,272.0,355.1999999999997,1.6665067561589693,1.5567434690140711,1.291314688649721,-0.3354906480562898,0.05752612153689066,0.07014322481801531,4.220008850097656e-05,0.17328381538391113,6.21795654296875e-05,9.506940841674805e-05,0.0007768869400024414,0.13821685314178467,0.16211638450622556,1.769644525083787,1.219307049337316,0.9964393330143199,5,4.8,0.52,0.4473942969518191,0.48,0.5526057030481809,0.8051583031039308,-0.10521140609636184,0.84,0.16,0.0,0.0,0.0,0.0,2,0.7916666666666666,chat,tunnel,ikev2,AES_GCM_16_256,PASS,0
chat_02,34,0,20,3376.0,0.9410459995269775,3587.497318618821,21.252946200348465,168.8,85.67473373171346,116.0,376.0,120.0,116.0,116.0,116.0,212.0,282.40000000000015,376.0,1.4564914221936942,0.7250305027915105,1.3567796494470397,-0.4028218893901181,0.049528736817209346,0.06608608570090921,5.3882598876953125e-05,0.16689085960388184,6.079673767089844e-05,9.1552734375e-05,0.0008440017700195312,0.1179039478302002,0.14699206352233887,1.5229571181374095,1.3342708834654513,0.9945412161489402,4,5.0,0.5,0.4052132701421801,0.5,0.5947867298578199,0.9486355487629023,-0.1895734597156398,0.8,0.2,0.0,0.0,0.0,0.0,2,0.7894736842105263,chat,tunnel,ikev2,AES_GCM_16_256,PASS,0
chat_02,35,0,6,1112.0,0.14049482345581055,7914.882361126667,42.7061997902518,185.33333333333334,102.54538290706,116.0,376.0,116.0,116.0,116.0,116.0,233.0,324.0,350.0,0.9658905768325902,-0.7836734693877552,1.2516291673878228,-0.6037735849056605,0.02809896469116211,0.05517987724371611,5.3882598876953125e-05,0.13845586776733398,6.875991821289062e-05,9.107589721679688e-05,0.0008440017700195312,0.0010499954223632812,0.08349351882934572,0.7219280948873623,1.9636991665356458,0.9854873251674082,1,5.0,0.3333333333333333,0.20863309352517986,0.6666666666666666,0.7913669064748201,0.024364889608534793,-0.5827338129496403,0.6666666666666666,0.3333333333333333,0.0,0.0,0.0,0.0,2,0.8,chat,tunnel,ikev2,AES_GCM_16_256,PASS,0
chat_02,41,0,11,1812.0,0.5586090087890625,3243.7715315905925,19.691769783386597,164.72727272727272,82.69669764659828,116.0,376.0,124.0,116.0,116.0,116.0,168.0,272.0,324.0,1.6057558696757124,1.2107746431552266,1.2776134368191154,-0.3789345191385475,0.05586090087890625,0.0694290795811756,1.5974044799804688e-05,0.1699841022491455,4.5800209045410155e-05,9.59634780883789e-05,0.0014334917068481445,0.13149160146713257,0.14437973499298096,1.5709505944546687,1.242869979159488,0.9943217514818761,2,5.0,0.5454545454545454,0.445916114790287,0.45454545454545453,0.5540838852097131,1.5639927176754096,-0.10816777041942605,0.8181818181818182,0.18181818181818182,0.0,0.0,0.0,0.0,2,0.8,chat,tunnel,ikev2,AES_GCM_16_256,PASS,0
chat_02,42,0,21,3500.0,1.2313299179077148,2842.4550959885933,17.054730575931558,166.66666666666666,84.15254478416439,116.0,376.0,124.0,116.0,116.0,116.0,212.0,272.0,376.0,1.5326617016771589,0.9667681030173547,1.3159669973441042,-0.3789345191385475,0.061566495895385744,0.07660220503522332,1.5974044799804688e-05,0.18349003791809082,6.885528564453125e-05,0.00010591745376586914,0.00041961669921875,0.14156609773635864,0.170670485496521,1.5332062193464953,1.2441988084976567,0.996469794592853,4,5.0,0.5238095238095238,0.42628571428571427,0.47619047619047616,0.5737142857142857,1.1556998711769106,-0.14742857142857144,0.8095238095238095,0.19047619047619047,0.0,0.0,0.0,0.0,2,0.8,chat,tunnel,ikev2,AES_GCM_16_256,PASS,0
chat_02,43,0,28,4824.0,1.300534963607788,3709.242838514574,21.529601881925387,172.28571428571428,87.64166374784196,116.0,376.0,120.0,116.0,116.0,116.0,212.0,303.20000000000005,376.0,1.3509984919453342,0.4131326967796314,1.4153804484176566,-0.4306745882438616,0.04816796161510326,0.06956040187374449,3.504753112792969e-05,0.18127799034118652,7.104873657226562e-05,0.00011444091796875,0.0002498626708984375,0.11951994895935059,0.15462007522583013,1.4284601863069835,1.4440917873540788,0.9939417093703408,6,4.833333333333333,0.5,0.3996683250414594,0.5,0.6003316749585407,1.0000169539793144,-0.20066334991708126,0.7857142857142857,0.21428571428571427,0.0,0.0,0.0,0.0,2,0.7777777777777778,chat,tunnel,ikev2,AES_GCM_16_256,PASS,0
chat_02,44,0,28,4824.0,1.262542963027954,3820.8600746786556,22.177463120025365,172.28571428571428,87.64166374784196,116.0,376.0,120.0,116.0,116.0,116.0,212.0,303.20000000000005,376.0,1.3509984919453342,0.4131326967796314,1.4153804484176566,-0.4306745882438616,0.04676085048251682,0.0670948776429762,3.504753112792969e-05,0.18127799034118652,6.380081176757813e-05,0.0001169443130493164,0.0004949569702148438,0.1176825761795044,0.14650840759277345,1.5304930567574824,1.434820841148308,0.9918672288810344,6,4.833333333333333,0.5,0.3996683250414594,0.5,0.6003316749585407,1.0000180308436795,-0.20066334991708126,0.7857142857142857,0.21428571428571427,0.0,0.0,0.0,0.0,2,0.7777777777777778,chat,tunnel,ikev2,AES_GCM_16_256,PASS,0
chat_02,45,0,11,1804.0,0.6285271644592285,2870.202120145632,17.50123243991239,164.0,83.0859357970573,116.0,376.0,116.0,116.0,116.0,116.0,168.0,272.0,324.0,1.601923885864897,1.1935557683015263,1.2776134368191154,-0.37893451913854753,0.06285271644592286,0.08214781671709202,5.2928924560546875e-05,0.22871017456054688,8.4686279296875e-05,0.0001239180564880371,0.0015834569931030273,0.12855052947998047,0.16840209960937497,1.7709505944546688,1.3069683284005829,0.9943297901476121,2,5.0,0.45454545454545453,0.37915742793791574,0.5454545454545454,0.6208425720620843,0.47355529472181357,-0.24168514412416853,0.8181818181818182,0.18181818181818182,0.0,0.0,0.0,0.0,2,0.8,chat,tunnel,ikev2,AES_GCM_16_256,PASS,0
chat_02,52,0,14,2264.0,0.7188479900360107,3149.483661888774,19.47560568305779,161.71428571428572,76.23593881724642,116.0,376.0,124.0,116.0,116.0,116.0,190.0,254.00000000000006,308.4,1.7164997879698662,1.8710715448678368,1.2916919971380596,-0.33215191018140783,0.05529599923353929,0.07164944336321426,2.002716064453125e-05,0.17139482498168945,6.685256958007813e-05,8.58306884765625e-05,0.00017905235290527344,0.14005422592163086,0.16026854515075684,1.5465935642949382,1.2957202805999049,0.9984962191553289,3,4.666666666666667,0.5714285714285714,0.5017667844522968,0.42857142857142855,0.49823321554770317,0.9255235728229579,0.0035335689045936395,0.8571428571428571,0.14285714285714285,0.0,0.0,0.0,0.0,2,0.7692307692307693,chat,tunnel,ikev2,AES_GCM_16_256,PASS,0
chat_02,53,0,29,4940.0,1.454761028289795,3395.746726737259,19.934545561817917,170.3448275862069,86.72758613834507,116.0,376.0,116.0,116.0,116.0,116.0,212.0,292.79999999999995,376.0,1.4038152884934163,0.5653580780248073,1.3854560156711013,-0.4089723442702181,0.05195575101034982,0.07173606927197271,2.002716064453125e-05,0.2032179832458496,3.8194656372070317e-05,6.431341171264648e-05,0.00014960765838623047,0.13980281352996826,0.15240173339843752,1.8140142960531367,1.3806881276637724,0.9987488753152804,6,4.833333333333333,0.4827586206896552,0.3902834008097166,0.5172413793103449,0.6097165991902834,0.9730554121484262,-0.2194331983805668,0.7931034482758621,0.20689655172413793,0.0,0.0,0.0,0.0,2,0.7857142857142857,chat,tunnel,ikev2,AES_GCM_16_256,PASS,0
chat_02,54,0,26,4488.0,1.3312268257141113,3371.326293392937,19.530856423399367,172.6153846153846,90.11918472568037,116.0,376.0,116.0,116.0,116.0,116.0,212.0,324.0,376.0,1.3298455341863078,0.2636848513705501,1.3708849092838398,-0.4164249243978,0.05324907302856445,0.07220106396415417,2.8848648071289062e-05,0.18611383438110352,4.0435791015625e-05,6.198883056640625e-05,8.702278137207031e-05,0.13971900939941406,0.1577760696411133,1.6838561897747248,1.3558866656469,0.9990939488535113,5,5.0,0.46153846153846156,0.35650623885918004,0.5384615384615384,0.64349376114082,1.049945469198204,-0.28698752228163993,0.7692307692307693,0.23076923076923078,0.0,0.0,0.0,0.0,2,0.8,chat,tunnel,ikev2,AES_GCM_16_256,PASS,0
chat_02,55,0,20,3376.0,1.3664071559906006,2470.7130559137845,14.636925686693036,168.8,85.67473373171346,116.0,376.0,120.0,116.0,116.0,116.0,212.0,282.40000000000015,376.0,1.4564914221936942,0.7250305027915105,1.3567796494470397,-0.4028218893901181,0.07191616610476845,0.1047140774544219,1.6927719116210938e-05,0.37611818313598633,5.474090576171875e-05,7.462501525878906e-05,0.00012683868408203125,0.1553574800491333,0.1862198829650879,1.457424881409171,1.4560373152339614,0.997911405557755,4,5.0,0.5,0.4052132701421801,0.5,0.5947867298578199,0.95308507671449,-0.1895734597156398,0.8,0.2,0.0,0.0,0.0,0.0,2,0.7894736842105263,chat,tunnel,ikev2,AES_GCM_16_256,PASS,0
chat_02,56,0,10,1688.0,0.7405312061309814,2279.4447904757644,13.503819848790073,168.8,85.67473373171346,116.0,376.0,120.0,116.0,116.0,116.0,190.0,282.4,329.1999999999999,1.4564914221936944,0.7250305027915105,1.3567796494470397,-0.4303674785837144,0.0822812451256646,0.12742400899006273,1.6927719116210938e-05,0.37611818313598633,4.992485046386719e-05,9.584426879882812e-05,0.00013899803161621094,0.17538213729858398,0.2245388984680176,1.224394445405986,1.5486209545626264,0.9967768969415132,2,5.0,0.5,0.4052132701421801,0.5,0.5947867298578199,1.5199266057270961,-0.1895734597156398,0.8,0.2,0.0,0.0,0.0,0.0,2,0.7777777777777778,chat,tunnel,ikev2,AES_GCM_16_256,PASS,0
chat_02,63,0,19,3260.0,0.8052599430084229,4048.382175600036,23.594865440613706,171.57894736842104,87.01743067338423,116.0,376.0,124.0,116.0,116.0,116.0,212.0,292.79999999999995,376.0,1.379186653027564,0.49518130331254584,1.4002582326102067,-0.43500717899392144,0.044736663500467934,0.06428524088461947,1.4066696166992188e-05,0.1834719181060791,3.283023834228516e-05,8.416175842285156e-05,0.00033652782440185547,0.11652648448944092,0.13159778118133547,1.5157895841746822,1.436937824970387,0.9918410187401647,4,5.0,0.5263157894736842,0.4196319018404908,0.47368421052631576,0.5803680981595092,1.050059471309371,-0.1607361963190184,0.7894736842105263,0.21052631578947367,0.0,0.0,0.0,0.0,2,0.7777777777777778,chat,tunnel,ikev2,AES_GCM_16_256,PASS,0
chat_02,64,0,28,4824.0,1.4382710456848145,3354.0270552433417,19.467818728609778,172.28571428571428,87.64166374784196,116.0,376.0,120.0,116.0,116.0,116.0,212.0,303.20000000000005,376.0,1.3509984919453342,0.4131326967796314,1.4153804484176566,-0.4306745882438616,0.05326929798832646,0.0783475549481058,1.4066696166992188e-05,0.23936200141906738,3.113746643066406e-05,8.440017700195312e-05,0.00036406517028808594,0.12799537181854248,0.17558979988098147,1.6045671308315566,1.4707549592696987,0.9930838488425948,6,4.833333333333333,0.5,0.3996683250414594,0.5,0.6003316749585407,1.0002894434867469,-0.20066334991708126,0.7857142857142857,0.21428571428571427,0.0,0.0,0.0,0.0,2,0.7777777777777778,chat,tunnel,ikev2,AES_GCM_16_256,PASS,0
chat_02,65,0,20,3376.0,1.2497379779815674,2701.3662539507086,16.003354585016048,168.8,85.67473373171346,116.0,376.0,120.0,116.0,116.0,116.0,212.0,282.40000000000015,376.0,1.4564914221936942,0.7250305027915105,1.3567796494470397,-0.4070614127508136,0.06577568305166144,0.08848053938615538,2.002716064453125e-05,0.23936200141906738,6.260871887207032e-05,0.00015747547149658203,0.000514984130859375,0.1554204225540161,0.2021477222442627,1.7732143550933814,1.3451657225807843,0.9954773005587223,4,5.0,0.5,0.4052132701421801,0.5,0.5947867298578199,0.8638084008079064,-0.1895734597156398,0.8,0.2,0.0,0.0,0.0,0.0,2,0.7894736842105263,chat,tunnel,ikev2,AES_GCM_16_256,PASS,0
chat_02,66,0,21,3492.0,1.1694130897521973,2986.113316672355,17.957726131191137,166.28571428571428,84.36267672667694,116.0,376.0,116.0,116.0,116.0,116.0,212.0,272.0,376.0,1.5306290746465807,0.9579981978742049,1.3159669973441042,-0.3789345191385476,0.058470654487609866,0.08725550300079986,4.291534423828125e-05,0.30893802642822266,6.673336029052735e-05,0.0001424551010131836,0.001084446907043457,0.12457883358001709,0.1488305091857911,1.578897902987479,1.4922701224281123,0.9868072044256386,4,5.0,0.47619047619047616,0.3917525773195876,0.5238095238095238,0.6082474226804123,0.8407089366165389,-0.21649484536082475,0.8095238095238095,0.19047619047619047,0.0,0.0,0.0,0.0,2,0.8,chat,tunnel,ikev2,AES_GCM_16_256,PASS,0
chat_02,67,0,11,1804.0,0.39437103271484375,4574.37248263721,27.892515138031765,164.0,83.0859357970573,116.0,376.0,116.0,116.0,116.0,116.0,168.0,272.0,324.0,1.601923885864897,1.1935557683015263,1.2776134368191154,-0.37893451913854753,0.03943710327148438,0.05854542075773527,4.291534423828125e-05,0.14171910285949707,6.651878356933594e-05,0.00015777349472045898,0.0012888908386230469,0.07587850093841553,0.1416686773300171,1.1567796494470395,1.4844887532932243,0.966648570350738,2,5.0,0.45454545454545453,0.37915742793791574,0.5454545454545454,0.6208425720620843,0.7692594984251632,-0.24168514412416853,0.8181818181818182,0.18181818181818182,0.0,0.0,0.0,0.0,2,0.8,chat,tunnel,ikev2,AES_GCM_16_256,PASS,0
chat_02,73,0,9,1572.0,0.2502439022064209,6281.871350868284,35.964912314131396,174.66666666666666,88.38300490227493,116.0,376.0,124.0,116.0,116.0,116.0,212.0,292.8,334.4,1.2983312500237332,0.26913215335431806,1.4466166676282082,-0.5118780369303269,0.03128048777580261,0.05419389375770928,2.193450927734375e-05,0.14318299293518066,5.898475646972657e-05,7.808208465576172e-05,9.906291961669922e-05,0.028017699718475342,0.11575129032135009,1.061278124459133,1.7324589593091624,0.9877477017413316,2,5.0,0.5555555555555556,0.4351145038167939,0.4444444444444444,0.5648854961832062,1.2841527894356197,-0.1297709923664122,0.7777777777777778,0.2222222222222222,0.0,0.0,0.0,0.0,2,0.75,chat,tunnel,ikev2,AES_GCM_16_256,PASS,0
chat_02,74,0,14,2264.0,0.8331079483032227,2717.5349900466704,16.804544991454673,161.71428571428572,76.23593881724642,116.0,376.0,124.0,116.0,116.0,116.0,190.0,254.00000000000006,308.4,1.7164997879698662,1.8710715448678368,1.2916919971380596,-0.33215191018140783,0.06408522679255559,0.08779242894534624,2.193450927734375e-05,0.271359920501709,7.572174072265626e-05,9.894371032714844e-05,0.0001289844512939453,0.14318299293518066,0.16140398979187012,1.7004397181410922,1.3699110298617927,0.9960315461602125,3,4.666666666666667,0.5714285714285714,0.5017667844522968,0.42857142857142855,0.49823321554770317,0.8164289416519848,0.0035335689045936395,0.8571428571428571,0.14285714285714285,0.0,0.0,0.0,0.0,2,0.7692307692307693,chat,tunnel,ikev2,AES_GCM_16_256,PASS,0
chat_02,75,0,15,2380.0,1.2383370399475098,1921.9323360471255,12.113018924666758,158.66666666666666,74.52844348897196,116.0,376.0,124.0,116.0,116.0,116.0,168.0,247.99999999999997,303.1999999999999,1.8220810915681132,2.274944915912143,1.2366407419411674,-0.3061329644222499,0.08845264571053642,0.1139916516783343,4.100799560546875e-05,0.35030698776245117,6.954669952392578e-05,8.559226989746094e-05,0.000885009765625,0.15386897325515747,0.24209880828857433,1.7534343861887849,1.2887162622032644,0.998195789649597,3,4.666666666666667,0.5333333333333333,0.4773109243697479,0.4666666666666667,0.5226890756302521,0.7571301990696849,-0.0453781512605042,0.8666666666666667,0.13333333333333333,0.0,0.0,0.0,0.0,2,0.7857142857142857,chat,tunnel,ikev2,AES_GCM_16_256,PASS,0
chat_02,76,0,25,4372.0,1.2161779403686523,3594.8686905756103,20.556202484993197,174.88,91.17557567682258,116.0,376.0,116.0,116.0,116.0,116.0,212.0,334.40000000000015,376.0,1.2705688725880016,0.10375613701687092,1.4039904575514166,-0.44147296944371883,0.05067408084869385,0.07291392924800211,2.9802322387695312e-05,0.1771700382232666,3.96728515625e-05,6.669759750366211e-05,0.00022399425506591797,0.1356251835823059,0.16982359886169432,1.5016291673878228,1.4388517596194712,0.9969880533697182,5,5.0,0.48,0.36596523330283626,0.52,0.6340347666971637,1.0911927059739772,-0.26806953339432754,0.76,0.24,0.0,0.0,0.0,0.0,2,0.7916666666666666,chat,tunnel,ikev2,AES_GCM_16_256,PASS,0
chat_02,77,0,26,4488.0,1.262869119644165,3553.812449911334,20.58804003959329,172.6153846153846,90.11918472568037,116.0,376.0,116.0,116.0,116.0,116.0,212.0,324.0,376.0,1.3298455341863078,0.2636848513705501,1.3708849092838398,-0.4164249243978,0.0505147647857666,0.06869608639967793,1.5020370483398438e-05,0.17602109909057617,3.838539123535156e-05,6.103515625e-05,0.0004680156707763672,0.1347959041595459,0.15378875732421876,1.653660689688186,1.359894019045592,0.9948038997465856,5,5.0,0.46153846153846156,0.35650623885918004,0.5384615384615384,0.64349376114082,1.0493906376201638,-0.28698752228163993,0.7692307692307693,0.23076923076923078,0.0,0.0,0.0,0.0,2,0.8,chat,tunnel,ikev2,AES_GCM_16_256,PASS,0
chat_02,78,0,11,1804.0,0.5505452156066895,3276.75175237338,19.980193612032807,164.0,83.0859357970573,116.0,376.0,116.0,116.0,116.0,116.0,168.0,272.0,324.0,1.601923885864897,1.1935557683015263,1.2776134368191154,-0.37893451913854753,0.055054521560668944,0.06837369126992135,1.5020370483398438e-05,0.16767001152038574,5.643367767333984e-05,0.00020653009414672852,0.0020765066146850586,0.12924855947494507,0.14398202896118162,1.5709505944546687,1.241904341866534,0.9911123294505261,2,5.0,0.45454545454545453,0.37915742793791574,0.5454545454545454,0.6208425720620843,0.5483722609233349,-0.24168514412416853,0.8181818181818182,0.18181818181818182,0.0,0.0,0.0,0.0,2,0.8,chat,tunnel,ikev2,AES_GCM_16_256,PASS,0
chat_03,-1,1,402,67700.0,192.74034690856934,351.2497569183841,2.0857075669304344,168.40796019900498,84.93645699980667,116.0,372.0,124.0,116.0,116.0,116.0,208.0,362.0000000000034,372.0,1.449633865499075,0.6788367375471083,1.359540059929151,-0.3798928046278412,0.4806492441610208,1.464897140167489,1.4066696166992188e-05,7.873533010482788,5.0067901611328125e-05,8.606910705566406e-05,0.00047707557678222656,0.14680695533752441,0.3985447883605957,0.7400360560907868,3.0477403433435883,0.999404056058532,81,4.938271604938271,0.5,0.4036632200886263,0.5,0.5963367799113737,0.9999145759812457,-0.19267355982274742,0.7985074626865671,0.20149253731343283,0.0,0.0,0.0,0.0,2,0.800498753117207,chat,tunnel,ikev2,AES_GCM_16_256,PASS,0
chat_03,0,0,10,1680.0,0.46196413040161133,3636.6459849154994,21.646702291163688,168.0,84.51272093596324,116.0,372.0,120.0,116.0,116.0,116.0,187.0,281.99999999999994,326.9999999999999,1.4587102216941306,0.7156390912244195,1.3567796494470397,-0.42876410858605035,0.051329347822401256,0.07314204833549207,2.09808349609375e-05,0.1722869873046875,5.7029724121093754e-05,7.486343383789062e-05,0.00036907196044921875,0.1283280849456787,0.16272945404052735,1.224394445405986,1.4249279702634683,0.9978158749557446,2,5.0,0.5,0.40476190476190477,0.5,0.5952380952380952,0.9040403386378351,-0.19047619047619047,0.8,0.2,0.0,0.0,0.0,0.0,2,0.7777777777777778,chat,tunnel,ikev2,AES_GCM_16_256,PASS,0
chat_03,10,0,10,1680.0,0.3894820213317871,4313.421179892826,25.675126070790633,168.0,84.51272093596324,116.0,372.0,120.0,116.0,116.0,116.0,187.0,281.99999999999994,326.9999999999999,1.4587102216941306,0.7156390912244195,1.3567796494470397,-0.42876410858605035,0.043275780147976346,0.06108783056135395,4.100799560546875e-05,0.1415109634399414,8.735656738281251e-05,0.00010204315185546875,0.0012090206146240234,0.10544395446777344,0.13941669464111328,1.224394445405986,1.4115613581342294,0.9906697208506825,2,5.0,0.5,0.40476190476190477,0.5,0.5952380952380952,0.8822245826367379,-0.19047619047619047,0.8,0.2,0.0,0.0,0.0,0.0,2,0.7777777777777778,chat,tunnel,ikev2,AES_GCM_16_256,PASS,0
chat_03,11,0,10,1680.0,0.3894820213317871,4313.421179892826,25.675126070790633,168.0,84.51272093596324,116.0,372.0,120.0,116.0,116.0,116.0,187.0,281.99999999999994,326.9999999999999,1.4587102216941306,0.7156390912244195,1.3567796494470397,-0.42876410858605035,0.043275780147976346,0.06108783056135395,4.100799560546875e-05,0.1415109634399414,8.735656738281251e-05,0.00010204315185546875,0.0012090206146240234,0.10544395446777344,0.13941669464111328,1.224394445405986,1.4115613581342294,0.9906697208506825,2,5.0,0.5,0.40476190476190477,0.5,0.5952380952380952,0.8822245826367379,-0.19047619047619047,0.8,0.2,0.0,0.0,0.0,0.0,2,0.7777777777777778,chat,tunnel,ikev2,AES_GCM_16_256,PASS,0
chat_03,18,0,9,1564.0,0.28360486030578613,5514.715080389231,31.734293940858745,173.77777777777777,87.19044006946044,116.0,372.0,124.0,116.0,116.0,116.0,208.0,292.0,331.99999999999994,1.3004798617268125,0.25907903418408607,1.4466166676282082,-0.5098685561013155,0.03545060753822327,0.059184989420052084,1.4781951904296875e-05,0.14188218116760254,4.448890686035157e-05,7.045269012451172e-05,0.0005689859390258789,0.038430869579315186,0.13622117042541504,0.8112781244591328,1.6694585529369839,0.9720468254135054,2,4.5,0.5555555555555556,0.43478260869565216,0.4444444444444444,0.5652173913043478,1.4296154063816402,-0.13043478260869565,0.7777777777777778,0.2222222222222222,0.0,0.0,0.0,0.0,2,0.75,chat,tunnel,ikev2,AES_GCM_16_256,PASS,0
chat_03,19,0,10,1680.0,0.5285069942474365,3178.7658787604564,18.92122546881224,168.0,84.51272093596324,116.0,372.0,120.0,116.0,116.0,116.0,187.0,281.99999999999994,326.9999999999999,1.4587102216941306,0.7156390912244195,1.3567796494470397,-0.42876410858605035,0.05872299936082628,0.0862930457502136,1.4781951904296875e-05,0.2449021339416504,4.8732757568359376e-05,7.486343383789062e-05,0.0010290145874023438,0.13379502296447754,0.16248617172241214,1.224394445405986,1.469468133803198,0.9849999030098087,2,4.5,0.5,0.40476190476190477,0.5,0.5952380952380952,0.7185036353709616,-0.19047619047619047,0.8,0.2,0.0,0.0,0.0,0.0,2,0.7777777777777778,chat,tunnel,ikev2,AES_GCM_16_256,PASS,0
chat_03,25,0,9,1564.0,0.3119790554046631,5013.1570466208395,28.84809042173117,173.77777777777777,87.19044006946044,116.0,372.0,124.0,116.0,116.0,116.0,208.0,292.0,331.99999999999994,1.3004798617268125,0.25907903418408607,1.4466166676282082,-0.5098685561013155,0.038997381925582886,0.06747625986491981,2.4080276489257812e-05,0.16443300247192383,3.24249267578125e-05,4.798173904418945e-05,7.903575897216797e-05,0.037053465843200684,0.15209476947784423,1.061278124459133,1.7302322951162104,0.997630938415862,2,5.0,0.5555555555555556,0.43478260869565216,0.4444444444444444,0.5652173913043478,1.5908631940235727,-0.13043478260869565,0.7777777777777778,0.2222222222222222,0.0,0.0,0.0,0.0,2,0.75,chat,tunnel,ikev2,AES_GCM_16_256,PASS,0
chat_03,26,0,10,1680.0,0.5286691188812256,3177.7910606074956,18.91542297980652,168.0,84.51272093596324,116.0,372.0,120.0,116.0,116.0,116.0,187.0,281.99999999999994,326.9999999999999,1.4587102216941306,0.7156390912244195,1.3567796494470397,-0.42876410858605035,0.05874101320902506,0.08465010038278141,2.4080276489257812e-05,0.2166900634765625,3.361701965332031e-05,5.1975250244140625e-05,8.606910705566406e-05,0.14680695533752441,0.17488441467285157,1.4466166676282082,1.4410486763803296,0.9986019656363153,2,5.0,0.5,0.40476190476190477,0.5,0.5952380952380952,0.8565203044633553,-0.19047619047619047,0.8,0.2,0.0,0.0,0.0,0.0,2,0.7777777777777778,chat,tunnel,ikev2,AES_GCM_16_256,PASS,0
chat_03,29,0,10,1680.0,0.5983591079711914,2807.6784954377017,16.712371996652987,168.0,84.51272093596324,116.0,372.0,120.0,116.0,116.0,116.0,187.0,281.99999999999994,326.9999999999999,1.4587102216941306,0.7156390912244195,1.3567796494470397,-0.42876410858605035,0.06648434533013238,0.10239784061763825,1.71661376953125e-05,0.30318212509155273,4.5013427734375e-05,7.200241088867188e-05,0.0003249645233154297,0.1392519474029541,0.18148927688598634,1.224394445405986,1.5401565579479612,0.9918795075108578,2,5.0,0.5,0.40476190476190477,0.5,0.5952380952380952,1.5553412556913948,-0.19047619047619047,0.8,0.2,0.0,0.0,0.0,0.0,2,0.7777777777777778,chat,tunnel,ikev2,AES_GCM_16_256,PASS,0
chat_03,30,0,9,1556.0,0.29517698287963867,5271.4137288762595,30.490182236430808,172.88888888888889,87.73247776234858,116.0,372.0,116.0,116.0,116.0,116.0,208.0,292.0,331.99999999999994,1.295478906719742,0.24055213687621668,1.4466166676282082,-0.48794149250815566,0.036897122859954834,0.06258872807504272,1.71661376953125e-05,0.15106606483459473,4.153251647949219e-05,6.699562072753906e-05,0.00025141239166259766,0.03797423839569092,0.14279618263244628,0.8112781244591328,1.6962577828849295,0.9835387888490237,2,4.5,0.4444444444444444,0.35732647814910024,0.5555555555555556,0.6426735218508998,0.7039885905267173,-0.2853470437017995,0.7777777777777778,0.2222222222222222,0.0,0.0,0.0,0.0,2,0.75,chat,tunnel,ikev2,AES_GCM_16_256,PASS,0
chat_03,36,0,10,1680.0,0.5386960506439209,3118.641760955629,18.563343815212075,168.0,84.51272093596324,116.0,372.0,120.0,116.0,116.0,116.0,187.0,281.99999999999994,326.9999999999999,1.4587102216941306,0.7156390912244195,1.3567796494470397,-0.42876410858605035,0.059855116738213435,0.0858444930021461,3.790855407714844e-05,0.23179388046264648,7.491111755371093e-05,0.0001227855682373047,0.00015306472778320312,0.14960122108459473,0.1661139488220215,1.224394445405986,1.434180793545217,0.9858788955743752,2,4.5,0.5,0.40476190476190477,0.5,0.5952380952380952,0.7887512037208039,-0.19047619047619047,0.8,0.2,0.0,0.0,0.0,0.0,2,0.7777777777777778,chat,tunnel,ikev2,AES_GCM_16_256,PASS,0
chat_03,37,0,9,1556.0,0.38909482955932617,3999.025126502621,23.130608058177113,172.88888888888889,87.73247776234858,116.0,372.0,116.0,116.0,116.0,116.0,208.0,292.0,331.99999999999994,1.295478906719742,0.24055213687621668,1.4466166676282082,-0.48794149250815566,0.04863685369491577,0.08460373378147909,3.790855407714844e-05,0.23179388046264648,7.028579711914063e-05,0.0001131296157836914,0.0001480579376220703,0.042723000049591064,0.1743239402770996,1.061278124459133,1.7394627302463166,0.9804495392718793,2,4.0,0.4444444444444444,0.35732647814910024,0.5555555555555556,0.6426735218508998,0.5386057957098954,-0.2853470437017995,0.7777777777777778,0.2222222222222222,0.0,0.0,0.0,0.0,2,0.75,chat,tunnel,ikev2,AES_GCM_16_256,PASS,0
chat_03,44,0,9,1564.0,0.3294248580932617,4747.668433561939,27.320342648374332,173.77777777777777,87.19044006946044,116.0,372.0,124.0,116.0,116.0,116.0,208.0,292.0,331.99999999999994,1.3004798617268125,0.25907903418408607,1.4466166676282082,-0.5098685561013155,0.041178107261657715,0.06967270075814412,1.4066696166992188e-05,0.17638897895812988,3.359317779541016e-05,6.306171417236328e-05,0.0002874135971069336,0.04137676954269409,0.15494089126586913,1.061278124459133,1.6919429631010257,0.9778795519748023,2,4.5,0.5555555555555556,0.43478260869565216,0.4444444444444444,0.5652173913043478,1.6186463533624957,-0.13043478260869565,0.7777777777777778,0.2222222222222222,0.0,0.0,0.0,0.0,2,0.75,chat,tunnel,ikev2,AES_GCM_16_256,PASS,0
chat_03,45,0,10,1680.0,0.5169298648834229,3249.9573232799594,19.344984067142615,168.0,84.51272093596324,116.0,372.0,120.0,116.0,116.0,116.0,187.0,281.99999999999994,326.9999999999999,1.4587102216941306,0.7156390912244195,1.3567796494470397,-0.42876410858605035,0.05743665165371365,0.08018505054723232,1.4066696166992188e-05,0.18750500679016113,3.6382675170898436e-05,7.009506225585938e-05,0.0003998279571533203,0.14574885368347168,0.17861218452453614,1.224394445405986,1.396036367062161,0.9859032608740772,2,4.5,0.5,0.40476190476190477,0.5,0.5952380952380952,0.967346366685798,-0.19047619047619047,0.8,0.2,0.0,0.0,0.0,0.0,2,0.7777777777777778,chat,tunnel,ikev2,AES_GCM_16_256,PASS,0
chat_03,55,0,10,1680.0,0.4174988269805908,4023.963401645921,23.952163105035243,168.0,84.51272093596324,116.0,372.0,120.0,116.0,116.0,116.0,187.0,281.99999999999994,326.9999999999999,1.4587102216941306,0.7156390912244195,1.3567796494470397,-0.42876410858605035,0.04638875855339898,0.06492315428934547,4.1961669921875e-05,0.14610791206359863,8.12530517578125e-05,9.322166442871094e-05,0.0013718605041503906,0.12463879585266113,0.14352631568908691,1.224394445405986,1.3995148134822217,0.9907276327052961,2,5.0,0.5,0.40476190476190477,0.5,0.5952380952380952,0.9376976384825232,-0.19047619047619047,0.8,0.2,0.0,0.0,0.0,0.0,2,0.7777777777777778,chat,tunnel,ikev2,AES_GCM_16_256,PASS,0
chat_03,56,0,10,1680.0,0.4174988269805908,4023.963401645921,23.952163105035243,168.0,84.51272093596324,116.0,372.0,120.0,116.0,116.0,116.0,187.0,281.99999999999994,326.9999999999999,1.4587102216941306,0.7156390912244195,1.3567796494470397,-0.42876410858605035,0.04638875855339898,0.06492315428934547,4.1961669921875e-05,0.14610791206359863,8.12530517578125e-05,9.322166442871094e-05,0.0013718605041503906,0.12463879585266113,0.14352631568908691,1.224394445405986,1.3995148134822217,0.9907276327052961,2,5.0,0.5,0.40476190476190477,0.5,0.5952380952380952,0.9376976384825232,-0.19047619047619047,0.8,0.2,0.0,0.0,0.0,0.0,2,0.7777777777777778,chat,tunnel,ikev2,AES_GCM_16_256,PASS,0
chat_03,59,0,4,572.0,0.121337890625,4714.108651911469,32.96579476861167,143.0,37.66961640367472,116.0,208.0,124.0,117.2,118.4,122.0,145.0,182.8,195.39999999999998,1.1282021686157053,-0.6853559440215617,1.5,-0.9969151597447763,0.040445963541666664,0.05704649003177315,0.00010585784912109375,0.12112188339233398,0.00010671615600585938,0.00010800361633300781,0.00011014938354492188,0.06061601638793945,0.09691953659057617,0.9182958340544896,1.4104022907184712,0.9982197874748491,1,4.0,0.75,0.7832167832167832,0.25,0.21678321678321677,1.0,0.5664335664335665,1.0,0.0,0.0,0.0,0.0,0.0,2,0.6666666666666666,chat,tunnel,ikev2,AES_GCM_16_256,PASS,0
chat_03,60,0,10,1680.0,0.42595887184143066,3944.0427493323914,23.47644493650233,168.0,84.51272093596324,116.0,372.0,120.0,116.0,116.0,116.0,187.0,281.99999999999994,326.9999999999999,1.4587102216941306,0.7156390912244195,1.3567796494470397,-0.42876410858605035,0.04732876353793674,0.06709808358055824,1.5974044799804688e-05,0.15825104713439941,5.202293395996094e-05,0.00010585784912109375,0.00021791458129882812,0.12112188339233398,0.14748139381408693,1.224394445405986,1.4176720643612848,0.9957813748005291,2,5.0,0.5,0.40476190476190477,0.5,0.5952380952380952,0.8781884157672385,-0.19047619047619047,0.8,0.2,0.0,0.0,0.0,0.0,2,0.7777777777777778,chat,tunnel,ikev2,AES_GCM_16_256,PASS,0
chat_03,61,0,6,1108.0,0.15983200073242188,6932.27886107067,37.53941621518413,184.66666666666666,101.30920765436652,116.0,372.0,116.0,116.0,116.0,116.0,233.0,322.0,347.0,0.9529546392447656,-0.8187018872846368,1.2516291673878228,-0.6070611123826963,0.03196640014648437,0.06314403466269806,1.5974044799804688e-05,0.15825104713439941,3.399848937988282e-05,6.103515625e-05,0.00021791458129882812,0.0012860298156738281,0.0954650402069092,0.7219280948873623,1.975263373729263,0.9901086541444903,1,5.0,0.3333333333333333,0.20938628158844766,0.6666666666666666,0.7906137184115524,0.004389938843686371,-0.5812274368231047,0.6666666666666666,0.3333333333333333,0.0,0.0,0.0,0.0,2,0.8,chat,tunnel,ikev2,AES_GCM_16_256,PASS,0
chat_03,71,0,10,1680.0,0.4228551387786865,3972.9918024699155,23.648760728987593,168.0,84.51272093596324,116.0,372.0,120.0,116.0,116.0,116.0,187.0,281.99999999999994,326.9999999999999,1.4587102216941306,0.7156390912244195,1.3567796494470397,-0.42876410858605035,0.04698390430874295,0.06621075419848949,1.6927719116210938e-05,0.15274500846862793,5.145072937011719e-05,8.606910705566406e-05,0.00012302398681640625,0.11751818656921387,0.1496650218963623,1.224394445405986,1.4091920622719878,0.9912572459253387,2,5.0,0.5,0.40476190476190477,0.5,0.5952380952380952,0.8972268919153895,-0.19047619047619047,0.8,0.2,0.0,0.0,0.0,0.0,2,0.7777777777777778,chat,tunnel,ikev2,AES_GCM_16_256,PASS,0
chat_03,72,0,9,1556.0,0.30533695220947266,5096.009469998657,29.475633181226165,172.88888888888889,87.73247776234858,116.0,372.0,116.0,116.0,116.0,116.0,208.0,292.0,331.99999999999994,1.295478906719742,0.24055213687621668,1.4466166676282082,-0.48794149250815566,0.03816711902618408,0.06505555812923038,1.6927719116210938e-05,0.15274500846862793,4.713535308837891e-05,7.957220077514648e-05,0.0001214742660522461,0.039691925048828125,0.1500500202178955,0.8112781244591328,1.70444758057375,0.9878923318622352,2,4.5,0.4444444444444444,0.35732647814910024,0.5555555555555556,0.6426735218508998,0.6825982641730987,-0.2853470437017995,0.7777777777777778,0.2222222222222222,0.0,0.0,0.0,0.0,2,0.75,chat,tunnel,ikev2,AES_GCM_16_256,PASS,0
chat_03,80,0,9,1564.0,0.22398114204406738,6982.730714411168,40.18195423893895,173.77777777777777,87.19044006946044,116.0,372.0,124.0,116.0,116.0,116.0,208.0,292.0,331.99999999999994,1.3004798617268125,0.25907903418408607,1.4466166676282082,-0.5098685561013155,0.027997642755508423,0.04861313438372888,4.00543212890625e-05,0.1219329833984375,4.839897155761719e-05,6.181001663208008e-05,9.953975677490234e-05,0.025502026081085205,0.10765361785888672,1.061278124459133,1.7362675329740682,0.9977039635103705,2,5.0,0.5555555555555556,0.43478260869565216,0.4444444444444444,0.5652173913043478,1.648648218132227,-0.13043478260869565,0.7777777777777778,0.2222222222222222,0.0,0.0,0.0,0.0,2,0.75,chat,tunnel,ikev2,AES_GCM_16_256,PASS,0
chat_03,81,0,10,1680.0,0.4081611633300781,4116.021196855987,24.500126171761824,168.0,84.51272093596324,116.0,372.0,120.0,116.0,116.0,116.0,187.0,281.99999999999994,326.9999999999999,1.4587102216941306,0.7156390912244195,1.3567796494470397,-0.42876410858605035,0.04535124037000868,0.06715529588518034,4.00543212890625e-05,0.18418002128601074,4.9591064453125e-05,6.508827209472656e-05,0.00013208389282226562,0.10153388977050781,0.13438239097595217,1.4466166676282082,1.48074924937093,0.99874003476733,2,5.0,0.5,0.40476190476190477,0.5,0.5952380952380952,0.7825155861145999,-0.19047619047619047,0.8,0.2,0.0,0.0,0.0,0.0,2,0.7777777777777778,chat,tunnel,ikev2,AES_GCM_16_256,PASS,0
chat_03,83,0,9,1564.0,0.23818397521972656,6566.352747103149,37.78591734266518,173.77777777777777,87.19044006946044,116.0,372.0,124.0,116.0,116.0,116.0,208.0,292.0,331.99999999999994,1.3004798617268125,0.25907903418408607,1.4466166676282082,-0.5098685561013155,0.02977299690246582,0.051959406407264055,1.9073486328125e-05,0.14053893089294434,6.246566772460938e-05,8.767843246459961e-05,0.00014698505401611328,0.025617778301239014,0.10831589698791504,1.061278124459133,1.7451270172920883,0.9868210318953851,2,5.0,0.5555555555555556,0.43478260869565216,0.4444444444444444,0.5652173913043478,1.2440744836384952,-0.13043478260869565,0.7777777777777778,0.2222222222222222,0.0,0.0,0.0,0.0,2,0.75,chat,tunnel,ikev2,AES_GCM_16_256,PASS,0
chat_03,84,0,12,2180.0,0.44737887382507324,4872.827322759072,26.822902694086633,181.66666666666666,96.78096690752554,116.0,372.0,124.0,116.0,116.0,116.0,224.0,362.00000000000006,372.0,1.1575425019892274,-0.32594796256668657,1.4182958340544896,-0.4872926792754308,0.04067080671137029,0.06934237680798086,1.9073486328125e-05,0.20588207244873047,8.106231689453125e-05,9.989738464355469e-05,0.00018405914306640625,0.04884541034698486,0.14053893089294434,1.2776134368191154,1.7049249201067669,0.9855785654027327,3,4.666666666666667,0.5,0.3706422018348624,0.5,0.6293577981651376,1.2587757500791739,-0.25871559633027524,0.75,0.25,0.0,0.0,0.0,0.0,2,0.8181818181818182,chat,tunnel,ikev2,AES_GCM_16_256,PASS,0
chat_03,85,0,3,616.0,0.003312826156616211,185943.9556675063,905.5712126664267,205.33333333333334,117.95290962451452,116.0,372.0,128.0,117.2,118.4,122.0,250.0,323.2,347.59999999999997,0.7016217506445768,-1.5000000000000002,0.9182958340544896,0.0,0.0016564130783081055,0.0015283823013305664,0.00012803077697753906,0.003184795379638672,0.0004337072372436524,0.0008922219276428223,0.0016564130783081055,0.0024206042289733887,0.0028791189193725585,1.0,0.922149294785791,0.0,1,3.0,0.3333333333333333,0.2077922077922078,0.6666666666666666,0.7922077922077922,1.0,-0.5844155844155844,0.6666666666666666,0.3333333333333333,0.0,0.0,0.0,0.0,2,1.0,chat,tunnel,ikev2,AES_GCM_16_256,PASS,0
chat_03,90,0,9,1564.0,0.2602090835571289,6010.55112534772,34.587570414405036,173.77777777777777,87.19044006946044,116.0,372.0,124.0,116.0,116.0,116.0,208.0,292.0,331.99999999999994,1.3004798617268125,0.25907903418408607,1.4466166676282082,-0.5098685561013155,0.03252613544464111,0.05677590622419814,4.9114227294921875e-05,0.1541590690612793,6.363391876220703e-05,7.683038711547852e-05,0.00015294551849365234,0.027982473373413086,0.1178955554962158,1.061278124459133,1.7454935839901033,0.9857961729747956,2,5.0,0.5555555555555556,0.43478260869565216,0.4444444444444444,0.5652173913043478,1.2369007437542139,-0.13043478260869565,0.7777777777777778,0.2222222222222222,0.0,0.0,0.0,0.0,2,0.75,chat,tunnel,ikev2,AES_GCM_16_256,PASS,0
chat_03,91,0,10,1680.0,0.43774890899658203,3837.8165324293645,22.844146026365266,168.0,84.51272093596324,116.0,372.0,120.0,116.0,116.0,116.0,187.0,281.99999999999994,326.9999999999999,1.4587102216941306,0.7156390912244195,1.3567796494470397,-0.42876410858605035,0.04863876766628689,0.07030129305951066,4.9114227294921875e-05,0.17753982543945312,6.570816040039063e-05,7.915496826171875e-05,0.00020384788513183594,0.10235404968261719,0.15883522033691408,1.4466166676282082,1.4453459881190542,0.9915568840098211,2,5.0,0.5,0.40476190476190477,0.5,0.5952380952380952,0.775819822671337,-0.19047619047619047,0.8,0.2,0.0,0.0,0.0,0.0,2,0.7777777777777778,chat,tunnel,ikev2,AES_GCM_16_256,PASS,0
chat_03,100,0,10,1680.0,0.40949296951293945,4102.634538508028,24.4204436815954,168.0,84.51272093596324,116.0,372.0,120.0,116.0,116.0,116.0,187.0,281.99999999999994,326.9999999999999,1.4587102216941306,0.7156390912244195,1.3567796494470397,-0.42876410858605035,0.04549921883477105,0.06553157984457314,3.0994415283203125e-05,0.1565239429473877,5.178451538085938e-05,7.009506225585938e-05,0.0004038810729980469,0.1026759147644043,0.1506056308746338,1.224394445405986,1.440247575128017,0.9971499902767799,2,5.0,0.5,0.40476190476190477,0.5,0.5952380952380952,0.8485953379890635,-0.19047619047619047,0.8,0.2,0.0,0.0,0.0,0.0,2,0.7777777777777778,chat,tunnel,ikev2,AES_GCM_16_256,PASS,0
chat_03,101,0,10,1680.0,0.40949296951293945,4102.634538508028,24.4204436815954,168.0,84.51272093596324,116.0,372.0,120.0,116.0,116.0,116.0,187.0,281.99999999999994,326.9999999999999,1.4587102216941306,0.7156390912244195,1.3567796494470397,-0.42876410858605035,0.04549921883477105,0.06553157984457314,3.0994415283203125e-05,0.1565239429473877,5.178451538085938e-05,7.009506225585938e-05,0.0004038810729980469,0.1026759147644043,0.1506056308746338,1.224394445405986,1.440247575128017,0.9971499902767799,2,5.0,0.5,0.40476190476190477,0.5,0.5952380952380952,0.8485953379890635,-0.19047619047619047,0.8,0.2,0.0,0.0,0.0,0.0,2,0.7777777777777778,chat,tunnel,ikev2,AES_GCM_16_256,PASS,0
chat_03,106,0,10,1680.0,0.4172940254211426,4025.9383016675256,23.9639184623067,168.0,84.51272093596324,116.0,372.0,120.0,116.0,116.0,116.0,187.0,281.99999999999994,326.9999999999999,1.4587102216941306,0.7156390912244195,1.3567796494470397,-0.42876410858605035,0.0463660028245714,0.06713918556445651,4.00543212890625e-05,0.15839290618896484,4.863739013671875e-05,6.508827209472656e-05,0.00012493133544921875,0.1021571159362793,0.1566242218017578,1.224394445405986,1.4479949419736324,0.9986533413930975,2,5.0,0.5,0.40476190476190477,0.5,0.5952380952380952,0.8215408137756014,-0.19047619047619047,0.8,0.2,0.0,0.0,0.0,0.0,2,0.7777777777777778,chat,tunnel,ikev2,AES_GCM_16_256,PASS,0
chat_03,107,0,9,1556.0,0.3151369094848633,4937.5365219628075,28.55901587253552,172.88888888888889,87.73247776234858,116.0,372.0,116.0,116.0,116.0,116.0,208.0,292.0,331.99999999999994,1.295478906719742,0.24055213687621668,1.4466166676282082,-0.48794149250815566,0.03939211368560791,0.0680691769491733,4.00543212890625e-05,0.15839290618896484,4.756450653076172e-05,6.151199340820312e-05,0.00011491775512695312,0.039177656173706055,0.1568453073501587,0.8112781244591328,1.7279460946506002,0.9982167985595182,2,4.5,0.4444444444444444,0.35732647814910024,0.5555555555555556,0.6426735218508998,0.662726183353513,-0.2853470437017995,0.7777777777777778,0.2222222222222222,0.0,0.0,0.0,0.0,2,0.75,chat,tunnel,ikev2,AES_GCM_16_256,PASS,0
chat_03,110,0,10,1680.0,0.4327681064605713,3881.986622674242,23.10706323020382,168.0,84.51272093596324,116.0,372.0,120.0,116.0,116.0,116.0,187.0,281.99999999999994,326.9999999999999,1.4587102216941306,0.7156390912244195,1.3567796494470397,-0.42876410858605035,0.0480853451622857,0.07099140157194327,9.989738464355469e-05,0.1889958381652832,0.00011038780212402344,0.00014090538024902344,0.0006589889526367188,0.09490609169006348,0.15493688583374024,1.4466166676282082,1.4763318221078296,0.9943525670725627,2,5.0,0.5,0.40476190476190477,0.5,0.5952380952380952,0.8475133520138581,-0.19047619047619047,0.8,0.2,0.0,0.0,0.0,0.0,2,0.7777777777777778,chat,tunnel,ikev2,AES_GCM_16_256,PASS,0
chat_03,111,0,10,1680.0,0.4327681064605713,3881.986622674242,23.10706323020382,168.0,84.51272093596324,116.0,372.0,120.0,116.0,116.0,116.0,187.0,281.99999999999994,326.9999999999999,1.4587102216941306,0.7156390912244195,1.3567796494470397,-0.42876410858605035,0.0480853451622857,0.07099140157194327,9.989738464355469e-05,0.1889958381652832,0.00011038780212402344,0.00014090538024902344,0.0006589889526367188,0.09490609169006348,0.15493688583374024,1.4466166676282082,1.4763318221078296,0.9943525670725627,2,5.0,0.5,0.40476190476190477,0.5,0.5952380952380952,0.8475133520138581,-0.19047619047619047,0.8,0.2,0.0,0.0,0.0,0.0,2,0.7777777777777778,chat,tunnel,ikev2,AES_GCM_16_256,PASS,0
chat_03,115,0,10,1680.0,0.4756789207458496,3531.794087839362,21.022583856186678,168.0,84.51272093596324,116.0,372.0,120.0,116.0,116.0,116.0,187.0,281.99999999999994,326.9999999999999,1.4587102216941306,0.7156390912244195,1.3567796494470397,-0.42876410858605035,0.05285321341620551,0.07562671899040976,5.984306335449219e-05,0.19330596923828125,8.711814880371093e-05,0.0001289844512939453,0.00047707557678222656,0.1391289234161377,0.15148582458496096,1.224394445405986,1.430855065326202,0.9953471983447795,2,5.0,0.5,0.40476190476190477,0.5,0.5952380952380952,1.191846556643245,-0.19047619047619047,0.8,0.2,0.0,0.0,0.0,0.0,2,0.7777777777777778,chat,tunnel,ikev2,AES_GCM_16_256,PASS,0
chat_03,116,0,13,2128.0,1.2660131454467773,1680.8672229457986,10.268455779274145,163.69230769230768,77.17251863931935,116.0,372.0,124.0,116.0,116.0,116.0,208.0,259.20000000000005,311.9999999999999,1.6142347560614687,1.4820669264635136,1.3520301017579528,-0.35578767118895976,0.10550109545389812,0.23970280032157362,5.984306335449219e-05,0.8791680335998535,9.474754333496093e-05,0.00010883808135986328,0.0003031492233276367,0.11297649145126343,0.14084060192108155,1.188721875540867,2.272019330898674,0.9980834433763638,3,4.333333333333333,0.5384615384615384,0.4718045112781955,0.46153846153846156,0.5281954887218046,0.8334085221720695,-0.05639097744360902,0.8461538461538461,0.15384615384615385,0.0,0.0,0.0,0.0,2,0.75,chat,tunnel,ikev2,AES_GCM_16_256,PASS,0
chat_03,117,0,10,1680.0,0.4745960235595703,3539.852667537426,21.070551592484676,168.0,84.51272093596324,116.0,372.0,120.0,116.0,116.0,116.0,187.0,281.99999999999994,326.9999999999999,1.4587102216941306,0.7156390912244195,1.3567796494470397,-0.42876410858605035,0.052732891506618924,0.08040362022123403,6.890296936035156e-05,0.23000788688659668,7.710456848144531e-05,0.00010204315185546875,0.00011110305786132812,0.10425901412963867,0.15753111839294434,1.4466166676282082,1.5247048515496362,0.9980674168592384,2,5.0,0.5,0.40476190476190477,0.5,0.5952380952380952,0.9050688115960751,-0.19047619047619047,0.8,0.2,0.0,0.0,0.0,0.0,2,0.7777777777777778,chat,tunnel,ikev2,AES_GCM_16_256,PASS,0
chat_03,118,0,6,1108.0,0.14011597633361816,7907.734927827473,42.821669284264296,184.66666666666666,101.30920765436652,116.0,372.0,116.0,116.0,116.0,116.0,233.0,322.0,347.0,0.9529546392447656,-0.8187018872846368,1.2516291673878228,-0.6070611123826963,0.028023195266723634,0.055694541461731965,6.890296936035156e-05,0.13941192626953125,7.300376892089843e-05,7.915496826171875e-05,0.00011014938354492188,0.0004458427429199219,0.08382549285888674,0.7219280948873623,1.9873734439705582,0.9949752334993508,1,5.0,0.3333333333333333,0.20938628158844766,0.6666666666666666,0.7906137184115524,0.011904000607477608,-0.5812274368231047,0.6666666666666666,0.3333333333333333,0.0,0.0,0.0,0.0,2,0.8,chat,tunnel,ikev2,AES_GCM_16_256,PASS,0
chat_03,127,0,4,572.0,0.11649298667907715,4910.166837560657,34.33683103189271,143.0,37.66961640367472,116.0,208.0,124.0,117.2,118.4,122.0,145.0,182.8,195.39999999999998,1.1282021686157053,-0.6853559440215617,1.5,-0.9969151597447763,0.03883099555969238,0.054660108600874495,0.00011110305786132812,0.11613202095031738,0.00013885498046875,0.0001804828643798828,0.0002498626708984375,0.05819094181060791,0.0929555892944336,0.9182958340544896,1.40760493539023,0.996901395190818,1,4.0,0.75,0.7832167832167832,0.25,0.21678321678321677,1.0,0.5664335664335665,1.0,0.0,0.0,0.0,0.0,0.0,2,0.6666666666666666,chat,tunnel,ikev2,AES_GCM_16_256,PASS,0
chat_03,128,0,10,1680.0,0.4011220932006836,4188.250980131096,24.93006535792319,168.0,84.51272093596324,116.0,372.0,120.0,116.0,116.0,116.0,187.0,281.99999999999994,326.9999999999999,1.4587102216941306,0.7156390912244195,1.3567796494470397,-0.42876410858605035,0.04456912146674262,0.06271730171563415,4.601478576660156e-05,0.14169001579284668,9.808540344238282e-05,0.0001399517059326172,0.0005621910095214844,0.11613202095031738,0.14065890312194823,1.224394445405986,1.4071602152224918,0.9927729448154691,2,5.0,0.5,0.40476190476190477,0.5,0.5952380952380952,0.9103069244890357,-0.19047619047619047,0.8,0.2,0.0,0.0,0.0,0.0,2,0.7777777777777778,chat,tunnel,ikev2,AES_GCM_16_256,PASS,0
chat_03,129,0,6,1108.0,0.1442279815673828,7682.2818149357945,41.60080405199889,184.66666666666666,101.30920765436652,116.0,372.0,116.0,116.0,116.0,116.0,233.0,322.0,347.0,0.9529546392447656,-0.8187018872846368,1.2516291673878228,-0.6070611123826963,0.028845596313476562,0.05642563179655819,4.601478576660156e-05,0.14169001579284668,8.358955383300782e-05,0.0001399517059326172,0.0005621910095214844,0.0017898082733154297,0.08572993278503419,0.7219280948873623,1.9560585652248077,0.9824030971871405,1,5.0,0.3333333333333333,0.20938628158844766,0.6666666666666666,0.7906137184115524,0.01460454698062364,-0.5812274368231047,0.6666666666666666,0.3333333333333333,0.0,0.0,0.0,0.0,2,0.8,chat,tunnel,ikev2,AES_GCM_16_256,PASS,0
chat_03,133,0,10,1680.0,0.4461240768432617,3765.76850971045,22.415288748276488,168.0,84.51272093596324,116.0,372.0,120.0,116.0,116.0,116.0,187.0,281.99999999999994,326.9999999999999,1.4587102216941306,0.7156390912244195,1.3567796494470397,-0.42876410858605035,0.04956934187147352,0.0733539611808242,5.0067901611328125e-05,0.20409297943115234,7.562637329101562e-05,0.0001327991485595703,0.0002238750457763672,0.0987861156463623,0.15140991210937502,1.4466166676282082,1.4797953455922712,0.9887792729721352,2,5.0,0.5,0.40476190476190477,0.5,0.5952380952380952,0.8864029284092135,-0.19047619047619047,0.8,0.2,0.0,0.0,0.0,0.0,2,0.7777777777777778,chat,tunnel,ikev2,AES_GCM_16_256,PASS,0
chat_03,134,0,10,1680.0,0.4461240768432617,3765.76850971045,22.415288748276488,168.0,84.51272093596324,116.0,372.0,120.0,116.0,116.0,116.0,187.0,281.99999999999994,326.9999999999999,1.4587102216941306,0.7156390912244195,1.3567796494470397,-0.42876410858605035,0.04956934187147352,0.0733539611808242,5.0067901611328125e-05,0.20409297943115234,7.562637329101562e-05,0.0001327991485595703,0.0002238750457763672,0.0987861156463623,0.15140991210937502,1.4466166676282082,1.4797953455922712,0.9887792729721352,2,5.0,0.5,0.40476190476190477,0.5,0.5952380952380952,0.8864029284092135,-0.19047619047619047,0.8,0.2,0.0,0.0,0.0,0.0,2,0.7777777777777778,chat,tunnel,ikev2,AES_GCM_16_256,PASS,0
chat_03,139,0,10,1680.0,0.5687539577484131,2953.8255991233805,17.582295232877264,168.0,84.51272093596324,116.0,372.0,120.0,116.0,116.0,116.0,187.0,281.99999999999994,326.9999999999999,1.4587102216941306,0.7156390912244195,1.3567796494470397,-0.42876410858605035,0.06319488419426812,0.09077000724723606,4.1961669921875e-05,0.22650504112243652,6.122589111328125e-05,6.985664367675781e-05,9.202957153320312e-05,0.1571369171142578,0.19302725791931152,1.4466166676282082,1.4363278305942102,0.9992014343161909,2,5.0,0.5,0.40476190476190477,0.5,0.5952380952380952,1.122258210145901,-0.19047619047619047,0.8,0.2,0.0,0.0,0.0,0.0,2,0.7777777777777778,chat,tunnel,ikev2,AES_GCM_16_256,PASS,0
chat_03,140,0,10,1680.0,0.5687539577484131,2953.8255991233805,17.582295232877264,168.0,84.51272093596324,116.0,372.0,120.0,116.0,116.0,116.0,187.0,281.99999999999994,326.9999999999999,1.4587102216941306,0.7156390912244195,1.3567796494470397,-0.42876410858605035,0.06319488419426812,0.09077000724723606,4.1961669921875e-05,0.22650504112243652,6.122589111328125e-05,6.985664367675781e-05,9.202957153320312e-05,0.1571369171142578,0.19302725791931152,1.4466166676282082,1.4363278305942102,0.9992014343161909,2,5.0,0.5,0.40476190476190477,0.5,0.5952380952380952,1.122258210145901,-0.19047619047619047,0.8,0.2,0.0,0.0,0.0,0.0,2,0.7777777777777778,chat,tunnel,ikev2,AES_GCM_16_256,PASS,0
chat_03,142,0,10,1680.0,0.40691494941711426,4128.626884823273,24.575160028709956,168.0,84.51272093596324,116.0,372.0,120.0,116.0,116.0,116.0,187.0,281.99999999999994,326.9999999999999,1.4587102216941306,0.7156390912244195,1.3567796494470397,-0.42876410858605035,0.04521277215745714,0.06432752291426957,5.602836608886719e-05,0.15233206748962402,5.6791305541992185e-05,8.082389831542969e-05,0.0002110004425048828,0.11100006103515625,0.1439208507537842,1.224394445405986,1.4227417851854678,0.9956630388609764,2,5.0,0.5,0.40476190476190477,0.5,0.5952380952380952,0.860313051726819,-0.19047619047619047,0.8,0.2,0.0,0.0,0.0,0.0,2,0.7777777777777778,chat,tunnel,ikev2,AES_GCM_16_256,PASS,0
chat_03,143,0,10,1680.0,0.40691494941711426,4128.626884823273,24.575160028709956,168.0,84.51272093596324,116.0,372.0,120.0,116.0,116.0,116.0,187.0,281.99999999999994,326.9999999999999,1.4587102216941306,0.7156390912244195,1.3567796494470397,-0.42876410858605035,0.04521277215745714,0.06432752291426957,5.602836608886719e-05,0.15233206748962402,5.6791305541992185e-05,8.082389831542969e-05,0.0002110004425048828,0.11100006103515625,0.1439208507537842,1.224394445405986,1.4227417851854678,0.9956630388609764,2,5.0,0.5,0.40476190476190477,0.5,0.5952380952380952,0.860313051726819,-0.19047619047619047,0.8,0.2,0.0,0.0,0.0,0.0,2,0.7777777777777778,chat,tunnel,ikev2,AES_GCM_16_256,PASS,0
chat_03,149,0,10,1680.0,0.4409141540527344,3810.2655234766357,22.680151925456165,168.0,84.51272093596324,116.0,372.0,120.0,116.0,116.0,116.0,187.0,281.99999999999994,326.9999999999999,1.4587102216941306,0.7156390912244195,1.3567796494470397,-0.42876410858605035,0.04899046156141493,0.07246083067460046,1.4066696166992188e-05,0.19449496269226074,3.485679626464844e-05,8.821487426757812e-05,0.001013040542602539,0.09684300422668457,0.15660128593444825,1.4466166676282082,1.4790501929354507,0.9944471721619962,2,5.0,0.5,0.40476190476190477,0.5,0.5952380952380952,0.716178403133888,-0.19047619047619047,0.8,0.2,0.0,0.0,0.0,0.0,2,0.7777777777777778,chat,tunnel,ikev2,AES_GCM_16_256,PASS,0
chat_03,150,0,10,1680.0,0.4409141540527344,3810.2655234766357,22.680151925456165,168.0,84.51272093596324,116.0,372.0,120.0,116.0,116.0,116.0,187.0,281.99999999999994,326.9999999999999,1.4587102216941306,0.7156390912244195,1.3567796494470397,-0.42876410858605035,0.04899046156141493,0.07246083067460046,1.4066696166992188e-05,0.19449496269226074,3.485679626464844e-05,8.821487426757812e-05,0.001013040542602539,0.09684300422668457,0.15660128593444825,1.4466166676282082,1.4790501929354507,0.9944471721619962,2,5.0,0.5,0.40476190476190477,0.5,0.5952380952380952,0.716178403133888,-0.19047619047619047,0.8,0.2,0.0,0.0,0.0,0.0,2,0.7777777777777778,chat,tunnel,ikev2,AES_GCM_16_256,PASS,0
chat_03,155,0,10,1680.0,0.45678210258483887,3677.9024188846606,21.892276302884884,168.0,84.51272093596324,116.0,372.0,120.0,116.0,116.0,116.0,187.0,281.99999999999994,326.9999999999999,1.4587102216941306,0.7156390912244195,1.3567796494470397,-0.42876410858605035,0.05075356695387098,0.07671990934752161,3.409385681152344e-05,0.21560096740722656,3.714561462402344e-05,7.104873657226562e-05,0.00028204917907714844,0.09755301475524902,0.15669536590576172,1.4466166676282082,1.511586325172464,0.9963677322675758,2,5.0,0.5,0.40476190476190477,0.5,0.5952380952380952,0.8763478301970389,-0.19047619047619047,0.8,0.2,0.0,0.0,0.0,0.0,2,0.7777777777777778,chat,tunnel,ikev2,AES_GCM_16_256,PASS,0
chat_03,156,0,10,1680.0,0.45678210258483887,3677.9024188846606,21.892276302884884,168.0,84.51272093596324,116.0,372.0,120.0,116.0,116.0,116.0,187.0,281.99999999999994,326.9999999999999,1.4587102216941306,0.7156390912244195,1.3567796494470397,-0.42876410858605035,0.05075356695387098,0.07671990934752161,3.409385681152344e-05,0.21560096740722656,3.714561462402344e-05,7.104873657226562e-05,0.00028204917907714844,0.09755301475524902,0.15669536590576172,1.4466166676282082,1.511586325172464,0.9963677322675758,2,5.0,0.5,0.40476190476190477,0.5,0.5952380952380952,0.8763478301970389,-0.19047619047619047,0.8,0.2,0.0,0.0,0.0,0.0,2,0.7777777777777778,chat,tunnel,ikev2,AES_GCM_16_256,PASS,0
chat_03,161,0,10,1680.0,0.5917809009552002,2838.888509731039,16.898145891256185,168.0,84.51272093596324,116.0,372.0,120.0,116.0,116.0,116.0,187.0,281.99999999999994,326.9999999999999,1.4587102216941306,0.7156390912244195,1.3567796494470397,-0.42876410858605035,0.06575343343946669,0.09442371020201971,3.886222839355469e-05,0.23475098609924316,6.537437438964843e-05,7.987022399902344e-05,0.00020813941955566406,0.1589510440826416,0.20449185371398926,1.4466166676282082,1.4360052282854185,0.998053671293243,2,5.0,0.5,0.40476190476190477,0.5,0.5952380952380952,1.2122933952848174,-0.19047619047619047,0.8,0.2,0.0,0.0,0.0,0.0,2,0.7777777777777778,chat,tunnel,ikev2,AES_GCM_16_256,PASS,0
chat_03,162,0,9,1556.0,0.35702991485595703,4358.178223322729,25.20797172873044,172.88888888888889,87.73247776234858,116.0,372.0,116.0,116.0,116.0,116.0,208.0,292.0,331.99999999999994,1.295478906719742,0.24055213687621668,1.4466166676282082,-0.48794149250815566,0.04462873935699463,0.07755025711531914,3.886222839355469e-05,0.19692707061767578,6.206035614013672e-05,7.790327072143555e-05,0.00018703937530517578,0.040178000926971436,0.17034385204315186,1.061278124459133,1.7376363436719247,0.9967739393599432,2,4.5,0.4444444444444444,0.35732647814910024,0.5555555555555556,0.6426735218508998,0.7394512029006594,-0.2853470437017995,0.7777777777777778,0.2222222222222222,0.0,0.0,0.0,0.0,2,0.75,chat,tunnel,ikev2,AES_GCM_16_256,PASS,0
chat_03,164,0,10,1680.0,0.5017011165618896,3348.6072574701075,19.932186056369687,168.0,84.51272093596324,116.0,372.0,120.0,116.0,116.0,116.0,187.0,281.99999999999994,326.9999999999999,1.4587102216941306,0.7156390912244195,1.3567796494470397,-0.42876410858605035,0.055744568506876625,0.07778734936478196,1.7881393432617188e-05,0.1860518455505371,4.839897155761719e-05,7.700920104980469e-05,0.00043010711669921875,0.1404860019683838,0.17114152908325195,1.4466166676282082,1.3953996963038653,0.9845539130356268,2,4.5,0.5,0.40476190476190477,0.5,0.5952380952380952,1.0805404111399353,-0.19047619047619047,0.8,0.2,0.0,0.0,0.0,0.0,2,0.7777777777777778,chat,tunnel,ikev2,AES_GCM_16_256,PASS,0
chat_03,165,0,10,1680.0,0.5017011165618896,3348.6072574701075,19.932186056369687,168.0,84.51272093596324,116.0,372.0,120.0,116.0,116.0,116.0,187.0,281.99999999999994,326.9999999999999,1.4587102216941306,0.7156390912244195,1.3567796494470397,-0.42876410858605035,0.055744568506876625,0.07778734936478196,1.7881393432617188e-05,0.1860518455505371,4.839897155761719e-05,7.700920104980469e-05,0.00043010711669921875,0.1404860019683838,0.17114152908325195,1.4466166676282082,1.3953996963038653,0.9845539130356268,2,4.5,0.5,0.40476190476190477,0.5,0.5952380952380952,1.0805404111399353,-0.19047619047619047,0.8,0.2,0.0,0.0,0.0,0.0,2,0.7777777777777778,chat,tunnel,ikev2,AES_GCM_16_256,PASS,0
chat_03,172,0,9,1564.0,0.2787458896636963,5610.8450671217,32.28747161387167,173.77777777777777,87.19044006946044,116.0,372.0,124.0,116.0,116.0,116.0,208.0,292.0,331.99999999999994,1.3004798617268125,0.25907903418408607,1.4466166676282082,-0.5098685561013155,0.034843236207962036,0.06094408044645541,6.413459777832031e-05,0.16670012474060059,8.499622344970703e-05,9.769201278686523e-05,0.0009099245071411133,0.02855616807937622,0.12549874782562254,1.061278124459133,1.7490433735645916,0.984915472417878,2,5.0,0.5555555555555556,0.43478260869565216,0.4444444444444444,0.5652173913043478,1.2239372725540694,-0.13043478260869565,0.7777777777777778,0.2222222222222222,0.0,0.0,0.0,0.0,2,0.75,chat,tunnel,ikev2,AES_GCM_16_256,PASS,0
chat_03,173,0,10,1680.0,0.4170420169830322,4028.3710791384183,23.978399280585823,168.0,84.51272093596324,116.0,372.0,120.0,116.0,116.0,116.0,187.0,281.99999999999994,326.9999999999999,1.4587102216941306,0.7156390912244195,1.3567796494470397,-0.42876410858605035,0.04633800188700358,0.06601917353556329,6.413459777832031e-05,0.16670012474060059,8.797645568847656e-05,9.894371032714844e-05,0.001628875732421875,0.10784101486206055,0.14397692680358887,1.4466166676282082,1.424699947067252,0.9899176824161432,2,5.0,0.5,0.40476190476190477,0.5,0.5952380952380952,0.9014921742910267,-0.19047619047619047,0.8,0.2,0.0,0.0,0.0,0.0,2,0.7777777777777778,chat,tunnel,ikev2,AES_GCM_16_256,PASS,0
chat_03,181,0,10,1680.0,0.5894830226898193,2849.9548508354596,16.96401696925869,168.0,84.51272093596324,116.0,372.0,120.0,116.0,116.0,116.0,187.0,281.99999999999994,326.9999999999999,1.4587102216941306,0.7156390912244195,1.3567796494470397,-0.42876410858605035,0.06549811363220215,0.10506349263249165,3.0994415283203125e-05,0.31829214096069336,3.9005279541015624e-05,6.4849853515625e-05,7.104873657226562e-05,0.13126301765441895,0.1751288414001465,1.224394445405986,1.6040444947462307,0.99899938159032,2,5.0,0.5,0.40476190476190477,0.5,0.5952380952380952,0.9823688877780057,-0.19047619047619047,0.8,0.2,0.0,0.0,0.0,0.0,2,0.7777777777777778,chat,tunnel,ikev2,AES_GCM_16_256,PASS,0
chat_03,182,0,9,1556.0,0.4582200050354004,3395.748729651795,19.641220158654342,172.88888888888889,87.73247776234858,116.0,372.0,116.0,116.0,116.0,116.0,208.0,292.0,331.99999999999994,1.295478906719742,0.24055213687621668,1.4466166676282082,-0.48794149250815566,0.05727750062942505,0.10867347130915612,3.0994415283203125e-05,0.31829214096069336,3.8003921508789064e-05,5.888938903808594e-05,7.092952728271484e-05,0.035067856311798096,0.19302425384521482,1.061278124459133,1.8972820537367296,0.9987127415690816,2,4.5,0.4444444444444444,0.35732647814910024,0.5555555555555556,0.6426735218508998,0.927671981982604,-0.2853470437017995,0.7777777777777778,0.2222222222222222,0.0,0.0,0.0,0.0,2,0.75,chat,tunnel,ikev2,AES_GCM_16_256,PASS,0
chat_03,185,0,9,1564.0,0.2925539016723633,5346.023385979495,30.76356168402523,173.77777777777777,87.19044006946044,116.0,372.0,124.0,116.0,116.0,116.0,208.0,292.0,331.99999999999994,1.3004798617268125,0.25907903418408607,1.4466166676282082,-0.5098685561013155,0.03656923770904541,0.06780672928320175,6.604194641113281e-05,0.19577407836914062,8.840560913085938e-05,0.0001271367073059082,0.0002524852752685547,0.02414548397064209,0.12570121288299557,1.061278124459133,1.8541506298831139,0.9962063794761462,2,5.0,0.5555555555555556,0.43478260869565216,0.4444444444444444,0.5652173913043478,1.1161414588975926,-0.13043478260869565,0.7777777777777778,0.2222222222222222,0.0,0.0,0.0,0.0,2,0.75,chat,tunnel,ikev2,AES_GCM_16_256,PASS,0
chat_03,186,0,10,1680.0,0.48343992233276367,3475.095709707678,20.685093510164748,168.0,84.51272093596324,116.0,372.0,120.0,116.0,116.0,116.0,187.0,281.99999999999994,326.9999999999999,1.4587102216941306,0.7156390912244195,1.3567796494470397,-0.42876410858605035,0.05371554692586263,0.0802424980995527,6.604194641113281e-05,0.19577407836914062,9.160041809082031e-05,0.00013685226440429688,0.00030303001403808594,0.09566998481750488,0.19186363220214844,1.224394445405986,1.4938134093075657,0.9977042887141748,2,5.0,0.5,0.40476190476190477,0.5,0.5952380952380952,0.7544444671732261,-0.19047619047619047,0.8,0.2,0.0,0.0,0.0,0.0,2,0.7777777777777778,chat,tunnel,ikev2,AES_GCM_16_256,PASS,0
chat_03,190,0,10,1680.0,0.745764970779419,2252.720449237763,13.409050293081924,168.0,84.51272093596324,116.0,372.0,120.0,116.0,116.0,116.0,187.0,281.99999999999994,326.9999999999999,1.4587102216941306,0.7156390912244195,1.3567796494470397,-0.42876410858605035,0.08286277453104655,0.1324515880386011,1.9073486328125e-05,0.4024620056152344,6.14166259765625e-05,7.700920104980469e-05,0.00043892860412597656,0.16858816146850586,0.2173883438110352,1.224394445405986,1.5984257148336332,0.9951796135826328,2,5.0,0.5,0.40476190476190477,0.5,0.5952380952380952,1.6738519771791198,-0.19047619047619047,0.8,0.2,0.0,0.0,0.0,0.0,2,0.7777777777777778,chat,tunnel,ikev2,AES_GCM_16_256,PASS,0
chat_03,191,0,9,1556.0,0.34330296516418457,4532.439733679094,26.215911055984478,172.88888888888889,87.73247776234858,116.0,372.0,116.0,116.0,116.0,116.0,208.0,292.0,331.99999999999994,1.295478906719742,0.24055213687621668,1.4466166676282082,-0.48794149250815566,0.04291287064552307,0.07329664171384417,1.9073486328125e-05,0.17111992835998535,5.612373352050782e-05,7.575750350952148e-05,0.000392913818359375,0.04412776231765747,0.1693476915359497,0.8112781244591328,1.7079941895544382,0.989528563104679,2,4.5,0.4444444444444444,0.35732647814910024,0.5555555555555556,0.6426735218508998,0.6684242580430051,-0.2853470437017995,0.7777777777777778,0.2222222222222222,0.0,0.0,0.0,0.0,2,0.75,chat,tunnel,ikev2,AES_GCM_16_256,PASS,0
chat_03,198,0,4,572.0,0.10292506217956543,5557.441383927227,38.86322646102956,143.0,37.66961640367472,116.0,208.0,124.0,117.2,118.4,122.0,145.0,182.8,195.39999999999998,1.1282021686157053,-0.6853559440215617,1.5,-0.9969151597447763,0.03430835405985514,0.04808529822510674,0.00012111663818359375,0.1023108959197998,0.00019550323486328125,0.0003070831298828125,0.0004930496215820312,0.05140197277069092,0.08194732666015625,0.9182958340544896,1.4015215250400361,0.9940328793905012,1,4.0,0.75,0.7832167832167832,0.25,0.21678321678321677,1.0,0.5664335664335665,1.0,0.0,0.0,0.0,0.0,0.0,2,0.6666666666666666,chat,tunnel,ikev2,AES_GCM_16_256,PASS,0
chat_03,199,0,10,1680.0,0.3855440616607666,4357.478605073685,25.937372649248125,168.0,84.51272093596324,116.0,372.0,120.0,116.0,116.0,116.0,187.0,281.99999999999994,326.9999999999999,1.4587102216941306,0.7156390912244195,1.3567796494470397,-0.42876410858605035,0.04283822907341851,0.0608417150969195,4.7206878662109375e-05,0.14128899574279785,5.1021575927734375e-05,0.00012111663818359375,0.0004930496215820312,0.1023108959197998,0.1396803379058838,1.224394445405986,1.420233659962649,0.9930851053961779,2,5.0,0.5,0.40476190476190477,0.5,0.5952380952380952,0.8694688339006069,-0.19047619047619047,0.8,0.2,0.0,0.0,0.0,0.0,2,0.7777777777777778,chat,tunnel,ikev2,AES_GCM_16_256,PASS,0
chat_03,200,0,6,1108.0,0.14133000373840332,7839.807335255347,42.45383033531777,184.66666666666666,101.30920765436652,116.0,372.0,116.0,116.0,116.0,116.0,233.0,322.0,347.0,0.9529546392447656,-0.8187018872846368,1.2516291673878228,-0.6070611123826963,0.028266000747680663,0.055509029885782275,4.7206878662109375e-05,0.13927817344665527,4.9114227294921875e-05,5.1975250244140625e-05,0.00035381317138671875,0.0015988349914550781,0.0842064380645752,0.7219280948873623,1.9637396404829701,0.9854819908195438,1,5.0,0.3333333333333333,0.20938628158844766,0.6666666666666666,0.7906137184115524,0.008512237894365124,-0.5812274368231047,0.6666666666666666,0.3333333333333333,0.0,0.0,0.0,0.0,2,0.8,chat,tunnel,ikev2,AES_GCM_16_256,PASS,0
chat_03,209,0,4,572.0,0.16515088081359863,3463.4995416439897,24.220276514992932,143.0,37.66961640367472,116.0,208.0,124.0,117.2,118.4,122.0,145.0,182.8,195.39999999999998,1.1282021686157053,-0.6853559440215617,1.5,-0.9969151597447763,0.055050293604532875,0.0777454819316556,6.794929504394531e-05,0.16499900817871094,7.114410400390624e-05,7.593631744384766e-05,8.392333984375e-05,0.08254146575927734,0.13201599121093752,0.9182958340544896,1.4122371490513732,0.9990804006969899,1,4.0,0.75,0.7832167832167832,0.25,0.21678321678321677,1.0,0.5664335664335665,1.0,0.0,0.0,0.0,0.0,0.0,2,0.6666666666666666,chat,tunnel,ikev2,AES_GCM_16_256,PASS,0
chat_03,210,0,10,1680.0,0.45092201232910156,3725.6996865654596,22.176783848603925,168.0,84.51272093596324,116.0,372.0,120.0,116.0,116.0,116.0,187.0,281.99999999999994,326.9999999999999,1.4587102216941306,0.7156390912244195,1.3567796494470397,-0.42876410858605035,0.050102445814344615,0.07038396510073058,2.002716064453125e-05,0.16499900817871094,5.83648681640625e-05,7.104873657226562e-05,0.00029206275939941406,0.1397571563720703,0.14729900360107423,1.224394445405986,1.4047729443905763,0.9926997457838613,2,5.0,0.5,0.40476190476190477,0.5,0.5952380952380952,1.0773659199758927,-0.19047619047619047,0.8,0.2,0.0,0.0,0.0,0.0,2,0.7777777777777778,chat,tunnel,ikev2,AES_GCM_16_256,PASS,0
chat_03,211,0,6,1108.0,0.14601397514343262,7588.31474118548,41.09195708223184,184.66666666666666,101.30920765436652,116.0,372.0,116.0,116.0,116.0,116.0,233.0,322.0,347.0,0.9529546392447656,-0.8187018872846368,1.2516291673878228,-0.6070611123826963,0.029202795028686522,0.056844797957394645,2.002716064453125e-05,0.14287400245666504,4.0435791015625005e-05,7.104873657226562e-05,0.00029206275939941406,0.002756834030151367,0.08682713508605958,0.7219280948873623,1.9464866775553216,0.9784953961859945,1,5.0,0.3333333333333333,0.20938628158844766,0.6666666666666666,0.7906137184115524,0.00641206105805258,-0.5812274368231047,0.6666666666666666,0.3333333333333333,0.0,0.0,0.0,0.0,2,0.8,chat,tunnel,ikev2,AES_GCM_16_256,PASS,0
chat_03,218,0,10,1680.0,0.4608449935913086,3645.477380383295,21.699270121329135,168.0,84.51272093596324,116.0,372.0,120.0,116.0,116.0,116.0,187.0,281.99999999999994,326.9999999999999,1.4587102216941306,0.7156390912244195,1.3567796494470397,-0.42876410858605035,0.05120499928792318,0.07236727441313828,1.5020370483398438e-05,0.17513418197631836,4.935264587402344e-05,8.392333984375e-05,0.00013113021850585938,0.13898181915283203,0.15023088455200195,1.4466166676282082,1.4132577318963861,0.9940892657962754,2,5.0,0.5,0.40476190476190477,0.5,0.5952380952380952,1.1265190370046247,-0.19047619047619047,0.8,0.2,0.0,0.0,0.0,0.0,2,0.7777777777777778,chat,tunnel,ikev2,AES_GCM_16_256,PASS,0
chat_03,219,0,11,1804.0,1.3335111141204834,1352.8196209971802,8.248900128031588,164.0,81.56648152943039,116.0,372.0,124.0,116.0,116.0,116.0,166.0,272.0,322.0,1.608019247306181,1.2016709528524654,1.2776134368191154,-0.3776881720430108,0.13335111141204833,0.25582254357146067,1.5020370483398438e-05,0.8726661205291748,5.364418029785156e-05,9.417533874511719e-05,0.0012210607528686523,0.14274924993515015,0.24488737583160375,1.5709505944546687,1.9183988979446123,0.9979573231618456,2,5.0,0.5454545454545454,0.44567627494456763,0.45454545454545453,0.5543237250554324,3.7338242468645464,-0.10864745011086474,0.8181818181818182,0.18181818181818182,0.0,0.0,0.0,0.0,2,0.8,chat,tunnel,ikev2,AES_GCM_16_256,PASS,0
chat_03,220,0,10,1680.0,0.7410309314727783,2267.111841959211,13.4947133449953,168.0,84.51272093596324,116.0,372.0,120.0,116.0,116.0,116.0,187.0,281.99999999999994,326.9999999999999,1.4587102216941306,0.7156390912244195,1.3567796494470397,-0.42876410858605035,0.08233677016364203,0.12686237720343807,1.71661376953125e-05,0.37316393852233887,6.3323974609375e-05,7.796287536621094e-05,0.0001010894775390625,0.1808030605316162,0.22195677757263188,1.224394445405986,1.540755560313398,0.9960744619960239,2,5.0,0.5,0.40476190476190477,0.5,0.5952380952380952,1.522892214055696,-0.19047619047619047,0.8,0.2,0.0,0.0,0.0,0.0,2,0.7777777777777778,chat,tunnel,ikev2,AES_GCM_16_256,PASS,0
chat_03,221,0,9,1556.0,0.36786699295043945,4229.789651744131,24.465364309574024,172.88888888888889,87.73247776234858,116.0,372.0,116.0,116.0,116.0,116.0,208.0,292.0,331.99999999999994,1.295478906719742,0.24055213687621668,1.4466166676282082,-0.48794149250815566,0.04598337411880493,0.07881431315113918,1.71661376953125e-05,0.18415498733520508,5.7554244995117196e-05,7.718801498413086e-05,9.500980377197266e-05,0.047112464904785156,0.18180863857269286,0.8112781244591328,1.713936846188556,0.9920923998636375,2,4.5,0.4444444444444444,0.35732647814910024,0.5555555555555556,0.6426735218508998,0.6776832308856278,-0.2853470437017995,0.7777777777777778,0.2222222222222222,0.0,0.0,0.0,0.0,2,0.75,chat,tunnel,ikev2,AES_GCM_16_256,PASS,0
chat_03,228,0,4,572.0,0.10532402992248535,5430.859419459844,37.978037898320586,143.0,37.66961640367472,116.0,208.0,124.0,117.2,118.4,122.0,145.0,182.8,195.39999999999998,1.1282021686157053,-0.6853559440215617,1.5,-0.9969151597447763,0.03510800997416178,0.049305300812236635,8.296966552734375e-05,0.10483598709106445,0.00014739036560058595,0.00024402141571044922,0.0004050731658935547,0.052620530128479004,0.08394980430603027,0.9182958340544896,1.4043489363135704,0.9953662727130733,1,4.0,0.75,0.7832167832167832,0.25,0.21678321678321677,1.0,0.5664335664335665,1.0,0.0,0.0,0.0,0.0,0.0,2,0.6666666666666666,chat,tunnel,ikev2,AES_GCM_16_256,PASS,0
chat_03,229,0,10,1680.0,0.4188261032104492,4011.2113049358904,23.87625776747554,168.0,84.51272093596324,116.0,372.0,120.0,116.0,116.0,116.0,187.0,281.99999999999994,326.9999999999999,1.4587102216941306,0.7156390912244195,1.3567796494470397,-0.42876410858605035,0.046536233690049916,0.06682011067488561,3.600120544433594e-05,0.1693580150604248,7.357597351074219e-05,8.797645568847656e-05,0.0004050731658935547,0.10483598709106445,0.14699721336364746,1.4466166676282082,1.4358419135938532,0.9922996964735832,2,5.0,0.5,0.40476190476190477,0.5,0.5952380952380952,0.7944992448685673,-0.19047619047619047,0.8,0.2,0.0,0.0,0.0,0.0,2,0.7777777777777778,chat,tunnel,ikev2,AES_GCM_16_256,PASS,0
chat_03,230,0,6,1108.0,0.17209506034851074,6438.302167163791,34.86445216875699,184.66666666666666,101.30920765436652,116.0,372.0,116.0,116.0,116.0,116.0,233.0,322.0,347.0,0.9529546392447656,-0.8187018872846368,1.2516291673878228,-0.6070611123826963,0.034419012069702146,0.06747576410031522,3.600120544433594e-05,0.1693580150604248,5.6791305541992185e-05,8.797645568847656e-05,0.0001499652862548828,0.002463102340698242,0.10260004997253419,0.7219280948873623,1.9603643358309584,0.9840957359116344,1,5.0,0.3333333333333333,0.20938628158844766,0.6666666666666666,0.7906137184115524,0.0032417534164410123,-0.5812274368231047,0.6666666666666666,0.3333333333333333,0.0,0.0,0.0,0.0,2,0.8,chat,tunnel,ikev2,AES_GCM_16_256,PASS,0
chat_03,232,0,10,1680.0,0.6165740489959717,2724.7335542838846,16.218652108832647,168.0,84.51272093596324,116.0,372.0,120.0,116.0,116.0,116.0,187.0,281.99999999999994,326.9999999999999,1.4587102216941306,0.7156390912244195,1.3567796494470397,-0.42876410858605035,0.06850822766621907,0.10002721156256998,4.410743713378906e-05,0.24633383750915527,5.269050598144531e-05,7.009506225585938e-05,0.00017309188842773438,0.14318490028381348,0.23012118339538576,1.224394445405986,1.4600545790693824,0.9983987465290385,2,5.0,0.5,0.40476190476190477,0.5,0.5952380952380952,1.2122330117051765,-0.19047619047619047,0.8,0.2,0.0,0.0,0.0,0.0,2,0.7777777777777778,chat,tunnel,ikev2,AES_GCM_16_256,PASS,0
chat_03,233,0,9,1556.0,0.3905060291290283,3984.573563359446,23.04701932534384,172.88888888888889,87.73247776234858,116.0,372.0,116.0,116.0,116.0,116.0,208.0,292.0,331.99999999999994,1.295478906719742,0.24055213687621668,1.4466166676282082,-0.48794149250815566,0.04881325364112854,0.08811977881250671,4.410743713378906e-05,0.24633383750915527,5.161762237548828e-05,6.628036499023438e-05,0.00013053417205810547,0.03621411323547363,0.174129581451416,1.061278124459133,1.8052059027747016,0.9974717641664546,2,4.5,0.4444444444444444,0.35732647814910024,0.5555555555555556,0.6426735218508998,0.8441376113214175,-0.2853470437017995,0.7777777777777778,0.2222222222222222,0.0,0.0,0.0,0.0,2,0.75,chat,tunnel,ikev2,AES_GCM_16_256,PASS,0
chat_03,236,0,9,1564.0,0.3622720241546631,4317.197839522626,24.843210073979304,173.77777777777777,87.19044006946044,116.0,372.0,124.0,116.0,116.0,116.0,208.0,292.0,331.99999999999994,1.3004798617268125,0.25907903418408607,1.4466166676282082,-0.5098685561013155,0.045284003019332886,0.07873278383554377,4.100799560546875e-05,0.19844603538513184,4.584789276123047e-05,6.365776062011719e-05,0.0001220703125,0.04099750518798828,0.17373251914978027,1.061278124459133,1.7386061297584876,0.9981092203314426,2,5.0,0.5555555555555556,0.43478260869565216,0.4444444444444444,0.5652173913043478,1.6596881663577006,-0.13043478260869565,0.7777777777777778,0.2222222222222222,0.0,0.0,0.0,0.0,2,0.75,chat,tunnel,ikev2,AES_GCM_16_256,PASS,0
chat_03,237,0,10,1680.0,0.509181022644043,3299.4159744528624,19.639380800314658,168.0,84.51272093596324,116.0,372.0,120.0,116.0,116.0,116.0,187.0,281.99999999999994,326.9999999999999,1.4587102216941306,0.7156390912244195,1.3567796494470397,-0.42876410858605035,0.05657566918267144,0.08080905765069782,4.100799560546875e-05,0.19844603538513184,4.6539306640625e-05,6.890296936035156e-05,0.00012302398681640625,0.14690899848937988,0.17020201683044434,1.4466166676282082,1.4283106237623544,0.9986547484150099,2,5.0,0.5,0.40476190476190477,0.5,0.5952380952380952,1.165840267905662,-0.19047619047619047,0.8,0.2,0.0,0.0,0.0,0.0,2,0.7777777777777778,chat,tunnel,ikev2,AES_GCM_16_256,PASS,0
chat_03,240,0,10,1680.0,0.7699940204620361,2181.8351251505997,12.987113840182142,168.0,84.51272093596324,116.0,372.0,120.0,116.0,116.0,116.0,187.0,281.99999999999994,326.9999999999999,1.4587102216941306,0.7156390912244195,1.3567796494470397,-0.42876410858605035,0.08555489116244847,0.13441243649961135,1.5974044799804688e-05,0.3985447883605957,4.324913024902344e-05,5.0067901611328125e-05,0.00011086463928222656,0.16469693183898926,0.2446602821350098,1.4466166676282082,1.571048289876345,0.9992686375882504,2,5.0,0.5,0.40476190476190477,0.5,0.5952380952380952,1.5178353993416134,-0.19047619047619047,0.8,0.2,0.0,0.0,0.0,0.0,2,0.7777777777777778,chat,tunnel,ikev2,AES_GCM_16_256,PASS,0
chat_03,241,0,9,1556.0,0.37144923210144043,4188.997756697653,24.229421471901595,172.88888888888889,87.73247776234858,116.0,372.0,116.0,116.0,116.0,116.0,208.0,292.0,331.99999999999994,1.295478906719742,0.24055213687621668,1.4466166676282082,-0.48794149250815566,0.046431154012680054,0.08092613727594311,1.5974044799804688e-05,0.20618915557861328,3.98397445678711e-05,5.0067901611328125e-05,9.953975677490234e-05,0.04136019945144653,0.17714459896087645,1.061278124459133,1.7428900079424092,0.9984839255672924,2,4.5,0.4444444444444444,0.35732647814910024,0.5555555555555556,0.6426735218508998,0.5928852674637747,-0.2853470437017995,0.7777777777777778,0.2222222222222222,0.0,0.0,0.0,0.0,2,0.75,chat,tunnel,ikev2,AES_GCM_16_256,PASS,0
chat_03,251,0,10,1680.0,0.4692518711090088,3580.1668643953694,21.310517049972436,168.0,84.51272093596324,116.0,372.0,120.0,116.0,116.0,116.0,187.0,281.99999999999994,326.9999999999999,1.4587102216941306,0.7156390912244195,1.3567796494470397,-0.42876410858605035,0.052139096789889865,0.07400703719911213,4.696846008300781e-05,0.18527483940124512,5.269050598144531e-05,8.702278137207031e-05,0.0006079673767089844,0.1399688720703125,0.14972777366638185,1.224394445405986,1.4193881821382106,0.9932506344677965,2,5.0,0.5,0.40476190476190477,0.5,0.5952380952380952,1.1595246240866943,-0.19047619047619047,0.8,0.2,0.0,0.0,0.0,0.0,2,0.7777777777777778,chat,tunnel,ikev2,AES_GCM_16_256,PASS,0
chat_03,252,0,10,1680.0,0.4692518711090088,3580.1668643953694,21.310517049972436,168.0,84.51272093596324,116.0,372.0,120.0,116.0,116.0,116.0,187.0,281.99999999999994,326.9999999999999,1.4587102216941306,0.7156390912244195,1.3567796494470397,-0.42876410858605035,0.052139096789889865,0.07400703719911213,4.696846008300781e-05,0.18527483940124512,5.269050598144531e-05,8.702278137207031e-05,0.0006079673767089844,0.1399688720703125,0.14972777366638185,1.224394445405986,1.4193881821382106,0.9932506344677965,2,5.0,0.5,0.40476190476190477,0.5,0.5952380952380952,1.1595246240866943,-0.19047619047619047,0.8,0.2,0.0,0.0,0.0,0.0,2,0.7777777777777778,chat,tunnel,ikev2,AES_GCM_16_256,PASS,0
chat_03,255,0,10,1680.0,0.38489484786987305,4364.828496140281,25.981122000835004,168.0,84.51272093596324,116.0,372.0,120.0,116.0,116.0,116.0,187.0,281.99999999999994,326.9999999999999,1.4587102216941306,0.7156390912244195,1.3567796494470397,-0.42876410858605035,0.04276609420776367,0.06130202136289134,2.288818359375e-05,0.14458179473876953,8.7738037109375e-05,0.00013113021850585938,0.00021505355834960938,0.09825801849365234,0.14126510620117189,1.224394445405986,1.4333922493093523,0.9957933950541575,2,5.0,0.5,0.40476190476190477,0.5,0.5952380952380952,0.8383769111122992,-0.19047619047619047,0.8,0.2,0.0,0.0,0.0,0.0,2,0.7777777777777778,chat,tunnel,ikev2,AES_GCM_16_256,PASS,0
chat_03,256,0,10,1680.0,0.38489484786987305,4364.828496140281,25.981122000835004,168.0,84.51272093596324,116.0,372.0,120.0,116.0,116.0,116.0,187.0,281.99999999999994,326.9999999999999,1.4587102216941306,0.7156390912244195,1.3567796494470397,-0.42876410858605035,0.04276609420776367,0.06130202136289134,2.288818359375e-05,0.14458179473876953,8.7738037109375e-05,0.00013113021850585938,0.00021505355834960938,0.09825801849365234,0.14126510620117189,1.224394445405986,1.4333922493093523,0.9957933950541575,2,5.0,0.5,0.40476190476190477,0.5,0.5952380952380952,0.8383769111122992,-0.19047619047619047,0.8,0.2,0.0,0.0,0.0,0.0,2,0.7777777777777778,chat,tunnel,ikev2,AES_GCM_16_256,PASS,0
email_01,-1,1,733,95632.0,124.88291096687317,765.7733092509962,5.869498030794925,130.46657571623464,24.120333593047622,116.0,236.0,124.0,116.0,116.0,116.0,128.0,152.0,152.0,3.3124344895376563,11.456495846657674,1.549402441789176,0.0938781312493819,0.1706050696268759,0.45604514256167633,1.5974044799804688e-05,3.6303958892822266,5.486011505126954e-05,9.775161743164062e-05,0.0002955198287963867,0.19908934831619263,0.3032510042190551,0.5074445815839619,2.6730886161264373,0.9988293420442262,244,3.7540983606557377,0.46248294679399726,0.47657687803245774,0.5375170532060027,0.5234231219675423,1.1669358244744108,-0.04684624393508449,1.0,0.0,0.0,0.0,0.0,0.0,2,0.755464480874317,email,tunnel,ikev2,AES_GCM_16_256,PASS,0
email_01,0,0,14,1772.0,1.3478100299835205,1314.725340055279,10.387220519624101,126.57142857142857,10.210039077260365,116.0,152.0,124.0,116.0,116.0,118.0,128.0,140.4,146.8,1.1483600937474179,0.6899871161915931,2.3248629576173565,-0.5778350065354545,0.10367769461411697,0.1769901824597604,2.384185791015625e-05,0.5659811496734619,4.725456237792969e-05,6.008148193359375e-05,0.00012683868408203125,0.1502361297607422,0.34706091880798345,1.5058762556041068,1.7071027284680076,0.9986579104477612,4,4.25,0.5,0.49435665914221216,0.5,0.5056433408577878,1.7240671209715477,-0.011286681715575621,1.0,0.0,0.0,0.0,0.0,0.0,2,0.6153846153846154,email,tunnel,ikev2,AES_GCM_16_256,PASS,0
email_01,1,0,15,2020.0,1.095823049545288,1843.3633065468,13.688341385248513,134.66666666666666,28.044409226954468,116.0,232.0,124.0,116.0,116.0,122.0,136.0,148.8,175.99999999999991,2.7218949591108097,6.735022514052897,1.8565647621309542,0.45003133305589116,0.07827307496752058,0.12992577735900734,2.384185791015625e-05,0.34000277519226074,4.684925079345703e-05,5.704164505004883e-05,0.0002576112747192383,0.1162460446357727,0.31499981880188,1.2916919971380594,1.659882629247543,0.9984665643360896,5,3.8,0.4666666666666667,0.49504950495049505,0.5333333333333333,0.504950495049505,1.1667848929271378,-0.009900990099009901,1.0,0.0,0.0,0.0,0.0,0.0,2,0.6428571428571429,email,tunnel,ikev2,AES_GCM_16_256,PASS,0
email_01,2,0,13,1728.0,1.277251958847046,1352.9045604751602,10.178101438759885,132.92307692307693,30.509674476899797,116.0,232.0,124.0,116.0,116.0,116.0,124.0,150.4,183.9999999999999,2.584864225557813,5.603959125182639,1.1451104143815827,0.14126311517910067,0.10643766323725383,0.1341172446421672,5.1021575927734375e-05,0.34000277519226074,0.00011219978332519532,0.00021666288375854492,0.00038504600524902344,0.21733158826828003,0.32699470520019536,1.6140054628542202,1.2600425499822117,0.9987209695842012,5,3.2,0.46153846153846156,0.49074074074074076,0.5384615384615384,0.5092592592592593,1.0533872542046365,-0.018518518518518517,1.0,0.0,0.0,0.0,0.0,0.0,2,0.8333333333333334,email,tunnel,ikev2,AES_GCM_16_256,PASS,0
email_01,3,0,7,840.0,1.2500381469726562,671.9794928133297,5.599829106777747,120.0,3.7032803990902057,116.0,124.0,120.0,116.0,116.0,116.0,124.0,124.0,124.0,0.0,-1.8333333333333333,1.4488156357251847,-0.03448275862068966,0.20833969116210938,0.31179528370770154,0.0001010894775390625,0.8795781135559082,0.0001596212387084961,0.0002338886260986328,0.07813799381256104,0.19939732551574707,0.5467214584350586,1.7924812503605778,1.4965645067630806,0.9995197442704996,2,3.0,0.42857142857142855,0.42857142857142855,0.5714285714285714,0.5714285714285714,5.0605048867324145,-0.14285714285714285,1.0,0.0,0.0,0.0,0.0,0.0,2,0.8333333333333334,email,tunnel,ikev2,AES_GCM_16_256,PASS,0
email_01,4,0,12,1520.0,0.5409679412841797,2809.7783325047685,22.18246051977449,126.66666666666667,10.994948334980428,116.0,152.0,124.0,116.0,116.0,116.0,129.0,142.8,147.6,1.047718233153275,0.16414359861591343,2.355388542207534,-0.6182053780393191,0.049178903753107246,0.08792032962977032,2.288818359375e-05,0.27664995193481445,3.719329833984375e-05,8.153915405273438e-05,0.00012803077697753906,0.05864393711090088,0.14641690254211426,1.2776134368191154,1.7877287859518312,0.9981106080959584,3,4.666666666666667,0.5,0.4921052631578947,0.5,0.5078947368421053,1.3717863692619,-0.015789473684210527,1.0,0.0,0.0,0.0,0.0,0.0,2,0.5454545454545454,email,tunnel,ikev2,AES_GCM_16_256,PASS,0
email_01,5,0,19,2536.0,1.204714059829712,2105.0638359433337,15.771377319764722,133.47368421052633,25.864766567368967,116.0,232.0,124.0,116.0,116.0,120.0,138.0,152.0,159.99999999999983,2.8612716391522075,8.169224943939927,1.784315128855494,0.025462579101728496,0.06692855887942845,0.10593622190656592,2.288818359375e-05,0.3334619998931885,6.506443023681641e-05,0.00010406970977783203,0.00016546249389648438,0.11533546447753906,0.2343624353408814,1.6688388898504305,1.582801734841952,0.9985938870799299,7,3.5714285714285716,0.47368421052631576,0.4889589905362776,0.5263157894736842,0.5110410094637224,1.1250111893821313,-0.022082018927444796,1.0,0.0,0.0,0.0,0.0,0.0,2,0.7222222222222222,email,tunnel,ikev2,AES_GCM_16_256,PASS,0
email_01,6,0,12,1612.0,0.8752820491790771,1841.6920597330736,13.709866449625858,134.33333333333334,31.34574222371446,116.0,232.0,124.0,116.0,116.0,119.0,129.0,151.2,187.99999999999994,2.4601741993789656,4.9036234628554745,1.207518749639422,0.13439075483614568,0.0795710953799161,0.09858121195879563,8.511543273925781e-05,0.28850293159484863,0.00011777877807617188,0.00015151500701904297,0.00020384788513183594,0.12989497184753418,0.21623921394348145,1.8676338909712125,1.2388917432439186,0.9990005989868705,5,3.0,0.4166666666666667,0.45409429280397023,0.5833333333333334,0.5459057071960298,1.3113448764083988,-0.09181141439205956,1.0,0.0,0.0,0.0,0.0,0.0,2,0.9090909090909091,email,tunnel,ikev2,AES_GCM_16_256,PASS,0
email_01,7,0,4,472.0,0.11007809638977051,4287.864847596172,36.33783769149298,118.0,3.4641016151377544,116.0,124.0,116.0,116.0,116.0,116.0,118.0,121.6,122.8,1.1547005383792515,-0.6666666666666665,0.8112781244591328,0.0,0.03669269879659017,0.051747846123975184,8.511543273925781e-05,0.10987520217895508,9.164810180664062e-05,0.00010144710540771484,0.00011777877807617188,0.054996490478515625,0.08792371749877931,0.9182958340544896,1.4102651905123271,0.9981568157747114,1,3.0,0.25,0.2457627118644068,0.75,0.7542372881355932,1.0,-0.5084745762711864,1.0,0.0,0.0,0.0,0.0,0.0,2,0.6666666666666666,email,tunnel,ikev2,AES_GCM_16_256,PASS,0
email_01,9,0,6,764.0,0.46220993995666504,1652.9285373474002,12.98111416764974,127.33333333333333,12.310790208412925,116.0,152.0,124.0,116.0,116.0,118.0,130.0,142.0,147.0,1.0830607221477655,-0.06909125308519748,1.9182958340544893,-0.6295126939816686,0.092441987991333,0.11418639886110213,6.198883056640625e-05,0.25716400146484375,6.52313232421875e-05,7.009506225585938e-05,0.00049591064453125,0.20441794395446777,0.23606557846069337,1.3709505944546687,1.2352088713511475,0.9986413218689922,2,3.5,0.6666666666666666,0.6387434554973822,0.3333333333333333,0.3612565445026178,0.5989650612037822,0.2774869109947644,1.0,0.0,0.0,0.0,0.0,0.0,2,0.8,email,tunnel,ikev2,AES_GCM_16_256,PASS,0
email_01,10,0,14,1788.0,1.0542960166931152,1695.9183869518986,13.27900302982471,127.71428571428571,11.157499537009507,116.0,152.0,124.0,116.0,116.0,118.0,131.0,144.0,146.8,0.8436832780784835,-0.3960750335931178,2.378783493486175,-0.5545575683340699,0.0810996935917781,0.12822611032881878,1.8835067749023438e-05,0.3861720561981201,3.8003921508789064e-05,5.412101745605469e-05,0.00014400482177734375,0.20441794395446777,0.2468160152435303,1.3520301017579528,1.5810729187378763,0.998939629193598,4,4.25,0.5,0.4988814317673378,0.5,0.5011185682326622,1.240796256162527,-0.0022371364653243847,1.0,0.0,0.0,0.0,0.0,0.0,2,0.6153846153846154,email,tunnel,ikev2,AES_GCM_16_256,PASS,0
email_01,11,0,14,1896.0,1.1418941020965576,1660.3991530553294,12.260331298931757,135.42857142857142,28.799092956238063,116.0,232.0,124.0,116.0,117.2,121.0,140.0,149.60000000000002,179.99999999999997,2.6245202284530635,6.089350238700479,1.8073549220576042,0.054665695285201016,0.08783800785358135,0.14165203441204982,1.8835067749023438e-05,0.3861720561981201,3.8003921508789064e-05,5.412101745605469e-05,0.00018596649169921875,0.14226317405700684,0.33389239311218266,1.3520301017579528,1.612632449676222,0.9990831934599602,5,3.6,0.42857142857142855,0.4620253164556962,0.5714285714285714,0.5379746835443038,1.4000221135715323,-0.0759493670886076,1.0,0.0,0.0,0.0,0.0,0.0,2,0.6923076923076923,email,tunnel,ikev2,AES_GCM_16_256,PASS,0
email_01,12,0,10,1344.0,1.0087220668792725,1332.3789021072887,9.913533497822089,134.4,34.044676529525134,116.0,232.0,122.0,116.0,116.0,117.0,124.0,159.99999999999997,195.99999999999991,2.298911827958113,3.796397315503363,0.9219280948873623,0.15392829755140425,0.1120802296532525,0.13642800477881517,0.0001010894775390625,0.35234999656677246,0.00010662078857421875,0.0001800060272216797,0.00019097328186035156,0.2096538543701172,0.31342120170593263,1.8799649487271108,1.217224375579075,0.999240584775722,4,3.0,0.4,0.4375,0.6,0.5625,1.164581779254151,-0.125,1.0,0.0,0.0,0.0,0.0,0.0,2,0.8888888888888888,email,tunnel,ikev2,AES_GCM_16_256,PASS,0
email_01,13,0,4,472.0,0.3038980960845947,1553.15221148543,13.162306876995169,118.0,3.4641016151377544,116.0,124.0,116.0,116.0,116.0,116.0,118.0,121.6,122.8,1.1547005383792515,-0.6666666666666665,0.8112781244591328,0.0,0.10129936536153157,0.14311108523732602,0.0001010894775390625,0.30368900299072266,0.00010247230529785157,0.00010454654693603516,0.00010800361633300781,0.15189850330352783,0.24297280311584474,0.9182958340544896,1.412740069856371,0.9993119631331489,1,3.0,0.25,0.2457627118644068,0.75,0.7542372881355932,1.0,-0.5084745762711864,1.0,0.0,0.0,0.0,0.0,0.0,2,0.6666666666666666,email,tunnel,ikev2,AES_GCM_16_256,PASS,0
email_01,14,0,3,364.0,0.21337199211120605,1705.9408613024011,14.059952153591219,121.33333333333333,3.7712361663282534,116.0,124.0,124.0,116.8,117.6,120.0,124.0,124.0,124.0,-0.7071067811865438,-1.5000000000000036,0.9182958340544896,0.0,0.10668599605560303,0.10660207271575928,8.392333984375e-05,0.2132880687713623,0.021404337882995606,0.05338495969772339,0.10668599605560303,0.15998703241348267,0.19196765422821047,1.0,0.9992039953979068,0.9996066806190758,1,3.0,0.6666666666666666,0.6593406593406593,0.3333333333333333,0.34065934065934067,1.0,0.31868131868131866,1.0,0.0,0.0,0.0,0.0,0.0,2,1.0,email,tunnel,ikev2,AES_GCM_16_256,PASS,0
email_01,15,0,14,1788.0,1.0203728675842285,1752.3006116706708,13.720474588025386,127.71428571428571,11.157499537009507,116.0,152.0,124.0,116.0,116.0,118.0,131.0,144.0,146.8,0.8436832780784835,-0.3960750335931178,2.378783493486175,-0.5545575683340699,0.07849022058340219,0.12507632710101915,2.002716064453125e-05,0.3763880729675293,4.0102005004882817e-05,5.793571472167969e-05,0.00014495849609375,0.1703169345855713,0.2501872539520264,1.5058762556041068,1.5935072250292905,0.9990515810020857,4,4.25,0.5,0.4988814317673378,0.5,0.5011185682326622,1.2645501932117016,-0.0022371364653243847,1.0,0.0,0.0,0.0,0.0,0.0,2,0.6153846153846154,email,tunnel,ikev2,AES_GCM_16_256,PASS,0
email_01,16,0,21,2768.0,1.379317045211792,2006.7902514573636,15.224926040680867,131.8095238095238,25.131310479955264,116.0,232.0,124.0,116.0,116.0,116.0,132.0,152.0,152.0,2.9890420697572333,9.125509334683017,1.6846696209693477,0.10391914973408801,0.0689658522605896,0.10433426455779694,2.002716064453125e-05,0.3763880729675293,4.694461822509766e-05,0.00010830163955688477,0.0001735687255859375,0.14643335342407227,0.1772694110870362,1.578897902987479,1.5128175513009123,0.9985587547696523,7,3.7142857142857144,0.42857142857142855,0.4479768786127168,0.5714285714285714,0.5520231213872833,1.2365885281321443,-0.10404624277456648,1.0,0.0,0.0,0.0,0.0,0.0,2,0.7,email,tunnel,ikev2,AES_GCM_16_256,PASS,0
email_01,17,0,10,1344.0,0.6891100406646729,1950.3416300590554,14.511470461748925,134.4,34.044676529525134,116.0,232.0,122.0,116.0,116.0,117.0,124.0,159.99999999999997,195.99999999999991,2.298911827958113,3.796397315503363,0.9219280948873623,0.15392829755140425,0.07656778229607476,0.08759690950984397,0.0001220703125,0.2186908721923828,0.000124359130859375,0.00014710426330566406,0.0005478858947753906,0.15787887573242188,0.1818717956542969,1.6577427265048887,1.1440290270142452,0.9983977646897231,4,3.0,0.4,0.4375,0.6,0.5625,1.330730785332663,-0.125,1.0,0.0,0.0,0.0,0.0,0.0,2,0.8888888888888888,email,tunnel,ikev2,AES_GCM_16_256,PASS,0
email_01,19,0,6,764.0,0.40726804733276367,1875.9144131328424,14.732312145022322,127.33333333333333,12.310790208412925,116.0,152.0,124.0,116.0,116.0,118.0,130.0,142.0,147.0,1.0830607221477655,-0.06909125308519748,1.9182958340544893,-0.6295126939816686,0.08145360946655274,0.09941044427817994,9.298324584960938e-05,0.2042551040649414,0.00010690689086914062,0.0001277923583984375,0.0006411075592041016,0.20215106010437012,0.2034134864807129,0.9709505944546686,1.2204397630682928,0.9978837447005806,2,3.5,0.6666666666666666,0.6387434554973822,0.3333333333333333,0.3612565445026178,0.6711296954429755,0.2774869109947644,1.0,0.0,0.0,0.0,0.0,0.0,2,0.8,email,tunnel,ikev2,AES_GCM_16_256,PASS,0
email_01,20,0,18,2416.0,1.2589709758758545,1919.0275600430034,14.297390761909794,134.22222222222223,26.37245102070542,116.0,232.0,124.0,116.0,116.0,121.0,141.0,152.0,163.9999999999999,2.771379674527146,7.584517643600801,1.8380267541624737,0.24526822103520282,0.07405711622799144,0.10036016384981773,3.600120544433594e-05,0.24775290489196777,5.884170532226563e-05,0.0001277923583984375,0.00043010711669921875,0.20215106010437012,0.2118154525756836,1.3784188527203236,1.355154154081562,0.9952339803734755,6,3.8333333333333335,0.5,0.5149006622516556,0.5,0.48509933774834435,1.1938932648871605,0.029801324503311258,1.0,0.0,0.0,0.0,0.0,0.0,2,0.7058823529411765,email,tunnel,ikev2,AES_GCM_16_256,PASS,0
email_01,21,0,18,2368.0,1.2540321350097656,1888.3088669666024,14.353699157685323,131.55555555555554,26.46217892729635,116.0,232.0,124.0,116.0,116.0,117.0,128.0,146.4,163.9999999999999,3.0030470421122177,8.596961174184031,1.5577277787393193,0.13315548780487801,0.07376659617704504,0.10214676827871526,3.600120544433594e-05,0.2754659652709961,5.884170532226563e-05,0.0001468658447265625,0.00036907196044921875,0.17102909088134766,0.22530746459960938,1.5693078231812962,1.3847105446347896,0.995498110951916,6,3.6666666666666665,0.3888888888888889,0.4189189189189189,0.6111111111111112,0.581081081081081,1.4342487009466092,-0.16216216216216217,1.0,0.0,0.0,0.0,0.0,0.0,2,0.7058823529411765,email,tunnel,ikev2,AES_GCM_16_256,PASS,0
email_01,22,0,6,716.0,0.34088611602783203,2100.4082194463485,17.60118619647778,119.33333333333333,3.590109871423003,116.0,124.0,118.0,116.0,116.0,116.0,123.0,124.0,124.0,0.3329709512140279,-1.6765755053507716,1.4591479170272446,0.2795084971874737,0.0681772232055664,0.08329439025696361,8.511543273925781e-05,0.17102909088134766,0.00010981559753417969,0.0001468658447265625,0.0002751350402832031,0.16934990882873535,0.17035741806030275,0.9709505944546686,1.2217154736611417,0.9985123585446712,2,3.0,0.3333333333333333,0.329608938547486,0.6666666666666666,0.6703910614525139,1.4924080775787127,-0.3407821229050279,1.0,0.0,0.0,0.0,0.0,0.0,2,0.8,email,tunnel,ikev2,AES_GCM_16_256,PASS,0
email_01,25,0,6,764.0,0.48050689697265625,1589.9875835569458,12.486813483431511,127.33333333333333,12.310790208412925,116.0,152.0,124.0,116.0,116.0,118.0,130.0,142.0,147.0,1.0830607221477655,-0.06909125308519748,1.9182958340544893,-0.6295126939816686,0.09610137939453126,0.14062622796532961,9.012222290039062e-05,0.3623528480529785,9.641647338867187e-05,0.00010585784912109375,0.0006721019744873047,0.11728596687316895,0.2643260955810547,1.3709505944546687,1.4632960063144076,0.9981934035661548,2,3.5,0.6666666666666666,0.6387434554973822,0.3333333333333333,0.3612565445026178,1.364567539466403,0.2774869109947644,1.0,0.0,0.0,0.0,0.0,0.0,2,0.8,email,tunnel,ikev2,AES_GCM_16_256,PASS,0
email_01,26,0,14,1788.0,0.9850649833679199,1815.108678299435,14.212260344626449,127.71428571428571,11.157499537009507,116.0,152.0,124.0,116.0,116.0,118.0,131.0,144.0,146.8,0.8436832780784835,-0.3960750335931178,2.378783493486175,-0.5545575683340699,0.07577422948984,0.12351095426769494,2.5033950805664062e-05,0.3623528480529785,4.92095947265625e-05,5.984306335449219e-05,0.00011205673217773438,0.11728596687316895,0.2647596836090088,1.5058762556041068,1.629964766840533,0.9985248067242674,4,4.25,0.5,0.4988814317673378,0.5,0.5011185682326622,1.582598622722785,-0.0022371364653243847,1.0,0.0,0.0,0.0,0.0,0.0,2,0.6153846153846154,email,tunnel,ikev2,AES_GCM_16_256,PASS,0
email_01,27,0,18,2368.0,1.195359230041504,1980.9944496080739,15.058234836547859,131.55555555555554,26.46217892729635,116.0,232.0,124.0,116.0,116.0,117.0,128.0,146.4,163.9999999999999,3.0030470421122177,8.596961174184031,1.5577277787393193,0.13315548780487801,0.07031524882597082,0.1093432970861947,2.5033950805664062e-05,0.3584117889404297,5.369186401367187e-05,0.00011205673217773438,0.00020694732666015625,0.12789392471313477,0.22746443748474124,1.731360029190912,1.555021761141068,0.9987751560723618,6,3.6666666666666665,0.3888888888888889,0.4189189189189189,0.6111111111111112,0.581081081081081,1.5296668809703062,-0.16216216216216217,1.0,0.0,0.0,0.0,0.0,0.0,2,0.7058823529411765,email,tunnel,ikev2,AES_GCM_16_256,PASS,0
email_01,28,0,10,1344.0,0.5630872249603271,2386.84157697716,17.7592379239372,134.4,34.044676529525134,116.0,232.0,122.0,116.0,116.0,117.0,124.0,159.99999999999997,195.99999999999991,2.298911827958113,3.796397315503363,0.9219280948873623,0.15392829755140425,0.06256524721781413,0.07373762750590877,0.00011682510375976562,0.19692397117614746,0.00011949539184570312,0.00020194053649902344,0.00023317337036132812,0.12789392471313477,0.15084967613220215,1.8799649487271108,1.1785528265616334,0.9984388754314052,4,3.0,0.4,0.4375,0.6,0.5625,1.375721576881512,-0.125,1.0,0.0,0.0,0.0,0.0,0.0,2,0.8888888888888888,email,tunnel,ikev2,AES_GCM_16_256,PASS,0
email_01,30,0,6,764.0,0.5271060466766357,1449.4237067037325,11.382908691390568,127.33333333333333,12.310790208412925,116.0,152.0,124.0,116.0,116.0,118.0,130.0,142.0,147.0,1.0830607221477655,-0.06909125308519748,1.9182958340544893,-0.6295126939816686,0.10542120933532714,0.13536647737809268,7.796287536621094e-05,0.32893919944763184,0.00011229515075683594,0.00016379356384277344,0.0004730224609375,0.19745206832885742,0.27634434700012206,1.3709505944546687,1.284041363120353,0.9986439561741833,2,3.5,0.6666666666666666,0.6387434554973822,0.3333333333333333,0.3612565445026178,0.5338799263755895,0.2774869109947644,1.0,0.0,0.0,0.0,0.0,0.0,2,0.8,email,tunnel,ikev2,AES_GCM_16_256,PASS,0
email_01,31,0,13,1664.0,1.2446339130401611,1336.9393060610803,10.44483832860219,128.0,11.529227073966274,116.0,152.0,124.0,116.0,116.0,116.0,132.0,144.0,147.2,0.7517127220294367,-0.6193415637860085,2.4116022179746714,-0.5653907338730226,0.10371949275334676,0.18364974950473203,2.193450927734375e-05,0.5186660289764404,2.646446228027344e-05,5.918741226196289e-05,0.0001609325408935547,0.08258956670761108,0.3890526533126831,1.207518749639422,1.7706216450539007,0.9989581204254945,4,4.0,0.46153846153846156,0.46153846153846156,0.5384615384615384,0.5384615384615384,1.2000937679494463,-0.07692307692307693,1.0,0.0,0.0,0.0,0.0,0.0,2,0.5833333333333334,email,tunnel,ikev2,AES_GCM_16_256,PASS,0
email_01,32,0,12,1652.0,0.9202868938446045,1795.0923902638444,13.03941203581485,137.66666666666666,30.526855207978578,116.0,232.0,126.0,116.0,116.4,123.0,144.0,151.2,187.99999999999994,2.365700608606531,4.66662898398248,1.9591479170272446,0.4689449956560008,0.08366244489496405,0.140376013728978,2.193450927734375e-05,0.39573192596435547,2.4080276489257812e-05,5.543231964111328e-05,0.00020885467529296875,0.12759006023406982,0.26864194869995117,1.0957952550009336,1.6778655708620918,0.9989134610875804,4,3.75,0.4166666666666667,0.4576271186440678,0.5833333333333334,0.5423728813559322,1.500075341510391,-0.0847457627118644,1.0,0.0,0.0,0.0,0.0,0.0,2,0.6363636363636364,email,tunnel,ikev2,AES_GCM_16_256,PASS,0
email_01,33,0,9,1228.0,1.1789848804473877,1041.5740018090924,7.633685681011263,136.44444444444446,35.29907493629294,116.0,232.0,124.0,116.0,116.0,120.0,124.0,168.0,199.99999999999997,2.1333822144913417,3.0114258388558737,0.9864267287308424,0.11899739794657263,0.14737311005592346,0.21092306313610304,9.799003601074219e-05,0.6029210090637207,0.00011267662048339844,0.00018638372421264648,0.0002200603485107422,0.2781204581260681,0.3954654932022094,1.5487949406953985,1.431208392410749,0.9992655238471181,4,3.0,0.4444444444444444,0.4788273615635179,0.5555555555555556,0.5211726384364821,1.3332271482447626,-0.04234527687296417,1.0,0.0,0.0,0.0,0.0,0.0,2,0.875,email,tunnel,ikev2,AES_GCM_16_256,PASS,0
email_01,34,0,6,716.0,0.5443170070648193,1315.409937052979,11.022988299326641,119.33333333333333,3.590109871423003,116.0,124.0,118.0,116.0,116.0,116.0,123.0,124.0,124.0,0.3329709512140279,-1.6765755053507716,1.4591479170272446,0.2795084971874737,0.10886340141296387,0.13493548408228942,9.799003601074219e-05,0.30655598640441895,0.00010638236999511718,0.00011897087097167969,0.00023102760314941406,0.23731303215026855,0.2788588047027588,1.3709505944546687,1.2394821661713646,0.999176971315764,2,3.0,0.3333333333333333,0.329608938547486,0.6666666666666666,0.6703910614525139,1.6907679857239009,-0.3407821229050279,1.0,0.0,0.0,0.0,0.0,0.0,2,0.8,email,tunnel,ikev2,AES_GCM_16_256,PASS,0
email_01,38,0,3,364.0,0.14101099967956543,2581.3589069445406,21.274936046246214,121.33333333333333,3.7712361663282534,116.0,124.0,124.0,116.8,117.6,120.0,124.0,124.0,124.0,-0.7071067811865438,-1.5000000000000036,0.9182958340544896,0.0,0.07050549983978271,0.07040655612945557,9.894371032714844e-05,0.14091205596923828,0.014180254936218262,0.03530222177505493,0.07050549983978271,0.1057087779045105,0.12683074474334716,1.0,0.9985824894080083,0.9992983262968705,1,3.0,0.6666666666666666,0.6593406593406593,0.3333333333333333,0.34065934065934067,1.0,0.31868131868131866,1.0,0.0,0.0,0.0,0.0,0.0,2,1.0,email,tunnel,ikev2,AES_GCM_16_256,PASS,0
email_01,39,0,6,764.0,0.8390440940856934,910.5600115480594,7.150994855089472,127.33333333333333,12.310790208412925,116.0,152.0,124.0,116.0,116.0,118.0,130.0,142.0,147.0,1.0830607221477655,-0.06909125308519748,1.9182958340544893,-0.6295126939816686,0.16780881881713866,0.2704416064415383,7.915496826171875e-05,0.6975929737091064,8.707046508789062e-05,9.894371032714844e-05,0.0003609657287597656,0.14091205596923828,0.47492060661315927,1.3709505944546687,1.611595843126658,0.999357525532748,2,3.5,0.6666666666666666,0.6387434554973822,0.3333333333333333,0.3612565445026178,0.4008659937808921,0.2774869109947644,1.0,0.0,0.0,0.0,0.0,0.0,2,0.8,email,tunnel,ikev2,AES_GCM_16_256,PASS,0
email_01,40,0,13,1668.0,0.8616471290588379,1935.8272589173798,15.087382713384855,128.30769230769232,11.25497917425962,116.0,152.0,124.0,116.0,116.0,120.0,132.0,144.0,147.2,0.7915855661573414,-0.549501632179751,2.6612262562697895,-0.5227717304133556,0.07180392742156982,0.12479218479986127,3.1948089599609375e-05,0.3181910514831543,6.086826324462891e-05,7.635354995727539e-05,0.00024199485778808594,0.06360673904418945,0.285117506980896,1.0408520829727552,1.737933443859653,0.9983007794665759,4,4.0,0.46153846153846156,0.4628297362110312,0.5384615384615384,0.5371702637889688,1.2001949026412235,-0.07434052757793765,1.0,0.0,0.0,0.0,0.0,0.0,2,0.5833333333333334,email,tunnel,ikev2,AES_GCM_16_256,PASS,0
email_01,41,0,14,1896.0,1.304250955581665,1453.707963092447,10.73413052916364,135.42857142857142,28.799092956238063,116.0,232.0,124.0,116.0,117.2,121.0,140.0,149.60000000000002,179.99999999999997,2.6245202284530635,6.089350238700479,1.8073549220576042,0.054665695285201016,0.100326996583205,0.15362540520024248,3.1948089599609375e-05,0.39975500106811523,6.165504455566407e-05,8.296966552734375e-05,0.0002300739288330078,0.2533440589904785,0.3465687274932862,1.3520301017579528,1.5312316644620363,0.9988843645603404,5,3.6,0.42857142857142855,0.4620253164556962,0.5714285714285714,0.5379746835443038,1.3999786626919781,-0.0759493670886076,1.0,0.0,0.0,0.0,0.0,0.0,2,0.6923076923076923,email,tunnel,ikev2,AES_GCM_16_256,PASS,0
email_01,42,0,8,1100.0,0.9042768478393555,1216.4416269511908,8.846848196008661,137.5,37.41323295306087,116.0,232.0,122.0,116.0,116.0,116.0,131.0,176.0,203.99999999999994,1.9258992372290478,2.14181161186994,1.061278124459133,0.1689010466316609,0.12918240683419363,0.15206121815774892,9.608268737792969e-05,0.36104893684387207,0.00011281967163085937,0.00016248226165771484,0.0002300739288330078,0.2712883949279785,0.3214147567749024,1.6644977792004614,1.1770955874613127,0.9992799537651748,3,3.0,0.375,0.4254545454545455,0.625,0.5745454545454546,1.3471122215409788,-0.14909090909090908,1.0,0.0,0.0,0.0,0.0,0.0,2,0.8571428571428571,email,tunnel,ikev2,AES_GCM_16_256,PASS,0
email_01,43,0,4,472.0,0.2952120304107666,1598.850830514073,13.549583309441298,118.0,3.4641016151377544,116.0,124.0,116.0,116.0,116.0,116.0,118.0,121.6,122.8,1.1547005383792515,-0.6666666666666665,0.8112781244591328,0.0,0.0984040101369222,0.1390086800293081,9.608268737792969e-05,0.29499197006225586,0.00010166168212890624,0.0001100301742553711,0.0001239776611328125,0.14755797386169434,0.23601837158203126,0.9182958340544896,1.4126179128063638,0.9992545684936872,1,3.0,0.25,0.2457627118644068,0.75,0.7542372881355932,1.0,-0.5084745762711864,1.0,0.0,0.0,0.0,0.0,0.0,2,0.6666666666666666,email,tunnel,ikev2,AES_GCM_16_256,PASS,0
email_01,44,0,6,764.0,0.33531999588012695,2278.4206411392215,17.893355820465093,127.33333333333333,12.310790208412925,116.0,152.0,124.0,116.0,116.0,118.0,130.0,142.0,147.0,1.0830607221477655,-0.06909125308519748,1.9182958340544893,-0.6295126939816686,0.06706399917602539,0.08433005788663987,0.00016188621520996094,0.1999070644378662,0.00020346641540527343,0.0002658367156982422,0.0005140304565429688,0.13447117805480957,0.17373270988464357,1.3709505944546687,1.2574376936216598,0.9971914785905347,2,3.5,0.6666666666666666,0.6387434554973822,0.3333333333333333,0.3612565445026178,0.8302009789726903,0.2774869109947644,1.0,0.0,0.0,0.0,0.0,0.0,2,0.8,email,tunnel,ikev2,AES_GCM_16_256,PASS,0
email_01,45,0,14,1788.0,1.0157980918884277,1760.192319987532,13.782266487598127,127.71428571428571,11.157499537009507,116.0,152.0,124.0,116.0,116.0,118.0,131.0,144.0,146.8,0.8436832780784835,-0.3960750335931178,2.378783493486175,-0.5545575683340699,0.07813831476064828,0.130730686475744,4.291534423828125e-05,0.418795108795166,5.9556961059570315e-05,7.414817810058594e-05,0.0002658367156982422,0.13447117805480957,0.24877104759216312,1.5058762556041068,1.6730462364072491,0.9983877728921463,4,4.25,0.5,0.4988814317673378,0.5,0.5011185682326622,1.2455099754627812,-0.0022371364653243847,1.0,0.0,0.0,0.0,0.0,0.0,2,0.6153846153846154,email,tunnel,ikev2,AES_GCM_16_256,PASS,0
email_01,46,0,14,1896.0,0.9584250450134277,1978.2454662100745,14.607297746276922,135.42857142857142,28.799092956238063,116.0,232.0,124.0,116.0,117.2,121.0,140.0,149.60000000000002,179.99999999999997,2.6245202284530635,6.089350238700479,1.8073549220576042,0.054665695285201016,0.07372500346257137,0.1107043926570829,4.291534423828125e-05,0.2609870433807373,5.9556961059570315e-05,7.414817810058594e-05,0.00020694732666015625,0.2222750186920166,0.24297680854797366,1.198183947911799,1.5015650850148743,0.9986059444875354,5,3.6,0.42857142857142855,0.4620253164556962,0.5714285714285714,0.5379746835443038,1.3999110499892846,-0.0759493670886076,1.0,0.0,0.0,0.0,0.0,0.0,2,0.6923076923076923,email,tunnel,ikev2,AES_GCM_16_256,PASS,0
email_01,47,0,10,1344.0,0.8909327983856201,1508.5312859009598,11.224191115334522,134.4,34.044676529525134,116.0,232.0,122.0,116.0,116.0,117.0,124.0,159.99999999999997,195.99999999999991,2.298911827958113,3.796397315503363,0.9219280948873623,0.15392829755140425,0.09899253315395778,0.12025113303846088,9.298324584960938e-05,0.3211209774017334,0.00010900497436523437,0.0001900196075439453,0.00024318695068359375,0.2222750186920166,0.2456704616546631,1.8799649487271108,1.2147372581544555,0.9990502678330344,4,3.0,0.4,0.4375,0.6,0.5625,1.442006820264716,-0.125,1.0,0.0,0.0,0.0,0.0,0.0,2,0.8888888888888888,email,tunnel,ikev2,AES_GCM_16_256,PASS,0
email_01,48,0,4,472.0,0.12008881568908691,3930.4243054742115,33.3086805548662,118.0,3.4641016151377544,116.0,124.0,116.0,116.0,116.0,116.0,118.0,121.6,122.8,1.1547005383792515,-0.6666666666666665,0.8112781244591328,0.0,0.04002960522969564,0.056464751695766174,9.298324584960938e-05,0.11988282203674316,9.698867797851563e-05,0.000102996826171875,0.00011301040649414062,0.05999791622161865,0.09592885971069337,0.9182958340544896,1.4105395452247447,0.9982846558094379,1,3.0,0.25,0.2457627118644068,0.75,0.7542372881355932,1.0,-0.5084745762711864,1.0,0.0,0.0,0.0,0.0,0.0,2,0.6666666666666666,email,tunnel,ikev2,AES_GCM_16_256,PASS,0
email_01,49,0,3,364.0,0.3449571132659912,1055.2036354714191,8.696733259379828,121.33333333333333,3.7712361663282534,116.0,124.0,124.0,116.8,117.6,120.0,124.0,124.0,124.0,-0.7071067811865438,-1.5000000000000036,0.9182958340544896,0.0,0.1724785566329956,0.17238056659698486,9.799003601074219e-05,0.34485912322998047,0.03457410335540772,0.08628827333450317,0.1724785566329956,0.25866883993148804,0.3103830099105835,1.0,0.999426076701824,0.9997159355982459,1,3.0,0.6666666666666666,0.6593406593406593,0.3333333333333333,0.34065934065934067,1.0,0.31868131868131866,1.0,0.0,0.0,0.0,0.0,0.0,2,1.0,email,tunnel,ikev2,AES_GCM_16_256,PASS,0
email_01,50,0,12,1520.0,1.0335321426391602,1470.684787914411,11.610669378271666,126.66666666666667,10.994948334980428,116.0,152.0,124.0,116.0,116.0,116.0,129.0,142.8,147.6,1.047718233153275,0.16414359861591343,2.355388542207534,-0.6182053780393191,0.09395746751265092,0.15330678571048473,2.09808349609375e-05,0.3549668788909912,4.8160552978515625e-05,5.543231964111328e-05,9.799003601074219e-05,0.16658544540405273,0.34485912322998047,0.8453509366224364,1.6316441696949018,0.9990583508729517,3,4.666666666666667,0.5,0.4921052631578947,0.5,0.5078947368421053,1.5012167595128079,-0.015789473684210527,1.0,0.0,0.0,0.0,0.0,0.0,2,0.5454545454545454,email,tunnel,ikev2,AES_GCM_16_256,PASS,0
email_01,51,0,17,2300.0,1.1195518970489502,2054.3933747623646,15.184646683026171,135.2941176470588,27.720802776514144,116.0,236.0,124.0,116.0,116.0,120.0,144.0,152.0,168.79999999999995,2.7522981631120094,7.321868174305916,1.8942738697712644,0.03807371255273621,0.06997199356555939,0.1141438637894395,2.09808349609375e-05,0.3549668788909912,5.14984130859375e-05,8.678436279296875e-05,0.00019788742065429688,0.13127541542053223,0.2472090721130371,1.4966407621868583,1.631255974242339,0.9983806602621397,6,3.6666666666666665,0.47058823529411764,0.49043478260869566,0.5294117647058824,0.5095652173913043,1.1431265182135586,-0.019130434782608695,1.0,0.0,0.0,0.0,0.0,0.0,2,0.6875,email,tunnel,ikev2,AES_GCM_16_256,PASS,0
email_01,52,0,12,1616.0,0.826420783996582,1955.4203273845585,14.52044797562791,134.66666666666666,32.38655413730965,116.0,236.0,124.0,116.0,116.0,119.0,129.0,151.2,189.79999999999995,2.492106264874201,5.032665900603279,1.207518749639422,0.12724741783201424,0.07512916218150746,0.08444053845398497,6.794929504394531e-05,0.21187114715576172,0.00011706352233886719,0.00018095970153808594,0.0003688335418701172,0.15471911430358887,0.1756148338317871,1.8676338909712125,1.1239232819700895,0.9986414752499813,5,3.0,0.4166666666666667,0.45544554455445546,0.5833333333333334,0.5445544554455446,1.1808979366032455,-0.0891089108910891,1.0,0.0,0.0,0.0,0.0,0.0,2,0.9090909090909091,email,tunnel,ikev2,AES_GCM_16_256,PASS,0
email_01,53,0,4,472.0,0.17579984664916992,2684.871511531712,22.753148402811117,118.0,3.4641016151377544,116.0,124.0,116.0,116.0,116.0,116.0,118.0,121.6,122.8,1.1547005383792515,-0.6666666666666665,0.8112781244591328,0.0,0.05859994888305664,0.08274202107645709,6.794929504394531e-05,0.1756148338317871,7.777214050292968e-05,9.250640869140625e-05,0.00011706352233886719,0.08786594867706299,0.14051527976989747,0.9182958340544896,1.4119570186751769,0.9989475939774166,1,3.0,0.25,0.2457627118644068,0.75,0.7542372881355932,1.0,-0.5084745762711864,1.0,0.0,0.0,0.0,0.0,0.0,2,0.6666666666666666,email,tunnel,ikev2,AES_GCM_16_256,PASS,0
email_01,55,0,12,1520.0,0.6762650012969971,2247.6396044225535,17.74452319280963,126.66666666666667,10.994948334980428,116.0,152.0,124.0,116.0,116.0,116.0,129.0,142.8,147.6,1.047718233153275,0.16414359861591343,2.355388542207534,-0.6182053780393191,0.06147863648154519,0.10123336618880616,2.002716064453125e-05,0.2457869052886963,3.814697265625e-05,6.246566772460938e-05,8.797645568847656e-05,0.093361496925354,0.24319100379943848,1.0957952550009336,1.6466162128202262,0.998719178582043,3,4.666666666666667,0.5,0.4921052631578947,0.5,0.5078947368421053,1.5625448178059707,-0.015789473684210527,1.0,0.0,0.0,0.0,0.0,0.0,2,0.5454545454545454,email,tunnel,ikev2,AES_GCM_16_256,PASS,0
email_01,56,0,19,2540.0,1.1444511413574219,2219.404488502088,16.60184459903137,133.68421052631578,26.669621258295773,116.0,236.0,124.0,116.0,116.0,120.0,138.0,152.0,160.3999999999998,2.92278709378126,8.47973610946821,1.784315128855494,0.026203084752443408,0.06358061896430121,0.09842509457141058,2.002716064453125e-05,0.3107421398162842,5.266666412353516e-05,7.456541061401367e-05,0.00019800662994384766,0.11989831924438477,0.20423071384429936,1.6688388898504305,1.54801177092821,0.9985135961681405,7,3.5714285714285716,0.47368421052631576,0.48976377952755906,0.5263157894736842,0.510236220472441,1.125092412502171,-0.02047244094488189,1.0,0.0,0.0,0.0,0.0,0.0,2,0.7222222222222222,email,tunnel,ikev2,AES_GCM_16_256,PASS,0
email_01,57,0,12,1616.0,0.9150779247283936,1765.9698221653077,13.11363729330674,134.66666666666666,32.38655413730965,116.0,236.0,124.0,116.0,116.0,119.0,129.0,151.2,189.79999999999995,2.492106264874201,5.032665900603279,1.207518749639422,0.12724741783201424,0.08318890224803578,0.10099918791990521,0.00010204315185546875,0.2760179042816162,0.00013709068298339844,0.00016701221466064453,0.00032782554626464844,0.1469975709915161,0.23818588256835938,2.049452072789394,1.214079896605359,0.9988262467383078,5,3.0,0.4166666666666667,0.45544554455445546,0.5833333333333334,0.5445544554455446,1.0472630822061328,-0.0891089108910891,1.0,0.0,0.0,0.0,0.0,0.0,2,0.9090909090909091,email,tunnel,ikev2,AES_GCM_16_256,PASS,0
email_01,58,0,4,472.0,0.2762570381164551,1708.5537556550153,14.479269115720468,118.0,3.4641016151377544,116.0,124.0,116.0,116.0,116.0,116.0,118.0,121.6,122.8,1.1547005383792515,-0.6666666666666665,0.8112781244591328,0.0,0.09208567937215169,0.13005972429924068,0.00010204315185546875,0.2760179042816162,0.00010905265808105468,0.0001195669174194336,0.00013709068298339844,0.1380774974822998,0.22084174156188965,0.9182958340544896,1.4123619744569982,0.9991343792126735,1,3.0,0.25,0.2457627118644068,0.75,0.7542372881355932,1.0,-0.5084745762711864,1.0,0.0,0.0,0.0,0.0,0.0,2,0.6666666666666666,email,tunnel,ikev2,AES_GCM_16_256,PASS,0
email_01,60,0,3,364.0,0.26926493644714355,1351.8284437730824,11.14144321791002,121.33333333333333,3.7712361663282534,116.0,124.0,124.0,116.8,117.6,120.0,124.0,124.0,124.0,-0.7071067811865438,-1.5000000000000036,0.9182958340544896,0.0,0.13463246822357178,0.13456356525421143,6.890296936035156e-05,0.2691960334777832,0.026981616020202638,0.06735068559646606,0.13463246822357178,0.2019142508506775,0.24228332042694092,1.0,0.9994807905472339,0.9997441071597755,1,3.0,0.6666666666666666,0.6593406593406593,0.3333333333333333,0.34065934065934067,1.0,0.31868131868131866,1.0,0.0,0.0,0.0,0.0,0.0,2,1.0,email,tunnel,ikev2,AES_GCM_16_256,PASS,0
email_01,61,0,12,1520.0,0.8092060089111328,1878.3844697907164,14.82935107729513,126.66666666666667,10.994948334980428,116.0,152.0,124.0,116.0,116.0,116.0,129.0,142.8,147.6,1.047718233153275,0.16414359861591343,2.355388542207534,-0.6182053780393191,0.0735641826282848,0.11991307002715311,2.193450927734375e-05,0.275407075881958,5.1021575927734375e-05,6.890296936035156e-05,0.00010991096496582031,0.13195252418518066,0.2691960334777832,0.8453509366224364,1.6300247718143797,0.99852212220423,3,4.666666666666667,0.5,0.4921052631578947,0.5,0.5078947368421053,1.4995354533133793,-0.015789473684210527,1.0,0.0,0.0,0.0,0.0,0.0,2,0.5454545454545454,email,tunnel,ikev2,AES_GCM_16_256,PASS,0
email_01,62,0,17,2300.0,1.2071669101715088,1905.2874798177052,14.082559633435212,135.2941176470588,27.720802776514144,116.0,236.0,124.0,116.0,116.0,120.0,144.0,152.0,168.79999999999995,2.7522981631120094,7.321868174305916,1.8942738697712644,0.03807371255273621,0.0754479318857193,0.11536353925603632,2.193450927734375e-05,0.2929379940032959,5.996227264404297e-05,0.0001062154769897461,0.00025153160095214844,0.1704699993133545,0.2759215831756592,1.4966407621868583,1.529028130322305,0.9982126016521091,6,3.6666666666666665,0.47058823529411764,0.49043478260869566,0.5294117647058824,0.5095652173913043,1.1429622176000536,-0.019130434782608695,1.0,0.0,0.0,0.0,0.0,0.0,2,0.6875,email,tunnel,ikev2,AES_GCM_16_256,PASS,0
email_01,63,0,12,1616.0,0.9767298698425293,1654.5004405983154,12.28589436087858,134.66666666666666,32.38655413730965,116.0,236.0,124.0,116.0,116.0,119.0,129.0,151.2,189.79999999999995,2.492106264874201,5.032665900603279,1.207518749639422,0.12724741783201424,0.08879362453113902,0.10248612121771493,0.00010704994201660156,0.2884361743927002,0.00018787384033203125,0.0002084970474243164,0.0016970634460449219,0.17003095149993896,0.1994020938873291,1.6858157091530304,1.154192855241755,0.9970976653903555,5,3.0,0.4166666666666667,0.45544554455445546,0.5833333333333334,0.5445544554455446,1.2240793191780344,-0.0891089108910891,1.0,0.0,0.0,0.0,0.0,0.0,2,0.9090909090909091,email,tunnel,ikev2,AES_GCM_16_256,PASS,0
email_01,64,0,5,596.0,1.2465050220489502,478.13686223287044,4.01121528718851,119.2,3.919183588453085,116.0,124.0,116.0,116.0,116.0,116.0,124.0,124.0,124.0,0.4082482904638609,-1.8333333333333346,0.9709505944546686,-0.3333333333333333,0.31162625551223755,0.4412766504996974,0.00010704994201660156,1.065464973449707,0.0005840539932250977,0.0012995600700378418,0.09046649932861328,0.400793194770813,0.7995962619781496,1.5,1.4160399730580324,0.9985526625595972,1,3.0,0.4,0.40268456375838924,0.6,0.5973154362416108,13.750406806500223,-0.19463087248322147,1.0,0.0,0.0,0.0,0.0,0.0,2,0.75,email,tunnel,ikev2,AES_GCM_16_256,PASS,0
email_01,65,0,12,1520.0,0.6791009902954102,2238.2532520513587,17.67042041093178,126.66666666666667,10.994948334980428,116.0,152.0,124.0,116.0,116.0,116.0,129.0,142.8,147.6,1.047718233153275,0.16414359861591343,2.355388542207534,-0.6182053780393191,0.06173645366321911,0.10728416679356333,2.288818359375e-05,0.30677103996276855,3.314018249511719e-05,6.198883056640625e-05,8.487701416015625e-05,0.06695055961608887,0.2378990650177002,1.2776134368191154,1.7377484886047263,0.9986690568173361,3,4.666666666666667,0.5,0.4921052631578947,0.5,0.5078947368421053,1.5400406718130242,-0.015789473684210527,1.0,0.0,0.0,0.0,0.0,0.0,2,0.5454545454545454,email,tunnel,ikev2,AES_GCM_16_256,PASS,0
email_01,66,0,19,2540.0,1.3115811347961426,1936.593880938055,14.486332180245293,133.68421052631578,26.669621258295773,116.0,236.0,124.0,116.0,116.0,120.0,138.0,152.0,160.3999999999998,2.92278709378126,8.47973610946821,1.784315128855494,0.026203084752443408,0.0728656185997857,0.10726459035102445,2.288818359375e-05,0.30677103996276855,5.116462707519532e-05,8.112192153930664e-05,0.00022554397583007812,0.17175835371017456,0.23450214862823487,1.5577277787393193,1.4720676272926423,0.998066411327045,7,3.5714285714285716,0.47368421052631576,0.48976377952755906,0.5263157894736842,0.510236220472441,1.1250798167681733,-0.02047244094488189,1.0,0.0,0.0,0.0,0.0,0.0,2,0.7222222222222222,email,tunnel,ikev2,AES_GCM_16_256,PASS,0
email_01,67,0,12,1616.0,0.9766650199890137,1654.6102982352927,12.286710135410589,134.66666666666666,32.38655413730965,116.0,236.0,124.0,116.0,116.0,119.0,129.0,151.2,189.79999999999995,2.492106264874201,5.032665900603279,1.207518749639422,0.12724741783201424,0.08878772908991034,0.09845566175558326,7.104873657226562e-05,0.23014187812805176,0.00013709068298339844,0.00019562244415283203,0.0010139942169189453,0.19091296195983887,0.2094268798828125,1.6858157091530304,1.1088756733513312,0.9981156763328068,5,3.0,0.4166666666666667,0.45544554455445546,0.5833333333333334,0.5445544554455446,1.263999919539816,-0.0891089108910891,1.0,0.0,0.0,0.0,0.0,0.0,2,0.9090909090909091,email,tunnel,ikev2,AES_GCM_16_256,PASS,0
email_01,68,0,4,472.0,0.15363812446594238,3072.1541390895477,26.03520456855549,118.0,3.4641016151377544,116.0,124.0,116.0,116.0,116.0,116.0,118.0,121.6,122.8,1.1547005383792515,-0.6666666666666665,0.8112781244591328,0.0,0.051212708155314125,0.07227853467272435,7.104873657226562e-05,0.15342998504638672,8.425712585449218e-05,0.00010406970977783203,0.00013709068298339844,0.07678353786468506,0.12277140617370606,0.9182958340544896,1.4113122692371274,0.998645261908272,1,3.0,0.25,0.2457627118644068,0.75,0.7542372881355932,1.0,-0.5084745762711864,1.0,0.0,0.0,0.0,0.0,0.0,2,0.6666666666666666,email,tunnel,ikev2,AES_GCM_16_256,PASS,0
email_01,71,0,6,764.0,0.3531029224395752,2163.67509711206,16.992212804544973,127.33333333333333,12.310790208412925,116.0,152.0,124.0,116.0,116.0,118.0,130.0,142.0,147.0,1.0830607221477655,-0.06909125308519748,1.9182958340544893,-0.6295126939816686,0.07062058448791504,0.09012490505251394,7.891654968261719e-05,0.21773004531860352,8.339881896972657e-05,9.012222290039062e-05,0.0005109310150146484,0.13469290733337402,0.18451519012451173,1.3709505944546687,1.276166567289868,0.9980743014447465,2,3.5,0.6666666666666666,0.6387434554973822,0.3333333333333333,0.3612565445026178,0.540355996962959,0.2774869109947644,1.0,0.0,0.0,0.0,0.0,0.0,2,0.8,email,tunnel,ikev2,AES_GCM_16_256,PASS,0
email_01,72,0,18,2420.0,1.1216919422149658,2157.4550987870257,16.047186685192756,134.44444444444446,27.199310085658468,116.0,236.0,124.0,116.0,116.0,121.0,141.0,152.0,164.59999999999988,2.8316083262958744,7.875968109323672,1.8380267541624737,0.254526553661247,0.06598187895382152,0.09150060901965631,5.1975250244140625e-05,0.234788179397583,7.090568542480468e-05,0.00013494491577148438,0.00067901611328125,0.13469290733337402,0.21401000022888184,1.4516607643577664,1.3867325959464958,0.9905743533564293,7,3.4285714285714284,0.5,0.515702479338843,0.5,0.484297520661157,1.1366558631063999,0.03140495867768595,1.0,0.0,0.0,0.0,0.0,0.0,2,0.7058823529411765,email,tunnel,ikev2,AES_GCM_16_256,PASS,0
email_01,73,0,18,2372.0,1.1604290008544922,2044.071630623982,15.511504785510825,131.77777777777777,27.308028033194347,116.0,236.0,124.0,116.0,116.0,117.0,128.0,146.4,164.59999999999988,3.051748478513092,8.844945431354017,1.5577277787393193,0.12823630381919607,0.06826052946202896,0.0940896319668924,5.1975250244140625e-05,0.23518800735473633,5.812644958496094e-05,0.00013494491577148438,0.00067901611328125,0.1617889404296875,0.21861643791198732,1.6137129703673825,1.378369818379627,0.9911258894245388,7,3.2857142857142856,0.3888888888888889,0.41989881956155145,0.6111111111111112,0.5801011804384486,1.3249222745679043,-0.16020236087689713,1.0,0.0,0.0,0.0,0.0,0.0,2,0.7058823529411765,email,tunnel,ikev2,AES_GCM_16_256,PASS,0
email_01,74,0,6,716.0,0.39144015312194824,1829.1429591203416,15.328013623913476,119.33333333333333,3.590109871423003,116.0,124.0,118.0,116.0,116.0,116.0,123.0,124.0,124.0,0.3329709512140279,-1.6765755053507716,1.4591479170272446,0.2795084971874737,0.07828803062438965,0.09806574399797267,5.698204040527344e-05,0.2292461395263672,7.300376892089843e-05,9.703636169433594e-05,0.0002510547637939453,0.1617889404296875,0.2022632598876953,1.3709505944546687,1.2526115499943604,0.9989651721657503,2,3.0,0.3333333333333333,0.329608938547486,0.6666666666666666,0.6703910614525139,1.2411224276645059,-0.3407821229050279,1.0,0.0,0.0,0.0,0.0,0.0,2,0.8,email,tunnel,ikev2,AES_GCM_16_256,PASS,0
email_01,75,0,3,364.0,0.18155503273010254,2004.901734346951,16.523915392969375,121.33333333333333,3.7712361663282534,116.0,124.0,124.0,116.8,117.6,120.0,124.0,124.0,124.0,-0.7071067811865438,-1.5000000000000036,0.9182958340544896,0.0,0.09077751636505127,0.09067070484161377,0.0001068115234375,0.18144822120666504,0.018240952491760255,0.045442163944244385,0.09077751636505127,0.13611286878585815,0.1633140802383423,1.0,0.9988123674217813,0.9994116851412416,1,3.0,0.6666666666666666,0.6593406593406593,0.3333333333333333,0.34065934065934067,1.0,0.31868131868131866,1.0,0.0,0.0,0.0,0.0,0.0,2,1.0,email,tunnel,ikev2,AES_GCM_16_256,PASS,0
email_01,76,0,20,2664.0,0.906480073928833,2938.840109803835,22.063364187716477,133.2,26.07987730032486,116.0,236.0,124.0,116.0,116.0,120.0,135.0,152.0,156.20000000000005,3.0224499368856694,9.149509426732926,1.7332062193464952,0.03351696387666878,0.04770947757520174,0.0645696326913164,2.4080276489257812e-05,0.18144822120666504,4.801750183105469e-05,9.191036224365234e-05,0.00019502639770507812,0.11017203330993652,0.13006329536437986,1.6282202760321463,1.3533637886885765,0.9982141227384258,7,3.7142857142857144,0.5,0.5135135135135135,0.5,0.4864864864864865,1.2504829237477062,0.02702702702702703,1.0,0.0,0.0,0.0,0.0,0.0,2,0.7368421052631579,email,tunnel,ikev2,AES_GCM_16_256,PASS,0
email_01,77,0,21,2772.0,0.916032075881958,3026.0949075730905,22.924961421008263,132.0,25.893554998805985,116.0,236.0,124.0,116.0,116.0,116.0,132.0,152.0,152.0,3.054463131638593,9.478729338842975,1.6846696209693477,0.1013440319097879,0.0458016037940979,0.06520460579079598,2.4080276489257812e-05,0.197282075881958,4.9519538879394535e-05,7.551908493041992e-05,0.00019156932830810547,0.1042642593383789,0.12640058994293218,1.578897902987479,1.423600415468044,0.9981442522442705,7,3.7142857142857144,0.42857142857142855,0.44877344877344877,0.5714285714285714,0.5512265512265512,1.206088265737558,-0.10245310245310245,1.0,0.0,0.0,0.0,0.0,0.0,2,0.7,email,tunnel,ikev2,AES_GCM_16_256,PASS,0
email_01,78,0,4,472.0,0.11263108253479004,4190.672675584081,35.514175216814245,118.0,3.4641016151377544,116.0,124.0,116.0,116.0,116.0,116.0,118.0,121.6,122.8,1.1547005383792515,-0.6666666666666665,0.8112781244591328,0.0,0.037543694178263344,0.05296195791912147,7.104873657226562e-05,0.11244320869445801,8.020401000976562e-05,9.393692016601562e-05,0.00011682510375976562,0.05628001689910889,0.08997793197631837,0.9182958340544896,1.4106376168002992,0.9983319538789481,1,3.0,0.25,0.2457627118644068,0.75,0.7542372881355932,1.0,-0.5084745762711864,1.0,0.0,0.0,0.0,0.0,0.0,2,0.6666666666666666,email,tunnel,ikev2,AES_GCM_16_256,PASS,0
email_01,79,0,6,764.0,0.21411609649658203,3568.157707434181,28.022180948435977,127.33333333333333,12.310790208412925,116.0,152.0,124.0,116.0,116.0,118.0,130.0,142.0,147.0,1.0830607221477655,-0.06909125308519748,1.9182958340544893,-0.6295126939816686,0.04282321929931641,0.05222138330733481,8.106231689453125e-05,0.11005306243896484,9.3841552734375e-05,0.00011301040649414062,0.0004639625549316406,0.10340499877929688,0.10739383697509766,0.9709505944546686,1.2194357343058069,0.9969267360600756,2,3.5,0.6666666666666666,0.6387434554973822,0.3333333333333333,0.3612565445026178,0.6478526688790865,0.2774869109947644,1.0,0.0,0.0,0.0,0.0,0.0,2,0.8,email,tunnel,ikev2,AES_GCM_16_256,PASS,0
email_01,80,0,18,2420.0,1.0161380767822266,2381.566103361996,17.714128041535506,134.44444444444446,27.199310085658468,116.0,236.0,124.0,116.0,116.0,121.0,141.0,152.0,164.59999999999988,2.8316083262958744,7.875968109323672,1.8380267541624737,0.254526553661247,0.059772828046013325,0.08334874467870819,3.886222839355469e-05,0.2224419116973877,5.474090576171875e-05,0.00011301040649414062,0.0002551078796386719,0.11005306243896484,0.20459532737731934,1.6137129703673825,1.3944019883509404,0.9776524686109218,6,3.6666666666666665,0.5,0.515702479338843,0.5,0.484297520661157,1.1135258874718978,0.03140495867768595,1.0,0.0,0.0,0.0,0.0,0.0,2,0.7058823529411765,email,tunnel,ikev2,AES_GCM_16_256,PASS,0
email_01,81,0,21,2740.0,1.3063042163848877,2097.520597141432,16.075887788310244,130.47619047619048,25.552222990832764,116.0,236.0,124.0,116.0,116.0,116.0,128.0,144.0,152.0,3.333151245732949,10.915337314592305,1.5324194984468593,0.14848197343453517,0.06531521081924438,0.0992629639672206,3.409385681152344e-05,0.2607131004333496,4.701614379882813e-05,5.733966827392578e-05,0.00023603439331054688,0.15917181968688965,0.22408058643341067,1.4190352743388661,1.5197293707364659,0.9822912311050281,6,4.166666666666667,0.42857142857142855,0.45255474452554745,0.5714285714285714,0.5474452554744526,1.1176683163031045,-0.0948905109489051,1.0,0.0,0.0,0.0,0.0,0.0,2,0.8,email,tunnel,ikev2,AES_GCM_16_256,PASS,0
email_01,82,0,9,1084.0,0.48504209518432617,2234.857573728848,18.555090556789327,120.44444444444444,4.399775527382962,116.0,128.0,120.0,116.0,116.0,116.0,124.0,124.8,126.4,0.28036886950836976,-1.4287796751353599,1.7527152789797045,0.6155870112510925,0.06063026189804077,0.1051203811471408,3.409385681152344e-05,0.2607131004333496,4.3773651123046874e-05,5.0961971282958984e-05,0.00017642974853515625,0.056258559226989746,0.23448619842529297,1.061278124459133,1.73376535233448,0.997767416071655,2,4.5,0.4444444444444444,0.44280442804428044,0.5555555555555556,0.5571955719557196,0.7188788872603924,-0.11439114391143912,1.0,0.0,0.0,0.0,0.0,0.0,2,1.0,email,tunnel,ikev2,AES_GCM_16_256,PASS,0
email_01,86,0,6,764.0,0.41661810874938965,1833.8137108187314,14.401678357215168,127.33333333333333,12.310790208412925,116.0,152.0,124.0,116.0,116.0,118.0,130.0,142.0,147.0,1.0830607221477655,-0.06909125308519748,1.9182958340544893,-0.6295126939816686,0.08332362174987792,0.10307415123097903,9.298324584960938e-05,0.23397111892700195,9.49859619140625e-05,9.799003601074219e-05,0.0005419254302978516,0.1819140911102295,0.21314830780029298,1.3709505944546687,1.2370191315165502,0.9982408380798468,2,3.5,0.6666666666666666,0.6387434554973822,0.3333333333333333,0.3612565445026178,0.7630029788940781,0.2774869109947644,1.0,0.0,0.0,0.0,0.0,0.0,2,0.8,email,tunnel,ikev2,AES_GCM_16_256,PASS,0
email_01,87,0,16,2032.0,1.2796411514282227,1587.9451811408696,12.503505363313934,127.0,10.63014581273465,116.0,152.0,124.0,116.0,116.0,119.0,129.0,144.0,146.0,1.0289654808160411,0.03304879003837424,2.524397470347699,-0.5168439665846557,0.08530941009521484,0.12571540123192537,2.09808349609375e-05,0.3688371181488037,3.213882446289063e-05,7.998943328857422e-05,0.000247955322265625,0.2045290470123291,0.25319275856018064,1.5589385323502771,1.473623220092537,0.9986186476236044,5,4.0,0.5,0.49803149606299213,0.5,0.5019685039370079,1.2239863861954146,-0.003937007874015748,1.0,0.0,0.0,0.0,0.0,0.0,2,0.6666666666666666,email,tunnel,ikev2,AES_GCM_16_256,PASS,0
email_01,88,0,17,2256.0,1.2642278671264648,1784.4884285993396,13.446942946005661,132.7058823529412,27.822472309230964,116.0,236.0,124.0,116.0,116.0,120.0,128.0,147.2,168.79999999999995,2.9659325264708323,8.231008977948859,1.6137129703673825,0.10813962528181607,0.07901424169540405,0.11853724586019407,2.09808349609375e-05,0.2915971279144287,3.4928321838378906e-05,0.00010150671005249023,0.00021898746490478516,0.20592737197875977,0.2724510431289673,1.3244602933016414,1.5001820321849224,0.9986319805014789,6,3.6666666666666665,0.4117647058823529,0.44148936170212766,0.5882352941176471,0.5585106382978723,1.5000000710870527,-0.11702127659574468,1.0,0.0,0.0,0.0,0.0,0.0,2,0.6875,email,tunnel,ikev2,AES_GCM_16_256,PASS,0
email_01,89,0,8,1104.0,0.7637581825256348,1445.483695309471,10.47451953122805,138.0,38.67815921162743,116.0,236.0,122.0,116.0,116.0,116.0,131.0,177.2,206.59999999999997,1.9457152570320602,2.2032586004747063,1.061278124459133,0.15753663780175842,0.1091083117893764,0.12848393813805659,0.00011301040649414062,0.2915971279144287,0.0001453399658203125,0.00017535686492919922,0.00023102760314941406,0.23573315143585205,0.28020553588867186,1.3787834934861753,1.1775707868644685,0.999090351166904,3,3.0,0.375,0.427536231884058,0.625,0.572463768115942,1.2855206108641661,-0.14492753623188406,1.0,0.0,0.0,0.0,0.0,0.0,2,0.8571428571428571,email,tunnel,ikev2,AES_GCM_16_256,PASS,0
email_01,93,0,6,764.0,0.4307091236114502,1773.8189374628084,13.930515215676506,127.33333333333333,12.310790208412925,116.0,152.0,124.0,116.0,116.0,118.0,130.0,142.0,147.0,1.0830607221477655,-0.06909125308519748,1.9182958340544893,-0.6295126939816686,0.08614182472229004,0.10562214636475599,7.605552673339844e-05,0.23083901405334473,7.920265197753906e-05,8.392333984375e-05,0.0007250308990478516,0.19898509979248047,0.21809744834899902,1.3709505944546687,1.2261281970409492,0.9979452263323231,2,3.5,0.6666666666666666,0.6387434554973822,0.3333333333333333,0.3612565445026178,0.6217397868046409,0.2774869109947644,1.0,0.0,0.0,0.0,0.0,0.0,2,0.8,email,tunnel,ikev2,AES_GCM_16_256,PASS,0
email_01,94,0,16,2032.0,1.227607011795044,1655.2528459647265,13.033486976100209,127.0,10.63014581273465,116.0,152.0,124.0,116.0,116.0,119.0,129.0,144.0,146.0,1.0289654808160411,0.03304879003837424,2.524397470347699,-0.5168439665846557,0.08184046745300293,0.11783590423880169,2.1219253540039062e-05,0.321483850479126,4.534721374511719e-05,7.903575897216797e-05,0.00030803680419921875,0.21483099460601807,0.23844647407531738,1.3752793655393791,1.4398068351654179,0.998286060652672,5,4.0,0.5,0.49803149606299213,0.5,0.5019685039370079,1.19366173259039,-0.003937007874015748,1.0,0.0,0.0,0.0,0.0,0.0,2,0.6666666666666666,email,tunnel,ikev2,AES_GCM_16_256,PASS,0
email_01,95,0,18,2372.0,1.3440220355987549,1764.8520166883172,13.39263756340207,131.77777777777777,27.308028033194347,116.0,236.0,124.0,116.0,116.0,117.0,128.0,146.4,164.59999999999988,3.051748478513092,8.844945431354017,1.5577277787393193,0.12823630381919607,0.07906011974110323,0.11480978730756063,2.1219253540039062e-05,0.321483850479126,5.359649658203125e-05,8.296966552734375e-05,0.00019097328186035156,0.14916086196899414,0.26583447456359866,1.6137129703673825,1.4521649539434989,0.998697943691209,6,3.6666666666666665,0.3888888888888889,0.41989881956155145,0.6111111111111112,0.5801011804384486,1.4814366560621355,-0.16020236087689713,1.0,0.0,0.0,0.0,0.0,0.0,2,0.7058823529411765,email,tunnel,ikev2,AES_GCM_16_256,PASS,0
email_01,96,0,8,1104.0,0.5834228992462158,1892.2808848030672,13.712180324659908,138.0,38.67815921162743,116.0,236.0,122.0,116.0,116.0,116.0,131.0,177.2,206.59999999999997,1.9457152570320602,2.2032586004747063,1.061278124459133,0.15753663780175842,0.08334612846374512,0.10775512966408893,8.296966552734375e-05,0.29930901527404785,0.0001082897186279297,0.0001360177993774414,0.00017595291137695312,0.1417914628982544,0.2092201232910157,1.3787834934861753,1.292847535964733,0.9990899257188136,3,3.0,0.375,0.427536231884058,0.625,0.572463768115942,1.4881561751553432,-0.14492753623188406,1.0,0.0,0.0,0.0,0.0,0.0,2,0.8571428571428571,email,tunnel,ikev2,AES_GCM_16_256,PASS,0
email_01,99,0,6,764.0,0.5576581954956055,1370.014833765714,10.759278799207179,127.33333333333333,12.310790208412925,116.0,152.0,124.0,116.0,116.0,118.0,130.0,142.0,147.0,1.0830607221477655,-0.06909125308519748,1.9182958340544893,-0.6295126939816686,0.11153163909912109,0.13640408050007286,7.009506225585938e-05,0.2864689826965332,7.085800170898437e-05,7.200241088867188e-05,0.0005621910095214844,0.27048492431640625,0.2800753593444824,0.9709505944546686,1.2229969774036107,0.9987370606433209,2,3.5,0.6666666666666666,0.6387434554973822,0.3333333333333333,0.3612565445026178,0.6870520404317497,0.2774869109947644,1.0,0.0,0.0,0.0,0.0,0.0,2,0.8,email,tunnel,ikev2,AES_GCM_16_256,PASS,0
email_01,100,0,16,2032.0,1.2836360931396484,1583.0031664425442,12.464591861752316,127.0,10.63014581273465,116.0,152.0,124.0,116.0,116.0,119.0,129.0,144.0,146.0,1.0289654808160411,0.03304879003837424,2.524397470347699,-0.5168439665846557,0.08557573954264323,0.12326684982764133,1.811981201171875e-05,0.3103010654449463,3.275871276855469e-05,7.104873657226562e-05,0.0002789497375488281,0.20726490020751953,0.2800753593444824,1.5589385323502771,1.440424705199442,0.9985577530293687,5,4.0,0.5,0.49803149606299213,0.5,0.5019685039370079,1.2874815715480306,-0.003937007874015748,1.0,0.0,0.0,0.0,0.0,0.0,2,0.6666666666666666,email,tunnel,ikev2,AES_GCM_16_256,PASS,0
email_01,101,0,18,2372.0,1.2604320049285889,1881.8944542227712,14.280817949413947,131.77777777777777,27.308028033194347,116.0,236.0,124.0,116.0,116.0,117.0,128.0,146.4,164.59999999999988,3.051748478513092,8.844945431354017,1.5577277787393193,0.12823630381919607,0.0741430591134464,0.1079033361620437,1.811981201171875e-05,0.3103010654449463,3.5190582275390624e-05,8.0108642578125e-05,0.0001800060272216797,0.14602899551391602,0.23403801918029787,1.6137129703673825,1.4553200546647018,0.9986655027252686,6,3.6666666666666665,0.3888888888888889,0.41989881956155145,0.6111111111111112,0.5801011804384486,1.475750599237559,-0.16020236087689713,1.0,0.0,0.0,0.0,0.0,0.0,2,0.7058823529411765,email,tunnel,ikev2,AES_GCM_16_256,PASS,0
email_01,102,0,8,1104.0,0.4610278606414795,2394.649205069476,17.35253047151794,138.0,38.67815921162743,116.0,236.0,122.0,116.0,116.0,116.0,131.0,177.2,206.59999999999997,1.9457152570320602,2.2032586004747063,1.061278124459133,0.15753663780175842,0.06586112294878278,0.07629247136659809,7.390975952148438e-05,0.1702568531036377,0.00010094642639160157,0.0001405477523803711,0.0001800060272216797,0.14511799812316895,0.1557201385498047,1.3787834934861753,1.158366416854288,0.9988395250326966,3,3.0,0.375,0.427536231884058,0.625,0.572463768115942,1.3736180985030493,-0.14492753623188406,1.0,0.0,0.0,0.0,0.0,0.0,2,0.8571428571428571,email,tunnel,ikev2,AES_GCM_16_256,PASS,0
email_01,103,0,3,364.0,0.20285797119140625,1794.358870209485,14.788672007221031,121.33333333333333,3.7712361663282534,116.0,124.0,124.0,116.8,117.6,120.0,124.0,124.0,124.0,-0.7071067811865438,-1.5000000000000036,0.9182958340544896,0.0,0.10142898559570312,0.10133886337280273,9.012222290039062e-05,0.20276784896850586,0.02035789489746094,0.05075955390930176,0.10142898559570312,0.1520984172821045,0.18250007629394532,1.0,0.9991016244124927,0.9995557373349881,1,3.0,0.6666666666666666,0.6593406593406593,0.3333333333333333,0.34065934065934067,1.0,0.31868131868131866,1.0,0.0,0.0,0.0,0.0,0.0,2,1.0,email,tunnel,ikev2,AES_GCM_16_256,PASS,0
email_01,104,0,12,1520.0,0.7166738510131836,2120.9089711465404,16.74401819326216,126.66666666666667,10.994948334980428,116.0,152.0,124.0,116.0,116.0,116.0,129.0,142.8,147.6,1.047718233153275,0.16414359861591343,2.355388542207534,-0.6182053780393191,0.06515216827392578,0.10868599455162248,2.002716064453125e-05,0.30399417877197266,4.1961669921875e-05,7.808208465576172e-05,9.918212890625e-05,0.10202288627624512,0.2076117992401123,1.0957952550009336,1.6681613102016788,0.9967906963127772,3,4.666666666666667,0.5,0.4921052631578947,0.5,0.5078947368421053,1.3982948693987869,-0.015789473684210527,1.0,0.0,0.0,0.0,0.0,0.0,2,0.5454545454545454,email,tunnel,ikev2,AES_GCM_16_256,PASS,0
email_01,105,0,17,2300.0,1.1265411376953125,2041.6475910550055,15.09043871649352,135.2941176470588,27.720802776514144,116.0,236.0,124.0,116.0,116.0,120.0,144.0,152.0,168.79999999999995,2.7522981631120094,7.321868174305916,1.8942738697712644,0.03807371255273621,0.07040882110595703,0.11679981341940156,2.002716064453125e-05,0.36816906929016113,5.4001808166503906e-05,9.912252426147461e-05,0.00023806095123291016,0.13125354051589966,0.24406754970550537,1.4966407621868583,1.65885684105963,0.9972438421893836,6,3.6666666666666665,0.47058823529411764,0.49043478260869566,0.5294117647058824,0.5095652173913043,1.1429767582759804,-0.019130434782608695,1.0,0.0,0.0,0.0,0.0,0.0,2,0.6875,email,tunnel,ikev2,AES_GCM_16_256,PASS,0
email_01,106,0,12,1616.0,0.8490049839019775,1903.404609679625,14.13419264613583,134.66666666666666,32.38655413730965,116.0,236.0,124.0,116.0,116.0,119.0,129.0,151.2,189.79999999999995,2.492106264874201,5.032665900603279,1.207518749639422,0.12724741783201424,0.07718227126381615,0.09227087277323417,0.00010609626770019531,0.27213096618652344,0.00011992454528808594,0.00020945072174072266,0.00025010108947753906,0.1335660219192505,0.18414092063903809,1.8676338909712125,1.1954776114353574,0.9986795788243983,5,3.0,0.4166666666666667,0.45544554455445546,0.5833333333333334,0.5445544554455446,1.2796635751657723,-0.0891089108910891,1.0,0.0,0.0,0.0,0.0,0.0,2,0.9090909090909091,email,tunnel,ikev2,AES_GCM_16_256,PASS,0
email_01,107,0,4,472.0,0.12470602989196777,3784.90118247603,32.075433749796865,118.0,3.4641016151377544,116.0,124.0,116.0,116.0,116.0,116.0,118.0,121.6,122.8,1.1547005383792515,-0.6666666666666665,0.8112781244591328,0.0,0.04156867663065592,0.05862716568322596,0.00010609626770019531,0.12448000907897949,0.00010886192321777344,0.00011301040649414062,0.00011992454528808594,0.06229996681213379,0.09960799217224121,0.9182958340544896,1.4103348987803008,0.9981875710967298,1,3.0,0.25,0.2457627118644068,0.75,0.7542372881355932,1.0,-0.5084745762711864,1.0,0.0,0.0,0.0,0.0,0.0,2,0.6666666666666666,email,tunnel,ikev2,AES_GCM_16_256,PASS,0
email_01,109,0,3,364.0,0.27011799812316895,1347.5592242247499,11.106257342511675,121.33333333333333,3.7712361663282534,116.0,124.0,124.0,116.8,117.6,120.0,124.0,124.0,124.0,-0.7071067811865438,-1.5000000000000036,0.9182958340544896,0.0,0.13505899906158447,0.13496601581573486,9.298324584960938e-05,0.27002501487731934,0.027086186408996585,0.06757599115371704,0.13505899906158447,0.2025420069694519,0.24303181171417237,1.0,0.9993041370760949,0.9996557680476841,1,3.0,0.6666666666666666,0.6593406593406593,0.3333333333333333,0.34065934065934067,1.0,0.31868131868131866,1.0,0.0,0.0,0.0,0.0,0.0,2,1.0,email,tunnel,ikev2,AES_GCM_16_256,PASS,0
email_01,110,0,12,1520.0,0.9402580261230469,1616.577532730452,12.762454205766726,126.66666666666667,10.994948334980428,116.0,152.0,124.0,116.0,116.0,116.0,129.0,142.8,147.6,1.047718233153275,0.16414359861591343,2.355388542207534,-0.6182053780393191,0.08547800237482245,0.14066439570697417,2.193450927734375e-05,0.3596949577331543,3.719329833984375e-05,5.996227264404297e-05,0.00010704994201660156,0.13525307178497314,0.3093998432159424,1.2776134368191154,1.6456017477855638,0.9987894702677264,3,4.666666666666667,0.5,0.4921052631578947,0.5,0.5078947368421053,1.4035318627876787,-0.015789473684210527,1.0,0.0,0.0,0.0,0.0,0.0,2,0.5454545454545454,email,tunnel,ikev2,AES_GCM_16_256,PASS,0
email_01,111,0,17,2300.0,1.4020121097564697,1640.4993822767417,12.125430216828091,135.2941176470588,27.720802776514144,116.0,236.0,124.0,116.0,116.0,120.0,144.0,152.0,168.79999999999995,2.7522981631120094,7.321868174305916,1.8942738697712644,0.03807371255273621,0.08762575685977936,0.1386424193874701,2.193450927734375e-05,0.39931392669677734,4.7087669372558594e-05,9.60230827331543e-05,0.00033605098724365234,0.17690664529800415,0.31084299087524414,1.4966407621868583,1.5821927497479586,0.9983242821783651,6,3.6666666666666665,0.47058823529411764,0.49043478260869566,0.5294117647058824,0.5095652173913043,1.1430356825170134,-0.019130434782608695,1.0,0.0,0.0,0.0,0.0,0.0,2,0.6875,email,tunnel,ikev2,AES_GCM_16_256,PASS,0
email_01,112,0,12,1616.0,1.1792080402374268,1370.4112801627673,10.176321387347281,134.66666666666666,32.38655413730965,116.0,236.0,124.0,116.0,116.0,119.0,129.0,151.2,189.79999999999995,2.492106264874201,5.032665900603279,1.207518749639422,0.12724741783201424,0.10720073093067516,0.12673423727688543,9.703636169433594e-05,0.36159205436706543,0.00013899803161621094,0.0002950429916381836,0.00037598609924316406,0.1948014497756958,0.261991024017334,1.8676338909712125,1.1822032739269992,0.9986938827005573,5,3.0,0.4166666666666667,0.45544554455445546,0.5833333333333334,0.5445544554455446,1.2763714644224298,-0.0891089108910891,1.0,0.0,0.0,0.0,0.0,0.0,2,0.9090909090909091,email,tunnel,ikev2,AES_GCM_16_256,PASS,0
email_01,113,0,4,472.0,0.1756579875946045,2687.039778056173,22.77152354284892,118.0,3.4641016151377544,116.0,124.0,116.0,116.0,116.0,116.0,118.0,121.6,122.8,1.1547005383792515,-0.6666666666666665,0.8112781244591328,0.0,0.05855266253153483,0.08263906972062274,9.703636169433594e-05,0.17542195320129395,0.00010542869567871093,0.00011801719665527344,0.00013899803161621094,0.08778047561645508,0.1403653621673584,0.9182958340544896,1.4113390375216308,0.9986562843139517,1,3.0,0.25,0.2457627118644068,0.75,0.7542372881355932,1.0,-0.5084745762711864,1.0,0.0,0.0,0.0,0.0,0.0,2,0.6666666666666666,email,tunnel,ikev2,AES_GCM_16_256,PASS,0
email_01,116,0,12,1520.0,0.7600860595703125,1999.7735530885511,15.78768594543593,126.66666666666667,10.994948334980428,116.0,152.0,124.0,116.0,116.0,116.0,129.0,142.8,147.6,1.047718233153275,0.16414359861591343,2.355388542207534,-0.6182053780393191,0.06909873268821022,0.12069330173074885,2.288818359375e-05,0.35666584968566895,5.507469177246094e-05,5.7578086853027344e-05,8.106231689453125e-05,0.07706654071807861,0.2487928867340088,1.2776134368191154,1.7466536705045967,0.9988839509766527,3,4.666666666666667,0.5,0.4921052631578947,0.5,0.5078947368421053,1.4871570919160362,-0.015789473684210527,1.0,0.0,0.0,0.0,0.0,0.0,2,0.5454545454545454,email,tunnel,ikev2,AES_GCM_16_256,PASS,0
email_01,117,0,22,2908.0,1.1698381900787354,2485.813871236567,18.80601965859851,132.1818181818182,25.138952685996294,116.0,236.0,124.0,116.0,116.0,120.0,131.0,151.20000000000002,152.0,3.1745142350170985,10.308296272861979,1.7273536033721066,0.03878471601776579,0.05570658047993978,0.10018869306341835,2.002716064453125e-05,0.35666584968566895,2.8848648071289062e-05,6.008148193359375e-05,0.00014400482177734375,0.10280609130859375,0.17003178596496582,1.5064431878202948,1.7984750405646526,0.9985464645276815,7,4.0,0.5,0.5116918844566712,0.5,0.48830811554332876,1.0000487265254292,0.023383768913342505,1.0,0.0,0.0,0.0,0.0,0.0,2,0.7142857142857143,email,tunnel,ikev2,AES_GCM_16_256,PASS,0
email_01,118,0,15,1984.0,0.8363280296325684,2372.2749085327787,17.935546183463547,132.26666666666668,29.447052295414714,116.0,236.0,124.0,116.0,116.0,118.0,126.0,148.8,177.1999999999999,2.876440179157951,7.312389845655524,1.3699740752745009,0.1420983139580775,0.059737716402326314,0.08832496215242101,2.002716064453125e-05,0.2807638645172119,3.972053527832032e-05,8.100271224975586e-05,0.00018310546875,0.11298882961273193,0.16861314773559571,1.7695459925589747,1.4785212584343628,0.9987562054316449,5,3.6,0.4666666666666667,0.4939516129032258,0.5333333333333333,0.5060483870967742,0.9359698622765363,-0.012096774193548387,1.0,0.0,0.0,0.0,0.0,0.0,2,0.8571428571428571,email,tunnel,ikev2,AES_GCM_16_256,PASS,0
email_01,119,0,4,472.0,0.16549110412597656,2852.117051806604,24.170483489886475,118.0,3.4641016151377544,116.0,124.0,116.0,116.0,116.0,116.0,118.0,121.6,122.8,1.1547005383792515,-0.6666666666666665,0.8112781244591328,0.0,0.05516370137532552,0.07788024277335324,6.508827209472656e-05,0.16530299186706543,7.66754150390625e-05,9.40561294555664e-05,0.00012302398681640625,0.08271300792694092,0.13226699829101562,0.9182958340544896,1.4117767491113093,0.9988633089379358,1,3.0,0.25,0.2457627118644068,0.75,0.7542372881355932,1.0,-0.5084745762711864,1.0,0.0,0.0,0.0,0.0,0.0,2,0.6666666666666666,email,tunnel,ikev2,AES_GCM_16_256,PASS,0
email_01,121,0,6,764.0,0.3332691192626953,2292.441621024558,18.003468227941553,127.33333333333333,12.310790208412925,116.0,152.0,124.0,116.0,116.0,118.0,130.0,142.0,147.0,1.0830607221477655,-0.06909125308519748,1.9182958340544893,-0.6295126939816686,0.06665382385253907,0.08556219587387215,8.296966552734375e-05,0.2082970142364502,8.544921875e-05,8.916854858398438e-05,0.0005819797515869141,0.12421798706054688,0.17466540336608888,1.3709505944546687,1.2836609704822264,0.9977372101940719,2,3.5,0.6666666666666666,0.6387434554973822,0.3333333333333333,0.3612565445026178,0.5331086567532239,0.2774869109947644,1.0,0.0,0.0,0.0,0.0,0.0,2,0.8,email,tunnel,ikev2,AES_GCM_16_256,PASS,0
email_01,122,0,18,2420.0,1.033454179763794,2341.661630855385,17.41731791545328,134.44444444444446,27.199310085658468,116.0,236.0,124.0,116.0,116.0,121.0,141.0,152.0,164.59999999999988,2.8316083262958744,7.875968109323672,1.8380267541624737,0.254526553661247,0.060791422339046705,0.08941281228252063,1.8835067749023438e-05,0.2736389636993408,5.3882598876953125e-05,8.487701416015625e-05,0.00019502639770507812,0.12418794631958008,0.20143184661865235,1.6137129703673825,1.4707887733746574,0.9980335074277543,6,3.8333333333333335,0.5,0.515702479338843,0.5,0.484297520661157,1.136784417354263,0.03140495867768595,1.0,0.0,0.0,0.0,0.0,0.0,2,0.7058823529411765,email,tunnel,ikev2,AES_GCM_16_256,PASS,0
email_01,123,0,18,2372.0,0.8403840065002441,2822.519207472936,21.418779820620934,131.77777777777777,27.308028033194347,116.0,236.0,124.0,116.0,116.0,117.0,128.0,146.4,164.59999999999988,3.051748478513092,8.844945431354017,1.5577277787393193,0.12823630381919607,0.049434353323543775,0.06942715970135555,1.8835067749023438e-05,0.1968550682067871,5.3882598876953125e-05,8.487701416015625e-05,0.00016498565673828125,0.11824989318847656,0.1434323787689209,1.5693078231812958,1.4044030240255327,0.9980767844994335,6,3.6666666666666665,0.3888888888888889,0.41989881956155145,0.6111111111111112,0.5801011804384486,1.415048756606255,-0.16020236087689713,1.0,0.0,0.0,0.0,0.0,0.0,2,0.7058823529411765,email,tunnel,ikev2,AES_GCM_16_256,PASS,0
email_01,124,0,6,716.0,0.24524998664855957,2919.4700875805543,24.464833136149895,119.33333333333333,3.590109871423003,116.0,124.0,118.0,116.0,116.0,116.0,123.0,124.0,124.0,0.3329709512140279,-1.6765755053507716,1.4591479170272446,0.2795084971874737,0.049049997329711915,0.05999472212128846,7.915496826171875e-05,0.126662015914917,8.907318115234376e-05,0.00010395050048828125,0.00015497207641601562,0.11824989318847656,0.12329716682434082,0.9709505944546686,1.2231091188220864,0.9986214982117391,2,3.0,0.3333333333333333,0.329608938547486,0.6666666666666666,0.6703910614525139,1.448704053829986,-0.3407821229050279,1.0,0.0,0.0,0.0,0.0,0.0,2,0.8,email,tunnel,ikev2,AES_GCM_16_256,PASS,0
email_01,128,0,6,764.0,0.2725369930267334,2803.2891664180743,22.01535994569168,127.33333333333333,12.310790208412925,116.0,152.0,124.0,116.0,116.0,118.0,130.0,142.0,147.0,1.0830607221477655,-0.06909125308519748,1.9182958340544893,-0.6295126939816686,0.05450739860534668,0.06690055388932321,6.508827209472656e-05,0.1464400291442871,7.262229919433594e-05,8.392333984375e-05,0.00029397010803222656,0.12565398216247559,0.1381256103515625,1.3709505944546687,1.2273439616837505,0.9983745996642472,2,3.5,0.6666666666666666,0.6387434554973822,0.3333333333333333,0.3612565445026178,0.722602715924536,0.2774869109947644,1.0,0.0,0.0,0.0,0.0,0.0,2,0.8,email,tunnel,ikev2,AES_GCM_16_256,PASS,0
email_01,129,0,21,2788.0,1.285884141921997,2168.1580082578876,16.331175815428853,132.76190476190476,25.586277501267784,116.0,236.0,124.0,116.0,116.0,120.0,132.0,152.0,152.0,3.091396893370545,9.706422085750047,1.7723388509380997,0.24522233680007216,0.06429420709609986,0.10108038480033361,1.6927719116210938e-05,0.35800600051879883,3.8743019104003906e-05,6.4849853515625e-05,0.00021505355834960938,0.13028323650360107,0.19990143775939948,1.8166422780956524,1.5721293913751955,0.9985791864818206,7,3.857142857142857,0.5238095238095238,0.5351506456241033,0.47619047619047616,0.4648493543758967,1.0158408748538967,0.0703012912482066,1.0,0.0,0.0,0.0,0.0,0.0,2,0.7,email,tunnel,ikev2,AES_GCM_16_256,PASS,0
email_01,130,0,22,2856.0,1.3502612113952637,2115.1462960628287,16.293143737178653,129.8181818181818,25.14618417399341,116.0,236.0,124.0,116.0,116.0,116.0,128.0,144.0,151.6,3.40811756783696,11.5193529478749,1.4886022351695134,0.1458101800400089,0.06429815292358398,0.09804191317025471,1.6927719116210938e-05,0.2936131954193115,2.6941299438476562e-05,6.413459777832031e-05,0.000186920166015625,0.14417099952697754,0.21597814559936523,1.758842712835596,1.524777679214097,0.9986870091955266,7,3.857142857142857,0.45454545454545453,0.47478991596638653,0.5454545454545454,0.5252100840336135,1.0265818980101855,-0.05042016806722689,1.0,0.0,0.0,0.0,0.0,0.0,2,0.7619047619047619,email,tunnel,ikev2,AES_GCM_16_256,PASS,0
email_01,131,0,7,832.0,0.5099802017211914,1631.4358816126323,13.726023042413974,118.85714285714286,3.5225222874108435,116.0,124.0,116.0,116.0,116.0,116.0,122.0,124.0,124.0,0.5891198977906607,-1.4529085872576197,1.3787834934861753,0.3646984043128985,0.08499670028686523,0.12213972942679237,2.5987625122070312e-05,0.2936131954193115,5.1975250244140625e-05,9.196996688842773e-05,0.0001424551010131836,0.16202133893966675,0.2547956705093384,1.2516291673878228,1.4369768713103255,0.9992374984338563,2,3.5,0.42857142857142855,0.4230769230769231,0.5714285714285714,0.5769230769230769,0.8643463075506236,-0.15384615384615385,1.0,0.0,0.0,0.0,0.0,0.0,2,1.0,email,tunnel,ikev2,AES_GCM_16_256,PASS,0
email_01,133,0,12,1520.0,0.4686300754547119,3243.4964796596623,25.60655115520786,126.66666666666667,10.994948334980428,116.0,152.0,124.0,116.0,116.0,116.0,129.0,142.8,147.6,1.047718233153275,0.16414359861591343,2.355388542207534,-0.6182053780393191,0.042602734132246536,0.07102492000530392,2.9087066650390625e-05,0.18306708335876465,3.695487976074219e-05,6.794929504394531e-05,0.00013399124145507812,0.05772602558135986,0.16948699951171875,1.0957952550009336,1.6671055120388036,0.9976124059245708,3,4.666666666666667,0.5,0.4921052631578947,0.5,0.5078947368421053,1.5677596110942411,-0.015789473684210527,1.0,0.0,0.0,0.0,0.0,0.0,2,0.5454545454545454,email,tunnel,ikev2,AES_GCM_16_256,PASS,0
email_01,134,0,23,3020.0,1.248189926147461,2419.5035841390195,18.42668292556207,131.30434782608697,24.844621117813663,116.0,236.0,124.0,116.0,116.0,118.0,130.0,150.4,152.0,3.2383347879397344,10.802012811633652,1.5949425457834805,0.07062394629717048,0.056735905733975495,0.07763540234238736,2.9087066650390625e-05,0.22922086715698242,6.718635559082032e-05,0.00011020898818969727,0.00020253658294677734,0.1363021731376648,0.16650080680847174,1.6386199635932097,1.368340436230334,0.9982039192495236,8,3.75,0.4782608695652174,0.4913907284768212,0.5217391304347826,0.5086092715231788,1.2729499416042338,-0.017218543046357615,1.0,0.0,0.0,0.0,0.0,0.0,2,0.7272727272727273,email,tunnel,ikev2,AES_GCM_16_256,PASS,0
email_01,135,0,12,1616.0,0.687575101852417,2350.2887112204694,17.452638944706454,134.66666666666666,32.38655413730965,116.0,236.0,124.0,116.0,116.0,119.0,129.0,151.2,189.79999999999995,2.492106264874201,5.032665900603279,1.207518749639422,0.12724741783201424,0.06250682744112881,0.068274422812915,0.00010991096496582031,0.13962507247924805,0.00011110305786132812,0.00017940998077392578,0.00033402442932128906,0.13693499565124512,0.1376500129699707,0.9940302114769565,1.0922539721480047,0.998366794398833,5,3.0,0.4166666666666667,0.45544554455445546,0.5833333333333334,0.5445544554455446,1.199869275692729,-0.0891089108910891,1.0,0.0,0.0,0.0,0.0,0.0,2,0.9090909090909091,email,tunnel,ikev2,AES_GCM_16_256,PASS,0
email_01,137,0,6,764.0,0.3652629852294922,2091.6436400474145,16.426520733356657,127.33333333333333,12.310790208412925,116.0,152.0,124.0,116.0,116.0,118.0,130.0,142.0,147.0,1.0830607221477655,-0.06909125308519748,1.9182958340544893,-0.6295126939816686,0.07305259704589843,0.09584409725406344,0.0001239776611328125,0.23787713050842285,0.00014162063598632812,0.00016808509826660156,0.0004918575286865234,0.1266019344329834,0.1933670520782471,1.3709505944546687,1.31196958301514,0.9978538195224096,2,3.5,0.6666666666666666,0.6387434554973822,0.3333333333333333,0.3612565445026178,0.9604271454156554,0.2774869109947644,1.0,0.0,0.0,0.0,0.0,0.0,2,0.8,email,tunnel,ikev2,AES_GCM_16_256,PASS,0
email_01,138,0,18,2420.0,1.2344870567321777,1960.3283702350066,14.5809548199298,134.44444444444446,27.199310085658468,116.0,236.0,124.0,116.0,116.0,121.0,141.0,152.0,164.59999999999988,2.8316083262958744,7.875968109323672,1.8380267541624737,0.254526553661247,0.0726168856901281,0.10496709851108055,2.09808349609375e-05,0.29205918312072754,4.2057037353515626e-05,0.0001239776611328125,0.00019788742065429688,0.13855314254760742,0.24851593971252442,1.6137129703673825,1.4454716976887982,0.9983657195874552,6,3.8333333333333335,0.5,0.515702479338843,0.5,0.484297520661157,1.2388713645136147,0.03140495867768595,1.0,0.0,0.0,0.0,0.0,0.0,2,0.7058823529411765,email,tunnel,ikev2,AES_GCM_16_256,PASS,0
email_01,139,0,18,2372.0,1.2707819938659668,1866.5672093636715,14.164506647785029,131.77777777777777,27.308028033194347,116.0,236.0,124.0,116.0,116.0,117.0,128.0,146.4,164.59999999999988,3.051748478513092,8.844945431354017,1.5577277787393193,0.12823630381919607,0.07475188199211569,0.10430712007855528,2.09808349609375e-05,0.26447415351867676,4.2057037353515626e-05,7.414817810058594e-05,0.00017881393432617188,0.17290401458740234,0.23896217346191406,1.6137129703673825,1.3953591794568767,0.9987686785442377,6,3.6666666666666665,0.3888888888888889,0.41989881956155145,0.6111111111111112,0.5801011804384486,1.3620259948643128,-0.16020236087689713,1.0,0.0,0.0,0.0,0.0,0.0,2,0.7058823529411765,email,tunnel,ikev2,AES_GCM_16_256,PASS,0
email_01,140,0,6,716.0,0.4443631172180176,1611.294844816541,13.502470766619057,119.33333333333333,3.590109871423003,116.0,124.0,118.0,116.0,116.0,116.0,123.0,124.0,124.0,0.3329709512140279,-1.6765755053507716,1.4591479170272446,0.2795084971874737,0.08887262344360351,0.10889804820436355,7.414817810058594e-05,0.2321009635925293,9.369850158691406e-05,0.00012302398681640625,0.00013399124145507812,0.2119309902191162,0.22403297424316407,0.9709505944546686,1.2253134730516184,0.9992547459644145,2,3.0,0.3333333333333333,0.329608938547486,0.6666666666666666,0.6703910614525139,1.4321174871212623,-0.3407821229050279,1.0,0.0,0.0,0.0,0.0,0.0,2,0.8,email,tunnel,ikev2,AES_GCM_16_256,PASS,0
email_01,144,0,12,1520.0,0.8873169422149658,1713.0293897079193,13.523916234536205,126.66666666666667,10.994948334980428,116.0,152.0,124.0,116.0,116.0,116.0,129.0,142.8,147.6,1.047718233153275,0.16414359861591343,2.355388542207534,-0.5176470171013152,0.08066517656499689,0.13287481233817272,1.5974044799804688e-05,0.4119701385498047,5.888938903808594e-05,7.855892181396484e-05,0.0005018711090087891,0.12397503852844238,0.2256920337677002,1.0957952550009336,1.6472184253223983,0.9539602711358347,4,3.75,0.5,0.4921052631578947,0.5,0.5078947368421053,1.868626025570801,-0.015789473684210527,1.0,0.0,0.0,0.0,0.0,0.0,2,0.7272727272727273,email,tunnel,ikev2,AES_GCM_16_256,PASS,0
email_01,145,0,17,2296.0,1.2419278621673584,1848.7386183551118,13.688395693395863,135.05882352941177,27.866215235605523,116.0,236.0,124.0,116.0,116.0,120.0,144.0,152.0,168.79999999999995,2.724967890020297,7.207889824867218,1.8942738697712644,0.2704749430400939,0.0776204913854599,0.11307450079674775,1.5974044799804688e-05,0.3290441036224365,6.794929504394531e-05,0.00011515617370605469,0.00037491321563720703,0.19753122329711914,0.2343829870223999,1.7987949406953985,1.4567421828476865,0.9665513091418487,7,3.2857142857142856,0.47058823529411764,0.4895470383275261,0.5294117647058824,0.5104529616724739,1.14293821306679,-0.020905923344947737,1.0,0.0,0.0,0.0,0.0,0.0,2,0.8125,email,tunnel,ikev2,AES_GCM_16_256,PASS,0
email_01,146,0,12,1616.0,1.1314830780029297,1428.2140240685205,10.605549683677133,134.66666666666666,32.38655413730965,116.0,236.0,124.0,116.0,116.0,119.0,129.0,151.2,189.79999999999995,2.492106264874201,5.032665900603279,1.207518749639422,0.12724741783201424,0.10286209800026634,0.11889977414261864,6.198883056640625e-05,0.3189351558685303,0.00010418891906738281,0.0002205371856689453,0.000247955322265625,0.21107399463653564,0.2430739402770996,1.867633890971212,1.1559031028047666,0.9990446257141075,5,3.0,0.4166666666666667,0.45544554455445546,0.5833333333333334,0.5445544554455446,1.3057882825602471,-0.0891089108910891,1.0,0.0,0.0,0.0,0.0,0.0,2,0.9090909090909091,email,tunnel,ikev2,AES_GCM_16_256,PASS,0
email_01,147,0,6,716.0,0.37501096725463867,1909.2774945801095,15.99953207748695,119.33333333333333,3.590109871423003,116.0,124.0,118.0,116.0,116.0,116.0,123.0,124.0,124.0,0.3329709512140279,-1.6765755053507716,1.4591479170272446,0.2795084971874737,0.07500219345092773,0.0953055163786294,6.198883056640625e-05,0.22837400436401367,7.886886596679688e-05,0.00010418891906738281,0.0002257823944091797,0.14624500274658203,0.19552240371704102,1.3709505944546687,1.2706861133984226,0.998954803517048,2,3.0,0.3333333333333333,0.329608938547486,0.6666666666666666,0.6703910614525139,1.8282533617618522,-0.3407821229050279,1.0,0.0,0.0,0.0,0.0,0.0,2,0.8,email,tunnel,ikev2,AES_GCM_16_256,PASS,0
email_01,148,0,3,364.0,0.20705103874206543,1758.0206417290874,14.489181113151819,121.33333333333333,3.7712361663282534,116.0,124.0,124.0,116.8,117.6,120.0,124.0,124.0,124.0,-0.7071067811865438,-1.5000000000000036,0.9182958340544896,0.0,0.10352551937103271,0.10341536998748779,0.00011014938354492188,0.2069408893585205,0.020793223381042482,0.05181783437728882,0.10352551937103271,0.1552332043647766,0.18625781536102295,1.0,0.9989263680048339,0.9994680085441052,1,3.0,0.6666666666666666,0.6593406593406593,0.3333333333333333,0.34065934065934067,1.0,0.31868131868131866,1.0,0.0,0.0,0.0,0.0,0.0,2,1.0,email,tunnel,ikev2,AES_GCM_16_256,PASS,0
email_01,149,0,14,1788.0,0.9639549255371094,1854.8585132274086,14.52350066285443,127.71428571428571,11.157499537009507,116.0,152.0,124.0,116.0,116.0,118.0,131.0,144.0,146.8,0.8436832780784835,-0.3960750335931178,2.378783493486175,-0.5545575683340699,0.07415037888746995,0.12013674634004493,2.4080276489257812e-05,0.3834400177001953,4.0531158447265625e-05,8.0108642578125e-05,0.0002079010009765625,0.17889881134033203,0.20415234565734863,1.3520301017579528,1.620155257292802,0.998260254456954,4,4.25,0.5,0.4988814317673378,0.5,0.5011185682326622,1.2737043722361612,-0.0022371364653243847,1.0,0.0,0.0,0.0,0.0,0.0,2,0.6153846153846154,email,tunnel,ikev2,AES_GCM_16_256,PASS,0
email_01,150,0,17,2300.0,1.366490125656128,1683.1442516978614,12.440631425592889,135.2941176470588,27.720802776514144,116.0,236.0,124.0,116.0,116.0,120.0,144.0,152.0,168.79999999999995,2.7522981631120094,7.321868174305916,1.8942738697712644,0.03807371255273621,0.085405632853508,0.13652563395947792,2.4080276489257812e-05,0.3879268169403076,4.4465065002441406e-05,8.45789909362793e-05,0.0002460479736328125,0.19029736518859863,0.29695796966552734,1.3716407621868583,1.598536663933945,0.998351907667747,6,3.6666666666666665,0.47058823529411764,0.49043478260869566,0.5294117647058824,0.5095652173913043,1.1429399940017893,-0.019130434782608695,1.0,0.0,0.0,0.0,0.0,0.0,2,0.6875,email,tunnel,ikev2,AES_GCM_16_256,PASS,0
email_01,151,0,10,1348.0,1.0154838562011719,1327.4460167616444,9.84752237953742,134.8,35.193181157718605,116.0,236.0,122.0,116.0,116.0,117.0,124.0,160.39999999999998,198.1999999999999,2.320146225988543,3.876403050771036,0.9219280948873623,0.14516983614500523,0.11283153957790798,0.13752197313395742,7.390975952148438e-05,0.3879268169403076,0.00011568069458007812,0.00019311904907226562,0.0002498626708984375,0.21047592163085938,0.2770108699798584,1.8799649487271108,1.218814835227581,0.9991282498694605,4,3.0,0.4,0.4391691394658754,0.6,0.5608308605341247,1.2571155682198014,-0.12166172106824925,1.0,0.0,0.0,0.0,0.0,0.0,2,0.8888888888888888,email,tunnel,ikev2,AES_GCM_16_256,PASS,0
email_01,152,0,4,472.0,0.2494819164276123,1891.9206921233979,16.033226204435575,118.0,3.4641016151377544,116.0,124.0,116.0,116.0,116.0,116.0,118.0,121.6,122.8,1.1547005383792515,-0.6666666666666665,0.8112781244591328,0.0,0.0831606388092041,0.11746546037007563,7.390975952148438e-05,0.2492818832397461,8.435249328613282e-05,0.00010001659393310547,0.00012612342834472656,0.12470400333404541,0.19945073127746582,0.9182958340544896,1.4124957378434306,0.9991982056626366,1,3.0,0.25,0.2457627118644068,0.75,0.7542372881355932,1.0,-0.5084745762711864,1.0,0.0,0.0,0.0,0.0,0.0,2,0.6666666666666666,email,tunnel,ikev2,AES_GCM_16_256,PASS,0
email_01,156,0,12,1520.0,0.6180360317230225,2459.403533095623,19.416343682333867,126.66666666666667,10.994948334980428,116.0,152.0,124.0,116.0,116.0,116.0,129.0,142.8,147.6,1.047718233153275,0.16414359861591343,2.355388542207534,-0.6182053780393191,0.056185093793002044,0.09192895413717898,1.811981201171875e-05,0.22814106941223145,4.792213439941406e-05,6.0439109802246094e-05,9.512901306152344e-05,0.09479546546936035,0.19979000091552734,1.0957952550009336,1.6361513664904161,0.9982073356888332,3,4.666666666666667,0.5,0.4921052631578947,0.5,0.5078947368421053,1.478381477453729,-0.015789473684210527,1.0,0.0,0.0,0.0,0.0,0.0,2,0.5454545454545454,email,tunnel,ikev2,AES_GCM_16_256,PASS,0
email_01,157,0,18,2420.0,1.3763530254364014,1758.2698299607316,13.07804005755916,134.44444444444446,27.199310085658468,116.0,236.0,124.0,116.0,116.0,121.0,141.0,152.0,164.59999999999988,2.8316083262958744,7.875968109323672,1.8380267541624737,0.254526553661247,0.08096194267272949,0.11287316500374558,1.811981201171875e-05,0.32753610610961914,5.035400390625e-05,7.796287536621094e-05,0.00020003318786621094,0.19825387001037598,0.22961983680725098,1.5693078231812958,1.3941336774282578,0.9986944041263551,6,3.8333333333333335,0.5,0.515702479338843,0.5,0.484297520661157,1.1699991206658227,0.03140495867768595,1.0,0.0,0.0,0.0,0.0,0.0,2,0.7058823529411765,email,tunnel,ikev2,AES_GCM_16_256,PASS,0
email_01,158,0,11,1500.0,1.0102810859680176,1484.7353086519977,10.88805893011465,136.36363636363637,33.31194906356011,116.0,236.0,124.0,116.0,116.0,120.0,134.0,152.0,194.0,2.3613649556205494,4.323304811155205,1.2776134368191154,0.09497602156049426,0.10102810859680175,0.1269642062108298,6.508827209472656e-05,0.32753610610961914,9.920597076416016e-05,0.0001887679100036621,0.0005004405975341797,0.22633695602416992,0.25526881217956543,1.5709505944546687,1.2567091601048637,0.9984618020468086,5,3.0,0.45454545454545453,0.49066666666666664,0.5454545454545454,0.5093333333333333,1.2497451119698044,-0.018666666666666668,1.0,0.0,0.0,0.0,0.0,0.0,2,0.9,email,tunnel,ikev2,AES_GCM_16_256,PASS,0
email_01,159,0,6,716.0,0.6366739273071289,1124.5945048015208,9.423976297219447,119.33333333333333,3.590109871423003,116.0,124.0,118.0,116.0,116.0,116.0,123.0,124.0,124.0,0.3329709512140279,-1.6765755053507716,1.4591479170272446,0.2795084971874737,0.1273347854614258,0.1640561384864407,6.508827209472656e-05,0.40011096000671387,8.025169372558594e-05,0.000102996826171875,0.0006968975067138672,0.23569798469543457,0.33434576988220216,1.3709505944546687,1.288374182418176,0.9986414040721928,2,3.0,0.3333333333333333,0.329608938547486,0.6666666666666666,0.6703910614525139,1.111392888656954,-0.3407821229050279,1.0,0.0,0.0,0.0,0.0,0.0,2,0.8,email,tunnel,ikev2,AES_GCM_16_256,PASS,0
email_01,163,0,3,364.0,0.1903228759765625,1912.5394051150486,15.762687404794356,121.33333333333333,3.7712361663282534,116.0,124.0,124.0,116.8,117.6,120.0,124.0,124.0,124.0,-0.7071067811865438,-1.5000000000000036,0.9182958340544896,0.0,0.09516143798828125,0.09505653381347656,0.0001049041748046875,0.1902179718017578,0.019116210937500003,0.04763317108154297,0.09516143798828125,0.14268970489501953,0.1712066650390625,1.0,0.9988871220930917,0.9994488094283652,1,3.0,0.6666666666666666,0.6593406593406593,0.3333333333333333,0.34065934065934067,1.0,0.31868131868131866,1.0,0.0,0.0,0.0,0.0,0.0,2,1.0,email,tunnel,ikev2,AES_GCM_16_256,PASS,0
email_01,164,0,18,2420.0,1.0037708282470703,2410.9088767066023,17.932380074677205,134.44444444444446,27.199310085658468,116.0,236.0,124.0,116.0,116.0,121.0,141.0,152.0,164.59999999999988,2.8316083262958744,7.875968109323672,1.8380267541624737,0.254526553661247,0.05904534283806296,0.08107438425847041,2.09808349609375e-05,0.20145916938781738,4.8160552978515625e-05,0.0001010894775390625,0.0001888275146484375,0.13919305801391602,0.18022255897521974,1.496065911543853,1.3730636032924217,0.9986157164166342,6,3.8333333333333335,0.5,0.515702479338843,0.5,0.484297520661157,1.234085747412193,0.03140495867768595,1.0,0.0,0.0,0.0,0.0,0.0,2,0.7058823529411765,email,tunnel,ikev2,AES_GCM_16_256,PASS,0
email_01,165,0,21,2772.0,1.1014819145202637,2516.609636035022,19.065224515416833,132.0,25.893554998805985,116.0,236.0,124.0,116.0,116.0,116.0,132.0,152.0,152.0,3.054463131638593,9.478729338842975,1.6846696209693477,0.1013440319097879,0.055074095726013184,0.07637563527877782,2.09808349609375e-05,0.20145916938781738,5.173683166503906e-05,0.0001309514045715332,0.00019991397857666016,0.1388767957687378,0.16403346061706545,1.6788979029874789,1.386754471725846,0.9982727085790972,7,3.7142857142857144,0.42857142857142855,0.44877344877344877,0.5714285714285714,0.5512265512265512,1.231257577039928,-0.10245310245310245,1.0,0.0,0.0,0.0,0.0,0.0,2,0.7,email,tunnel,ikev2,AES_GCM_16_256,PASS,0
email_01,166,0,6,716.0,0.27863097190856934,2569.707147398352,21.53385877708116,119.33333333333333,3.590109871423003,116.0,124.0,118.0,116.0,116.0,116.0,123.0,124.0,124.0,0.3329709512140279,-1.6765755053507716,1.4591479170272446,0.2795084971874737,0.05572619438171387,0.06966735046505403,0.00014090538024902344,0.16297507286071777,0.00014939308166503907,0.0001621246337890625,0.00031495094299316406,0.11503791809082031,0.1438002109527588,1.3709505944546687,1.250149971445798,0.9977820808907273,2,3.0,0.3333333333333333,0.329608938547486,0.6666666666666666,0.6703910614525139,1.7579848762483323,-0.3407821229050279,1.0,0.0,0.0,0.0,0.0,0.0,2,0.8,email,tunnel,ikev2,AES_GCM_16_256,PASS,0
email_02,-1,1,1424,1117156.0,128.77970790863037,8674.938141594683,11.057642722798631,784.5196629213483,572.485267614671,116.0,1280.0,1280.0,116.0,116.0,116.0,1280.0,1280.0,1280.0,-0.2968638906943217,-1.9096337964862022,1.0433311279497186,0.4598622612513615,0.04685433029877159,0.3522774857629153,3.814697265625e-06,10.0,5.9604644775390625e-06,7.152557373046875e-06,2.09808349609375e-05,8.046627044677734e-05,0.08717522621154784,0.06366409955892294,7.518407906136369,0.5101080764719386,176,8.875,0.6558988764044944,0.9475346325848852,0.3441011235955056,0.05246536741511481,0.5241702714796089,0.8950692651697704,0.4262640449438202,0.0,0.5737359550561798,2.021400126226448,0.0,0.0,2,0.3928320449754041,email,tunnel,ikev2,AES_GCM_16_256,PASS,0
email_02,0,0,51,36392.0,1.4721109867095947,24720.962161516087,34.64412701245659,713.5686274509804,577.703949383601,116.0,1280.0,1280.0,116.0,116.0,122.0,1280.0,1280.0,1280.0,-0.03978969079349964,-1.9976749883072558,0.9997226475394072,0.3126349270333934,0.029442219734191893,0.06900605336561148,6.9141387939453125e-06,0.23959684371948242,7.128715515136718e-06,1.055002212524414e-05,3.898143768310547e-05,0.00027191638946533203,0.1751281261444092,0.9943095546405661,2.343699296088735,0.9847588809488603,9,6.555555555555555,0.6666666666666666,0.942295009892284,0.3333333333333333,0.05770499010771598,0.549903673738101,0.8845900197845681,0.49019607843137253,0.0,0.5098039215686274,2.000194011536493,0.0,0.0,2,0.56,email,tunnel,ikev2,AES_GCM_16_256,PASS,0
email_02,1,0,121,99104.0,1.165708065032959,85016.13995198529,103.79957352064719,819.0413223140496,567.8926740164529,116.0,1280.0,1280.0,116.0,116.0,116.0,1280.0,1280.0,1280.0,-0.4225315028630647,-1.8209524861765631,0.9689839576642081,0.263650308039042,0.009714233875274658,0.033998017105592825,6.9141387939453125e-06,0.23959684371948242,6.9141387939453125e-06,8.106231689453125e-06,1.7523765563964844e-05,5.728006362915039e-05,0.02485234737396262,0.6470628065413698,3.4994543149514943,0.878958770253781,14,9.5,0.628099173553719,0.946359380045205,0.371900826446281,0.053640619954794966,0.5865755205114945,0.8927187600904101,0.39669421487603307,0.0,0.6033057851239669,2.0439721834511944,0.0,0.0,2,0.39166666666666666,email,tunnel,ikev2,AES_GCM_16_256,PASS,0
email_02,2,0,88,64948.0,1.1478731632232666,56581.164261758524,76.66352243386632,738.0454545454545,579.4680928758348,116.0,1280.0,1280.0,116.0,116.0,116.0,1280.0,1280.0,1280.0,-0.1367525402658522,-1.9808842004418408,0.9966440252487702,0.4437127350580679,0.013193944404865134,0.04761606431659366,6.9141387939453125e-06,0.31134605407714844,6.9141387939453125e-06,8.106231689453125e-06,1.6927719116210938e-05,6.604194641113281e-05,0.048291921615600586,0.740044598056266,3.6086597150827746,0.8941049062120096,10,9.5,0.5681818181818182,0.93120650366447,0.4318181818181818,0.06879349633552996,0.5823653631081435,0.8624130073289401,0.4659090909090909,0.0,0.5340909090909091,2.004554694560507,0.0,0.0,2,0.3448275862068966,email,tunnel,ikev2,AES_GCM_16_256,PASS,0
email_02,3,0,6,716.0,0.41122007369995117,1741.1601373390956,14.590727407869517,119.33333333333333,3.590109871423003,116.0,124.0,118.0,116.0,116.0,116.0,123.0,124.0,124.0,0.3329709512140279,-1.6765755053507716,1.4591479170272446,0.2795084971874737,0.08224401473999024,0.10684902223636347,7.891654968261719e-05,0.2624790668487549,0.00010094642639160156,0.00013399124145507812,0.00017499923706054688,0.14835309982299805,0.21682868003845215,1.3709505944546687,1.2991550013597353,0.9990566923819938,2,3.0,0.3333333333333333,0.329608938547486,0.6666666666666666,0.6703910614525139,1.0838351526150274,-0.3407821229050279,1.0,0.0,0.0,0.0,0.0,0.0,2,0.8,email,tunnel,ikev2,AES_GCM_16_256,PASS,0
email_02,99,0,12,1520.0,0.749398946762085,2028.2921487512594,16.012832753299417,126.66666666666667,10.994948334980428,116.0,152.0,124.0,116.0,116.0,116.0,129.0,142.8,147.6,1.047718233153275,0.16414359861591343,2.355388542207534,-0.6182053780393191,0.06812717697837135,0.11304282174446788,3.0040740966796875e-05,0.3039979934692383,5.984306335449219e-05,6.389617919921875e-05,7.605552673339844e-05,0.09958136081695557,0.245164155960083,1.2776134368191154,1.6592667932440872,0.996654690575581,3,4.666666666666667,0.5,0.4921052631578947,0.5,0.5078947368421053,1.6882270959415437,-0.015789473684210527,1.0,0.0,0.0,0.0,0.0,0.0,2,0.5454545454545454,email,tunnel,ikev2,AES_GCM_16_256,PASS,0
email_02,100,0,26,14860.0,1.2256979942321777,12123.704264775966,21.21240315505889,571.5384615384615,560.169564353868,116.0,1280.0,144.0,116.0,116.0,124.0,1280.0,1280.0,1280.0,0.47344922532083394,-1.7746372859159758,0.9612366047228759,0.9215721779032384,0.04902791976928711,0.09847468957983636,6.9141387939453125e-06,0.2855219841003418,6.9141387939453125e-06,8.106231689453125e-06,6.580352783203125e-05,0.0007460117340087891,0.24604077339172364,0.996118213778296,2.008502125749939,0.9969562045925364,6,5.166666666666667,0.6538461538461539,0.9211305518169582,0.34615384615384615,0.07886944818304173,0.5003163487894662,0.8422611036339166,0.6153846153846154,0.0,0.38461538461538464,2.0551812392308495,0.0,0.0,2,0.44,email,tunnel,ikev2,AES_GCM_16_256,PASS,0
email_02,101,0,116,99516.0,1.41371488571167,70393.26034252178,82.05332006644686,857.8965517241379,557.6276006642713,116.0,1280.0,1280.0,116.0,116.0,116.0,1280.0,1280.0,1280.0,-0.5721827586982542,-1.6701038771140986,1.010269576550424,0.3572142835520668,0.012293172919231913,0.047008680400172746,3.814697265625e-06,0.2855219841003418,5.9604644775390625e-06,6.9141387939453125e-06,1.7881393432617188e-05,5.650520324707031e-05,0.006573200225830161,0.5679730449803527,3.8236553779584916,0.9627160577109561,12,10.5,0.6551724137931034,0.9528518027251899,0.3448275862068966,0.04714819727481008,0.4233481511442005,0.9057036054503799,0.3620689655172414,0.0,0.6379310344827587,2.079950518332811,0.0,0.0,2,0.33043478260869563,email,tunnel,ikev2,AES_GCM_16_256,PASS,0
email_02,102,0,107,86768.0,1.12208890914917,77327.20579672453,95.35786257894068,810.9158878504672,569.4352198105244,116.0,1280.0,1280.0,116.0,116.0,116.0,1280.0,1280.0,1280.0,-0.3982968322694703,-1.8390797371945553,1.0414854945068952,0.37097200720562795,0.010585744425935566,0.037570399575842274,3.814697265625e-06,0.23191404342651367,5.9604644775390625e-06,6.9141387939453125e-06,2.002716064453125e-05,6.526708602905273e-05,0.012020468711853027,0.6815875529462703,3.5488152036429392,0.9535250219807911,11,10.454545454545455,0.616822429906542,0.9450027659966808,0.38317757009345793,0.0549972340033192,0.48813533097194006,0.8900055319933616,0.40186915887850466,0.0,0.5981308411214953,2.0389235209547127,0.0,0.0,2,0.33962264150943394,email,tunnel,ikev2,AES_GCM_16_256,PASS,0
email_02,103,0,6,716.0,0.4509899616241455,1587.6184858338677,13.304065523747495,119.33333333333333,3.590109871423003,116.0,124.0,118.0,116.0,116.0,116.0,123.0,124.0,124.0,0.3329709512140279,-1.6765755053507716,1.4591479170272446,0.2795084971874737,0.0901979923248291,0.11028118858912346,5.888938903808594e-05,0.23191404342651367,0.00012297630310058593,0.00021910667419433594,0.0003859996795654297,0.21841192245483398,0.22651319503784179,0.9709505944546686,1.2226432440838513,0.9985276928550547,2,3.0,0.3333333333333333,0.329608938547486,0.6666666666666666,0.6703910614525139,1.455832996164348,-0.3407821229050279,1.0,0.0,0.0,0.0,0.0,0.0,2,0.8,email,tunnel,ikev2,AES_GCM_16_256,PASS,0
email_02,106,0,3,364.0,0.26667094230651855,1364.978114419414,11.249819624335828,121.33333333333333,3.7712361663282534,116.0,124.0,124.0,116.8,117.6,120.0,124.0,124.0,124.0,-0.7071067811865438,-1.5000000000000036,0.9182958340544896,0.0,0.13333547115325928,0.13325250148773193,8.296966552734375e-05,0.2665879726409912,0.02673346996307373,0.06670922040939331,0.13333547115325928,0.19996172189712524,0.23993747234344484,1.0,0.9993702423290411,0.999688868742842,1,3.0,0.6666666666666666,0.6593406593406593,0.3333333333333333,0.34065934065934067,1.0,0.31868131868131866,1.0,0.0,0.0,0.0,0.0,0.0,2,1.0,email,tunnel,ikev2,AES_GCM_16_256,PASS,0
email_02,107,0,12,1520.0,1.172132968902588,1296.7812017292742,10.23774632944164,126.66666666666667,10.994948334980428,116.0,152.0,124.0,116.0,116.0,116.0,129.0,142.8,147.6,1.047718233153275,0.16414359861591343,2.355388542207534,-0.6182053780393191,0.106557542627508,0.19550377940638367,3.409385681152344e-05,0.633699893951416,4.601478576660156e-05,8.64267349243164e-05,0.00011205673217773438,0.13384497165679932,0.26961493492126465,1.0957952550009336,1.8347077070094475,0.9980973426666737,3,4.666666666666667,0.5,0.4921052631578947,0.5,0.5078947368421053,1.296013835896647,-0.015789473684210527,1.0,0.0,0.0,0.0,0.0,0.0,2,0.5454545454545454,email,tunnel,ikev2,AES_GCM_16_256,PASS,0
email_02,108,0,48,40684.0,1.4559071063995361,27944.090540646983,32.96913641606172,847.5833333333334,558.2993459804715,116.0,1280.0,1280.0,116.0,116.0,128.0,1280.0,1280.0,1280.0,-0.516969093354451,-1.731967153197258,0.954434002924965,0.5865434395140433,0.030976746944670983,0.1045199842010555,5.0067901611328125e-06,0.633699893951416,5.9604644775390625e-06,7.152557373046875e-06,3.409385681152344e-05,0.0002720355987548828,0.06984004974365218,0.6508158355774687,3.374034412113234,0.9653417815753236,8,6.875,0.75,0.9628355127322781,0.25,0.03716448726772195,0.3142893617157003,0.925671025464556,0.375,0.0,0.625,2.0653993216346205,0.0,0.0,2,0.3617021276595745,email,tunnel,ikev2,AES_GCM_16_256,PASS,0
email_02,109,0,112,99072.0,1.3052539825439453,75902.46904047615,85.80705479381993,884.5714285714286,549.0183075643437,116.0,1280.0,1280.0,116.0,116.0,116.0,1280.0,1280.0,1280.0,-0.6769183861828629,-1.5390221570577554,0.9923688657263763,0.4341864013142567,0.011759044887783291,0.03796655868629012,4.0531158447265625e-06,0.20438408851623535,5.9604644775390625e-06,6.9141387939453125e-06,2.002716064453125e-05,7.95125961303711e-05,0.024940013885498047,0.8282756436177601,3.2284365449770513,0.8417535644404958,15,8.266666666666667,0.6964285714285714,0.9595041989664083,0.30357142857142855,0.04049580103359173,0.3675982719630033,0.9190083979328165,0.3392857142857143,0.0,0.6607142857142857,2.1112246324945816,0.0,0.0,2,0.32432432432432434,email,tunnel,ikev2,AES_GCM_16_256,PASS,0
email_02,110,0,73,59544.0,0.6688108444213867,89029.65688529429,109.14894788100368,815.6712328767123,567.767559394881,116.0,1280.0,1280.0,116.0,116.0,116.0,1280.0,1280.0,1280.0,-0.4169648470527377,-1.8227802206197126,1.063648760100705,0.47762047393862356,0.009289039505852593,0.03144346854629531,4.0531158447265625e-06,0.1853339672088623,5.102157592773438e-06,6.9141387939453125e-06,2.4080276489257812e-05,7.230043411254883e-05,0.0171727418899536,0.705287392458291,3.3846431467257347,0.7634012026254137,9,8.777777777777779,0.6301369863013698,0.9471315329840119,0.3698630136986301,0.05286846701598818,0.4175855469441234,0.8942630659680236,0.3972602739726027,0.0,0.6027397260273972,2.0425153596342027,0.0,0.0,2,0.3055555555555556,email,tunnel,ikev2,AES_GCM_16_256,PASS,0
email_02,113,0,3,364.0,0.14824509620666504,2455.393192180577,20.236757078411348,121.33333333333333,3.7712361663282534,116.0,124.0,124.0,116.8,117.6,120.0,124.0,124.0,124.0,-0.7071067811865438,-1.5000000000000036,0.9182958340544896,0.0,0.07412254810333252,0.0740286111831665,9.393692016601562e-05,0.14815115928649902,0.014899659156799317,0.03710824251174927,0.07412254810333252,0.11113685369491577,0.13334543704986573,1.0,0.9987192070186162,0.999366340455302,1,3.0,0.6666666666666666,0.6593406593406593,0.3333333333333333,0.34065934065934067,1.0,0.31868131868131866,1.0,0.0,0.0,0.0,0.0,0.0,2,1.0,email,tunnel,ikev2,AES_GCM_16_256,PASS,0
email_02,114,0,12,1520.0,0.6752090454101562,2251.154676218348,17.772273759618535,126.66666666666667,10.994948334980428,116.0,152.0,124.0,116.0,116.0,116.0,129.0,142.8,147.6,1.047718233153275,0.16414359861591343,2.355388542207534,-0.6182053780393191,0.06138264049183239,0.12172495740582455,2.5987625122070312e-05,0.4118659496307373,4.291534423828125e-05,6.699562072753906e-05,0.00014519691467285156,0.05710744857788086,0.14815115928649902,1.2776134368191154,1.9830195216593756,0.9972793386515406,3,4.666666666666667,0.5,0.4921052631578947,0.5,0.5078947368421053,1.2832770485631178,-0.015789473684210527,1.0,0.0,0.0,0.0,0.0,0.0,2,0.5454545454545454,email,tunnel,ikev2,AES_GCM_16_256,PASS,0
email_02,115,0,27,14988.0,1.4340550899505615,10451.481330829978,18.82772857835665,555.1111111111111,556.0435190358111,116.0,1280.0,144.0,116.0,116.0,124.0,1280.0,1280.0,1280.0,0.535996683736095,-1.7115087239633195,0.9509560484549725,0.9233567134700706,0.05515596499809852,0.1369447998800096,6.198883056640625e-06,0.4978060722351074,6.9141387939453125e-06,1.2576580047607422e-05,6.151199340820312e-05,0.0007787346839904785,0.24880409240722656,0.9270745023710714,2.482819710706175,0.981329250558159,6,5.333333333333333,0.6666666666666666,0.9218041099546304,0.3333333333333333,0.07819589004536963,0.4708943151049606,0.8436082199092607,0.6296296296296297,0.0,0.37037037037037035,2.070510773937829,0.0,0.0,2,0.4230769230769231,email,tunnel,ikev2,AES_GCM_16_256,PASS,0
email_02,116,0,48,47576.0,1.2126619815826416,39232.696928379584,39.582340940016394,991.1666666666666,500.30587866046733,116.0,1280.0,1280.0,116.0,118.8,998.0,1280.0,1280.0,1280.0,-1.155137781424086,-0.6649960547923635,0.8112781244591328,0.47874865867806743,0.02580131875707748,0.08781540860610995,4.0531158447265625e-06,0.4691920280456543,5.0067901611328125e-06,6.079673767089844e-06,9.059906005859375e-06,5.602836608886719e-05,0.056046915054321175,0.6347543993612247,3.403392130485269,0.9789802867443411,6,8.666666666666666,0.8333333333333334,0.9792332268370607,0.16666666666666666,0.020766773162939296,0.17948272030831477,0.9584664536741214,0.25,0.0,0.75,2.3092539174916658,0.0,0.0,2,0.3191489361702128,email,tunnel,ikev2,AES_GCM_16_256,PASS,0
email_02,117,0,93,85124.0,1.0526189804077148,80868.76788696,88.35105743958556,915.3118279569892,538.3049856745105,116.0,1280.0,1280.0,116.0,116.0,116.0,1280.0,1280.0,1280.0,-0.8096595780370366,-1.341187499288585,0.9751794128371247,0.26661781160978865,0.011441510656605597,0.0607733230476068,4.0531158447265625e-06,0.49312591552734375,5.9604644775390625e-06,6.9141387939453125e-06,1.2516975402832031e-05,2.6226043701171875e-05,6.685256958007819e-05,0.40903930237397634,5.311187804096406,0.9972031735418586,4,23.75,0.6881720430107527,0.9604811803956581,0.3118279569892473,0.0395188196043419,0.23870322210665076,0.9209623607913162,0.3118279569892473,0.0,0.6881720430107527,2.157698719746432,0.0,0.0,2,0.31521739130434784,email,tunnel,ikev2,AES_GCM_16_256,PASS,0
email_02,118,0,84,53836.0,1.225337028503418,43935.66728800592,68.55256802497395,640.9047619047619,577.3008957753648,116.0,1280.0,116.0,116.0,116.0,116.0,1280.0,1280.0,1280.0,0.1937797361215987,-1.95972224417279,1.072869511982406,0.5169496720556261,0.014763096728956843,0.07228990324035088,5.9604644775390625e-06,0.49312591552734375,6.9141387939453125e-06,8.58306884765625e-06,1.71661376953125e-05,2.5510787963867188e-05,7.672309875488277e-05,0.4441795148257756,4.896330914614546,0.997438629452726,4,21.25,0.47619047619047616,0.904896351883498,0.5238095238095238,0.09510364811650197,0.9238816784310091,0.8097927037669961,0.5476190476190477,0.0,0.4523809523809524,2.0082329327344497,0.0,0.0,2,0.2891566265060241,email,tunnel,ikev2,AES_GCM_16_256,PASS,0
email_02,119,0,21,2456.0,0.6795511245727539,3614.1504460670735,30.90275218542693,116.95238095238095,2.439285423783942,116.0,124.0,116.0,116.0,116.0,116.0,116.0,120.0,124.0,2.338797312185471,3.772308149910784,0.7228578977329688,0.3548387096774194,0.0339775562286377,0.09566957399857563,1.5974044799804688e-05,0.40044116973876953,1.5974044799804688e-05,1.6689300537109375e-05,1.7881393432617188e-05,7.623434066772461e-05,0.09185557365417497,0.8475846798245739,2.815586788173881,0.9990646414833256,3,7.333333333333333,0.09523809523809523,0.09609120521172639,0.9047619047619048,0.9039087947882736,10.611212541901056,-0.8078175895765473,1.0,0.0,0.0,0.0,0.0,0.0,2,0.2,email,tunnel,ikev2,AES_GCM_16_256,PASS,0
email_02,122,0,3,364.0,0.12839484214782715,2835.004848410572,23.365424574812405,121.33333333333333,3.7712361663282534,116.0,124.0,124.0,116.8,117.6,120.0,124.0,124.0,124.0,-0.7071067811865438,-1.5000000000000036,0.9182958340544896,0.0,0.06419742107391357,0.0641106367111206,8.678436279296875e-05,0.12830805778503418,0.01290891170501709,0.03214210271835327,0.06419742107391357,0.09625273942947388,0.11548593044281007,1.0,0.9986326086946609,0.999324082172296,1,3.0,0.6666666666666666,0.6593406593406593,0.3333333333333333,0.34065934065934067,1.0,0.31868131868131866,1.0,0.0,0.0,0.0,0.0,0.0,2,1.0,email,tunnel,ikev2,AES_GCM_16_256,PASS,0
email_02,123,0,16,2032.0,0.9893648624420166,2053.8429017829494,16.17199135262165,127.0,10.63014581273465,116.0,152.0,124.0,116.0,116.0,119.0,129.0,144.0,146.0,1.0289654808160411,0.03304879003837424,2.524397470347699,-0.5168439665846557,0.06595765749613444,0.101089520463577,1.71661376953125e-05,0.31525087356567383,3.7574768066406255e-05,8.392333984375e-05,0.00023508071899414062,0.13030457496643066,0.2088560104370117,1.5589385323502774,1.532619436190032,0.9981444428352239,5,4.0,0.5,0.49803149606299213,0.5,0.5019685039370079,1.149315148111699,-0.003937007874015748,1.0,0.0,0.0,0.0,0.0,0.0,2,0.6666666666666666,email,tunnel,ikev2,AES_GCM_16_256,PASS,0
email_02,124,0,83,75008.0,1.3762900829315186,54500.13840122413,60.30705374495525,903.710843373494,541.957107850696,116.0,1280.0,1280.0,116.0,116.0,128.0,1280.0,1280.0,1280.0,-0.7462531984876934,-1.4424735784173015,0.9100534290139191,0.24047933567452812,0.016784025401603883,0.059496432644418513,5.0067901611328125e-06,0.31525087356567383,5.9604644775390625e-06,6.9141387939453125e-06,1.049041748046875e-05,4.8279762268066406e-05,0.0006836175918579128,0.6360714950181926,3.544613798364187,0.9972644809191871,7,12.571428571428571,0.7469879518072289,0.9659236348122867,0.25301204819277107,0.03407636518771331,0.3278786289904662,0.9318472696245734,0.3253012048192771,0.0,0.6746987951807228,2.1343768771377434,0.0,0.0,2,0.4268292682926829,email,tunnel,ikev2,AES_GCM_16_256,PASS,0
email_02,125,0,102,97864.0,1.213334083557129,80657.09298554635,84.06588208662764,959.4509803921569,517.8489564677379,116.0,1280.0,1280.0,116.0,116.0,124.0,1280.0,1280.0,1280.0,-1.0078977180249036,-0.980443889363404,0.9227868065219449,0.1437573657458471,0.012013208748090386,0.04311604443199247,5.0067901611328125e-06,0.2569739818572998,5.9604644775390625e-06,6.9141387939453125e-06,9.059906005859375e-06,3.790855407714844e-05,0.000164031982421875,0.6763530673335255,3.588754393737799,0.9975111473716726,7,15.0,0.7450980392156863,0.9686503719447397,0.2549019607843137,0.03134962805526036,0.3331393829196308,0.9373007438894793,0.27450980392156865,0.0,0.7254901960784313,2.2397222220006032,0.0,0.0,2,0.36633663366336633,email,tunnel,ikev2,AES_GCM_16_256,PASS,0
email_02,126,0,33,24640.0,0.6628658771514893,37171.9239884313,49.78382677022049,746.6666666666666,575.1404922787004,116.0,1280.0,1280.0,116.0,116.0,116.0,1280.0,1280.0,1280.0,-0.17648889855626504,-1.9619878331866072,1.1628720819225884,0.628383117400766,0.02071455866098404,0.04476731366516593,5.0067901611328125e-06,0.16269683837890625,5.9604644775390625e-06,5.9604644775390625e-06,3.0517578125e-05,0.00010633468627929688,0.10680899620056157,1.1183927290103626,2.161047857689751,0.9984853939971823,4,8.25,0.6060606060606061,0.9381493506493507,0.3939393939393939,0.06185064935064935,0.5159015578727348,0.8762987012987012,0.45454545454545453,0.0,0.5454545454545454,2.0060798591066407,0.0,0.0,2,0.3125,email,tunnel,ikev2,AES_GCM_16_256,PASS,0
email_02,130,0,6,764.0,0.6566359996795654,1163.5061135436188,9.137482567096482,127.33333333333333,12.310790208412925,116.0,152.0,124.0,116.0,116.0,118.0,130.0,142.0,147.0,1.0830607221477655,-0.06909125308519748,1.9182958340544893,-0.6295126939816686,0.13132719993591307,0.1606070269618023,7.605552673339844e-05,0.33297085762023926,9.922981262207031e-05,0.00013399124145507812,0.0004420280456542969,0.3230130672454834,0.32898774147033694,0.9709505944546686,1.2229439453230686,0.9990069462926782,2,3.5,0.6666666666666666,0.6387434554973822,0.3333333333333333,0.3612565445026178,0.677453908778783,0.2774869109947644,1.0,0.0,0.0,0.0,0.0,0.0,2,0.8,email,tunnel,ikev2,AES_GCM_16_256,PASS,0
email_02,131,0,26,14860.0,1.2676761150360107,11722.237110681755,20.50997071855489,571.5384615384615,560.169564353868,116.0,1280.0,144.0,116.0,116.0,124.0,1280.0,1280.0,1280.0,0.47344922532083394,-1.7746372859159758,0.9612366047228759,0.9215721779032384,0.05070704460144043,0.1070986178620591,6.9141387939453125e-06,0.34345483779907227,7.009506225585937e-06,9.059906005859375e-06,6.103515625e-05,0.0009288787841796875,0.2425758838653565,1.106313713864835,2.112063651908534,0.9957985856360491,6,5.166666666666667,0.6538461538461539,0.9211305518169582,0.34615384615384615,0.07886944818304173,0.5003852577379916,0.8422611036339166,0.6153846153846154,0.0,0.38461538461538464,2.0551812392308495,0.0,0.0,2,0.44,email,tunnel,ikev2,AES_GCM_16_256,PASS,0
email_02,132,0,127,100852.0,1.350950002670288,74652.65169003731,94.00792016652856,794.1102362204724,571.7766926634669,116.0,1280.0,1280.0,116.0,116.0,116.0,1280.0,1280.0,1280.0,-0.3338551147018223,-1.8863871361513005,1.0403620340942854,0.019389877612216232,0.010721825418018159,0.0388989487585352,5.0067901611328125e-06,0.25897908210754395,6.9141387939453125e-06,8.106231689453125e-06,2.002716064453125e-05,4.76837158203125e-05,0.00869143009185791,0.6659199563681454,3.627677150573686,0.9099565059708328,13,10.615384615384615,0.6141732283464567,0.9428072819577202,0.3858267716535433,0.05719271804227977,0.544743843303517,0.8856145639154405,0.41732283464566927,0.0,0.5826771653543307,2.0272264527503694,0.0,0.0,2,0.5238095238095238,email,tunnel,ikev2,AES_GCM_16_256,PASS,0
email_02,133,0,112,87348.0,1.0935730934143066,79873.94763644545,102.41656517930451,779.8928571428571,574.7840488445399,116.0,1280.0,1280.0,116.0,116.0,116.0,1280.0,1280.0,1280.0,-0.2868062159657237,-1.9156436334850022,1.051579607636977,-0.06531409344583584,0.00985200985057934,0.03349891745969582,5.0067901611328125e-06,0.17782998085021973,6.9141387939453125e-06,8.106231689453125e-06,2.002716064453125e-05,4.744529724121094e-05,0.013963937759399414,0.7549057854719755,3.3998664334762787,0.8927229528004189,11,10.909090909090908,0.5892857142857143,0.9387278472317626,0.4107142857142857,0.061272152768237394,0.6000953604756486,0.8774556944635252,0.42857142857142855,0.0,0.5714285714285714,2.0200339857500604,0.0,0.0,2,0.5585585585585585,email,tunnel,ikev2,AES_GCM_16_256,PASS,0
email_02,134,0,6,716.0,0.323728084564209,2211.7327292250634,18.5340731499307,119.33333333333333,3.590109871423003,116.0,124.0,118.0,116.0,116.0,116.0,123.0,124.0,124.0,0.3329709512140279,-1.6765755053507716,1.4591479170272446,0.2795084971874737,0.0647456169128418,0.0798113812646544,6.103515625e-05,0.17782998085021973,7.82012939453125e-05,0.00010395050048828125,0.0001800060272216797,0.1455531120300293,0.16491923332214356,1.3709505944546687,1.2326726100931564,0.9989343164822281,2,3.0,0.3333333333333333,0.329608938547486,0.6666666666666666,0.6703910614525139,1.6494705790755264,-0.3407821229050279,1.0,0.0,0.0,0.0,0.0,0.0,2,0.8,email,tunnel,ikev2,AES_GCM_16_256,PASS,0
email_02,137,0,6,764.0,0.3823730945587158,1998.0485313217637,15.691480612474583,127.33333333333333,12.310790208412925,116.0,152.0,124.0,116.0,116.0,118.0,130.0,142.0,147.0,1.0830607221477655,-0.06909125308519748,1.9182958340544893,-0.6295126939816686,0.07647461891174316,0.10271897004825682,9.512901306152344e-05,0.2584090232849121,9.665489196777343e-05,9.894371032714844e-05,0.0003910064697265625,0.12337899208068848,0.20439701080322267,1.3709505944546687,1.3431597090675376,0.998469873530745,2,3.5,0.6666666666666666,0.6387434554973822,0.3333333333333333,0.3612565445026178,1.032222195386887,0.2774869109947644,1.0,0.0,0.0,0.0,0.0,0.0,2,0.8,email,tunnel,ikev2,AES_GCM_16_256,PASS,0
email_02,138,0,17,2156.0,1.1501328945159912,1874.5659830095603,14.780900608145883,126.82352941176471,10.517410182883298,116.0,152.0,124.0,116.0,116.0,116.0,128.0,144.0,145.6,1.0003517179316124,0.10330901472042475,2.3242764617775693,-0.5815297240805498,0.07188330590724945,0.13534979638037925,1.5974044799804688e-05,0.3840818405151367,2.2530555725097656e-05,5.227327346801758e-05,9.703636169433594e-05,0.031412482261657715,0.32043159008026123,1.186278124459133,1.8828838182706773,0.9984272410881659,4,5.0,0.5294117647058824,0.5269016697588126,0.47058823529411764,0.47309833024118736,1.128808243387026,0.05380333951762523,1.0,0.0,0.0,0.0,0.0,0.0,2,0.625,email,tunnel,ikev2,AES_GCM_16_256,PASS,0
email_02,139,0,42,35300.0,1.0892131328582764,32408.716838886186,38.559946380544474,840.4761904761905,560.3252133102719,116.0,1280.0,1280.0,116.0,116.4,128.0,1280.0,1280.0,1280.0,-0.4907292578137102,-1.7585907534001037,0.9587118829771318,0.7401853726143834,0.026566173972153082,0.08454972922689301,5.9604644775390625e-06,0.38245415687561035,6.9141387939453125e-06,7.152557373046875e-06,1.5974044799804688e-05,7.200241088867188e-05,0.0009019374847412109,0.6563379917334218,3.1824886348663015,0.9973312851004851,5,9.2,0.7619047619047619,0.9645325779036827,0.23809523809523808,0.03546742209631728,0.29029781046891057,0.9290651558073655,0.38095238095238093,0.0,0.6190476190476191,2.059072038884689,0.0,0.0,2,0.3170731707317073,email,tunnel,ikev2,AES_GCM_16_256,PASS,0
email_02,140,0,96,97160.0,1.1938800811767578,81381.70787155896,80.41008599907019,1012.0833333333334,487.68295000155814,116.0,1280.0,1280.0,116.0,116.0,1280.0,1280.0,1280.0,1280.0,-1.28537451277469,-0.34283288934269107,0.8561636631350957,0.45556882810109567,0.01256715874922903,0.04682355405527872,5.0067901611328125e-06,0.25934290885925293,5.9604644775390625e-06,7.152557373046875e-06,8.106231689453125e-06,3.552436828613281e-05,0.0006387233734130916,0.5653294773827147,3.725569909605974,0.9793012315935948,10,10.5,0.78125,0.9744750926307122,0.21875,0.025524907369287773,0.21933317158484006,0.9489501852614245,0.22916666666666666,0.0,0.7708333333333334,2.3778891508785023,0.0,0.0,2,0.21052631578947367,email,tunnel,ikev2,AES_GCM_16_256,PASS,0
email_02,141,0,71,63968.0,0.8783750534057617,72825.38336212316,80.83107520495786,900.9577464788732,543.0872478506748,116.0,1280.0,1280.0,116.0,116.0,116.0,1280.0,1280.0,1280.0,-0.748933989170518,-1.4349679804874427,1.0073865417841152,0.6077575320308956,0.012548215048653739,0.039823427636298196,5.0067901611328125e-06,0.2025301456451416,5.9604644775390625e-06,7.867813110351562e-06,9.059906005859375e-06,5.40614128112793e-05,0.01826121807098395,0.6925882286521844,3.1733799669462512,0.973267806171916,9,8.666666666666666,0.704225352112676,0.9616683341670835,0.29577464788732394,0.03833166583291646,0.3621284511186773,0.923336668334167,0.323943661971831,0.0,0.676056338028169,2.1355630880372614,0.0,0.0,2,0.22857142857142856,email,tunnel,ikev2,AES_GCM_16_256,PASS,0
email_02,142,0,6,716.0,0.26837801933288574,2667.8786950577396,22.356525377578823,119.33333333333333,3.590109871423003,116.0,124.0,118.0,116.0,116.0,116.0,123.0,124.0,124.0,0.3329709512140279,-1.6765755053507716,1.4591479170272446,0.2795084971874737,0.053675603866577146,0.06918764330594344,9.107589721679688e-05,0.1689469814300537,0.00010786056518554687,0.00013303756713867188,0.00022792816162109375,0.09897899627685547,0.14095978736877443,1.3709505944546687,1.288972072039464,0.9983156533195222,2,3.0,0.3333333333333333,0.329608938547486,0.6666666666666666,0.6703910614525139,1.8910177997861117,-0.3407821229050279,1.0,0.0,0.0,0.0,0.0,0.0,2,0.8,email,tunnel,ikev2,AES_GCM_16_256,PASS,0
email_02,145,0,12,1520.0,0.5079119205474854,2992.644863230559,23.626143657083365,126.66666666666667,10.994948334980428,116.0,152.0,124.0,116.0,116.0,116.0,129.0,142.8,147.6,1.047718233153275,0.16414359861591343,2.355388542207534,-0.6182053780393191,0.046173810958862305,0.07538750499227688,2.09808349609375e-05,0.18609118461608887,2.47955322265625e-05,5.1021575927734375e-05,8.916854858398438e-05,0.0792989730834961,0.16259288787841797,1.0957952550009336,1.632654328773333,0.9971905853393148,3,4.666666666666667,0.5,0.4921052631578947,0.5,0.5078947368421053,1.4541093190336913,-0.015789473684210527,1.0,0.0,0.0,0.0,0.0,0.0,2,0.5454545454545454,email,tunnel,ikev2,AES_GCM_16_256,PASS,0
email_02,146,0,45,35696.0,1.2362899780273438,28873.484889813197,36.399227365575804,793.2444444444444,569.4565501152267,116.0,1280.0,1280.0,116.0,116.0,124.0,1280.0,1280.0,1280.0,-0.3154976603457815,-1.8997255587042563,0.9824740868386409,0.7659324661118557,0.02809749950062145,0.06787378426565177,4.76837158203125e-06,0.3001730442047119,5.9604644775390625e-06,6.198883056640625e-06,1.800060272216797e-05,0.00022047758102416992,0.15142118930816656,0.9706892997637833,2.415566150219182,0.9960481168578711,7,7.285714285714286,0.7555555555555555,0.960667861945316,0.24444444444444444,0.039332138054683996,0.3473870420335603,0.921335723890632,0.4222222222222222,0.0,0.5777777777777777,2.024460136221604,0.0,0.0,2,0.36363636363636365,email,tunnel,ikev2,AES_GCM_16_256,PASS,0
email_02,147,0,107,102092.0,1.1734750270843506,86999.72103680867,91.18217050247353,954.1308411214953,518.9871711470145,116.0,1280.0,1280.0,116.0,116.0,128.0,1280.0,1280.0,1280.0,-0.9754796149291375,-1.0448312214148698,0.9279229780836885,0.3841110642194931,0.01107051912343727,0.04008438819512041,4.0531158447265625e-06,0.20585107803344727,5.0067901611328125e-06,5.0067901611328125e-06,7.987022399902344e-06,3.1888484954833984e-05,0.00023496150970458984,0.5487086411155211,3.6204957737250236,0.9955895179738113,9,12.777777777777779,0.7570093457943925,0.9687340829839752,0.24299065420560748,0.03126591701602476,0.31245314872723395,0.9374681659679505,0.2803738317757009,0.0,0.719626168224299,2.2252098957493778,0.0,0.0,2,0.3113207547169811,email,tunnel,ikev2,AES_GCM_16_256,PASS,0
email_02,148,0,75,68032.0,0.8329818248748779,81672.85043730585,90.03797893341279,907.0933333333334,539.3465966230702,116.0,1280.0,1280.0,116.0,116.0,128.0,1280.0,1280.0,1280.0,-0.7684856133560637,-1.405309224825328,0.9990598970819611,0.37245750750901707,0.011256511146957809,0.04256232951296321,4.0531158447265625e-06,0.20585107803344727,5.0067901611328125e-06,5.0067901611328125e-06,8.463859558105469e-06,3.0517578125e-05,0.00010614395141601569,0.4494118113065561,3.78079390349661,0.9979389079847352,5,15.6,0.7066666666666667,0.9606655691439323,0.29333333333333333,0.039334430856067734,0.32314666093283156,0.9213311382878645,0.32,0.0,0.68,2.1424616333449253,0.0,0.0,2,0.32432432432432434,email,tunnel,ikev2,AES_GCM_16_256,PASS,0
email_02,152,0,12,1520.0,0.6708431243896484,2265.8054390628777,17.887937676812193,126.66666666666667,10.994948334980428,116.0,152.0,124.0,116.0,116.0,116.0,129.0,142.8,147.6,1.047718233153275,0.16414359861591343,2.355388542207534,-0.6182053780393191,0.06098573858087713,0.10985642552278965,1.7881393432617188e-05,0.35042405128479004,2.8133392333984375e-05,5.2928924560546875e-05,0.00010991096496582031,0.07761955261230469,0.1643211841583252,1.0957952550009336,1.8013166153671971,0.9975942879888546,3,4.666666666666667,0.5,0.4921052631578947,0.5,0.5078947368421053,1.3264849778676977,-0.015789473684210527,1.0,0.0,0.0,0.0,0.0,0.0,2,0.5454545454545454,email,tunnel,ikev2,AES_GCM_16_256,PASS,0
email_02,153,0,18,2276.0,1.0343918800354004,2200.326630485641,17.401528712100852,126.44444444444444,10.339902332561635,116.0,152.0,124.0,116.0,116.0,117.0,128.0,144.0,145.2,1.0883443603832283,0.2994825296417396,2.5046934208291405,-0.5456164897433781,0.06084658117855296,0.10661467321529168,1.7881393432617188e-05,0.35042405128479004,3.643035888671875e-05,6.389617919921875e-05,0.0002028942108154297,0.07624197006225586,0.21920709609985353,1.5569010760354054,1.7521595953409947,0.9978532017810542,6,3.8333333333333335,0.5,0.4973637961335677,0.5,0.5026362038664324,1.0001469630201394,-0.005272407732864675,1.0,0.0,0.0,0.0,0.0,0.0,2,0.6470588235294118,email,tunnel,ikev2,AES_GCM_16_256,PASS,0
email_02,154,0,67,70732.0,1.3829607963562012,51145.339901437066,48.446781844091554,1055.7014925373135,457.16860650518396,116.0,1280.0,1280.0,116.0,122.4,1280.0,1280.0,1280.0,1280.0,-1.5478744498366084,0.39662462945380916,0.709825885194168,0.45343967034554317,0.020953951459942444,0.07379702784458507,6.9141387939453125e-06,0.4358479976654053,6.9141387939453125e-06,6.9141387939453125e-06,7.867813110351562e-06,2.5033950805664062e-05,0.000599980354309082,0.6441905475931335,3.521698820713363,0.9983117141488802,7,10.428571428571429,0.8656716417910447,0.9843917887236329,0.13432835820895522,0.015608211276367133,0.14034793598829937,0.9687835774472657,0.19402985074626866,0.0,0.8059701492537313,2.5286075164936257,0.0,0.0,2,0.25757575757575757,email,tunnel,ikev2,AES_GCM_16_256,PASS,0
email_02,155,0,99,97516.0,1.393326997756958,69987.87804800004,71.0529546613069,985.010101010101,504.0661631846225,116.0,1280.0,1280.0,116.0,116.0,636.0,1280.0,1280.0,1280.0,-1.136249306603423,-0.7046977567002464,0.8924515943966866,0.17609504897091327,0.014217622426091408,0.04651362234367382,6.9141387939453125e-06,0.22777485847473145,6.9141387939453125e-06,7.152557373046875e-06,8.106231689453125e-06,3.3795833587646484e-05,0.017980194091796714,0.7327712477878393,3.2713170762816346,0.9978639765627767,10,10.7,0.7676767676767676,0.9721071413921818,0.23232323232323232,0.027892858607818205,0.2931770959349611,0.9442142827843636,0.25252525252525254,0.0,0.7474747474747475,2.3004873160038777,0.0,0.0,2,0.336734693877551,email,tunnel,ikev2,AES_GCM_16_256,PASS,0
email_02,156,0,40,27780.0,0.7596759796142578,36568.2221703336,52.654027603072144,694.5,578.0288487610285,116.0,1280.0,622.0,116.0,116.0,116.0,1280.0,1280.0,1280.0,0.004973112928161736,-1.9943932081977596,1.143198478557978,0.07587070687874217,0.019478871272160456,0.046285609437562776,6.9141387939453125e-06,0.19846391677856445,7.867813110351562e-06,9.5367431640625e-06,2.5987625122070312e-05,0.00010645389556884766,0.08780245780944824,1.1315560650160943,2.376073680923733,0.9983570347159977,6,7.166666666666667,0.55,0.9242620590352771,0.45,0.07573794096472282,0.6399687121823034,0.8485241180705544,0.5,0.0,0.5,1.9981701302521053,0.0,0.0,2,0.5641025641025641,email,tunnel,ikev2,AES_GCM_16_256,PASS,0
email_02,160,0,12,1520.0,0.6212809085845947,2446.558358702622,19.314934410810174,126.66666666666667,10.994948334980428,116.0,152.0,124.0,116.0,116.0,116.0,129.0,142.8,147.6,1.047718233153275,0.16414359861591343,2.355388542207534,-0.6182053780393191,0.05648008259859952,0.09555861546141477,3.600120544433594e-05,0.2696878910064697,5.91278076171875e-05,6.699562072753906e-05,0.0002391338348388672,0.0736844539642334,0.2033238410949707,1.2776134368191154,1.6918694023719758,0.9971556207765554,3,4.666666666666667,0.5,0.4921052631578947,0.5,0.5078947368421053,1.3111202648064522,-0.015789473684210527,1.0,0.0,0.0,0.0,0.0,0.0,2,0.5454545454545454,email,tunnel,ikev2,AES_GCM_16_256,PASS,0
email_02,161,0,45,38016.0,1.362684965133667,27897.8641231805,33.02303991853753,844.8,558.5763491034844,116.0,1280.0,1280.0,116.0,117.6,128.0,1280.0,1280.0,1280.0,-0.5047377957797183,-1.7444880355980803,0.9564574047992594,0.8553701578865369,0.030970112843946976,0.07886851767151462,5.9604644775390625e-06,0.279522180557251,6.9141387939453125e-06,7.152557373046875e-06,1.2516975402832031e-05,0.0001773238182067871,0.19606671333312994,0.8362214933905643,2.546518688847461,0.9974521980958846,7,7.285714285714286,0.7777777777777778,0.9661195286195287,0.2222222222222222,0.03388047138047138,0.26477038206766595,0.9322390572390572,0.37777777777777777,0.0,0.6222222222222222,2.0623858873099485,0.0,0.0,2,0.29545454545454547,email,tunnel,ikev2,AES_GCM_16_256,PASS,0
email_02,162,0,131,101268.0,1.376166820526123,73587.00884917729,95.19194769564152,773.0381679389313,575.3534513349648,116.0,1280.0,1280.0,116.0,116.0,116.0,1280.0,1280.0,1280.0,-0.26029855452737755,-1.930279905127437,1.0461564091280493,0.31481392520430623,0.010585898619431716,0.0387764271831735,5.0067901611328125e-06,0.2240769863128662,6.9141387939453125e-06,8.285045623779297e-06,1.6927719116210938e-05,3.8564205169677734e-05,0.0002690076828002986,0.6673533528384755,3.662680505129362,0.9409055204188729,13,11.0,0.5877862595419847,0.9375518426353834,0.4122137404580153,0.06244815736461666,0.6973248868896635,0.8751036852707667,0.4351145038167939,0.0,0.5648854961832062,2.0164189585644863,0.0,0.0,2,0.3769230769230769,email,tunnel,ikev2,AES_GCM_16_256,PASS,0
email_02,163,0,101,65120.0,1.003343105316162,64903.022360910254,100.66347141357394,644.7524752475248,577.9871423754156,116.0,1280.0,116.0,116.0,116.0,116.0,1280.0,1280.0,1280.0,0.18095564242324164,-1.9649891439451987,1.0630810512796003,0.20047121721487637,0.010033431053161622,0.03605417337113887,5.0067901611328125e-06,0.22280406951904297,6.9141387939453125e-06,1.0728836059570312e-05,2.0503997802734375e-05,5.02467155456543e-05,0.003356099128723416,0.7060906530347479,3.593046100982379,0.9204598217913726,10,10.9,0.4752475247524752,0.9053439803439803,0.5247524752475248,0.09465601965601965,0.9209794510150868,0.8106879606879607,0.5445544554455446,0.0,0.45544554455445546,2.0072385657687595,0.0,0.0,2,0.44,email,tunnel,ikev2,AES_GCM_16_256,PASS,0
email_02,164,0,4,472.0,0.16820311546325684,2806.131139129264,23.780772365502237,118.0,3.4641016151377544,116.0,124.0,116.0,116.0,116.0,116.0,118.0,121.6,122.8,1.1547005383792515,-0.6666666666666665,0.8112781244591328,0.0,0.056067705154418945,0.0791595388224202,7.009506225585938e-05,0.1680161952972412,7.944107055664062e-05,9.34600830078125e-05,0.00011682510375976562,0.08406651020050049,0.13443632125854493,0.9182958340544896,1.4118310491459851,0.9988887235203652,1,3.0,0.25,0.2457627118644068,0.75,0.7542372881355932,1.0,-0.5084745762711864,1.0,0.0,0.0,0.0,0.0,0.0,2,0.6666666666666666,email,tunnel,ikev2,AES_GCM_16_256,PASS,0
email_02,167,0,6,764.0,0.33583688735961914,2274.9138905098816,17.86581589405666,127.33333333333333,12.310790208412925,116.0,152.0,124.0,116.0,116.0,118.0,130.0,142.0,147.0,1.0830607221477655,-0.06909125308519748,1.9182958340544893,-0.6295126939816686,0.06716737747192383,0.0835829667312368,6.794929504394531e-05,0.19301891326904297,7.519721984863281e-05,8.606910705566406e-05,0.00042700767517089844,0.14223694801330566,0.17270612716674805,1.3709505944546687,1.2443797197003041,0.9982699158456398,2,3.5,0.6666666666666666,0.6387434554973822,0.3333333333333333,0.3612565445026178,0.5797108289573577,0.2774869109947644,1.0,0.0,0.0,0.0,0.0,0.0,2,0.8,email,tunnel,ikev2,AES_GCM_16_256,PASS,0
email_02,168,0,49,38488.0,1.2640979290008545,30447.00819217463,38.762819616934024,785.469387755102,571.0865798772999,116.0,1280.0,1280.0,116.0,116.0,124.0,1280.0,1280.0,1280.0,-0.28922092833524166,-1.915627388052623,0.9852281360342515,0.6133185987355331,0.026335373520851135,0.06630359006808373,6.9141387939453125e-06,0.32386112213134766,7.867813110351562e-06,8.106231689453125e-06,4.649162292480469e-05,0.00031381845474243164,0.1288481235504151,0.8679933404814707,2.5175671971537614,0.9684527248245995,9,6.333333333333333,0.7346938775510204,0.9574932446476824,0.2653061224489796,0.042506755352317606,0.3863774734990999,0.9149864892953647,0.42857142857142855,0.0,0.5714285714285714,2.0205425628234113,0.0,0.0,2,0.4166666666666667,email,tunnel,ikev2,AES_GCM_16_256,PASS,0
email_02,169,0,104,98184.0,1.100205898284912,89241.47757529475,94.52776081470152,944.0769230769231,524.4484225631669,116.0,1280.0,1280.0,116.0,116.0,128.0,1280.0,1280.0,1280.0,-0.9314932371705235,-1.1286667292568646,0.9402098078863151,0.3276016600756222,0.010681610662960311,0.03576532765718586,5.0067901611328125e-06,0.22069883346557617,5.9604644775390625e-06,7.867813110351562e-06,2.4080276489257812e-05,7.05718994140625e-05,0.018921899795532215,0.6463903130308114,3.347995053418408,0.7950592879379742,15,7.666666666666667,0.75,0.9684266275564247,0.25,0.031573372443575325,0.2408467182519897,0.9368532551128493,0.28846153846153844,0.0,0.7115384615384616,2.2061994392527415,0.0,0.0,2,0.3300970873786408,email,tunnel,ikev2,AES_GCM_16_256,PASS,0
email_02,170,0,71,62656.0,1.223081111907959,51228.000653414616,58.0501156536076,882.4788732394367,547.3992249953327,116.0,1280.0,1280.0,116.0,116.0,116.0,1280.0,1280.0,1280.0,-0.678168107683009,-1.5322327350291454,1.0909796638406943,0.36932818727425315,0.01747258731297084,0.06174563521144133,5.0067901611328125e-06,0.4419291019439697,5.9604644775390625e-06,7.152557373046875e-06,2.8967857360839844e-05,0.0001195669174194336,0.029825615882873555,0.5756417669140598,3.533655345379872,0.7926554793455094,10,7.3,0.6901408450704225,0.9588227783452502,0.30985915492957744,0.04117722165474975,0.38014077011988634,0.9176455566905005,0.3380281690140845,0.0,0.6619718309859155,2.111545070095365,0.0,0.0,2,0.34285714285714286,email,tunnel,ikev2,AES_GCM_16_256,PASS,0
email_02,171,0,10,2196.0,0.37427401542663574,5867.358965587752,26.718392375171916,219.6,300.1623560675122,116.0,1120.0,118.0,116.0,116.0,116.0,124.0,227.19999999999965,673.599999999999,2.665701913449754,5.108100753344317,0.4689955935892812,-0.28954537066062236,0.04158600171407064,0.05133399038753626,6.103515625e-05,0.16026997566223145,7.457733154296875e-05,0.0001270771026611328,0.024595022201538086,0.05826997756958008,0.1027052402496338,2.2810361125534233,1.2343758451373954,0.8198645831143591,2,4.0,0.3,0.6174863387978142,0.7,0.3825136612021858,1.934278120115638,0.23497267759562843,0.9,0.0,0.1,3.3330109218936053,0.0,0.0,2,0.5555555555555556,email,tunnel,ikev2,AES_GCM_16_256,PASS,0
email_03,-1,1,5001,5051140.0,30.394207000732422,166187.58962450578,164.53793316204923,1010.0259948010398,489.9400239608104,116.0,1280.0,1280.0,116.0,116.0,1280.0,1280.0,1280.0,1280.0,-1.2640990259176972,-0.40137127310083764,0.7854495099045751,-0.18862231548270963,0.006078841400146484,0.09317813333774513,3.814697265625e-06,6.330556154251099,5.9604644775390625e-06,6.9141387939453125e-06,8.821487426757812e-06,2.5033950805664062e-05,8.106231689453125e-05,0.002746052628263047,15.32575065782146,0.8871035002250974,282,18.68439716312057,0.7708458308338332,0.9726263774118318,0.22915416916616677,0.027373622588168216,0.2986074305961562,0.9452527548236636,0.23275344931013797,0.0001999600079984003,0.7670465906818636,2.36614972712346,0.0,0.0,2,0.4294,email,tunnel,ikev2,AES_GCM_16_256,PASS,0
email_03,0,0,58,48844.0,1.4952609539031982,32665.87004261606,38.78921592154065,842.1379310344828,560.1611667182649,116.0,1280.0,1280.0,116.0,116.0,125.0,1280.0,1280.0,1280.0,-0.4979733626777839,-1.751339866276445,0.9575534837147482,0.5850905322108763,0.0262326483140912,0.06196380857098132,5.9604644775390625e-06,0.2348949909210205,5.9604644775390625e-06,6.198883056640625e-06,3.4809112548828125e-05,0.00019693374633789062,0.15563230514526366,1.099195917129436,2.3619973794379923,0.9320987585423065,10,6.5,0.7586206896551724,0.9641307018262223,0.2413793103448276,0.03586929817377774,0.33737331142841553,0.9282614036524445,0.3793103448275862,0.0,0.6206896551724138,2.0607705145267996,0.0,0.0,2,0.38596491228070173,email,tunnel,ikev2,AES_GCM_16_256,PASS,0
email_03,1,0,349,350192.0,1.425313949584961,245694.64159245256,244.85833461577064,1003.4154727793697,495.14805969663064,116.0,1280.0,1280.0,116.0,116.0,1280.0,1280.0,1280.0,1280.0,-1.231690964663797,-0.4828063705487411,0.7914001298053222,-0.20101078853079124,0.004095729740186669,0.023064480943720513,4.76837158203125e-06,0.23401808738708496,5.9604644775390625e-06,6.198883056640625e-06,9.059906005859375e-06,2.6941299438476562e-05,0.00010864734649658206,0.3237033648287654,5.629973761136991,0.8553651600816299,17,21.352941176470587,0.7679083094555874,0.9730205144606388,0.23209169054441262,0.026979485539361265,0.29957171492089807,0.9460410289212775,0.23782234957020057,0.0,0.7621776504297995,2.348768021088668,0.0,0.0,2,0.4454022988505747,email,tunnel,ikev2,AES_GCM_16_256,PASS,0
email_03,2,0,650,614448.0,1.4646539688110352,419517.5195536401,443.79082967129204,945.3046153846154,524.6974772133775,116.0,1280.0,1280.0,116.0,116.0,136.0,1280.0,1280.0,1280.0,-0.9299775979099707,-1.1347611240370186,0.8677255059933331,-0.3002478656440926,0.00225678577628819,0.015043022344584257,4.0531158447265625e-06,0.23401808738708496,5.9604644775390625e-06,6.198883056640625e-06,1.0013580322265625e-05,2.288818359375e-05,6.933212280273447e-05,0.24636064332284324,6.6627323559966145,0.7800401874982501,22,30.454545454545453,0.7107692307692308,0.9624248105616748,0.28923076923076924,0.03757518943832513,0.4055712279881753,0.9248496211233498,0.28923076923076924,0.0,0.7107692307692308,2.205445075613846,0.0,0.0,2,0.5331278890600925,email,tunnel,ikev2,AES_GCM_16_256,PASS,0
email_03,3,0,680,552564.0,1.3266899585723877,416498.21529862034,512.5538153101936,812.5941176470589,567.2457709593614,116.0,1280.0,1280.0,116.0,116.0,128.0,1280.0,1280.0,1280.0,-0.38976159393398097,-1.847782567789474,0.973472881856877,-0.5136878385901151,0.0019538880096795106,0.014092505812374078,4.0531158447265625e-06,0.22824788093566895,5.9604644775390625e-06,7.867813110351562e-06,1.5974044799804688e-05,2.4080276489257812e-05,6.3753128051758e-05,0.21460329395153227,7.208855823247101,0.7458063477293095,22,31.863636363636363,0.5955882352941176,0.9381718678741287,0.40441176470588236,0.06182813212587139,0.6780526735402475,0.8763437357482572,0.40441176470588236,0.0,0.5955882352941176,2.037507041079384,0.0,0.0,2,0.7290132547864506,email,tunnel,ikev2,AES_GCM_16_256,PASS,0
email_03,4,0,605,498352.0,1.3226561546325684,376781.22031529906,457.4129095313271,823.7223140495868,566.6076540555331,116.0,1280.0,1280.0,116.0,116.0,116.0,1280.0,1280.0,1280.0,-0.43660596231879917,-1.809209344823809,0.9669514437970814,-0.5441765086044338,0.0021898280705837225,0.014347204173055714,4.0531158447265625e-06,0.22824788093566895,6.031990051269532e-06,8.106231689453125e-06,1.7881393432617188e-05,2.5987625122070312e-05,7.731914520263682e-05,0.24183609973181602,6.548758602144922,0.6505664949774876,30,21.133333333333333,0.6066115702479339,0.9426268982566539,0.3933884297520661,0.05737310174334607,0.6474680295784259,0.8852537965133078,0.3933884297520661,0.0,0.6066115702479339,2.047034694018557,0.0,0.0,2,0.7367549668874173,email,tunnel,ikev2,AES_GCM_16_256,PASS,0
email_03,5,0,462,472800.0,1.382660150527954,341949.53822851286,334.1385081674555,1023.3766233766233,482.1152806841097,116.0,1280.0,1280.0,116.0,116.0,1280.0,1280.0,1280.0,1280.0,-1.3464405075959156,-0.18700522202011438,0.761587786957669,-0.28232883758492006,0.002999262799409879,0.016021239288788448,4.0531158447265625e-06,0.14772295951843262,5.9604644775390625e-06,6.9141387939453125e-06,8.821487426757812e-06,2.4080276489257812e-05,7.987022399902344e-05,0.3350658425196557,5.3399453181033545,0.7437679084206241,29,16.896551724137932,0.7792207792207793,0.9746192893401016,0.22077922077922077,0.025380710659898477,0.2813264896631205,0.949238578680203,0.22077922077922077,0.0,0.7792207792207793,2.4109439456423805,0.0,0.0,2,0.4403470715835141,email,tunnel,ikev2,AES_GCM_16_256,PASS,0
email_03,6,0,263,293764.0,1.4043488502502441,209181.64311357075,187.27540521939076,1116.9733840304182,402.91971864357583,116.0,1280.0,1280.0,116.0,128.0,1280.0,1280.0,1280.0,1280.0,-2.066971358997869,2.272623204387039,0.5860284188204257,-0.1618428135685813,0.0053601101154589475,0.02573910426578285,5.0067901611328125e-06,0.20418500900268555,5.9604644775390625e-06,6.198883056640625e-06,7.867813110351562e-06,2.2113323211669922e-05,7.276535034179689e-05,0.4225814706788543,4.801077335002549,0.966404743011606,15,18.4,0.8593155893536122,0.9847360466224588,0.14068441064638784,0.015263953377541155,0.1599917967267031,0.9694720932449177,0.14068441064638784,0.0,0.8593155893536122,2.8760339304107365,0.0,0.0,2,0.2786259541984733,email,tunnel,ikev2,AES_GCM_16_256,PASS,0
email_03,7,0,260,283936.0,1.4582908153533936,194704.6480788488,178.2909123904707,1092.0615384615385,428.17422323604086,116.0,1280.0,1280.0,116.0,116.0,1280.0,1280.0,1280.0,1280.0,-1.8393538214414462,1.3832641747560013,0.6379773724204627,-0.19079041672857922,0.0056304664685459214,0.02469823305451401,5.0067901611328125e-06,0.20418500900268555,5.9604644775390625e-06,5.9604644775390625e-06,7.867813110351562e-06,3.0040740966796875e-05,8.435249328613283e-05,0.5619241085175399,4.385755147875584,0.8259526871102254,20,13.9,0.8384615384615385,0.9827566775611405,0.16153846153846155,0.01724332243885946,0.188931042411722,0.9655133551222811,0.16153846153846155,0.0,0.8384615384615385,2.7171849240802044,0.0,0.0,2,0.3204633204633205,email,tunnel,ikev2,AES_GCM_16_256,PASS,0
email_03,8,0,335,363616.0,1.3557040691375732,268211.9263913644,247.10407501624536,1085.420895522388,434.31445947910936,116.0,1280.0,1280.0,116.0,116.0,1280.0,1280.0,1280.0,1280.0,-1.7840570907403692,1.1828597030209913,0.6511763252389582,-0.19927410105176985,0.00405899421897477,0.01670158188862412,3.814697265625e-06,0.13295412063598633,5.9604644775390625e-06,6.198883056640625e-06,8.106231689453125e-06,3.212690353393555e-05,8.554458618164061e-05,0.5838743507037175,4.113695977833585,0.7188832329300495,26,13.846153846153847,0.8328358208955224,0.9821349995599754,0.16716417910447762,0.01786500044002464,0.19782775092882293,0.9642699991199507,0.16716417910447762,0.0,0.8328358208955224,2.680085702408284,0.0,0.0,2,0.3323353293413174,email,tunnel,ikev2,AES_GCM_16_256,PASS,0
email_03,9,0,281,308464.0,1.4670138359069824,210266.59220926292,191.54556904793714,1097.7366548042705,423.00662737821443,116.0,1280.0,1280.0,116.0,116.0,1280.0,1280.0,1280.0,1280.0,-1.8899782127851246,1.5720176448024556,0.6260735045307892,-0.18392060698348772,0.0052393351282392225,0.02306085778329651,3.814697265625e-06,0.17890477180480957,5.9604644775390625e-06,6.198883056640625e-06,8.106231689453125e-06,2.6285648345947266e-05,8.03709030151367e-05,0.4971737966376844,4.400645611198738,0.8876566648822009,20,15.0,0.8434163701067615,0.9834534986254474,0.15658362989323843,0.016546501374552623,0.18219283761886795,0.9669069972508948,0.15658362989323843,0.0,0.8434163701067615,2.7517298716976306,0.0,0.0,2,0.3107142857142857,email,tunnel,ikev2,AES_GCM_16_256,PASS,0
email_03,10,0,309,339648.0,1.3765230178833008,246743.4220767929,224.47862911522813,1099.1844660194174,421.6337560308886,116.0,1280.0,1280.0,116.0,116.0,1280.0,1280.0,1280.0,1280.0,-1.9029997493370856,1.6214080459770095,0.6230433996216712,-0.18233188422088062,0.0044692305775431845,0.020826474913970116,4.0531158447265625e-06,0.16706085205078125,5.9604644775390625e-06,6.9141387939453125e-06,8.106231689453125e-06,2.7358531951904297e-05,8.189678192138679e-05,0.4727813059920635,4.658926324426029,0.8261970612218882,22,15.0,0.8446601941747572,0.9836065573770492,0.1553398058252427,0.01639344262295082,0.180770259914704,0.9672131147540983,0.1553398058252427,0.0,0.8446601941747572,2.760689711731309,0.0,0.0,2,0.30844155844155846,email,tunnel,ikev2,AES_GCM_16_256,PASS,0
email_03,11,0,299,325684.0,1.2137258052825928,268334.08219756087,246.3488859663683,1089.2441471571906,430.8735514222735,116.0,1280.0,1280.0,116.0,116.0,1280.0,1280.0,1280.0,1280.0,-1.8160508848395545,1.2980408163265293,0.6435105252778142,-0.1943788376601744,0.004072905386854338,0.019229314970268748,3.814697265625e-06,0.16217899322509766,5.9604644775390625e-06,6.9141387939453125e-06,8.106231689453125e-06,3.5762786865234375e-05,9.806156158447285e-05,0.48559262549183513,4.720118202135431,0.7969756822934213,22,14.545454545454545,0.8361204013377926,0.9825475000307046,0.16387959866220736,0.01745249996929539,0.19277679040125262,0.9650950000614092,0.16387959866220736,0.0,0.8361204013377926,2.7014885669887576,0.0,0.0,2,0.32550335570469796,email,tunnel,ikev2,AES_GCM_16_256,PASS,0
email_03,12,0,210,231624.0,1.3850839138031006,167227.4132214974,151.61536272801806,1102.9714285714285,417.5250538737106,116.0,1280.0,1280.0,116.0,116.0,1280.0,1280.0,1280.0,1280.0,-1.9345758202192564,1.7427301471111623,0.6157667047517474,-0.17743969716895777,0.006627195759823448,0.03582827659719588,3.814697265625e-06,0.3426799774169922,5.9604644775390625e-06,5.9604644775390625e-06,7.152557373046875e-06,2.6226043701171875e-05,8.993148803710944e-05,0.3507747997502205,5.40543428339392,0.9734710419878739,12,18.416666666666668,0.8476190476190476,0.9836631782544123,0.1523809523809524,0.016336821745587676,0.17513792590268154,0.9673263565088246,0.1523809523809524,0.0,0.8476190476190476,2.782467690014883,0.0,0.0,2,0.3014354066985646,email,tunnel,ikev2,AES_GCM_16_256,PASS,0
email_03,13,0,195,217080.0,1.2599551677703857,172291.84462503088,154.7674115620095,1113.2307692307693,407.2862070312102,116.0,1280.0,1280.0,116.0,116.0,1280.0,1280.0,1280.0,1280.0,-2.032809363247049,2.1324825477589355,0.5935633667712537,-0.12256782312441629,0.0064946142668576585,0.03351503978359807,4.76837158203125e-06,0.262235164642334,5.9604644775390625e-06,5.9604644775390625e-06,7.510185241699219e-06,1.8537044525146484e-05,7.231235504150395e-05,0.39730681025146913,5.159641322084143,0.9710184336288126,10,20.4,0.8564102564102564,0.9847060991339598,0.14358974358974358,0.01529390086604017,0.16264477767057928,0.9694121982679197,0.14358974358974358,0.0,0.8564102564102564,2.8516274866712994,0.0,0.0,2,0.27319587628865977,email,tunnel,ikev2,AES_GCM_16_256,PASS,0
email_03,14,0,304,340232.0,1.470108985900879,231433.1816640837,206.78738985716055,1119.1842105263158,401.65639644268595,116.0,1280.0,1280.0,116.0,116.0,1280.0,1280.0,1280.0,1280.0,-2.0972364152871967,2.3984005816066905,0.5793940984451649,-0.13076602506931212,0.004851844837956696,0.026468089595548142,3.814697265625e-06,0.22865509986877441,5.9604644775390625e-06,5.9604644775390625e-06,7.867813110351562e-06,1.8477439880371094e-05,7.16209411621094e-05,0.3787234105142232,5.454138856558332,0.8959921726658281,17,18.823529411764707,0.8618421052631579,0.9856803592842531,0.13815789473684212,0.014319640715746903,0.15708170332869056,0.9713607185685061,0.13815789473684212,0.0,0.8618421052631579,2.897999338063829,0.0,0.0,2,0.26732673267326734,email,tunnel,ikev2,AES_GCM_16_256,PASS,0
email_03,15,0,402,441228.0,1.3490750789642334,327059.63284026965,297.9819331542613,1097.5820895522388,423.15263641984626,116.0,1280.0,1280.0,116.0,116.0,1280.0,1280.0,1280.0,1280.0,-1.8885955334366815,1.5667930889169845,0.6263959917169503,-0.18463240221090524,0.0033642770048983375,0.01670477771768847,3.814697265625e-06,0.180588960647583,5.9604644775390625e-06,6.198883056640625e-06,7.867813110351562e-06,2.384185791015625e-05,7.390975952148438e-05,0.39852899163248695,4.963864101936865,0.7610590285540285,26,16.423076923076923,0.8432835820895522,0.9834371345426854,0.15671641791044777,0.016562865457314585,0.18341768775732153,0.9668742690853708,0.15671641791044777,0.0,0.8432835820895522,2.7507803858683544,0.0,0.0,2,0.3117206982543641,email,tunnel,ikev2,AES_GCM_16_256,PASS,0
email_03,16,0,427,465080.0,1.4496269226074219,320827.3747865193,294.55854698942926,1089.1803278688524,430.93149233772306,116.0,1280.0,1280.0,116.0,116.0,1280.0,1280.0,1280.0,1280.0,-1.8155105153571947,1.296078431372548,0.6436394131461666,-0.1949460582602181,0.0034028801000174223,0.017143093056202992,3.814697265625e-06,0.21596789360046387,5.9604644775390625e-06,6.9141387939453125e-06,8.106231689453125e-06,2.9087066650390625e-05,7.49826431274414e-05,0.3507452529177542,5.036338693632377,0.7593475912539374,28,16.214285714285715,0.8360655737704918,0.9825406381697772,0.16393442622950818,0.017459361830222758,0.19383197580376332,0.9650812763395545,0.16393442622950818,0.0,0.8360655737704918,2.7011253382162064,0.0,0.0,2,0.32629107981220656,email,tunnel,ikev2,AES_GCM_16_256,PASS,0
email_03,17,0,331,357748.0,1.3365201950073242,267671.22661999095,247.6580610128275,1080.809667673716,437.31072905131657,116.0,1280.0,1280.0,116.0,116.0,1280.0,1280.0,1280.0,1280.0,-1.744575408082862,1.0514795001601964,0.6846672667274288,-0.10296382797270776,0.004050061196991891,0.020767682638270807,3.814697265625e-06,0.21596789360046387,5.9604644775390625e-06,6.9141387939453125e-06,8.106231689453125e-06,2.6941299438476562e-05,8.32796096801758e-05,0.3504032822503036,5.126479613216363,0.7763407073994447,21,16.523809523809526,0.8308157099697885,0.9818419669711641,0.1691842900302115,0.01815803302883594,0.1730484495290707,0.9636839339423281,0.1691842900302115,0.0030211480362537764,0.8277945619335347,2.661722880451398,0.0,0.0,2,0.3090909090909091,email,tunnel,ikev2,AES_GCM_16_256,PASS,0
email_03,18,0,117,116440.0,1.0958259105682373,106257.75397081127,106.76878404830745,995.2136752136752,497.5246045379875,116.0,1280.0,1280.0,116.0,116.0,1280.0,1280.0,1280.0,1280.0,-1.1833661989253426,-0.5863742713860693,0.8615107002868655,0.24179534725793525,0.009446775091105494,0.039399579660680674,5.0067901611328125e-06,0.33208584785461426,5.9604644775390625e-06,6.198883056640625e-06,8.106231689453125e-06,3.0994415283203125e-05,0.011866450309753418,0.4637388278802878,4.170249532905688,0.8564870708082956,10,12.0,0.7777777777777778,0.9739608381999313,0.2222222222222222,0.026039161800068704,0.2510344799995056,0.9479216763998626,0.23931623931623933,0.008547008547008548,0.7521367521367521,2.338147059047455,0.0,0.0,2,0.3103448275862069,email,tunnel,ikev2,AES_GCM_16_256,PASS,0
email_03,19,0,7,832.0,0.2554500102996826,3256.9973241493885,27.40262171760303,118.85714285714286,3.5225222874108435,116.0,124.0,116.0,116.0,116.0,116.0,122.0,124.0,124.0,0.5891198977906607,-1.4529085872576197,1.3787834934861753,-0.12156613477096616,0.04257500171661377,0.048253003918927645,6.508827209472656e-05,0.11106300354003906,8.702278137207031e-05,0.00042498111724853516,0.019413471221923828,0.08840298652648926,0.10822451114654541,1.4591479170272446,1.1333380771661006,0.8473243827203704,2,3.0,0.2857142857142857,0.28365384615384615,0.7142857142857143,0.7163461538461539,2.328261572799739,-0.4326923076923077,1.0,0.0,0.0,0.0,0.0,0.0,2,0.6666666666666666,email,tunnel,ikev2,AES_GCM_16_256,PASS,0
email_03,27,0,6,764.0,0.6624867916107178,1153.2305393477673,9.056784340427493,127.33333333333333,12.310790208412925,116.0,152.0,124.0,116.0,116.0,118.0,130.0,142.0,147.0,1.0830607221477655,-0.06909125308519748,1.9182958340544893,-0.6295126939816686,0.13249735832214354,0.1654501196083472,8.487701416015625e-05,0.3833439350128174,9.136199951171875e-05,0.0001010894775390625,0.00022077560424804688,0.2787361145019531,0.34150080680847167,1.3709505944546687,1.2486956193531695,0.9993860374258053,2,3.5,0.6666666666666666,0.6387434554973822,0.3333333333333333,0.3612565445026178,0.7920068619269729,0.2774869109947644,1.0,0.0,0.0,0.0,0.0,0.0,2,0.8,email,tunnel,ikev2,AES_GCM_16_256,PASS,0
email_03,28,0,14,1788.0,1.321748971939087,1352.7530854644012,10.5920263962537,127.71428571428571,11.157499537009507,116.0,152.0,124.0,116.0,116.0,118.0,131.0,144.0,146.8,0.8436832780784835,-0.3960750335931178,2.378783493486175,-0.5545575683340699,0.10167299784146823,0.15082410124284407,2.5987625122070312e-05,0.3833439350128174,5.850791931152344e-05,8.487701416015625e-05,0.00019812583923339844,0.2787361145019531,0.32837820053100586,1.3520301017579528,1.48340878144687,0.9850092454350495,4,4.0,0.5,0.4988814317673378,0.5,0.5011185682326622,1.4087942686779664,-0.0022371364653243847,1.0,0.0,0.0,0.0,0.0,0.0,2,0.6153846153846154,email,tunnel,ikev2,AES_GCM_16_256,PASS,0
email_03,29,0,28,22016.0,1.0685110092163086,20604.37357229241,26.204690226389328,786.2857142857143,570.1432687831854,116.0,1280.0,1280.0,116.0,118.8,127.0,1280.0,1280.0,1280.0,-0.2892154660121106,-1.9156351135584684,0.9852281360342515,0.7749916364592175,0.039574481822826246,0.09435292506596377,5.9604644775390625e-06,0.3350639343261719,5.9604644775390625e-06,6.079673767089844e-06,2.5987625122070312e-05,0.0001856088638305664,0.19348378181457523,0.8274087988556427,2.3841257445296122,0.9648152693421634,5,6.0,0.7142857142857143,0.9540334302325582,0.2857142857142857,0.04596656976744186,0.36836898044242117,0.9080668604651163,0.42857142857142855,0.0,0.5714285714285714,2.0205447347526895,0.0,0.0,2,0.3333333333333333,email,tunnel,ikev2,AES_GCM_16_256,PASS,0
email_03,30,0,149,166324.0,1.2318861484527588,135015.7238222882,120.95273592218166,1116.268456375839,404.2397227321061,116.0,1280.0,1280.0,116.0,116.0,1280.0,1280.0,1280.0,1280.0,-2.0640276039933063,2.26061735732958,0.5866942528222021,-0.04956736058632699,0.008323555057113236,0.04056880559264233,3.814697265625e-06,0.3350639343261719,5.0067901611328125e-06,5.9604644775390625e-06,7.510185241699219e-06,2.193450927734375e-05,8.389949798583988e-05,0.39406998260036946,4.873390267024153,0.9212563420461573,9,17.333333333333332,0.8657718120805369,0.985786777614776,0.1342281879194631,0.01421322238522402,0.14841797329063583,0.9715735552295519,0.14093959731543623,0.0,0.8590604026845637,2.8738250885500314,0.0,0.0,2,0.2635135135135135,email,tunnel,ikev2,AES_GCM_16_256,PASS,0
email_03,31,0,424,384908.0,1.2871370315551758,299041.97499075695,329.413255624931,907.8018867924528,538.7647633105929,116.0,1280.0,1280.0,116.0,116.0,144.0,1280.0,1280.0,1280.0,-0.7571206593677482,-1.4258410294902057,0.9077348806917025,-0.3396009505354861,0.003042877143156444,0.02046097992537274,3.814697265625e-06,0.24255681037902832,5.9604644775390625e-06,6.9141387939453125e-06,1.0967254638671875e-05,2.1576881408691406e-05,5.350112915039066e-05,0.2624200909560369,6.722012408212732,0.8914744146863546,14,31.214285714285715,0.6768867924528302,0.9544098849595228,0.3231132075471698,0.045590115040477205,0.47545177689686724,0.9088197699190456,0.3231132075471698,0.0,0.6768867924528302,2.1380618515217162,0.0,0.0,2,0.5839243498817966,email,tunnel,ikev2,AES_GCM_16_256,PASS,0
email_03,32,0,535,434648.0,1.4604191780090332,297618.66082349647,366.33317889549846,812.4261682242991,566.0676073912497,116.0,1280.0,1280.0,116.0,116.0,128.0,1280.0,1280.0,1280.0,-0.38496638016040485,-1.8511495523023231,0.9741363948943467,-0.46735915835402575,0.002734867374548751,0.019091748285823593,4.0531158447265625e-06,0.2118370532989502,5.9604644775390625e-06,7.867813110351562e-06,1.7881393432617188e-05,2.3066997528076172e-05,5.984306335449219e-05,0.2222926499992775,6.978316443052196,0.9113665593437992,16,34.375,0.594392523364486,0.9364819348070162,0.405607476635514,0.06351806519298375,0.6812830164427135,0.8729638696140325,0.405607476635514,0.0,0.594392523364486,2.036460235724141,0.0,0.0,2,0.7059925093632958,email,tunnel,ikev2,AES_GCM_16_256,PASS,0
email_03,33,0,365,335308.0,1.4867808818817139,225526.17139899207,245.49683443470514,918.6520547945205,536.1894390516959,116.0,1280.0,1280.0,116.0,116.0,128.0,1280.0,1280.0,1280.0,-0.8100226118201894,-1.3436862629962514,0.8958433560785459,-0.2626679502580602,0.004084562862312401,0.02378063422387352,3.814697265625e-06,0.2118370532989502,5.9604644775390625e-06,5.9604644775390625e-06,1.1086463928222656e-05,2.4259090423583984e-05,8.013248443603512e-05,0.2956251216144777,5.820650672943957,0.9009969674524307,16,23.75,0.6876712328767123,0.958163837427082,0.31232876712328766,0.041836162572918036,0.4519869562215964,0.9163276748541639,0.31232876712328766,0.0,0.6876712328767123,2.1577212503290184,0.0,0.0,2,0.5412087912087912,email,tunnel,ikev2,AES_GCM_16_256,PASS,0
email_03,34,0,345,386916.0,1.318647861480713,293418.7445354297,261.6316380421674,1121.495652173913,399.1181447383184,116.0,1280.0,1280.0,116.0,116.0,1280.0,1280.0,1280.0,1280.0,-2.120904555172841,2.498277969685746,0.57428473970445,-0.15629310934732285,0.0038332786670950956,0.02019381700422507,3.814697265625e-06,0.1918318271636963,5.0067901611328125e-06,5.9604644775390625e-06,7.152557373046875e-06,2.288818359375e-05,7.739067077636717e-05,0.36554867708256533,5.266653458843198,0.7514425554303981,22,16.636363636363637,0.863768115942029,0.9858470572423988,0.13623188405797101,0.014152942757601133,0.15487215945382263,0.9716941144847977,0.13623188405797101,0.0,0.863768115942029,2.9151501826945676,0.0,0.0,2,0.2703488372093023,email,tunnel,ikev2,AES_GCM_16_256,PASS,0
email_03,35,0,429,475860.0,1.4249799251556396,333941.5465435595,301.0568727507818,1109.2307692307693,411.6065011397745,116.0,1280.0,1280.0,116.0,116.0,1280.0,1280.0,1280.0,1280.0,-1.9954537934785759,1.9819202560814144,0.6019089517362489,-0.17099146939466503,0.003329392348494485,0.01580718392660229,4.76837158203125e-06,0.1282820701599121,5.9604644775390625e-06,6.198883056640625e-06,7.867813110351562e-06,2.6226043701171875e-05,7.851123809814459e-05,0.4603365868957923,4.746342854693376,0.6347650305790775,29,15.758620689655173,0.8531468531468531,0.9844912369184213,0.14685314685314685,0.015508763081578615,0.1698518150054154,0.9689824738368428,0.14685314685314685,0.0,0.8531468531468531,2.825167025752556,0.0,0.0,2,0.29205607476635514,email,tunnel,ikev2,AES_GCM_16_256,PASS,0
email_03,36,0,324,355428.0,1.4428350925445557,246340.00228894776,224.55788722784663,1097.0,423.39933868630453,116.0,1280.0,1280.0,116.0,116.0,1280.0,1280.0,1280.0,1280.0,-1.8814772694878261,1.5400541166719472,0.6280710155029396,-0.18530987891703335,0.004466981710664259,0.02139421797815155,4.0531158447265625e-06,0.20299291610717773,5.0067901611328125e-06,6.079673767089844e-06,7.867813110351562e-06,2.5987625122070312e-05,7.681846618652345e-05,0.45511908718984984,4.788340544699958,0.7274357621483853,22,15.681818181818182,0.8425925925925926,0.9831527060332894,0.1574074074074074,0.016847293966710558,0.1838169161183533,0.9663054120665789,0.1574074074074074,0.0,0.8425925925925926,2.745843230277324,0.0,0.0,2,0.3126934984520124,email,tunnel,ikev2,AES_GCM_16_256,PASS,0
email_03,37,0,266,300904.0,1.2727131843566895,236427.18854373784,209.00231353732175,1131.218045112782,388.6465301384533,116.0,1280.0,1280.0,116.0,116.0,1280.0,1280.0,1280.0,1280.0,-2.229367878099672,2.9700811359026353,0.5514278209443916,-0.1446926418002414,0.004802691261723356,0.02362837648766871,4.0531158447265625e-06,0.18779397010803223,5.0067901611328125e-06,5.9604644775390625e-06,7.152557373046875e-06,1.5974044799804688e-05,7.20977783203125e-05,0.4484628624846343,4.918795817696218,0.8724916853154635,15,18.666666666666668,0.8721804511278195,0.9868928296067849,0.12781954887218044,0.013107170393215111,0.14285287657013562,0.9737856592135697,0.12781954887218044,0.0,0.8721804511278195,2.995009294525898,0.0,0.0,2,0.2528301886792453,email,tunnel,ikev2,AES_GCM_16_256,PASS,0
email_03,38,0,276,311376.0,1.3136820793151855,237025.38453011282,210.09649468909336,1128.1739130434783,392.0132708682985,116.0,1280.0,1280.0,116.0,116.0,1280.0,1280.0,1280.0,1280.0,-2.1946905628508704,2.8166666666666673,0.5586293734521992,-0.14821108999212143,0.0047770257429643114,0.027774194002407108,5.0067901611328125e-06,0.2683420181274414,5.9604644775390625e-06,6.9141387939453125e-06,7.867813110351562e-06,1.5974044799804688e-05,6.942749023437498e-05,0.36150387500824377,5.812901708054812,0.8942413967958516,14,20.642857142857142,0.8695652173913043,0.9865885617388623,0.13043478260869565,0.01341143826113766,0.14643538709324677,0.9731771234777247,0.13043478260869565,0.0,0.8695652173913043,2.9692871563477965,0.0,0.0,2,0.2581818181818182,email,tunnel,ikev2,AES_GCM_16_256,PASS,0
email_03,39,0,205,219332.0,1.0786728858947754,203335.04519125907,190.04834800306435,1069.9121951219513,447.66652669098653,116.0,1280.0,1280.0,116.0,116.0,1280.0,1280.0,1280.0,1280.0,-1.6615590978892794,0.7607786357786357,0.6811430187488468,-0.21428571428571416,0.005287612185758703,0.03243810733899505,5.0067901611328125e-06,0.2683420181274414,5.9604644775390625e-06,6.9141387939453125e-06,8.106231689453125e-06,2.294778823852539e-05,5.550384521484389e-05,0.29230667318274006,6.133576484648493,0.9459668959627185,9,23.666666666666668,0.8195121951219512,0.9804314919847537,0.18048780487804877,0.019568508015246292,0.2155444680214747,0.9608629839695074,0.18048780487804877,0.0,0.8195121951219512,2.6001496752558957,0.0,0.0,2,0.35294117647058826,email,tunnel,ikev2,AES_GCM_16_256,PASS,0
email_03,40,0,80,82612.0,0.3813660144805908,216621.29519463103,209.77223182552757,1032.65,476.1652838038489,116.0,1280.0,1280.0,116.0,116.0,1280.0,1280.0,1280.0,1280.0,-1.4056043621099246,-0.02427637721755227,0.7462343013654811,-0.2539682539682536,0.004827417904817605,0.030010729996037072,5.9604644775390625e-06,0.21019387245178223,6.9141387939453125e-06,6.9141387939453125e-06,9.059906005859375e-06,2.4557113647460938e-05,4.677772521972657e-05,0.1956470312972624,6.215437558976316,0.9962346012822236,3,27.333333333333332,0.7875,0.9761293758775965,0.2125,0.023870624122403525,0.25800012892693736,0.9522587517551929,0.2125,0.0,0.7875,2.444529274070733,0.0,0.0,2,0.4050632911392405,email,tunnel,ikev2,AES_GCM_16_256,PASS,0
fragmented_01,-1,1,100,121200.0,49.597774028778076,2443.6580546876203,2.0162195170689934,1212.0,0.0,1212.0,1212.0,1212.0,1212.0,1212.0,1212.0,1212.0,1212.0,1212.0,0.0,0.0,-0.0,0.0,0.5009876164523038,0.3303308077631773,0.137192964553833,0.8708009719848633,0.13964519500732422,0.14718198776245117,0.53143310546875,0.8545995950698853,0.8622038841247559,1.8287871309400832,0.6593579113680842,1.0,0,1.0,0.5,0.5,0.5,0.5,0.9979919256501574,0.0,0.0,0.0,1.0,0.0,0.0,0.0,2,0.5050505050505051,bulk,tunnel,ikev2,AES_GCM_16_256,PASS,0
fragmented_01,0,0,4,4848.0,1.1385259628295898,4258.137414759711,3.5133146986466257,1212.0,0.0,1212.0,1212.0,1212.0,1212.0,1212.0,1212.0,1212.0,1212.0,1212.0,0.0,0.0,-0.0,0.0,0.37950865427652997,0.17891999859354113,0.13866090774536133,0.5671100616455078,0.1974797248840332,0.285707950592041,0.4327549934387207,0.49993252754211426,0.5402390480041503,1.584962500721156,0.47145045344003544,1.0,0,1.0,0.5,0.5,0.5,0.5,1.4166970331043076,0.0,0.0,0.0,1.0,0.0,0.0,0.0,2,0.6666666666666666,bulk,tunnel,ikev2,AES_GCM_16_256,PASS,0
fragmented_01,1,0,4,4848.0,1.1401448249816895,4252.091395562716,3.5083262339626367,1212.0,0.0,1212.0,1212.0,1212.0,1212.0,1212.0,1212.0,1212.0,1212.0,1212.0,0.0,0.0,-0.0,0.0,0.3800482749938965,0.341096168406684,0.13866090774536133,0.8624310493469238,0.13873929977416993,0.1388568878173828,0.1390528678894043,0.5007419586181641,0.71775541305542,0.9182958340544896,0.8975051153884241,1.0,0,1.0,0.5,0.5,0.5,0.5,0.999607622504064,0.0,0.0,0.0,1.0,0.0,0.0,0.0,2,0.6666666666666666,bulk,tunnel,ikev2,AES_GCM_16_256,PASS,0
fragmented_01,4,0,4,4848.0,1.1736509799957275,4130.699912181429,3.4081682443741164,1212.0,0.0,1212.0,1212.0,1212.0,1212.0,1212.0,1212.0,1212.0,1212.0,1212.0,0.0,0.0,-0.0,0.0,0.3912169933319092,0.3034961935894936,0.17206597328186035,0.8203930854797363,0.17389116287231446,0.1766289472579956,0.18119192123413086,0.5007925033569336,0.6925528526306153,0.9182958340544896,0.7757725839874844,1.0,0,1.0,0.5,0.5,0.5,0.5,1.0091942722245737,0.0,0.0,0.0,1.0,0.0,0.0,0.0,2,0.6666666666666666,bulk,tunnel,ikev2,AES_GCM_16_256,PASS,0
fragmented_01,5,0,4,4848.0,1.1465859413146973,4228.204642419731,3.4886176917654543,1212.0,0.0,1212.0,1212.0,1212.0,1212.0,1212.0,1212.0,1212.0,1212.0,1212.0,0.0,0.0,-0.0,0.0,0.38219531377156574,0.3169173485165047,0.14442014694213867,0.8300998210906982,0.149949312210083,0.1582430601119995,0.17206597328186035,0.5010828971862793,0.6984930515289307,0.9182958340544896,0.8292004320740847,1.0,0,1.0,0.5,0.5,0.5,0.5,1.0283676054662276,0.0,0.0,0.0,1.0,0.0,0.0,0.0,2,0.6666666666666666,bulk,tunnel,ikev2,AES_GCM_16_256,PASS,0
fragmented_01,8,0,4,4848.0,1.142214059829712,4244.388307321982,3.501970550595695,1212.0,0.0,1212.0,1212.0,1212.0,1212.0,1212.0,1212.0,1212.0,1212.0,1212.0,0.0,0.0,-0.0,0.0,0.3807380199432373,0.33450160872678,0.14039111137390137,0.8537740707397461,0.141922664642334,0.1442199945449829,0.14804887771606445,0.5009114742279053,0.7126290321350098,0.9182958340544896,0.8785587796508205,1.0,0,1.0,0.5,0.5,0.5,0.5,1.0077016966377637,0.0,0.0,0.0,1.0,0.0,0.0,0.0,2,0.6666666666666666,bulk,tunnel,ikev2,AES_GCM_16_256,PASS,0
fragmented_01,9,0,4,4848.0,1.1605520248413086,4177.322426078146,3.4466356650809784,1212.0,0.0,1212.0,1212.0,1212.0,1212.0,1212.0,1212.0,1212.0,1212.0,1212.0,0.0,0.0,-0.0,0.0,0.38685067494710285,0.3359010018266878,0.14039111137390137,0.8617727756500244,0.14399051666259766,0.1493896245956421,0.1583881378173828,0.5100804567337036,0.7210958480834961,0.9182958340544896,0.8682940351043281,1.0,0,1.0,0.5,0.5,0.5,0.5,0.9823576765551771,0.0,0.0,0.0,1.0,0.0,0.0,0.0,2,0.6666666666666666,bulk,tunnel,ikev2,AES_GCM_16_256,PASS,0
fragmented_01,12,0,4,4848.0,1.204226016998291,4025.8223386373493,3.3216355929351065,1212.0,0.0,1212.0,1212.0,1212.0,1212.0,1212.0,1212.0,1212.0,1212.0,1212.0,0.0,0.0,-0.0,0.0,0.40140867233276367,0.3326149648364802,0.1402130126953125,0.8708009719848633,0.15081281661987306,0.16671252250671387,0.19321203231811523,0.5320065021514893,0.7352831840515137,0.9182958340544896,0.8286172151844574,1.0,0,1.0,0.5,0.5,0.5,0.5,0.9501886070968377,0.0,0.0,0.0,1.0,0.0,0.0,0.0,2,0.6666666666666666,bulk,tunnel,ikev2,AES_GCM_16_256,PASS,0
fragmented_01,13,0,4,4848.0,1.1987669467926025,4044.15554914257,3.336762004243045,1212.0,0.0,1212.0,1212.0,1212.0,1212.0,1212.0,1212.0,1212.0,1212.0,1212.0,0.0,0.0,-0.0,0.0,0.39958898226420086,0.28164100715395046,0.19321203231811523,0.7978010177612305,0.19612040519714355,0.20048296451568604,0.20775389671325684,0.5027774572372437,0.6797915935516358,0.9182958340544896,0.7048249947560875,1.0,0,1.0,0.5,0.5,0.5,0.5,0.9855374880841492,0.0,0.0,0.0,1.0,0.0,0.0,0.0,2,0.6666666666666666,bulk,tunnel,ikev2,AES_GCM_16_256,PASS,0
fragmented_01,16,0,4,4848.0,1.1403131484985352,4251.463737293061,3.507808364103186,1212.0,0.0,1212.0,1212.0,1212.0,1212.0,1212.0,1212.0,1212.0,1212.0,1212.0,0.0,0.0,-0.0,0.0,0.38010438283284503,0.33611737755698484,0.13857293128967285,0.8554251194000244,0.14012136459350585,0.14244401454925537,0.1463150978088379,0.5008701086044312,0.7136031150817872,0.9182958340544896,0.8842741848378287,1.0,0,1.0,0.5,0.5,0.5,0.5,1.0077879013202213,0.0,0.0,0.0,1.0,0.0,0.0,0.0,2,0.6666666666666666,bulk,tunnel,ikev2,AES_GCM_16_256,PASS,0
fragmented_01,17,0,4,4848.0,1.1432979106903076,4240.364610718867,3.498650668909956,1212.0,0.0,1212.0,1212.0,1212.0,1212.0,1212.0,1212.0,1212.0,1212.0,1212.0,0.0,0.0,-0.0,0.0,0.38109930356343585,0.34089456011965874,0.13857293128967285,0.8631939888000488,0.13916454315185547,0.1400519609451294,0.14153099060058594,0.5023624897003174,0.7188613891601563,0.9182958340544896,0.8945008884332083,1.0,0,1.0,0.5,0.5,0.5,0.5,0.9970548593630691,0.0,0.0,0.0,1.0,0.0,0.0,0.0,2,0.6666666666666666,bulk,tunnel,ikev2,AES_GCM_16_256,PASS,0
fragmented_01,20,0,4,4848.0,1.1423819065093994,4243.764692328932,3.501456016773046,1212.0,0.0,1212.0,1212.0,1212.0,1212.0,1212.0,1212.0,1212.0,1212.0,1212.0,0.0,0.0,-0.0,0.0,0.3807939688364665,0.33978539956094717,0.14014101028442383,0.8613228797912598,0.14029641151428224,0.14052951335906982,0.14091801643371582,0.5011204481124878,0.717241907119751,0.9182958340544896,0.8923053805022015,1.0,0,1.0,0.5,0.5,0.5,0.5,0.9992237341581685,0.0,0.0,0.0,1.0,0.0,0.0,0.0,2,0.6666666666666666,bulk,tunnel,ikev2,AES_GCM_16_256,PASS,0
fragmented_01,21,0,4,4848.0,1.1596291065216064,4180.647047176951,3.4493787517961643,1212.0,0.0,1212.0,1212.0,1212.0,1212.0,1212.0,1212.0,1212.0,1212.0,1212.0,0.0,0.0,-0.0,0.0,0.38654303550720215,0.33519445491327776,0.14091801643371582,0.8604741096496582,0.14438180923461913,0.14957749843597412,0.15823698043823242,0.5093555450439453,0.7200266838073731,0.9182958340544896,0.8671572295080269,1.0,0,1.0,0.5,0.5,0.5,0.5,0.9829981756641151,0.0,0.0,0.0,1.0,0.0,0.0,0.0,2,0.6666666666666666,bulk,tunnel,ikev2,AES_GCM_16_256,PASS,0
fragmented_01,24,0,4,4848.0,1.1458289623260498,4230.99795815816,3.490922407721254,1212.0,0.0,1212.0,1212.0,1212.0,1212.0,1212.0,1212.0,1212.0,1212.0,1212.0,0.0,0.0,-0.0,0.0,0.3819429874420166,0.309270293037275,0.1444389820098877,0.8187611103057861,0.15207695960998535,0.16353392601013184,0.18262887001037598,0.500694990158081,0.6915346622467041,0.9182958340544896,0.8097268269846131,1.0,0,1.0,0.5,0.5,0.5,0.5,1.0396478869315613,0.0,0.0,0.0,1.0,0.0,0.0,0.0,2,0.6666666666666666,bulk,tunnel,ikev2,AES_GCM_16_256,PASS,0
fragmented_01,25,0,4,4848.0,1.1507010459899902,4213.08385604976,3.476141795420594,1212.0,0.0,1212.0,1212.0,1212.0,1212.0,1212.0,1212.0,1212.0,1212.0,1212.0,0.0,0.0,-0.0,0.0,0.38356701532999676,0.33502357757714074,0.1444389820098877,0.8573548793792725,0.14533262252807616,0.1466730833053589,0.14890718460083008,0.5031310319900513,0.715665340423584,0.9182958340544896,0.8734398181999311,1.0,0,1.0,0.5,0.5,0.5,0.5,0.9955586140931526,0.0,0.0,0.0,1.0,0.0,0.0,0.0,2,0.6666666666666666,bulk,tunnel,ikev2,AES_GCM_16_256,PASS,0
fragmented_01,28,0,4,4848.0,1.2703778743743896,3816.1873705392154,3.148669447639617,1212.0,0.0,1212.0,1212.0,1212.0,1212.0,1212.0,1212.0,1212.0,1212.0,1212.0,0.0,0.0,-0.0,0.0,0.4234592914581299,0.2324034562139359,0.2483360767364502,0.7518858909606934,0.2527000427246094,0.25924599170684814,0.2701559066772461,0.5110208988189697,0.6555398941040039,0.9182958340544896,0.5488199505405458,1.0,0,1.0,0.5,0.5,0.5,0.5,0.9786497884518864,0.0,0.0,0.0,1.0,0.0,0.0,0.0,2,0.6666666666666666,bulk,tunnel,ikev2,AES_GCM_16_256,PASS,0
fragmented_01,29,0,3,3636.0,1.0013799667358398,3630.989355471261,2.995865804844275,1212.0,0.0,1212.0,1212.0,1212.0,1212.0,1212.0,1212.0,1212.0,1212.0,1212.0,0.0,0.0,-0.0,0.0,0.5006899833679199,0.23053407669067383,0.2701559066772461,0.7312240600585938,0.31626272201538086,0.385422945022583,0.5006899833679199,0.6159570217132568,0.685117244720459,1.0,0.4604318518779312,1.0,0,1.0,0.6666666666666666,0.6666666666666666,0.3333333333333333,0.3333333333333333,1.0,0.3333333333333333,0.0,0.0,1.0,0.0,0.0,0.0,2,0.5,bulk,tunnel,ikev2,AES_GCM_16_256,PASS,0
fragmented_01,31,0,3,3636.0,0.8843159675598145,4111.652546581507,3.392452596189362,1212.0,0.0,1212.0,1212.0,1212.0,1212.0,1212.0,1212.0,1212.0,1212.0,1212.0,0.0,0.0,-0.0,0.0,0.4421579837799072,0.30268406867980957,0.13947391510009766,0.7448420524597168,0.20001072883605958,0.29081594944000244,0.4421579837799072,0.593500018119812,0.6843052387237549,1.0,0.6845593548552124,1.0,0,1.0,0.3333333333333333,0.3333333333333333,0.6666666666666666,0.6666666666666666,1.0,-0.3333333333333333,0.0,0.0,1.0,0.0,0.0,0.0,2,0.5,bulk,tunnel,ikev2,AES_GCM_16_256,PASS,0
fragmented_01,32,0,4,4848.0,1.140807867050171,4249.620063136182,3.5062871808054306,1212.0,0.0,1212.0,1212.0,1212.0,1212.0,1212.0,1212.0,1212.0,1212.0,1212.0,0.0,0.0,-0.0,0.0,0.38026928901672363,0.34073908292457034,0.13918685913085938,0.8621470928192139,0.13924427032470704,0.13933038711547852,0.13947391510009766,0.5008105039596558,0.7176124572753907,0.9182958340544896,0.8960444525014818,1.0,0,1.0,0.5,0.5,0.5,0.5,1.0002856746073643,0.0,0.0,0.0,1.0,0.0,0.0,0.0,2,0.6666666666666666,bulk,tunnel,ikev2,AES_GCM_16_256,PASS,0
fragmented_01,33,0,4,4848.0,1.140030860900879,4252.516459220234,3.508676946551348,1212.0,0.0,1212.0,1212.0,1212.0,1212.0,1212.0,1212.0,1212.0,1212.0,1212.0,0.0,0.0,-0.0,0.0,0.38001028696695965,0.3412143973401423,0.13828396797180176,0.8625600337982178,0.1384645462036133,0.13873541355133057,0.13918685913085938,0.5008734464645386,0.7178853988647461,0.9182958340544896,0.8979059544876347,1.0,0,1.0,0.5,0.5,0.5,0.5,1.0009011297028638,0.0,0.0,0.0,1.0,0.0,0.0,0.0,2,0.6666666666666666,bulk,tunnel,ikev2,AES_GCM_16_256,PASS,0
fragmented_01,36,0,4,4848.0,1.2031159400939941,4029.536837174019,3.3247003607046364,1212.0,0.0,1212.0,1212.0,1212.0,1212.0,1212.0,1212.0,1212.0,1212.0,1212.0,0.0,0.0,-0.0,0.0,0.40103864669799805,0.3279961694558003,0.13835692405700684,0.8634700775146484,0.15094332695007323,0.16982293128967285,0.20128893852233887,0.5323795080184937,0.7310338497161866,0.9182958340544896,0.8178646978082869,1.0,0,1.0,0.5,0.5,0.5,0.5,0.9408946490124909,0.0,0.0,0.0,1.0,0.0,0.0,0.0,2,0.6666666666666666,bulk,tunnel,ikev2,AES_GCM_16_256,PASS,0
fragmented_01,37,0,4,4848.0,1.1396660804748535,4253.877590162227,3.509799991883025,1212.0,0.0,1212.0,1212.0,1212.0,1212.0,1212.0,1212.0,1212.0,1212.0,1212.0,0.0,0.0,-0.0,0.0,0.37988869349161786,0.29799645841713196,0.13861417770385742,0.7997629642486572,0.15114912986755372,0.16995155811309814,0.20128893852233887,0.500525951385498,0.6800681591033936,0.9182958340544896,0.784428910608777,1.0,0,1.0,0.5,0.5,0.5,0.5,1.0667894508796572,0.0,0.0,0.0,1.0,0.0,0.0,0.0,2,0.6666666666666666,bulk,tunnel,ikev2,AES_GCM_16_256,PASS,0
fragmented_01,40,0,4,4848.0,1.1699018478393555,4143.937381544935,3.4190902487994514,1212.0,0.0,1212.0,1212.0,1212.0,1212.0,1212.0,1212.0,1212.0,1212.0,1212.0,0.0,0.0,-0.0,0.0,0.38996728261311847,0.3325898542744053,0.14162683486938477,0.860069990158081,0.14694247245788575,0.1549159288406372,0.16820502281188965,0.5141375064849854,0.7216969966888428,0.9182958340544896,0.8528638586855604,1.0,0,1.0,0.5,0.5,0.5,0.5,0.9741516989531477,0.0,0.0,0.0,1.0,0.0,0.0,0.0,2,0.6666666666666666,bulk,tunnel,ikev2,AES_GCM_16_256,PASS,0
fragmented_01,41,0,4,4848.0,1.1641449928283691,4164.42971439619,3.4359981141882754,1212.0,0.0,1212.0,1212.0,1212.0,1212.0,1212.0,1212.0,1212.0,1212.0,1212.0,0.0,0.0,-0.0,0.0,0.38804833094278973,0.31448519514263745,0.16315197944641113,0.8327879905700684,0.16416258811950685,0.1656785011291504,0.16820502281188965,0.500496506690979,0.6998713970184327,0.9182958340544896,0.8104258146214975,1.0,0,1.0,0.5,0.5,0.5,0.5,1.0050726333362858,0.0,0.0,0.0,1.0,0.0,0.0,0.0,2,0.6666666666666666,bulk,tunnel,ikev2,AES_GCM_16_256,PASS,0
fragmented_01,44,0,4,4848.0,1.138495922088623,4258.24977142309,3.5134074021642663,1212.0,0.0,1212.0,1212.0,1212.0,1212.0,1212.0,1212.0,1212.0,1212.0,1212.0,0.0,0.0,-0.0,0.0,0.3794986406962077,0.30094026601572527,0.137192964553833,0.8036589622497559,0.14928317070007324,0.1674184799194336,0.19764399528503418,0.500651478767395,0.6824559688568116,0.9182958340544896,0.7929922290931237,1.0,0,1.0,0.5,0.5,0.5,0.5,1.0642502446546787,0.0,0.0,0.0,1.0,0.0,0.0,0.0,2,0.6666666666666666,bulk,tunnel,ikev2,AES_GCM_16_256,PASS,0
fragmented_01,45,0,4,4848.0,1.1389930248260498,4256.391298568664,3.511874008720019,1212.0,0.0,1212.0,1212.0,1212.0,1212.0,1212.0,1212.0,1212.0,1212.0,1212.0,0.0,0.0,-0.0,0.0,0.3796643416086833,0.3426079535467646,0.137192964553833,0.864185094833374,0.13727736473083496,0.1374039649963379,0.13761496543884277,0.5009000301361084,0.7188710689544678,0.9182958340544896,0.9023945986091264,1.0,0,1.0,0.5,0.5,0.5,0.5,0.9995777595954084,0.0,0.0,0.0,1.0,0.0,0.0,0.0,2,0.6666666666666666,bulk,tunnel,ikev2,AES_GCM_16_256,PASS,0
fragmented_01,48,0,4,4848.0,1.1998751163482666,4040.420485387295,3.3336802684713653,1212.0,0.0,1212.0,1212.0,1212.0,1212.0,1212.0,1212.0,1212.0,1212.0,1212.0,0.0,0.0,-0.0,0.0,0.39995837211608887,0.32559510272848546,0.14321112632751465,0.8593590259552002,0.15402989387512206,0.1702580451965332,0.19730496406555176,0.528331995010376,0.7269482135772706,0.9182958340544896,0.8140704417197179,1.0,0,1.0,0.5,0.5,0.5,0.5,0.9488060660200593,0.0,0.0,0.0,1.0,0.0,0.0,0.0,2,0.6666666666666666,bulk,tunnel,ikev2,AES_GCM_16_256,PASS,0
fragmented_01,49,0,4,4848.0,1.1417269706726074,4246.199069068129,3.5034645784390497,1212.0,0.0,1212.0,1212.0,1212.0,1212.0,1212.0,1212.0,1212.0,1212.0,1212.0,0.0,0.0,-0.0,0.0,0.38057565689086914,0.2999747501979911,0.1408710479736328,0.8035509586334229,0.1521578311920166,0.16908800601959229,0.19730496406555176,0.5004279613494873,0.6823017597198486,0.9182958340544896,0.7882111127062879,1.0,0,1.0,0.5,0.5,0.5,0.5,1.0597538557374417,0.0,0.0,0.0,1.0,0.0,0.0,0.0,2,0.6666666666666666,bulk,tunnel,ikev2,AES_GCM_16_256,PASS,0
fragmented_01,52,0,4,4848.0,1.1796071529388428,4109.842830235319,3.390959430887227,1212.0,0.0,1212.0,1212.0,1212.0,1212.0,1212.0,1212.0,1212.0,1212.0,1212.0,0.0,0.0,-0.0,0.0,0.3932023843129476,0.3305323192401492,0.14082002639770508,0.8601350784301758,0.14838643074035646,0.1597360372543335,0.17865204811096191,0.5193935632705688,0.723838472366333,0.9182958340544896,0.84061412598901,1.0,0,1.0,0.5,0.5,0.5,0.5,0.9635796552284154,0.0,0.0,0.0,1.0,0.0,0.0,0.0,2,0.6666666666666666,bulk,tunnel,ikev2,AES_GCM_16_256,PASS,0
fragmented_01,53,0,4,4848.0,1.1478948593139648,4223.3833183096485,3.4846397015756176,1212.0,0.0,1212.0,1212.0,1212.0,1212.0,1212.0,1212.0,1212.0,1212.0,1212.0,0.0,0.0,-0.0,0.0,0.3826316197713216,0.3118761944258178,0.14595580101013184,0.8232870101928711,0.15249505043029785,0.16230392456054688,0.17865204811096191,0.5009695291519165,0.6943600177764893,0.9182958340544896,0.8150799966093039,1.0,0,1.0,0.5,0.5,0.5,0.5,1.0337327375454164,0.0,0.0,0.0,1.0,0.0,0.0,0.0,2,0.6666666666666666,bulk,tunnel,ikev2,AES_GCM_16_256,PASS,0
fragmented_01,56,0,4,4848.0,1.2335829734802246,3930.0153327527405,3.242586908211832,1212.0,0.0,1212.0,1212.0,1212.0,1212.0,1212.0,1212.0,1212.0,1212.0,1212.0,0.0,0.0,-0.0,0.0,0.4111943244934082,0.30927978022674446,0.15366601943969727,0.8461289405822754,0.1696904182434082,0.1937270164489746,0.23378801345825195,0.5399584770202637,0.7236607551574707,1.584962500721156,0.7521480955742299,1.0,0,1.0,0.5,0.5,0.5,0.5,0.925806406200792,0.0,0.0,0.0,1.0,0.0,0.0,0.0,2,0.6666666666666666,bulk,tunnel,ikev2,AES_GCM_16_256,PASS,0
fragmented_01,57,0,3,3636.0,1.001378059387207,3630.9962715031415,2.9958715111412055,1212.0,0.0,1212.0,1212.0,1212.0,1212.0,1212.0,1212.0,1212.0,1212.0,1212.0,0.0,0.0,-0.0,0.0,0.5006890296936035,0.26690101623535156,0.23378801345825195,0.7675900459289551,0.2871682167053223,0.36723852157592773,0.5006890296936035,0.6341395378112793,0.7142098426818848,1.0,0.5330663692238513,1.0,0,1.0,0.6666666666666666,0.6666666666666666,0.3333333333333333,0.3333333333333333,1.0,0.3333333333333333,0.0,0.0,1.0,0.0,0.0,0.0,2,0.5,bulk,tunnel,ikev2,AES_GCM_16_256,PASS,0
fragmented_01,59,0,3,3636.0,0.889754056930542,4086.5225302185295,3.3717182592562125,1212.0,0.0,1212.0,1212.0,1212.0,1212.0,1212.0,1212.0,1212.0,1212.0,1212.0,0.0,0.0,-0.0,0.0,0.444877028465271,0.3031219244003296,0.1417551040649414,0.7479989528656006,0.20237948894500732,0.2933160662651062,0.444877028465271,0.5964379906654358,0.6873745679855346,1.0,0.6813596199525339,1.0,0,1.0,0.3333333333333333,0.3333333333333333,0.6666666666666666,0.6666666666666666,1.0,-0.3333333333333333,0.0,0.0,1.0,0.0,0.0,0.0,2,0.5,bulk,tunnel,ikev2,AES_GCM_16_256,PASS,0
fragmented_01,60,0,4,4848.0,1.2880840301513672,3763.729606546162,3.1053874641469985,1212.0,0.0,1212.0,1212.0,1212.0,1212.0,1212.0,1212.0,1212.0,1212.0,1212.0,0.0,0.0,-0.0,0.0,0.42936134338378906,0.3105472475920172,0.1417551040649414,0.8606038093566895,0.1705491065979004,0.21374011039733887,0.28572511672973633,0.5731644630432129,0.7456280708312989,1.584962500721156,0.723275462735287,1.0,0,1.0,0.5,0.5,0.5,0.5,0.8744070015197872,0.0,0.0,0.0,1.0,0.0,0.0,0.0,2,0.6666666666666666,bulk,tunnel,ikev2,AES_GCM_16_256,PASS,0
fragmented_01,61,0,4,4848.0,1.1398351192474365,4253.246735546136,3.5092794847740394,1212.0,0.0,1212.0,1212.0,1212.0,1212.0,1212.0,1212.0,1212.0,1212.0,1212.0,0.0,0.0,-0.0,0.0,0.3799450397491455,0.24390958737607701,0.13968801498413086,0.7144219875335693,0.16889543533325196,0.2127065658569336,0.28572511672973633,0.5000735521316528,0.6286826133728027,1.584962500721156,0.6419584937300971,1.0,0,1.0,0.5,0.5,0.5,0.5,1.1709802371297506,0.0,0.0,0.0,1.0,0.0,0.0,0.0,2,0.6666666666666666,bulk,tunnel,ikev2,AES_GCM_16_256,PASS,0
fragmented_01,64,0,3,3636.0,1.0006608963012695,3633.5985681460143,2.9980186205825197,1212.0,0.0,1212.0,1212.0,1212.0,1212.0,1212.0,1212.0,1212.0,1212.0,1212.0,0.0,0.0,-0.0,0.0,0.5003304481506348,0.3200664520263672,0.18026399612426758,0.820396900177002,0.244277286529541,0.34029722213745117,0.5003304481506348,0.6603636741638184,0.7563836097717285,1.0,0.6397088434265374,1.0,0,1.0,0.6666666666666666,0.6666666666666666,0.3333333333333333,0.3333333333333333,1.0,0.3333333333333333,0.0,0.0,1.0,0.0,0.0,0.0,2,0.5,bulk,tunnel,ikev2,AES_GCM_16_256,PASS,0
fragmented_02,-1,1,100,121200.0,49.22047400474548,2462.389939363745,2.0316748674618355,1212.0,0.0,1212.0,1212.0,1212.0,1212.0,1212.0,1212.0,1212.0,1212.0,1212.0,0.0,0.0,-0.0,0.0,0.49717650509843925,0.31830892484557266,0.10596394538879395,0.8954219818115234,0.13867244720458985,0.17076647281646729,0.4568030834197998,0.8294690847396851,0.8628700256347657,2.483994358353211,0.6402319525348371,1.0,0,1.0,0.5,0.5,0.5,0.5,1.0032363658840493,0.0,0.0,0.0,1.0,0.0,0.0,0.0,2,0.5050505050505051,bulk,tunnel,ikev2,AES_GCM_16_256,PASS,0
fragmented_02,0,0,4,4848.0,1.1266019344329834,4303.205819045561,3.550499850697658,1212.0,0.0,1212.0,1212.0,1212.0,1212.0,1212.0,1212.0,1212.0,1212.0,1212.0,0.0,0.0,-0.0,0.0,0.3755339781443278,0.24385337383285427,0.12480878829956055,0.705955982208252,0.15901446342468262,0.21032297611236572,0.2958371639251709,0.5008965730667114,0.6239322185516357,1.584962500721156,0.649349296403317,1.0,0,1.0,0.5,0.5,0.5,0.5,1.2058671429385788,0.0,0.0,0.0,1.0,0.0,0.0,0.0,2,0.6666666666666666,bulk,tunnel,ikev2,AES_GCM_16_256,PASS,0
fragmented_02,1,0,4,4848.0,1.1498818397521973,4216.085368427731,3.4786182907819563,1212.0,0.0,1212.0,1212.0,1212.0,1212.0,1212.0,1212.0,1212.0,1212.0,1212.0,0.0,0.0,-0.0,0.0,0.38329394658406574,0.34931209051639217,0.12480878829956055,0.87711501121521,0.1294386386871338,0.13638341426849365,0.14795804023742676,0.5125365257263184,0.7312836170196534,0.9182958340544896,0.9113401927927054,1.0,0,1.0,0.5,0.5,0.5,0.5,0.9774160199401596,0.0,0.0,0.0,1.0,0.0,0.0,0.0,2,0.6666666666666666,bulk,tunnel,ikev2,AES_GCM_16_256,PASS,0
fragmented_02,4,0,4,4848.0,1.1919889450073242,4067.151814038184,3.355735820163518,1212.0,0.0,1212.0,1212.0,1212.0,1212.0,1212.0,1212.0,1212.0,1212.0,1212.0,0.0,0.0,-0.0,0.0,0.3973296483357747,0.30205829276237334,0.17723703384399414,0.8244378566741943,0.17985243797302247,0.18377554416656494,0.19031405448913574,0.507375955581665,0.6976130962371827,0.9182958340544896,0.7602189612796016,1.0,0,1.0,0.5,0.5,0.5,0.5,0.9871121132038452,0.0,0.0,0.0,1.0,0.0,0.0,0.0,2,0.6666666666666666,bulk,tunnel,ikev2,AES_GCM_16_256,PASS,0
fragmented_02,5,0,3,3636.0,1.0009691715240479,3632.4795043027425,2.9970953005798204,1212.0,0.0,1212.0,1212.0,1212.0,1212.0,1212.0,1212.0,1212.0,1212.0,1212.0,0.0,0.0,-0.0,0.0,0.5004845857620239,0.3101705312728882,0.19031405448913574,0.8106551170349121,0.25234816074371336,0.34539932012557983,0.5004845857620239,0.655569851398468,0.7486210107803345,1.0,0.6197391894926046,1.0,0,1.0,0.6666666666666666,0.6666666666666666,0.3333333333333333,0.3333333333333333,1.0,0.3333333333333333,0.0,0.0,1.0,0.0,0.0,0.0,2,0.5,bulk,tunnel,ikev2,AES_GCM_16_256,PASS,0
fragmented_02,7,0,3,3636.0,0.8565809726715088,4244.78259032538,3.5022958666050985,1212.0,0.0,1212.0,1212.0,1212.0,1212.0,1212.0,1212.0,1212.0,1212.0,1212.0,0.0,0.0,-0.0,0.0,0.4282904863357544,0.2834244966506958,0.1448659896850586,0.7117149829864502,0.20155088901519774,0.2865782380104065,0.4282904863357544,0.5700027346611023,0.655030083656311,1.0,0.6617560836325107,1.0,0,1.0,0.3333333333333333,0.3333333333333333,0.6666666666666666,0.6666666666666666,1.0,-0.3333333333333333,0.0,0.0,1.0,0.0,0.0,0.0,2,0.5,bulk,tunnel,ikev2,AES_GCM_16_256,PASS,0
fragmented_02,8,0,4,4848.0,1.1406769752502441,4250.107703748851,3.5066895245452567,1212.0,0.0,1212.0,1212.0,1212.0,1212.0,1212.0,1212.0,1212.0,1212.0,1212.0,0.0,0.0,-0.0,0.0,0.38022565841674805,0.3369336680227934,0.1391007900238037,0.8567101955413818,0.14025382995605468,0.14198338985443115,0.1448659896850586,0.5007880926132202,0.7143413543701173,0.9182958340544896,0.8861389925308623,1.0,0,1.0,0.5,0.5,0.5,0.5,1.005788441738812,0.0,0.0,0.0,1.0,0.0,0.0,0.0,2,0.6666666666666666,bulk,tunnel,ikev2,AES_GCM_16_256,PASS,0
fragmented_02,9,0,4,4848.0,1.1552608013153076,4196.4550294447545,3.4624216414560682,1212.0,0.0,1212.0,1212.0,1212.0,1212.0,1212.0,1212.0,1212.0,1212.0,1212.0,0.0,0.0,-0.0,0.0,0.3850869337717692,0.33789195336447503,0.1391007900238037,0.862868070602417,0.14193902015686036,0.1461963653564453,0.15329194068908691,0.508080005645752,0.7209528446197511,0.9182958340544896,0.8774410302991579,1.0,0,1.0,0.5,0.5,0.5,0.5,0.9860335611112993,0.0,0.0,0.0,1.0,0.0,0.0,0.0,2,0.6666666666666666,bulk,tunnel,ikev2,AES_GCM_16_256,PASS,0
fragmented_02,12,0,4,4848.0,1.140056848526001,4252.419522998403,3.5085969661702996,1212.0,0.0,1212.0,1212.0,1212.0,1212.0,1212.0,1212.0,1212.0,1212.0,1212.0,0.0,0.0,-0.0,0.0,0.380018949508667,0.2990635434089227,0.1381998062133789,0.8014299869537354,0.15064525604248047,0.1693134307861328,0.20042705535888672,0.500928521156311,0.6812294006347657,0.9182958340544896,0.7869680099573354,1.0,0,1.0,0.5,0.5,0.5,0.5,1.0662241484612998,0.0,0.0,0.0,1.0,0.0,0.0,0.0,2,0.6666666666666666,bulk,tunnel,ikev2,AES_GCM_16_256,PASS,0
fragmented_02,13,0,4,4848.0,1.1604928970336914,4177.5352631557325,3.4468112732308023,1212.0,0.0,1212.0,1212.0,1212.0,1212.0,1212.0,1212.0,1212.0,1212.0,1212.0,0.0,0.0,-0.0,0.0,0.38683096567789715,0.3362979733027164,0.1381998062133789,0.8622610569000244,0.14256625175476073,0.1491159200668335,0.16003203392028809,0.5111465454101562,0.7218152523040772,0.9182958340544896,0.8693644867568705,1.0,0,1.0,0.5,0.5,0.5,0.5,0.9786429092147156,0.0,0.0,0.0,1.0,0.0,0.0,0.0,2,0.6666666666666666,bulk,tunnel,ikev2,AES_GCM_16_256,PASS,0
fragmented_02,16,0,4,4848.0,1.2222890853881836,3966.3284716809335,3.272548243961166,1212.0,0.0,1212.0,1212.0,1212.0,1212.0,1212.0,1212.0,1212.0,1212.0,1212.0,0.0,0.0,-0.0,0.0,0.40742969512939453,0.3224224650342841,0.14003896713256836,0.8609859943389893,0.15628399848937988,0.18065154552459717,0.22126412391662598,0.5411250591278076,0.7330416202545167,1.584962500721156,0.7913553615097338,1.0,0,1.0,0.5,0.5,0.5,0.5,0.924947033628407,0.0,0.0,0.0,1.0,0.0,0.0,0.0,2,0.6666666666666666,bulk,tunnel,ikev2,AES_GCM_16_256,PASS,0
fragmented_02,17,0,4,4848.0,1.1134860515594482,4353.8937853871885,3.592321605104941,1212.0,0.0,1212.0,1212.0,1212.0,1212.0,1212.0,1212.0,1212.0,1212.0,1212.0,0.0,0.0,-0.0,0.0,0.37116201718648273,0.2923791733145417,0.1123800277709961,0.7798418998718262,0.13415684700012206,0.16682207584381104,0.22126412391662598,0.5005530118942261,0.6681263446807861,1.584962500721156,0.7877378935295222,1.0,0,1.0,0.5,0.5,0.5,0.5,1.1220357522455624,0.0,0.0,0.0,1.0,0.0,0.0,0.0,2,0.6666666666666666,bulk,tunnel,ikev2,AES_GCM_16_256,PASS,0
fragmented_02,20,0,4,4848.0,1.1566669940948486,4191.353280374192,3.458212277536462,1212.0,0.0,1212.0,1212.0,1212.0,1212.0,1212.0,1212.0,1212.0,1212.0,1212.0,0.0,0.0,-0.0,0.0,0.3855556646982829,0.3376959697642299,0.1383981704711914,0.8630309104919434,0.1417661190032959,0.14681804180145264,0.15523791313171387,0.5091344118118286,0.7214723110198975,0.9182958340544896,0.8758659898370417,1.0,0,1.0,0.5,0.5,0.5,0.5,0.9834614143817085,0.0,0.0,0.0,1.0,0.0,0.0,0.0,2,0.6666666666666666,bulk,tunnel,ikev2,AES_GCM_16_256,PASS,0
fragmented_02,21,0,4,4848.0,1.1776180267333984,4116.784806231181,3.39668713385411,1212.0,0.0,1212.0,1212.0,1212.0,1212.0,1212.0,1212.0,1212.0,1212.0,1212.0,0.0,0.0,-0.0,0.0,0.3925393422444661,0.32128482257589425,0.15523791313171387,0.8467521667480469,0.15931591987609864,0.16543292999267578,0.1756279468536377,0.5111900568008423,0.7125273227691651,0.9182958340544896,0.8184759322796041,1.0,0,1.0,0.5,0.5,0.5,0.5,0.9800553497608251,0.0,0.0,0.0,1.0,0.0,0.0,0.0,2,0.6666666666666666,bulk,tunnel,ikev2,AES_GCM_16_256,PASS,0
fragmented_02,24,0,4,4848.0,1.2261199951171875,3953.9360089602387,3.262323439736171,1212.0,0.0,1212.0,1212.0,1212.0,1212.0,1212.0,1212.0,1212.0,1212.0,1212.0,0.0,0.0,-0.0,0.0,0.4087066650390625,0.2792768129429865,0.19805598258972168,0.8033640384674072,0.20338478088378906,0.21137797832489014,0.2246999740600586,0.5140320062637329,0.6876312255859375,0.9182958340544896,0.6833167978787343,1.0,0,1.0,0.5,0.5,0.5,0.5,0.9740823866723847,0.0,0.0,0.0,1.0,0.0,0.0,0.0,2,0.6666666666666666,bulk,tunnel,ikev2,AES_GCM_16_256,PASS,0
fragmented_02,25,0,3,3636.0,1.001814842224121,3629.4131876981833,2.99456533638464,1212.0,0.0,1212.0,1212.0,1212.0,1212.0,1212.0,1212.0,1212.0,1212.0,1212.0,0.0,0.0,-0.0,0.0,0.5009074211120605,0.27620744705200195,0.2246999740600586,0.7771148681640625,0.279941463470459,0.36280369758605957,0.5009074211120605,0.6390111446380615,0.7218733787536621,1.0,0.551413063567183,1.0,0,1.0,0.6666666666666666,0.6666666666666666,0.3333333333333333,0.3333333333333333,1.0,0.3333333333333333,0.0,0.0,1.0,0.0,0.0,0.0,2,0.5,bulk,tunnel,ikev2,AES_GCM_16_256,PASS,0
fragmented_02,27,0,3,3636.0,0.9999649524688721,3636.1274372895436,3.0001051462785013,1212.0,0.0,1212.0,1212.0,1212.0,1212.0,1212.0,1212.0,1212.0,1212.0,1212.0,0.0,0.0,-0.0,0.0,0.49998247623443604,0.2538496255874634,0.24613285064697266,0.7538321018218994,0.29690277576446533,0.37305766344070435,0.49998247623443604,0.6269072890281677,0.7030621767044067,1.0,0.5077160299362302,1.0,0,1.0,0.3333333333333333,0.3333333333333333,0.6666666666666666,0.6666666666666666,1.0,-0.3333333333333333,0.0,0.0,1.0,0.0,0.0,0.0,2,0.5,bulk,tunnel,ikev2,AES_GCM_16_256,PASS,0
fragmented_02,28,0,4,4848.0,1.1873779296875,4082.946026524108,3.368767348617251,1212.0,0.0,1212.0,1212.0,1212.0,1212.0,1212.0,1212.0,1212.0,1212.0,1212.0,0.0,0.0,-0.0,0.0,0.3957926432291667,0.2558088248956853,0.18538808822631836,0.755856990814209,0.19753704071044922,0.2157604694366455,0.24613285064697266,0.5009949207305908,0.6539121627807617,1.584962500721156,0.6463186796246008,1.0,0,1.0,0.5,0.5,0.5,0.5,1.0645354745940343,0.0,0.0,0.0,1.0,0.0,0.0,0.0,2,0.6666666666666666,bulk,tunnel,ikev2,AES_GCM_16_256,PASS,0
fragmented_02,29,0,4,4848.0,1.1395092010498047,4254.463233411055,3.5102831958837086,1212.0,0.0,1212.0,1212.0,1212.0,1212.0,1212.0,1212.0,1212.0,1212.0,1212.0,0.0,0.0,-0.0,0.0,0.3798364003499349,0.309377190754392,0.13762903213500977,0.8164920806884766,0.14718084335327147,0.16150856018066406,0.18538808822631836,0.5009400844573975,0.6902712821960449,0.9182958340544896,0.8144990210794683,1.0,0,1.0,0.5,0.5,0.5,0.5,1.0500544484290177,0.0,0.0,0.0,1.0,0.0,0.0,0.0,2,0.6666666666666666,bulk,tunnel,ikev2,AES_GCM_16_256,PASS,0
fragmented_02,32,0,4,4848.0,1.1517598628997803,4209.210753180974,3.472946165990903,1212.0,0.0,1212.0,1212.0,1212.0,1212.0,1212.0,1212.0,1212.0,1212.0,1212.0,0.0,0.0,-0.0,0.0,0.38391995429992676,0.338702870158154,0.13906002044677734,0.8628778457641602,0.14121241569519044,0.14444100856781006,0.14982199668884277,0.5063499212265015,0.7202666759490968,0.9182958340544896,0.8822203278166278,1.0,0,1.0,0.5,0.5,0.5,0.5,0.9893720082072858,0.0,0.0,0.0,1.0,0.0,0.0,0.0,2,0.6666666666666666,bulk,tunnel,ikev2,AES_GCM_16_256,PASS,0
fragmented_02,33,0,4,4848.0,1.1431751251220703,4240.82005762881,3.499026450188787,1212.0,0.0,1212.0,1212.0,1212.0,1212.0,1212.0,1212.0,1212.0,1212.0,1212.0,0.0,0.0,-0.0,0.0,0.3810583750406901,0.3335226722553888,0.14065217971801758,0.85270094871521,0.1424861431121826,0.14523708820343018,0.14982199668884277,0.5012614727020264,0.7121251583099366,0.9182958340544896,0.8752511920741347,1.0,0,1.0,0.5,0.5,0.5,0.5,1.009230159424904,0.0,0.0,0.0,1.0,0.0,0.0,0.0,2,0.6666666666666666,bulk,tunnel,ikev2,AES_GCM_16_256,PASS,0
fragmented_02,36,0,4,4848.0,1.1753168106079102,4124.8452810714625,3.403337690653022,1212.0,0.0,1212.0,1212.0,1212.0,1212.0,1212.0,1212.0,1212.0,1212.0,1212.0,0.0,0.0,-0.0,0.0,0.3917722702026367,0.33368471747765477,0.13836193084716797,0.863231897354126,0.14543414115905762,0.1560424566268921,0.1737229824066162,0.5184774398803711,0.725330114364624,0.9182958340544896,0.851729157798497,1.0,0,1.0,0.5,0.5,0.5,0.5,0.9658982100881599,0.0,0.0,0.0,1.0,0.0,0.0,0.0,2,0.6666666666666666,bulk,tunnel,ikev2,AES_GCM_16_256,PASS,0
fragmented_02,37,0,4,4848.0,1.1408731937408447,4249.3767288051895,3.5060864099052718,1212.0,0.0,1212.0,1212.0,1212.0,1212.0,1212.0,1212.0,1212.0,1212.0,1212.0,0.0,0.0,-0.0,0.0,0.38029106458028156,0.31718903780834706,0.13874101638793945,0.8284091949462891,0.1457374095916748,0.15623199939727783,0.1737229824066162,0.5010660886764526,0.6974719524383546,0.9182958340544896,0.8340669378900145,1.0,0,1.0,0.5,0.5,0.5,0.5,1.0361690763644074,0.0,0.0,0.0,1.0,0.0,0.0,0.0,2,0.6666666666666666,bulk,tunnel,ikev2,AES_GCM_16_256,PASS,0
fragmented_02,40,0,4,4848.0,1.288120985031128,3763.6216289752056,3.1052983737419186,1212.0,0.0,1212.0,1212.0,1212.0,1212.0,1212.0,1212.0,1212.0,1212.0,1212.0,0.0,0.0,-0.0,0.0,0.42937366167704266,0.29781339292062103,0.15765881538391113,0.8439199924468994,0.18343548774719237,0.22210049629211426,0.2865421772003174,0.5652310848236084,0.732444429397583,1.584962500721156,0.6935979681647437,1.0,0,1.0,0.5,0.5,0.5,0.5,0.8859897736813247,0.0,0.0,0.0,1.0,0.0,0.0,0.0,2,0.6666666666666666,bulk,tunnel,ikev2,AES_GCM_16_256,PASS,0
fragmented_02,41,0,3,3636.0,1.0011720657348633,3631.7433580522097,2.9964879191849914,1212.0,0.0,1212.0,1212.0,1212.0,1212.0,1212.0,1212.0,1212.0,1212.0,1212.0,0.0,0.0,-0.0,0.0,0.5005860328674316,0.21404385566711426,0.2865421772003174,0.7146298885345459,0.32935094833374023,0.3935641050338745,0.5005860328674316,0.6076079607009888,0.671821117401123,1.0,0.42758569761793763,1.0,0,1.0,0.6666666666666666,0.6666666666666666,0.3333333333333333,0.3333333333333333,1.0,0.3333333333333333,0.0,0.0,1.0,0.0,0.0,0.0,2,0.5,bulk,tunnel,ikev2,AES_GCM_16_256,PASS,0
fragmented_02,43,0,3,3636.0,0.888861894607544,4090.6242263938993,3.3751024970246695,1212.0,0.0,1212.0,1212.0,1212.0,1212.0,1212.0,1212.0,1212.0,1212.0,1212.0,0.0,0.0,-0.0,0.0,0.444430947303772,0.3251279592514038,0.11930298805236816,0.7695589065551758,0.18432857990264895,0.28186696767807007,0.444430947303772,0.6069949269294739,0.704533314704895,1.0,0.7315584786913999,1.0,0,1.0,0.3333333333333333,0.3333333333333333,0.6666666666666666,0.6666666666666666,1.0,-0.3333333333333333,0.0,0.0,1.0,0.0,0.0,0.0,2,0.5,bulk,tunnel,ikev2,AES_GCM_16_256,PASS,0
fragmented_02,44,0,4,4848.0,1.158818006515503,4183.573238197816,3.4517931008232803,1212.0,0.0,1212.0,1212.0,1212.0,1212.0,1212.0,1212.0,1212.0,1212.0,1212.0,0.0,0.0,-0.0,0.0,0.386272668838501,0.35138514176941466,0.11930298805236816,0.882735013961792,0.12679839134216309,0.13804149627685547,0.15678000450134277,0.5197575092315674,0.7375440120697022,0.9182958340544896,0.9096792510501848,1.0,0,1.0,0.5,0.5,0.5,0.5,0.9639466676960076,0.0,0.0,0.0,1.0,0.0,0.0,0.0,2,0.6666666666666666,bulk,tunnel,ikev2,AES_GCM_16_256,PASS,0
fragmented_02,45,0,4,4848.0,1.1722190380096436,4135.745831454511,3.412331544104382,1212.0,0.0,1212.0,1212.0,1212.0,1212.0,1212.0,1212.0,1212.0,1212.0,1212.0,0.0,0.0,-0.0,0.0,0.39073967933654785,0.32121625379428603,0.15678000450134277,0.8449389934539795,0.15952401161193847,0.16364002227783203,0.1705000400543213,0.5077195167541504,0.7100512027740479,0.9182958340544896,0.8220701625940003,1.0,0,1.0,0.5,0.5,0.5,0.5,0.9864875964112102,0.0,0.0,0.0,1.0,0.0,0.0,0.0,2,0.6666666666666666,bulk,tunnel,ikev2,AES_GCM_16_256,PASS,0
fragmented_02,48,0,4,4848.0,1.108017921447754,4375.380493544298,3.610049912165262,1212.0,0.0,1212.0,1212.0,1212.0,1212.0,1212.0,1212.0,1212.0,1212.0,1212.0,0.0,0.0,-0.0,0.0,0.3693393071492513,0.31613695020787314,0.10596394538879395,0.813899040222168,0.12240214347839355,0.14705944061279297,0.188154935836792,0.50102698802948,0.6887502193450928,1.584962500721156,0.8559503094800901,1.0,0,1.0,0.5,0.5,0.5,0.5,1.0893501558204917,0.0,0.0,0.0,1.0,0.0,0.0,0.0,2,0.6666666666666666,bulk,tunnel,ikev2,AES_GCM_16_256,PASS,0
fragmented_02,49,0,3,3636.0,1.0013859272003174,3630.967743041444,2.9958479728064717,1212.0,0.0,1212.0,1212.0,1212.0,1212.0,1212.0,1212.0,1212.0,1212.0,1212.0,0.0,0.0,-0.0,0.0,0.5006929636001587,0.39472901821136475,0.10596394538879395,0.8954219818115234,0.18490974903106688,0.3033284544944763,0.5006929636001587,0.6980574727058411,0.8164761781692504,1.0,0.7883638447987864,1.0,0,1.0,0.6666666666666666,0.6666666666666666,0.3333333333333333,0.3333333333333333,1.0,0.3333333333333333,0.0,0.0,1.0,0.0,0.0,0.0,2,0.5,bulk,tunnel,ikev2,AES_GCM_16_256,PASS,0
fragmented_02,51,0,3,3636.0,1.0379469394683838,3503.0692434646885,2.8903211579741654,1212.0,0.0,1212.0,1212.0,1212.0,1212.0,1212.0,1212.0,1212.0,1212.0,1212.0,0.0,0.0,-0.0,0.0,0.5189734697341919,0.28989946842193604,0.22907400131225586,0.8088729381561279,0.2870538949966431,0.3740237355232239,0.5189734697341919,0.6639232039451599,0.7508930444717408,1.0,0.5586006351534336,1.0,0,1.0,0.3333333333333333,0.3333333333333333,0.6666666666666666,0.6666666666666666,1.0,-0.3333333333333333,0.0,0.0,1.0,0.0,0.0,0.0,2,0.5,bulk,tunnel,ikev2,AES_GCM_16_256,PASS,0
fragmented_02,52,0,4,4848.0,1.2766730785369873,3797.3699622111562,3.1331435331775217,1212.0,0.0,1212.0,1212.0,1212.0,1212.0,1212.0,1212.0,1212.0,1212.0,1212.0,0.0,0.0,-0.0,0.0,0.4255576928456624,0.24648402614415207,0.22907400131225586,0.7731530666351318,0.23814840316772462,0.25176000595092773,0.2744460105895996,0.5237995386123657,0.6734116554260254,0.9182958340544896,0.5792010133689,1.0,0,1.0,0.5,0.5,0.5,0.5,0.9566886159482305,0.0,0.0,0.0,1.0,0.0,0.0,0.0,2,0.6666666666666666,bulk,tunnel,ikev2,AES_GCM_16_256,PASS,0
fragmented_02,53,0,3,3636.0,1.0020880699157715,3628.4235978436673,2.993748843105336,1212.0,0.0,1212.0,1212.0,1212.0,1212.0,1212.0,1212.0,1212.0,1212.0,1212.0,0.0,0.0,-0.0,0.0,0.5010440349578857,0.22659802436828613,0.2744460105895996,0.7276420593261719,0.3197656154632568,0.3877450227737427,0.5010440349578857,0.6143430471420288,0.6823224544525146,1.0,0.4522508129181089,1.0,0,1.0,0.6666666666666666,0.6666666666666666,0.3333333333333333,0.3333333333333333,1.0,0.3333333333333333,0.0,0.0,1.0,0.0,0.0,0.0,2,0.5,bulk,tunnel,ikev2,AES_GCM_16_256,PASS,0
fragmented_02,55,0,3,3636.0,0.979698896408081,3711.3443868629925,3.0621653356955383,1212.0,0.0,1212.0,1212.0,1212.0,1212.0,1212.0,1212.0,1212.0,1212.0,1212.0,0.0,0.0,-0.0,0.0,0.4898494482040405,0.31881654262542725,0.17103290557861328,0.8086659908294678,0.23479621410369872,0.3304411768913269,0.4898494482040405,0.6492577195167542,0.7449026823043823,1.0,0.6508446481866412,1.0,0,1.0,0.3333333333333333,0.3333333333333333,0.6666666666666666,0.6666666666666666,1.0,-0.3333333333333333,0.0,0.0,1.0,0.0,0.0,0.0,2,0.5,bulk,tunnel,ikev2,AES_GCM_16_256,PASS,0
fragmented_02,56,0,3,3636.0,1.0015618801116943,3630.329859992787,2.9953216666607156,1212.0,0.0,1212.0,1212.0,1212.0,1212.0,1212.0,1212.0,1212.0,1212.0,1212.0,0.0,0.0,-0.0,0.0,0.5007809400558472,0.3297480344772339,0.17103290557861328,0.830528974533081,0.23698251247406005,0.3359069228172302,0.5007809400558472,0.6656549572944641,0.7645793676376342,1.0,0.6584663065933656,1.0,0,1.0,0.6666666666666666,0.6666666666666666,0.3333333333333333,0.3333333333333333,1.0,0.3333333333333333,0.0,0.0,1.0,0.0,0.0,0.0,2,0.5,bulk,tunnel,ikev2,AES_GCM_16_256,PASS,0
fragmented_02,57,0,3,3636.0,1.001763105392456,3629.6006315540453,2.9947199930313904,1212.0,0.0,1212.0,1212.0,1212.0,1212.0,1212.0,1212.0,1212.0,1212.0,1212.0,0.0,0.0,-0.0,0.0,0.500881552696228,0.04407846927642822,0.4568030834197998,0.5449600219726562,0.46561877727508544,0.4788423180580139,0.500881552696228,0.5229207873344421,0.5361443281173706,1.0,0.08800160644277949,1.0,0,1.0,0.6666666666666666,0.6666666666666666,0.3333333333333333,0.3333333333333333,1.0,0.3333333333333333,0.0,0.0,1.0,0.0,0.0,0.0,2,0.5,bulk,tunnel,ikev2,AES_GCM_16_256,PASS,0
fragmented_02,58,0,3,3636.0,1.3361549377441406,2721.2413001584514,2.2452485974904715,1212.0,0.0,1212.0,1212.0,1212.0,1212.0,1212.0,1212.0,1212.0,1212.0,1212.0,0.0,0.0,-0.0,0.0,0.6680774688720703,0.12311744689941406,0.5449600219726562,0.7911949157714844,0.569583511352539,0.6065187454223633,0.6680774688720703,0.7296361923217773,0.7665714263916016,1.0,0.18428590747322782,1.0,0,1.0,0.3333333333333333,0.3333333333333333,0.6666666666666666,0.6666666666666666,1.0,-0.3333333333333333,0.0,0.0,1.0,0.0,0.0,0.0,2,0.5,bulk,tunnel,ikev2,AES_GCM_16_256,PASS,0
fragmented_02,59,0,3,3636.0,0.5223269462585449,6961.157233117796,5.743529070229204,1212.0,0.0,1212.0,1212.0,1212.0,1212.0,1212.0,1212.0,1212.0,1212.0,1212.0,0.0,0.0,-0.0,0.0,0.26116347312927246,0.051824331283569336,0.20933914184570312,0.3129878044128418,0.219704008102417,0.2352513074874878,0.26116347312927246,0.28707563877105713,0.30262293815612795,1.0,0.19843560903445348,1.0,0,1.0,0.3333333333333333,0.3333333333333333,0.6666666666666666,0.6666666666666666,1.0,-0.3333333333333333,0.0,0.0,1.0,0.0,0.0,0.0,2,0.5,bulk,tunnel,ikev2,AES_GCM_16_256,PASS,0
fragmented_02,60,0,4,4848.0,1.1590509414672852,4182.732463736873,3.4510993925221727,1212.0,0.0,1212.0,1212.0,1212.0,1212.0,1212.0,1212.0,1212.0,1212.0,1212.0,0.0,0.0,-0.0,0.0,0.3863503138224284,0.22206852633042587,0.15857911109924316,0.6874840259552002,0.1894608497619629,0.23578345775604248,0.3129878044128418,0.500235915184021,0.6125847816467285,1.584962500721156,0.5747839295105677,1.0,0,1.0,0.5,0.5,0.5,0.5,1.1825011681161266,0.0,0.0,0.0,1.0,0.0,0.0,0.0,2,0.6666666666666666,bulk,tunnel,ikev2,AES_GCM_16_256,PASS,0
fragmented_02,61,0,3,3636.0,1.001281976699829,3631.344700704649,2.996158993980733,1212.0,0.0,1212.0,1212.0,1212.0,1212.0,1212.0,1212.0,1212.0,1212.0,1212.0,0.0,0.0,-0.0,0.0,0.5006409883499146,0.3420618772506714,0.15857911109924316,0.8427028656005859,0.22699148654937745,0.32961004972457886,0.5006409883499146,0.6716719269752502,0.7742904901504517,1.0,0.6832464819382937,1.0,0,1.0,0.6666666666666666,0.6666666666666666,0.3333333333333333,0.3333333333333333,1.0,0.3333333333333333,0.0,0.0,1.0,0.0,0.0,0.0,2,0.5,bulk,tunnel,ikev2,AES_GCM_16_256,PASS,0
fragmented_02,63,0,3,3636.0,0.6726610660552979,5405.396838741805,4.45989838180017,1212.0,0.0,1212.0,1212.0,1212.0,1212.0,1212.0,1212.0,1212.0,1212.0,1212.0,0.0,0.0,-0.0,0.0,0.3363305330276489,0.22632253170013428,0.11000800132751465,0.5626530647277832,0.1552725076675415,0.2231692671775818,0.3363305330276489,0.44949179887771606,0.5173885583877563,1.0,0.6729149945079009,1.0,0,1.0,0.3333333333333333,0.3333333333333333,0.6666666666666666,0.6666666666666666,1.0,-0.3333333333333333,0.0,0.0,1.0,0.0,0.0,0.0,2,0.5,bulk,tunnel,ikev2,AES_GCM_16_256,PASS,0
fragmented_02,64,0,4,4848.0,1.1394009590148926,4254.867403474455,3.5106166695333787,1212.0,0.0,1212.0,1212.0,1212.0,1212.0,1212.0,1212.0,1212.0,1212.0,1212.0,0.0,0.0,-0.0,0.0,0.37980031967163086,0.3623127951851749,0.11000800132751465,0.8919429779052734,0.11549639701843262,0.12372899055480957,0.1374499797821045,0.514696478843689,0.7410443782806397,0.9182958340544896,0.9539534920479577,1.0,0,1.0,0.5,0.5,0.5,0.5,0.9733406454840255,0.0,0.0,0.0,1.0,0.0,0.0,0.0,2,0.6666666666666666,bulk,tunnel,ikev2,AES_GCM_16_256,PASS,0
fragmented_03,-1,1,100,121200.0,49.318639039993286,2457.4887377106443,2.027630971708452,1212.0,0.0,1212.0,1212.0,1212.0,1212.0,1212.0,1212.0,1212.0,1212.0,1212.0,0.0,0.0,-0.0,0.0,0.4981680711110433,0.33421149406736483,0.04054999351501465,1.0234520435333252,0.13628110885620118,0.15384042263031006,0.45552587509155273,0.8482835292816162,0.8655879974365235,2.5179056919979423,0.6708796540138241,0.9991777957724638,0,1.0,0.5,0.5,0.5,0.5,0.9985612994001529,0.0,0.0,0.0,1.0,0.0,0.0,0.0,2,0.48484848484848486,bulk,tunnel,ikev2,AES_GCM_16_256,PASS,0
fragmented_03,0,0,4,4848.0,1.1416020393371582,4246.663752295735,3.5038479804420257,1212.0,0.0,1212.0,1212.0,1212.0,1212.0,1212.0,1212.0,1212.0,1212.0,1212.0,0.0,0.0,-0.0,0.0,0.38053401311238605,0.336078301877679,0.1400291919708252,0.8558089733123779,0.14117612838745117,0.14289653301239014,0.14576387405395508,0.5007864236831665,0.7137999534606934,0.9182958340544896,0.8831731386000549,1.0,0,1.0,0.5,0.5,0.5,0.5,1.0057576386659781,0.0,0.0,0.0,1.0,0.0,0.0,0.0,2,0.6666666666666666,bulk,tunnel,ikev2,AES_GCM_16_256,PASS,0
fragmented_03,1,0,4,4848.0,1.1549451351165771,4197.601992159269,3.4633679803294295,1212.0,0.0,1212.0,1212.0,1212.0,1212.0,1212.0,1212.0,1212.0,1212.0,1212.0,0.0,0.0,-0.0,0.0,0.3849817117055257,0.3381744824379465,0.1400291919708252,0.863184928894043,0.14236955642700194,0.1458801031112671,0.15173101425170898,0.507457971572876,0.7208941459655762,0.9182958340544896,0.8784147239749744,1.0,0,1.0,0.5,0.5,0.5,0.5,0.988469182271595,0.0,0.0,0.0,1.0,0.0,0.0,0.0,2,0.6666666666666666,bulk,tunnel,ikev2,AES_GCM_16_256,PASS,0
fragmented_03,4,0,4,4848.0,1.2303228378295898,3940.4291710559055,3.251179184039526,1212.0,0.0,1212.0,1212.0,1212.0,1212.0,1212.0,1212.0,1212.0,1212.0,1212.0,0.0,0.0,-0.0,0.0,0.4101076126098633,0.23279417596157212,0.2297368049621582,0.7388081550598145,0.23614501953125,0.2457573413848877,0.2617778778076172,0.5002930164337158,0.643402099609375,0.9182958340544896,0.5676403001636775,1.0,0,1.0,0.5,0.5,0.5,0.5,1.0330805910797791,0.0,0.0,0.0,1.0,0.0,0.0,0.0,2,0.6666666666666666,bulk,tunnel,ikev2,AES_GCM_16_256,PASS,0
fragmented_03,5,0,3,3636.0,1.0019078254699707,3629.0763556961347,2.99428742219153,1212.0,0.0,1212.0,1212.0,1212.0,1212.0,1212.0,1212.0,1212.0,1212.0,1212.0,0.0,0.0,-0.0,0.0,0.5009539127349854,0.27121710777282715,0.2297368049621582,0.7721710205078125,0.2839802265167236,0.3653453588485718,0.5009539127349854,0.6365624666213989,0.7179275989532471,1.0,0.5414002355862835,1.0,0,1.0,0.6666666666666666,0.6666666666666666,0.3333333333333333,0.3333333333333333,1.0,0.3333333333333333,0.0,0.0,1.0,0.0,0.0,0.0,2,0.5,bulk,tunnel,ikev2,AES_GCM_16_256,PASS,0
fragmented_03,7,0,3,3636.0,1.0531809329986572,3452.3982404879293,2.848513399742516,1212.0,0.0,1212.0,1212.0,1212.0,1212.0,1212.0,1212.0,1212.0,1212.0,1212.0,0.0,0.0,-0.0,0.0,0.5265904664993286,0.19153153896331787,0.33505892753601074,0.7181220054626465,0.3733652353286743,0.4308246970176697,0.5265904664993286,0.6223562359809875,0.679815697669983,1.0,0.3637194127671305,1.0,0,1.0,0.3333333333333333,0.3333333333333333,0.6666666666666666,0.6666666666666666,1.0,-0.3333333333333333,0.0,0.0,1.0,0.0,0.0,0.0,2,0.5,bulk,tunnel,ikev2,AES_GCM_16_256,PASS,0
fragmented_03,8,0,4,4848.0,1.4557468891143799,3330.249259848555,2.7477304124162996,1212.0,0.0,1212.0,1212.0,1212.0,1212.0,1212.0,1212.0,1212.0,1212.0,1212.0,0.0,0.0,-0.0,0.0,0.48524896303812665,0.13639310919821682,0.33505892753601074,0.6651620864868164,0.35915231704711914,0.39529240131378174,0.45552587509155273,0.5603439807891846,0.6232348442077636,1.584962500721156,0.28107804139595627,1.0,0,1.0,0.5,0.5,0.5,0.5,0.8925054571913729,0.0,0.0,0.0,1.0,0.0,0.0,0.0,2,0.6666666666666666,bulk,tunnel,ikev2,AES_GCM_16_256,PASS,0
fragmented_03,9,0,3,3636.0,0.9999740123748779,3636.0944934606046,3.000077964901489,1212.0,0.0,1212.0,1212.0,1212.0,1212.0,1212.0,1212.0,1212.0,1212.0,1212.0,0.0,0.0,-0.0,0.0,0.49998700618743896,0.04446113109588623,0.45552587509155273,0.5444481372833252,0.46441810131072997,0.47775644063949585,0.49998700618743896,0.5222175717353821,0.5355559110641479,1.0,0.08892439527683058,1.0,0,1.0,0.6666666666666666,0.6666666666666666,0.3333333333333333,0.3333333333333333,1.0,0.3333333333333333,0.0,0.0,1.0,0.0,0.0,0.0,2,0.5,bulk,tunnel,ikev2,AES_GCM_16_256,PASS,0
fragmented_03,13,0,6,7272.0,1.205948829650879,6030.1066025373875,4.975335480641409,1212.0,0.0,1212.0,1212.0,1212.0,1212.0,1212.0,1212.0,1212.0,1212.0,1212.0,0.0,0.0,-0.0,0.0,0.24118976593017577,0.22996271792406314,0.04054999351501465,0.6842989921569824,0.05913558006286621,0.08701395988464355,0.18855500221252441,0.20553088188171387,0.49279174804687503,1.5219280948873621,0.9534474383262121,0.9663750297541615,0,1.0,0.3333333333333333,0.3333333333333333,0.6666666666666666,0.6666666666666666,5.753354774654342,-0.3333333333333333,0.0,0.0,1.0,0.0,0.0,0.0,2,0.4,bulk,tunnel,ikev2,AES_GCM_16_256,PASS,0
fragmented_03,14,0,5,6060.0,0.5216498374938965,11616.988187158986,9.584973751781341,1212.0,0.0,1212.0,1212.0,1212.0,1212.0,1212.0,1212.0,1212.0,1212.0,1212.0,0.0,0.0,-0.0,0.0,0.13041245937347412,0.06888763534909954,0.04054999351501465,0.20553088188171387,0.05448918342590332,0.07539796829223633,0.13778448104858398,0.19279897212982178,0.20043811798095704,2.0,0.5282248908973515,0.9222658753047362,0,1.0,0.2,0.2,0.8,0.8,1.0,-0.6,0.0,0.0,1.0,0.0,0.0,0.0,2,0.25,bulk,tunnel,ikev2,AES_GCM_16_256,PASS,0
fragmented_03,16,0,4,4848.0,1.1159718036651611,4344.195779927255,3.5843199504350287,1212.0,0.0,1212.0,1212.0,1212.0,1212.0,1212.0,1212.0,1212.0,1212.0,1212.0,0.0,0.0,-0.0,0.0,0.3719906012217204,0.2709016537387131,0.11491990089416504,0.7465291023254395,0.14284048080444336,0.18472135066986084,0.25452280044555664,0.500525951385498,0.6481278419494629,1.584962500721156,0.7282466938742683,1.0,0,1.0,0.5,0.5,0.5,0.5,1.1620545580470603,0.0,0.0,0.0,1.0,0.0,0.0,0.0,2,0.6666666666666666,bulk,tunnel,ikev2,AES_GCM_16_256,PASS,0
fragmented_03,17,0,4,4848.0,1.1710679531097412,4139.8110050968935,3.4156856477697146,1212.0,0.0,1212.0,1212.0,1212.0,1212.0,1212.0,1212.0,1212.0,1212.0,1212.0,0.0,0.0,-0.0,0.0,0.39035598436991376,0.35114617380976393,0.11491990089416504,0.8859241008758545,0.12598071098327637,0.14257192611694336,0.17022395133972168,0.5280740261077881,0.742784070968628,0.9182958340544896,0.8995514051748271,1.0,0,1.0,0.5,0.5,0.5,0.5,0.9476351843240892,0.0,0.0,0.0,1.0,0.0,0.0,0.0,2,0.6666666666666666,bulk,tunnel,ikev2,AES_GCM_16_256,PASS,0
fragmented_03,20,0,4,4848.0,1.2475340366363525,3886.0663177345905,3.2063253446655033,1212.0,0.0,1212.0,1212.0,1212.0,1212.0,1212.0,1212.0,1212.0,1212.0,1212.0,0.0,0.0,-0.0,0.0,0.4158446788787842,0.27335743257476663,0.20052289962768555,0.8015592098236084,0.20950870513916015,0.22298741340637207,0.2454519271850586,0.5235055685043335,0.6903377532958984,0.9182958340544896,0.657353067397024,1.0,0,1.0,0.5,0.5,0.5,0.5,0.9570873861254953,0.0,0.0,0.0,1.0,0.0,0.0,0.0,2,0.6666666666666666,bulk,tunnel,ikev2,AES_GCM_16_256,PASS,0
fragmented_03,21,0,4,4848.0,1.1429698467254639,4241.581712666535,3.499654878437735,1212.0,0.0,1212.0,1212.0,1212.0,1212.0,1212.0,1212.0,1212.0,1212.0,1212.0,0.0,0.0,-0.0,0.0,0.380989948908488,0.2677836756577166,0.1425168514251709,0.7550010681152344,0.16310386657714843,0.19398438930511475,0.2454519271850586,0.5002264976501465,0.6530912399291993,1.584962500721156,0.7028609903329668,1.0,0,1.0,0.5,0.5,0.5,0.5,1.114687360365169,0.0,0.0,0.0,1.0,0.0,0.0,0.0,2,0.6666666666666666,bulk,tunnel,ikev2,AES_GCM_16_256,PASS,0
fragmented_03,24,0,4,4848.0,1.1074109077453613,4377.778804680829,3.6120287167333576,1212.0,0.0,1212.0,1212.0,1212.0,1212.0,1212.0,1212.0,1212.0,1212.0,1212.0,0.0,0.0,-0.0,0.0,0.3691369692484538,0.3494960925894352,0.1054999828338623,0.863023042678833,0.11217756271362304,0.12219393253326416,0.13888788223266602,0.5009554624557495,0.7181960105895997,0.9182958340544896,0.9467898772401863,1.0,0,1.0,0.5,0.5,0.5,0.5,1.0344719372151145,0.0,0.0,0.0,1.0,0.0,0.0,0.0,2,0.6666666666666666,bulk,tunnel,ikev2,AES_GCM_16_256,PASS,0
fragmented_03,25,0,3,3636.0,1.001513957977295,3630.503570158361,2.9954649918798357,1212.0,0.0,1212.0,1212.0,1212.0,1212.0,1212.0,1212.0,1212.0,1212.0,1212.0,0.0,0.0,-0.0,0.0,0.5007569789886475,0.39525699615478516,0.1054999828338623,0.8960139751434326,0.18455138206481936,0.3031284809112549,0.5007569789886475,0.69838547706604,0.8169625759124756,1.0,0.7893174202696945,1.0,0,1.0,0.6666666666666666,0.6666666666666666,0.3333333333333333,0.3333333333333333,1.0,0.3333333333333333,0.0,0.0,1.0,0.0,0.0,0.0,2,0.5,bulk,tunnel,ikev2,AES_GCM_16_256,PASS,0
fragmented_03,27,0,3,3636.0,0.4086439609527588,8897.721115277509,7.3413540555094965,1212.0,0.0,1212.0,1212.0,1212.0,1212.0,1212.0,1212.0,1212.0,1212.0,1212.0,0.0,0.0,-0.0,0.0,0.2043219804763794,0.07803118228912354,0.12629079818725586,0.28235316276550293,0.14189703464508058,0.16530638933181763,0.2043219804763794,0.24333757162094116,0.2667469263076782,1.0,0.38190115525524193,1.0,0,1.0,0.3333333333333333,0.3333333333333333,0.6666666666666666,0.6666666666666666,1.0,-0.3333333333333333,0.0,0.0,1.0,0.0,0.0,0.0,2,0.5,bulk,tunnel,ikev2,AES_GCM_16_256,PASS,0
fragmented_03,28,0,4,4848.0,1.114745855331421,4348.9733348761,3.588261827455528,1212.0,0.0,1212.0,1212.0,1212.0,1212.0,1212.0,1212.0,1212.0,1212.0,1212.0,0.0,0.0,-0.0,0.0,0.3715819517771403,0.35576648646045395,0.11379504203796387,0.8746600151062012,0.11629419326782227,0.12004292011260986,0.12629079818725586,0.5004754066467285,0.7249861717224122,0.9182958340544896,0.9574349004951863,1.0,0,1.0,0.5,0.5,0.5,0.5,1.0126406794302942,0.0,0.0,0.0,1.0,0.0,0.0,0.0,2,0.6666666666666666,bulk,tunnel,ikev2,AES_GCM_16_256,PASS,0
fragmented_03,29,0,4,4848.0,1.1417031288146973,4246.28774122143,3.5035377402817076,1212.0,0.0,1212.0,1212.0,1212.0,1212.0,1212.0,1212.0,1212.0,1212.0,1212.0,0.0,0.0,-0.0,0.0,0.3805677096048991,0.3585699115506652,0.11379504203796387,0.8874280452728271,0.11913204193115234,0.12713754177093506,0.14048004150390625,0.5139540433883667,0.738038444519043,0.9182958340544896,0.9421949374737805,1.0,0,1.0,0.5,0.5,0.5,0.5,0.9740385605991451,0.0,0.0,0.0,1.0,0.0,0.0,0.0,2,0.6666666666666666,bulk,tunnel,ikev2,AES_GCM_16_256,PASS,0
fragmented_03,32,0,4,4848.0,1.217426061630249,3982.172020786271,3.2856204791965933,1212.0,0.0,1212.0,1212.0,1212.0,1212.0,1212.0,1212.0,1212.0,1212.0,1212.0,0.0,0.0,-0.0,0.0,0.405808687210083,0.2849360735732541,0.19330191612243652,0.8085641860961914,0.19775352478027344,0.2044309377670288,0.2155599594116211,0.5120620727539062,0.6899633407592773,0.9182958340544896,0.7021421187162198,1.0,0,1.0,0.5,0.5,0.5,0.5,0.9782653092868379,0.0,0.0,0.0,1.0,0.0,0.0,0.0,2,0.6666666666666666,bulk,tunnel,ikev2,AES_GCM_16_256,PASS,0
fragmented_03,33,0,3,3636.0,1.0013089179992676,3631.246995447872,2.9960783790824026,1212.0,0.0,1212.0,1212.0,1212.0,1212.0,1212.0,1212.0,1212.0,1212.0,1212.0,0.0,0.0,-0.0,0.0,0.5006544589996338,0.2850944995880127,0.2155599594116211,0.7857489585876465,0.27257885932922366,0.35810720920562744,0.5006544589996338,0.6432017087936401,0.7287300586700439,1.0,0.5694425067443861,1.0,0,1.0,0.6666666666666666,0.6666666666666666,0.3333333333333333,0.3333333333333333,1.0,0.3333333333333333,0.0,0.0,1.0,0.0,0.0,0.0,2,0.5,bulk,tunnel,ikev2,AES_GCM_16_256,PASS,0
fragmented_03,35,0,3,3636.0,0.9483199119567871,3834.149166495288,3.1634894112997425,1212.0,0.0,1212.0,1212.0,1212.0,1212.0,1212.0,1212.0,1212.0,1212.0,1212.0,0.0,0.0,-0.0,0.0,0.47415995597839355,0.33636903762817383,0.13779091835021973,0.8105289936065674,0.2050647258758545,0.30597543716430664,0.47415995597839355,0.6423444747924805,0.7432551860809327,1.0,0.7093984297675944,1.0,0,1.0,0.3333333333333333,0.3333333333333333,0.6666666666666666,0.6666666666666666,1.0,-0.3333333333333333,0.0,0.0,1.0,0.0,0.0,0.0,2,0.5,bulk,tunnel,ikev2,AES_GCM_16_256,PASS,0
fragmented_03,36,0,4,4848.0,1.1884069442749023,4079.4106962728756,3.365850409466069,1212.0,0.0,1212.0,1212.0,1212.0,1212.0,1212.0,1212.0,1212.0,1212.0,1212.0,0.0,0.0,-0.0,0.0,0.3961356480916341,0.33147163292476645,0.13779091835021973,0.8640611171722412,0.14754371643066405,0.16217291355133057,0.1865549087524414,0.5253080129623413,0.7285598754882813,0.9182958340544896,0.8367608362458064,1.0,0,1.0,0.5,0.5,0.5,0.5,0.9535844278182128,0.0,0.0,0.0,1.0,0.0,0.0,0.0,2,0.6666666666666666,bulk,tunnel,ikev2,AES_GCM_16_256,PASS,0
fragmented_03,37,0,3,3636.0,1.0016169548034668,3630.130243465618,2.9951569665557907,1212.0,0.0,1212.0,1212.0,1212.0,1212.0,1212.0,1212.0,1212.0,1212.0,1212.0,0.0,0.0,-0.0,0.0,0.5008084774017334,0.314253568649292,0.1865549087524414,0.8150620460510254,0.2494056224822998,0.3436816930770874,0.5008084774017334,0.6579352617263794,0.752211332321167,1.0,0.6274912573134229,1.0,0,1.0,0.6666666666666666,0.6666666666666666,0.3333333333333333,0.3333333333333333,1.0,0.3333333333333333,0.0,0.0,1.0,0.0,0.0,0.0,2,0.5,bulk,tunnel,ikev2,AES_GCM_16_256,PASS,0
fragmented_03,39,0,3,3636.0,0.9368970394134521,3880.896029169151,3.2020594300075502,1212.0,0.0,1212.0,1212.0,1212.0,1212.0,1212.0,1212.0,1212.0,1212.0,1212.0,0.0,0.0,-0.0,0.0,0.4684485197067261,0.33036744594573975,0.13808107376098633,0.7988159656524658,0.2041545629501343,0.3032647967338562,0.4684485197067261,0.633632242679596,0.7327424764633179,1.0,0.70523595830041,1.0,0,1.0,0.3333333333333333,0.3333333333333333,0.6666666666666666,0.6666666666666666,1.0,-0.3333333333333333,0.0,0.0,1.0,0.0,0.0,0.0,2,0.5,bulk,tunnel,ikev2,AES_GCM_16_256,PASS,0
fragmented_03,40,0,4,4848.0,1.1544389724731445,4199.4424266656315,3.464886490648211,1212.0,0.0,1212.0,1212.0,1212.0,1212.0,1212.0,1212.0,1212.0,1212.0,1212.0,0.0,0.0,-0.0,0.0,0.38481299082438153,0.33897468790581936,0.13808107376098633,0.8641259670257568,0.14091124534606933,0.14515650272369385,0.15223193168640137,0.5081789493560791,0.7217471599578857,0.9182958340544896,0.8808793234872743,1.0,0,1.0,0.5,0.5,0.5,0.5,0.9860759246134934,0.0,0.0,0.0,1.0,0.0,0.0,0.0,2,0.6666666666666666,bulk,tunnel,ikev2,AES_GCM_16_256,PASS,0
fragmented_03,41,0,4,4848.0,1.1404390335083008,4250.99444824002,3.5074211619142073,1212.0,0.0,1212.0,1212.0,1212.0,1212.0,1212.0,1212.0,1212.0,1212.0,1212.0,0.0,0.0,-0.0,0.0,0.3801463445027669,0.33210110619938515,0.13846611976623535,0.8497409820556641,0.14121928215026855,0.14534902572631836,0.15223193168640137,0.5009864568710327,0.7102391719818115,0.9182958340544896,0.8736115377414349,1.0,0,1.0,0.5,0.5,0.5,0.5,1.0139290620009982,0.0,0.0,0.0,1.0,0.0,0.0,0.0,2,0.6666666666666666,bulk,tunnel,ikev2,AES_GCM_16_256,PASS,0
fragmented_03,44,0,4,4848.0,1.1143760681152344,4350.416469549203,3.5894525326313556,1212.0,0.0,1212.0,1212.0,1212.0,1212.0,1212.0,1212.0,1212.0,1212.0,1212.0,0.0,0.0,-0.0,0.0,0.3714586893717448,0.37546088076000617,0.09921717643737793,0.9023828506469727,0.1019289493560791,0.10599660873413086,0.11277604103088379,0.5075794458389282,0.744461488723755,0.9182958340544896,1.0107715359236655,1.0,0,1.0,0.5,0.5,0.5,0.5,0.9866426316635757,0.0,0.0,0.0,1.0,0.0,0.0,0.0,2,0.6666666666666666,bulk,tunnel,ikev2,AES_GCM_16_256,PASS,0
fragmented_03,45,0,4,4848.0,1.1423301696777344,4243.956895025964,3.501614599856406,1212.0,0.0,1212.0,1212.0,1212.0,1212.0,1212.0,1212.0,1212.0,1212.0,1212.0,0.0,0.0,-0.0,0.0,0.38077672322591144,0.35976007144662664,0.11277604103088379,0.8893070220947266,0.11827025413513184,0.1265115737915039,0.14024710655212402,0.5147770643234253,0.739495038986206,0.9182958340544896,0.9448033577142452,1.0,0,1.0,0.5,0.5,0.5,0.5,0.9733165667803075,0.0,0.0,0.0,1.0,0.0,0.0,0.0,2,0.6666666666666666,bulk,tunnel,ikev2,AES_GCM_16_256,PASS,0
fragmented_03,48,0,4,4848.0,1.1859440803527832,4087.882456108608,3.3728403103206337,1212.0,0.0,1212.0,1212.0,1212.0,1212.0,1212.0,1212.0,1212.0,1212.0,1212.0,0.0,0.0,-0.0,0.0,0.39531469345092773,0.31947455961885257,0.15544891357421875,0.8468260765075684,0.16109294891357423,0.16955900192260742,0.1836690902709961,0.5152475833892822,0.7141946792602539,0.9182958340544896,0.808150460281462,1.0,0,1.0,0.5,0.5,0.5,0.5,0.9726139915832976,0.0,0.0,0.0,1.0,0.0,0.0,0.0,2,0.6666666666666666,bulk,tunnel,ikev2,AES_GCM_16_256,PASS,0
fragmented_03,49,0,3,3636.0,1.0008800029754639,3632.8031224429756,2.9973623122466795,1212.0,0.0,1212.0,1212.0,1212.0,1212.0,1212.0,1212.0,1212.0,1212.0,1212.0,0.0,0.0,-0.0,0.0,0.5004400014877319,0.31677091121673584,0.1836690902709961,0.8172109127044678,0.24702327251434325,0.342054545879364,0.5004400014877319,0.6588254570960999,0.7538567304611206,1.0,0.6329835290774057,1.0,0,1.0,0.6666666666666666,0.6666666666666666,0.3333333333333333,0.3333333333333333,1.0,0.3333333333333333,0.0,0.0,1.0,0.0,0.0,0.0,2,0.5,bulk,tunnel,ikev2,AES_GCM_16_256,PASS,0
fragmented_03,51,0,3,3636.0,0.9087419509887695,4001.135851650514,3.3012672043321074,1212.0,0.0,1212.0,1212.0,1212.0,1212.0,1212.0,1212.0,1212.0,1212.0,1212.0,0.0,0.0,-0.0,0.0,0.45437097549438477,0.30904507637023926,0.1453258991241455,0.763416051864624,0.20713491439819337,0.29984843730926514,0.45437097549438477,0.6088935136795044,0.7016070365905762,1.0,0.680158753263731,1.0,0,1.0,0.3333333333333333,0.3333333333333333,0.6666666666666666,0.6666666666666666,1.0,-0.3333333333333333,0.0,0.0,1.0,0.0,0.0,0.0,2,0.5,bulk,tunnel,ikev2,AES_GCM_16_256,PASS,0
fragmented_03,52,0,4,4848.0,1.1439039707183838,4238.117992505441,3.496797023519341,1212.0,0.0,1212.0,1212.0,1212.0,1212.0,1212.0,1212.0,1212.0,1212.0,1212.0,0.0,0.0,-0.0,0.0,0.3813013235727946,0.3365038177039578,0.14139389991760254,0.8571841716766357,0.14218029975891114,0.14335989952087402,0.1453258991241455,0.5012550354003906,0.7148125171661377,0.9182958340544896,0.8825118466389721,1.0,0,1.0,0.5,0.5,0.5,0.5,1.0039365928231072,0.0,0.0,0.0,1.0,0.0,0.0,0.0,2,0.6666666666666666,bulk,tunnel,ikev2,AES_GCM_16_256,PASS,0
fragmented_03,53,0,3,3636.0,1.0017659664154053,3629.5902654894635,2.994711440172825,1212.0,0.0,1212.0,1212.0,1212.0,1212.0,1212.0,1212.0,1212.0,1212.0,1212.0,0.0,0.0,-0.0,0.0,0.5008829832077026,0.3594890832901001,0.14139389991760254,0.8603720664978027,0.21329171657562257,0.3211384415626526,0.5008829832077026,0.6806275248527527,0.7884742498397828,1.0,0.7177092806759404,1.0,0,1.0,0.6666666666666666,0.6666666666666666,0.3333333333333333,0.3333333333333333,1.0,0.3333333333333333,0.0,0.0,1.0,0.0,0.0,0.0,2,0.5,bulk,tunnel,ikev2,AES_GCM_16_256,PASS,0
fragmented_03,55,0,3,3636.0,1.0255720615386963,3545.338388552435,2.925196690224781,1212.0,0.0,1212.0,1212.0,1212.0,1212.0,1212.0,1212.0,1212.0,1212.0,1212.0,0.0,0.0,-0.0,0.0,0.5127860307693481,0.3262690305709839,0.18651700019836426,0.839055061340332,0.25177080631256105,0.3496515154838562,0.5127860307693481,0.6759205460548401,0.7738012552261353,1.0,0.6362661514302999,1.0,0,1.0,0.3333333333333333,0.3333333333333333,0.6666666666666666,0.6666666666666666,1.0,-0.3333333333333333,0.0,0.0,1.0,0.0,0.0,0.0,2,0.5,bulk,tunnel,ikev2,AES_GCM_16_256,PASS,0
fragmented_03,56,0,4,4848.0,1.1010329723358154,4403.137891243241,3.632952055481222,1212.0,0.0,1212.0,1212.0,1212.0,1212.0,1212.0,1212.0,1212.0,1212.0,1212.0,0.0,0.0,-0.0,0.0,0.36701099077860516,0.31839972638676656,0.09999895095825195,0.8145170211791992,0.11730256080627441,0.1432579755783081,0.18651700019836426,0.5005170106887817,0.6889170169830323,1.584962500721156,0.8675458415167605,1.0,0,1.0,0.5,0.5,0.5,0.5,1.0946040936100951,0.0,0.0,0.0,1.0,0.0,0.0,0.0,2,0.6666666666666666,bulk,tunnel,ikev2,AES_GCM_16_256,PASS,0
fragmented_03,57,0,4,4848.0,1.1327509880065918,4279.846189789232,3.5312262291990364,1212.0,0.0,1212.0,1212.0,1212.0,1212.0,1212.0,1212.0,1212.0,1212.0,1212.0,0.0,0.0,-0.0,0.0,0.37758366266886395,0.3713843777978006,0.09999895095825195,0.9025101661682129,0.10604753494262695,0.11512041091918945,0.13024187088012695,0.5163760185241699,0.7480565071105958,0.9182958340544896,0.9835790870655653,1.0,0,1.0,0.5,0.5,0.5,0.5,0.9707152447517234,0.0,0.0,0.0,1.0,0.0,0.0,0.0,2,0.6666666666666666,bulk,tunnel,ikev2,AES_GCM_16_256,PASS,0
fragmented_03,60,0,4,4848.0,1.176975965499878,4119.030585251575,3.398540086841234,1212.0,0.0,1212.0,1212.0,1212.0,1212.0,1212.0,1212.0,1212.0,1212.0,1212.0,0.0,0.0,-0.0,0.0,0.39232532183329266,0.32574244628281673,0.148878812789917,0.852741003036499,0.154174280166626,0.16211748123168945,0.17535614967346191,0.5140485763549805,0.7172640323638917,0.9182958340544896,0.8302844549421572,1.0,0,1.0,0.5,0.5,0.5,0.5,0.9742453219921166,0.0,0.0,0.0,1.0,0.0,0.0,0.0,2,0.6666666666666666,bulk,tunnel,ikev2,AES_GCM_16_256,PASS,0
fragmented_03,61,0,4,4848.0,1.1425061225891113,4243.303299778924,3.501075329850597,1212.0,0.0,1212.0,1212.0,1212.0,1212.0,1212.0,1212.0,1212.0,1212.0,1212.0,0.0,0.0,-0.0,0.0,0.3808353741963704,0.31466107113330927,0.141740083694458,0.8254098892211914,0.14846329689025878,0.15854811668395996,0.17535614967346191,0.5003830194473267,0.6953991413116456,0.9182958340544896,0.8262369155186338,1.0,0,1.0,0.5,0.5,0.5,0.5,1.0347567928072958,0.0,0.0,0.0,1.0,0.0,0.0,0.0,2,0.6666666666666666,bulk,tunnel,ikev2,AES_GCM_16_256,PASS,0
fragmented_03,64,0,4,4848.0,1.2171251773834229,3983.156449382007,3.286432714011557,1212.0,0.0,1212.0,1212.0,1212.0,1212.0,1212.0,1212.0,1212.0,1212.0,1212.0,0.0,0.0,-0.0,0.0,0.40570839246114093,0.29392894428197225,0.17981719970703125,0.8208479881286621,0.1871457576751709,0.19813859462738037,0.2164599895477295,0.5186539888381958,0.6999703884124756,0.9182958340544896,0.7244814878426187,1.0,0,1.0,0.5,0.5,0.5,0.5,0.9646741803750879,0.0,0.0,0.0,1.0,0.0,0.0,0.0,2,0.6666666666666666,bulk,tunnel,ikev2,AES_GCM_16_256,PASS,0
icmp_01,-1,1,200,29600.0,99.25677299499512,298.2164250039898,2.0149758446215524,148.0,0.0,148.0,148.0,148.0,148.0,148.0,148.0,148.0,148.0,148.0,0.0,0.0,-0.0,0.0,0.49877775374369404,0.26212514166565903,0.10427308082580566,0.8974928855895996,0.1446165084838867,0.2451474666595459,0.49320197105407715,0.7457044124603271,0.8576851844787597,3.2433004326909556,0.5255338959372686,1.0,0,1.0,0.5,0.5,0.5,0.5,1.0010591923235514,0.0,1.0,0.0,0.0,0.0,0.0,0.0,2,0.5025125628140703,icmp,tunnel,ikev2,AES_GCM_16_256,PASS,0
icmp_01,0,0,4,592.0,1.2777059078216553,463.3304083326134,3.1306108671122526,148.0,0.0,148.0,148.0,148.0,148.0,148.0,148.0,148.0,148.0,148.0,0.0,0.0,-0.0,0.0,0.4259019692738851,0.22555989563922796,0.25127196311950684,0.7443969249725342,0.25742497444152834,0.26665449142456055,0.28203701972961426,0.5132169723510742,0.6519249439239502,0.9182958340544896,0.5296039518667393,1.0,0,1.0,0.5,0.5,0.5,0.5,0.9700262965822593,0.0,1.0,0.0,0.0,0.0,0.0,0.0,2,0.6666666666666666,icmp,tunnel,ikev2,AES_GCM_16_256,PASS,0
icmp_01,1,0,4,592.0,1.1489880084991455,515.2360125788382,3.4813244093164744,148.0,0.0,148.0,148.0,148.0,148.0,148.0,148.0,148.0,148.0,148.0,0.0,0.0,-0.0,0.0,0.3829960028330485,0.24407756234929287,0.1476149559020996,0.7193360328674316,0.17449936866760254,0.21482598781585693,0.28203701972961426,0.500686526298523,0.6318762302398682,1.584962500721156,0.6372832177375766,1.0,0,1.0,0.5,0.5,0.5,0.5,1.1550501822117036,0.0,1.0,0.0,0.0,0.0,0.0,0.0,2,0.6666666666666666,icmp,tunnel,ikev2,AES_GCM_16_256,PASS,0
icmp_01,2,0,3,444.0,1.002026081085205,443.102238934882,2.993934046857311,148.0,0.0,148.0,148.0,148.0,148.0,148.0,148.0,148.0,148.0,148.0,0.0,0.0,-0.0,0.0,0.5010130405426025,0.35339808464050293,0.1476149559020996,0.8544111251831055,0.2182945728302002,0.3243139982223511,0.5010130405426025,0.677712082862854,0.7837315082550049,1.0,0.7053656305874576,1.0,0,1.0,0.6666666666666666,0.6666666666666666,0.3333333333333333,0.3333333333333333,1.0,0.3333333333333333,1.0,0.0,0.0,0.0,0.0,0.0,2,0.5,icmp,tunnel,ikev2,AES_GCM_16_256,PASS,0
icmp_01,4,0,3,444.0,1.0511350631713867,422.40052259355195,2.8540575850915673,148.0,0.0,148.0,148.0,148.0,148.0,148.0,148.0,148.0,148.0,148.0,0.0,0.0,-0.0,0.0,0.5255675315856934,0.05133056640625,0.47423696517944336,0.5768980979919434,0.48450307846069335,0.49990224838256836,0.5255675315856934,0.5512328147888184,0.5666319847106933,1.0,0.09766674243486476,1.0,0,1.0,0.3333333333333333,0.3333333333333333,0.6666666666666666,0.6666666666666666,1.0,-0.3333333333333333,1.0,0.0,0.0,0.0,0.0,0.0,2,0.5,icmp,tunnel,ikev2,AES_GCM_16_256,PASS,0
icmp_01,5,0,3,444.0,0.9998338222503662,444.073795183955,3.000498616107804,148.0,0.0,148.0,148.0,148.0,148.0,148.0,148.0,148.0,148.0,148.0,0.0,0.0,-0.0,0.0,0.4999169111251831,0.025679945945739746,0.47423696517944336,0.5255968570709229,0.4793729543685913,0.48707693815231323,0.4999169111251831,0.512756884098053,0.5204608678817749,1.0,0.05136832542755065,1.0,0,1.0,0.6666666666666666,0.6666666666666666,0.3333333333333333,0.3333333333333333,1.0,0.3333333333333333,1.0,0.0,0.0,0.0,0.0,0.0,2,0.5,icmp,tunnel,ikev2,AES_GCM_16_256,PASS,0
icmp_01,7,0,3,444.0,0.7671170234680176,578.790440593724,3.910746220227865,148.0,0.0,148.0,148.0,148.0,148.0,148.0,148.0,148.0,148.0,148.0,0.0,0.0,-0.0,0.0,0.3835585117340088,0.23893141746520996,0.14462709426879883,0.6224899291992188,0.1924133777618408,0.2640928030014038,0.3835585117340088,0.5030242204666138,0.5747036457061767,1.0,0.6229318010783796,1.0,0,1.0,0.3333333333333333,0.3333333333333333,0.6666666666666666,0.6666666666666666,1.0,-0.3333333333333333,1.0,0.0,0.0,0.0,0.0,0.0,2,0.5,icmp,tunnel,ikev2,AES_GCM_16_256,PASS,0
icmp_01,8,0,4,592.0,1.2055411338806152,491.06578229675387,3.318012042545634,148.0,0.0,148.0,148.0,148.0,148.0,148.0,148.0,148.0,148.0,148.0,0.0,0.0,-0.0,0.0,0.40184704462687176,0.3232033216106391,0.14462709426879883,0.8576710224151611,0.1563502788543701,0.17393505573272705,0.20324301719665527,0.5304570198059082,0.72678542137146,0.9182958340544896,0.804292383482277,1.0,0,1.0,0.5,0.5,0.5,0.5,0.9447487114997408,0.0,1.0,0.0,0.0,0.0,0.0,0.0,2,0.6666666666666666,icmp,tunnel,ikev2,AES_GCM_16_256,PASS,0
icmp_01,9,0,3,444.0,1.0014309883117676,443.3655490814241,2.9957131694690817,148.0,0.0,148.0,148.0,148.0,148.0,148.0,148.0,148.0,148.0,148.0,0.0,0.0,-0.0,0.0,0.5007154941558838,0.2974724769592285,0.20324301719665527,0.7981879711151123,0.262737512588501,0.35197925567626953,0.5007154941558838,0.649451732635498,0.7386934757232666,1.0,0.5940936246981688,1.0,0,1.0,0.6666666666666666,0.6666666666666666,0.3333333333333333,0.3333333333333333,1.0,0.3333333333333333,1.0,0.0,0.0,0.0,0.0,0.0,2,0.5,icmp,tunnel,ikev2,AES_GCM_16_256,PASS,0
icmp_01,11,0,3,444.0,0.8627979755401611,514.6048235938783,3.4770596188775564,148.0,0.0,148.0,148.0,148.0,148.0,148.0,148.0,148.0,148.0,148.0,0.0,0.0,-0.0,0.0,0.43139898777008057,0.31295597553253174,0.11844301223754883,0.7443549633026123,0.18103420734405518,0.2749210000038147,0.43139898777008057,0.5878769755363464,0.681763768196106,1.0,0.7254427084020344,1.0,0,1.0,0.3333333333333333,0.3333333333333333,0.6666666666666666,0.6666666666666666,1.0,-0.3333333333333333,1.0,0.0,0.0,0.0,0.0,0.0,2,0.5,icmp,tunnel,ikev2,AES_GCM_16_256,PASS,0
icmp_01,12,0,4,592.0,1.3737199306488037,430.9466484339353,2.911801678607671,148.0,0.0,148.0,148.0,148.0,148.0,148.0,148.0,148.0,148.0,148.0,0.0,0.0,-0.0,0.0,0.45790664354960126,0.3182719376701171,0.11844301223754883,0.8836050033569336,0.16908879280090333,0.24505746364593506,0.3716719150543213,0.6276384592056274,0.7812183856964111,1.584962500721156,0.6950570538699501,1.0,0,1.0,0.5,0.5,0.5,0.5,0.7982678583741254,0.0,1.0,0.0,0.0,0.0,0.0,0.0,2,0.6666666666666666,icmp,tunnel,ikev2,AES_GCM_16_256,PASS,0
icmp_01,13,0,4,592.0,1.1231298446655273,527.0984497578728,3.5614760118775193,148.0,0.0,148.0,148.0,148.0,148.0,148.0,148.0,148.0,148.0,148.0,0.0,0.0,-0.0,0.0,0.3743766148885091,0.20690671078189363,0.12233185768127441,0.6291260719299316,0.17219986915588378,0.24700188636779785,0.3716719150543213,0.5003989934921265,0.5776352405548095,1.584962500721156,0.5526684891229705,1.0,0,1.0,0.5,0.5,0.5,0.5,1.3318066331343634,0.0,1.0,0.0,0.0,0.0,0.0,0.0,2,0.6666666666666666,icmp,tunnel,ikev2,AES_GCM_16_256,PASS,0
icmp_01,16,0,4,592.0,1.216844081878662,486.50440004279153,3.2871918921810237,148.0,0.0,148.0,148.0,148.0,148.0,148.0,148.0,148.0,148.0,148.0,0.0,0.0,-0.0,0.0,0.405614693959554,0.32630288912561556,0.13750410079956055,0.8649358749389648,0.1528841018676758,0.17595410346984863,0.21440410614013672,0.5396699905395508,0.7348295211791993,1.584962500721156,0.8044631753281047,1.0,0,1.0,0.5,0.5,0.5,0.5,0.9287518896357552,0.0,1.0,0.0,0.0,0.0,0.0,0.0,2,0.6666666666666666,icmp,tunnel,ikev2,AES_GCM_16_256,PASS,0
icmp_01,17,0,4,592.0,1.139719009399414,519.4262753518169,3.5096369956203843,148.0,0.0,148.0,148.0,148.0,148.0,148.0,148.0,148.0,148.0,148.0,0.0,0.0,-0.0,0.0,0.3799063364664714,0.289936933383411,0.1377699375152588,0.7875449657440186,0.15309677124023438,0.17608702182769775,0.21440410614013672,0.5009745359420776,0.6729167938232422,1.584962500721156,0.763178031990965,1.0,0,1.0,0.5,0.5,0.5,0.5,1.082818384894229,0.0,1.0,0.0,0.0,0.0,0.0,0.0,2,0.6666666666666666,icmp,tunnel,ikev2,AES_GCM_16_256,PASS,0
icmp_01,20,0,4,592.0,1.114961862564087,530.9598649756259,3.5875666552407157,148.0,0.0,148.0,148.0,148.0,148.0,148.0,148.0,148.0,148.0,148.0,0.0,0.0,-0.0,0.0,0.371653954188029,0.36831828249877846,0.1087489128112793,0.8925268650054932,0.10973634719848632,0.11121749877929688,0.11368608474731445,0.5031064748764038,0.7367587089538574,0.9182958340544896,0.9910221250876629,1.0,0,1.0,0.5,0.5,0.5,0.5,0.9950923241153155,0.0,1.0,0.0,0.0,0.0,0.0,0.0,2,0.6666666666666666,icmp,tunnel,ikev2,AES_GCM_16_256,PASS,0
icmp_01,21,0,4,592.0,1.2088520526885986,489.72080469511326,3.308924356048063,148.0,0.0,148.0,148.0,148.0,148.0,148.0,148.0,148.0,148.0,148.0,0.0,0.0,-0.0,0.0,0.4029506842295329,0.3453167491831069,0.11368608474731445,0.8883321285247803,0.13231563568115234,0.16025996208190918,0.2068338394165039,0.5475829839706421,0.7520324707031251,1.584962500721156,0.8569681247104667,1.0,0,1.0,0.5,0.5,0.5,0.5,0.9149456134124533,0.0,1.0,0.0,0.0,0.0,0.0,0.0,2,0.6666666666666666,icmp,tunnel,ikev2,AES_GCM_16_256,PASS,0
icmp_01,24,0,4,592.0,1.163295030593872,508.8992769940562,3.4385086283382176,148.0,0.0,148.0,148.0,148.0,148.0,148.0,148.0,148.0,148.0,148.0,0.0,0.0,-0.0,0.0,0.38776501019795734,0.3597764986501493,0.10645484924316406,0.8955810070037842,0.11741571426391602,0.13385701179504395,0.16125917434692383,0.528420090675354,0.7487166404724122,0.9182958340544896,0.9278185534273127,1.0,0,1.0,0.5,0.5,0.5,0.5,0.9481423263297565,0.0,1.0,0.0,0.0,0.0,0.0,0.0,2,0.6666666666666666,icmp,tunnel,ikev2,AES_GCM_16_256,PASS,0
icmp_01,25,0,4,592.0,1.1312031745910645,523.3365794027328,3.5360579689373837,148.0,0.0,148.0,148.0,148.0,148.0,148.0,148.0,148.0,148.0,148.0,0.0,0.0,-0.0,0.0,0.37706772486368817,0.3279764093642196,0.12941217422485352,0.8405318260192871,0.13578157424926757,0.14533567428588867,0.16125917434692383,0.5008955001831055,0.7046772956848145,0.9182958340544896,0.8698053902051527,1.0,0,1.0,0.5,0.5,0.5,0.5,1.0328327896056524,0.0,1.0,0.0,0.0,0.0,0.0,0.0,2,0.6666666666666666,icmp,tunnel,ikev2,AES_GCM_16_256,PASS,0
icmp_01,28,0,4,592.0,1.220771074295044,484.93940630257885,3.27661761015256,148.0,0.0,148.0,148.0,148.0,148.0,148.0,148.0,148.0,148.0,148.0,0.0,0.0,-0.0,0.0,0.40692369143168133,0.2805865652107804,0.19834303855895996,0.803555965423584,0.20244884490966797,0.20860755443572998,0.2188720703125,0.511214017868042,0.6866191864013672,0.9182958340544896,0.6895294660631036,1.0,0,1.0,0.5,0.5,0.5,0.5,0.9799203357534153,0.0,1.0,0.0,0.0,0.0,0.0,0.0,2,0.6666666666666666,icmp,tunnel,ikev2,AES_GCM_16_256,PASS,0
icmp_01,29,0,4,592.0,1.109400987625122,533.6213024898107,3.60554934114737,148.0,0.0,148.0,148.0,148.0,148.0,148.0,148.0,148.0,148.0,148.0,0.0,0.0,-0.0,0.0,0.369800329208374,0.29449520489044895,0.1090998649597168,0.7814290523529053,0.13105430603027343,0.1639859676361084,0.2188720703125,0.5001505613327026,0.6689176559448242,1.584962500721156,0.7963605904848117,1.0,0,1.0,0.5,0.5,0.5,0.5,1.1232650394093922,0.0,1.0,0.0,0.0,0.0,0.0,0.0,2,0.6666666666666666,icmp,tunnel,ikev2,AES_GCM_16_256,PASS,0
icmp_01,32,0,4,592.0,1.3632500171661377,434.2563671707283,2.9341646430454618,148.0,0.0,148.0,148.0,148.0,148.0,148.0,148.0,148.0,148.0,148.0,0.0,0.0,-0.0,0.0,0.4544166723887126,0.2821251089902503,0.16379904747009277,0.8364698886871338,0.20363545417785645,0.26339006423950195,0.36298108100891113,0.5997254848480225,0.7417721271514893,1.584962500721156,0.6208497735293141,1.0,0,1.0,0.5,0.5,0.5,0.5,0.8339382996809005,0.0,1.0,0.0,0.0,0.0,0.0,0.0,2,0.6666666666666666,icmp,tunnel,ikev2,AES_GCM_16_256,PASS,0
icmp_01,33,0,4,592.0,1.2059941291809082,490.88132825495336,3.3167657314523873,148.0,0.0,148.0,148.0,148.0,148.0,148.0,148.0,148.0,148.0,148.0,0.0,0.0,-0.0,0.0,0.40199804306030273,0.17907801687972838,0.20480012893676758,0.6382129192352295,0.2364363193511963,0.28389060497283936,0.36298108100891113,0.5005970001220703,0.5831665515899658,1.584962500721156,0.44546876409570313,1.0,0,1.0,0.5,0.5,0.5,0.5,1.1876361994383642,0.0,1.0,0.0,0.0,0.0,0.0,0.0,2,0.6666666666666666,icmp,tunnel,ikev2,AES_GCM_16_256,PASS,0
icmp_01,36,0,4,592.0,1.386756181716919,426.8955190573263,2.884429182819772,148.0,0.0,148.0,148.0,148.0,148.0,148.0,148.0,148.0,148.0,148.0,0.0,0.0,-0.0,0.0,0.46225206057230633,0.2834429037761414,0.16012001037597656,0.8414561748504639,0.20513200759887695,0.27265000343322754,0.3851799964904785,0.6133180856704712,0.7502009391784669,1.584962500721156,0.6131769109872769,1.0,0,1.0,0.5,0.5,0.5,0.5,0.8165219582670331,0.0,1.0,0.0,0.0,0.0,0.0,0.0,2,0.6666666666666666,icmp,tunnel,ikev2,AES_GCM_16_256,PASS,0
icmp_01,37,0,4,592.0,1.1693499088287354,506.2642033238531,3.4207040765125214,148.0,0.0,148.0,148.0,148.0,148.0,148.0,148.0,148.0,148.0,148.0,0.0,0.0,-0.0,0.0,0.3897833029429118,0.18247933541294292,0.16862988471984863,0.6155400276184082,0.21193990707397461,0.2769049406051636,0.3851799964904785,0.5003600120544434,0.5694680213928223,1.584962500721156,0.4681546538308626,1.0,0,1.0,0.5,0.5,0.5,0.5,1.2761504008417237,0.0,1.0,0.0,0.0,0.0,0.0,0.0,2,0.6666666666666666,icmp,tunnel,ikev2,AES_GCM_16_256,PASS,0
icmp_01,40,0,4,592.0,1.2152040004730225,487.1610032303728,3.291628400205221,148.0,0.0,148.0,148.0,148.0,148.0,148.0,148.0,148.0,148.0,148.0,0.0,0.0,-0.0,0.0,0.40506800015767414,0.13588557570089901,0.21488094329833984,0.5240151882171631,0.2671663284301758,0.3455944061279297,0.47630786895751953,0.5001615285873413,0.5144737243652344,1.584962500721156,0.33546278695235926,1.0,0,1.0,0.5,0.5,0.5,0.5,1.447247976514432,0.0,1.0,0.0,0.0,0.0,0.0,0.0,2,0.6666666666666666,icmp,tunnel,ikev2,AES_GCM_16_256,PASS,0
icmp_01,41,0,3,444.0,1.0010490417480469,443.5347135687584,2.996856172761881,148.0,0.0,148.0,148.0,148.0,148.0,148.0,148.0,148.0,148.0,148.0,0.0,0.0,-0.0,0.0,0.5005245208740234,0.2856435775756836,0.21488094329833984,0.786168098449707,0.27200965881347655,0.35770273208618164,0.5005245208740234,0.6433463096618652,0.7290393829345703,1.0,0.5706873389330668,1.0,0,1.0,0.6666666666666666,0.6666666666666666,0.3333333333333333,0.3333333333333333,1.0,0.3333333333333333,1.0,0.0,0.0,0.0,0.0,0.0,2,0.5,icmp,tunnel,ikev2,AES_GCM_16_256,PASS,0
icmp_01,43,0,3,444.0,1.0872280597686768,408.37798105989583,2.759310682837134,148.0,0.0,148.0,148.0,148.0,148.0,148.0,148.0,148.0,148.0,148.0,0.0,0.0,-0.0,0.0,0.5436140298843384,0.20339787006378174,0.34021615982055664,0.7470118999481201,0.380895733833313,0.4419150948524475,0.5436140298843384,0.6453129649162292,0.7063323259353638,1.0,0.3741579222102403,1.0,0,1.0,0.3333333333333333,0.3333333333333333,0.6666666666666666,0.6666666666666666,1.0,-0.3333333333333333,1.0,0.0,0.0,0.0,0.0,0.0,2,0.5,icmp,tunnel,ikev2,AES_GCM_16_256,PASS,0
icmp_01,44,0,4,592.0,1.3498129844665527,438.5792749163388,2.9633734791644515,148.0,0.0,148.0,148.0,148.0,148.0,148.0,148.0,148.0,148.0,148.0,0.0,0.0,-0.0,0.0,0.4499376614888509,0.1490247984641802,0.34021615982055664,0.6606299877166748,0.3419662952423096,0.34459149837493896,0.3489668369293213,0.504798412322998,0.5982973575592041,0.9182958340544896,0.3312113655027018,1.0,0,1.0,0.5,0.5,0.5,0.5,0.9913315214285121,0.0,1.0,0.0,0.0,0.0,0.0,0.0,2,0.6666666666666666,icmp,tunnel,ikev2,AES_GCM_16_256,PASS,0
icmp_01,45,0,4,592.0,1.1701438426971436,505.92070683845094,3.4183831543138576,148.0,0.0,148.0,148.0,148.0,148.0,148.0,148.0,148.0,148.0,148.0,0.0,0.0,-0.0,0.0,0.39004794756571454,0.19894826504421295,0.1695389747619629,0.6516380310058594,0.20542454719543457,0.2592529058456421,0.3489668369293213,0.5003024339675903,0.5911037921905518,1.584962500721156,0.5100597406706107,1.0,0,1.0,0.5,0.5,0.5,0.5,1.218499352037065,0.0,1.0,0.0,0.0,0.0,0.0,0.0,2,0.6666666666666666,icmp,tunnel,ikev2,AES_GCM_16_256,PASS,0
icmp_01,48,0,4,592.0,1.4175159931182861,417.63197231920043,2.8218376508054086,148.0,0.0,148.0,148.0,148.0,148.0,148.0,148.0,148.0,148.0,148.0,0.0,0.0,-0.0,0.0,0.4725053310394287,0.11922895003843506,0.36262989044189453,0.6382079124450684,0.3734395503997803,0.3896540403366089,0.41667819023132324,0.5274430513381958,0.5939019680023193,1.584962500721156,0.25233302118122497,1.0,0,1.0,0.5,0.5,0.5,0.5,0.9487629532560421,0.0,1.0,0.0,0.0,0.0,0.0,0.0,2,0.6666666666666666,icmp,tunnel,ikev2,AES_GCM_16_256,PASS,0
icmp_01,49,0,4,592.0,1.1945230960845947,495.5952730763066,3.348616709975045,148.0,0.0,148.0,148.0,148.0,148.0,148.0,148.0,148.0,148.0,148.0,0.0,0.0,-0.0,0.0,0.39817436536153156,0.15999154894101822,0.19362998008728027,0.5842149257659912,0.23823962211608887,0.30515408515930176,0.41667819023132324,0.5004465579986572,0.5507075786590576,1.584962500721156,0.40181177154380354,1.0,0,1.0,0.5,0.5,0.5,0.5,1.2867498671210045,0.0,1.0,0.0,0.0,0.0,0.0,0.0,2,0.6666666666666666,icmp,tunnel,ikev2,AES_GCM_16_256,PASS,0
icmp_01,52,0,4,592.0,1.2187621593475342,485.7387435764562,3.2820185376787583,148.0,0.0,148.0,148.0,148.0,148.0,148.0,148.0,148.0,148.0,148.0,0.0,0.0,-0.0,0.0,0.4062540531158447,0.15950384707489076,0.21828293800354004,0.6082320213317871,0.25307579040527345,0.30526506900787354,0.39224720001220703,0.5002396106719971,0.565035057067871,1.584962500721156,0.39261997075863525,1.0,0,1.0,0.5,0.5,0.5,0.5,1.2104778014795574,0.0,1.0,0.0,0.0,0.0,0.0,0.0,2,0.6666666666666666,icmp,tunnel,ikev2,AES_GCM_16_256,PASS,0
icmp_01,53,0,3,444.0,1.0014028549194336,443.3780049845388,2.9957973309766133,148.0,0.0,148.0,148.0,148.0,148.0,148.0,148.0,148.0,148.0,148.0,0.0,0.0,-0.0,0.0,0.5007014274597168,0.28241848945617676,0.21828293800354004,0.7831199169158936,0.2747666358947754,0.3594921827316284,0.5007014274597168,0.6419106721878052,0.7266362190246582,1.0,0.564044578112013,1.0,0,1.0,0.6666666666666666,0.6666666666666666,0.3333333333333333,0.3333333333333333,1.0,0.3333333333333333,1.0,0.0,0.0,0.0,0.0,0.0,2,0.5,icmp,tunnel,ikev2,AES_GCM_16_256,PASS,0
icmp_01,55,0,3,444.0,0.9741349220275879,455.7890185025373,3.0796555304225492,148.0,0.0,148.0,148.0,148.0,148.0,148.0,148.0,148.0,148.0,148.0,0.0,0.0,-0.0,0.0,0.48706746101379395,0.020213603973388672,0.4668538570404053,0.5072810649871826,0.470896577835083,0.4769606590270996,0.48706746101379395,0.4971742630004883,0.5032383441925049,1.0,0.041500539639367486,1.0,0,1.0,0.3333333333333333,0.3333333333333333,0.6666666666666666,0.6666666666666666,1.0,-0.3333333333333333,1.0,0.0,0.0,0.0,0.0,0.0,2,0.5,icmp,tunnel,ikev2,AES_GCM_16_256,PASS,0
icmp_01,56,0,4,592.0,1.1067190170288086,534.9144551517089,3.6142868591331685,148.0,0.0,148.0,148.0,148.0,148.0,148.0,148.0,148.0,148.0,148.0,0.0,0.0,-0.0,0.0,0.36890633900960285,0.18582490496713985,0.10623598098754883,0.5072810649871826,0.18362917900085451,0.299718976020813,0.49320197105407715,0.5002415180206299,0.5044652462005615,0.9182958340544896,0.5037170186584516,1.0,0,1.0,0.5,0.5,0.5,0.5,1.669032405441321,0.0,1.0,0.0,0.0,0.0,0.0,0.0,2,0.6666666666666666,icmp,tunnel,ikev2,AES_GCM_16_256,PASS,0
icmp_01,57,0,3,444.0,1.0020170211791992,443.106245318557,2.9939611170172773,148.0,0.0,148.0,148.0,148.0,148.0,148.0,148.0,148.0,148.0,148.0,0.0,0.0,-0.0,0.0,0.5010085105895996,0.3947725296020508,0.10623598098754883,0.8957810401916504,0.18519048690795897,0.3036222457885742,0.5010085105895996,0.698394775390625,0.8168265342712402,1.0,0.7879541630606439,1.0,0,1.0,0.6666666666666666,0.6666666666666666,0.3333333333333333,0.3333333333333333,1.0,0.3333333333333333,1.0,0.0,0.0,0.0,0.0,0.0,2,0.5,icmp,tunnel,ikev2,AES_GCM_16_256,PASS,0
icmp_01,59,0,3,444.0,0.7035348415374756,631.0988081694732,4.264181136280224,148.0,0.0,148.0,148.0,148.0,148.0,148.0,148.0,148.0,148.0,148.0,0.0,0.0,-0.0,0.0,0.3517674207687378,0.20559346675872803,0.14617395401000977,0.5573608875274658,0.18729264736175538,0.24897068738937378,0.3517674207687378,0.4545641541481018,0.5162421941757203,1.0,0.5844568603100698,1.0,0,1.0,0.3333333333333333,0.3333333333333333,0.6666666666666666,0.6666666666666666,1.0,-0.3333333333333333,1.0,0.0,0.0,0.0,0.0,0.0,2,0.5,icmp,tunnel,ikev2,AES_GCM_16_256,PASS,0
icmp_01,60,0,3,444.0,1.0017950534820557,443.2044243547994,2.99462448888378,148.0,0.0,148.0,148.0,148.0,148.0,148.0,148.0,148.0,148.0,148.0,0.0,0.0,-0.0,0.0,0.5008975267410278,0.35472357273101807,0.14617395401000977,0.8556210994720459,0.21711866855621337,0.3235357403755188,0.5008975267410278,0.6782593131065369,0.7846763849258422,1.0,0.7081745179785995,1.0,0,1.0,0.6666666666666666,0.6666666666666666,0.3333333333333333,0.3333333333333333,1.0,0.3333333333333333,1.0,0.0,0.0,0.0,0.0,0.0,2,0.5,icmp,tunnel,ikev2,AES_GCM_16_256,PASS,0
icmp_01,61,0,4,592.0,1.128350019454956,524.659892580108,3.544999274189919,148.0,0.0,148.0,148.0,148.0,148.0,148.0,148.0,148.0,148.0,148.0,0.0,0.0,-0.0,0.0,0.37611667315165204,0.1758665501924755,0.12770819664001465,0.5109739303588867,0.20010013580322267,0.30868804454803467,0.4896678924560547,0.5003209114074707,0.5067127227783204,0.9182958340544896,0.46758385140164754,1.0,0,1.0,0.5,0.5,0.5,0.5,1.5667265667669072,0.0,1.0,0.0,0.0,0.0,0.0,0.0,2,0.6666666666666666,icmp,tunnel,ikev2,AES_GCM_16_256,PASS,0
icmp_01,62,0,3,444.0,0.6386821269989014,695.1815014556745,4.697172307132935,148.0,0.0,148.0,148.0,148.0,148.0,148.0,148.0,148.0,148.0,148.0,0.0,0.0,-0.0,0.0,0.3193410634994507,0.19163286685943604,0.12770819664001465,0.5109739303588867,0.16603477001190187,0.22352463006973267,0.3193410634994507,0.4151574969291687,0.4726473569869995,1.0,0.6000865177592418,1.0,0,1.0,0.3333333333333333,0.3333333333333333,0.6666666666666666,0.6666666666666666,1.0,-0.3333333333333333,1.0,0.0,0.0,0.0,0.0,0.0,2,0.5,icmp,tunnel,ikev2,AES_GCM_16_256,PASS,0
icmp_01,64,0,4,592.0,1.3130879402160645,450.845660727482,3.046254464374879,148.0,0.0,148.0,148.0,148.0,148.0,148.0,148.0,148.0,148.0,148.0,0.0,0.0,-0.0,0.0,0.4376959800720215,0.1708033972141238,0.31230688095092773,0.6791889667510986,0.3141639232635498,0.3169494867324829,0.3215920925140381,0.5003905296325684,0.6076695919036865,0.9182958340544896,0.3902320669108083,1.0,0,1.0,0.5,0.5,0.5,0.5,1.0093638336668727,0.0,1.0,0.0,0.0,0.0,0.0,0.0,2,0.6666666666666666,icmp,tunnel,ikev2,AES_GCM_16_256,PASS,0
icmp_01,65,0,4,592.0,1.1377620697021484,520.3196834949666,3.5156735371281527,148.0,0.0,148.0,148.0,148.0,148.0,148.0,148.0,148.0,148.0,148.0,0.0,0.0,-0.0,0.0,0.3792540232340495,0.22992345995692212,0.1371631622314453,0.6882920265197754,0.17219190597534179,0.22473502159118652,0.31230688095092773,0.5002994537353516,0.6130949974060058,1.584962500721156,0.6062502692681003,1.0,0,1.0,0.5,0.5,0.5,0.5,1.212176880016424,0.0,1.0,0.0,0.0,0.0,0.0,0.0,2,0.6666666666666666,icmp,tunnel,ikev2,AES_GCM_16_256,PASS,0
icmp_01,68,0,4,592.0,1.1845061779022217,499.78633378547755,3.376934687739713,148.0,0.0,148.0,148.0,148.0,148.0,148.0,148.0,148.0,148.0,148.0,0.0,0.0,-0.0,0.0,0.3948353926340739,0.20383521740968927,0.18449807167053223,0.6707139015197754,0.2134572982788086,0.25689613819122314,0.32929420471191406,0.5000040531158447,0.6024299621582031,1.584962500721156,0.5162523546774461,1.0,0,1.0,0.5,0.5,0.5,0.5,1.1693088594075396,0.0,1.0,0.0,0.0,0.0,0.0,0.0,2,0.6666666666666666,icmp,tunnel,ikev2,AES_GCM_16_256,PASS,0
icmp_01,69,0,3,444.0,1.0011398792266846,443.4944698666495,2.99658425585574,148.0,0.0,148.0,148.0,148.0,148.0,148.0,148.0,148.0,148.0,148.0,0.0,0.0,-0.0,0.0,0.5005699396133423,0.31607186794281006,0.18449807167053223,0.8166418075561523,0.24771244525909425,0.34253400564193726,0.5005699396133423,0.6586058735847473,0.7534274339675904,1.0,0.631422727389957,1.0,0,1.0,0.6666666666666666,0.6666666666666666,0.3333333333333333,0.3333333333333333,1.0,0.3333333333333333,1.0,0.0,0.0,0.0,0.0,0.0,2,0.5,icmp,tunnel,ikev2,AES_GCM_16_256,PASS,0
icmp_01,71,0,3,444.0,0.8870341777801514,500.5444109393088,3.3820568306710057,148.0,0.0,148.0,148.0,148.0,148.0,148.0,148.0,148.0,148.0,148.0,0.0,0.0,-0.0,0.0,0.4435170888900757,0.013946890830993652,0.42957019805908203,0.45746397972106934,0.43235957622528076,0.43654364347457886,0.4435170888900757,0.4504905343055725,0.4546746015548706,1.0,0.03144604736617707,1.0,0,1.0,0.3333333333333333,0.3333333333333333,0.6666666666666666,0.6666666666666666,1.0,-0.3333333333333333,1.0,0.0,0.0,0.0,0.0,0.0,2,0.5,icmp,tunnel,ikev2,AES_GCM_16_256,PASS,0
icmp_01,72,0,4,592.0,1.1076090335845947,534.4846259370865,3.611382607683017,148.0,0.0,148.0,148.0,148.0,148.0,148.0,148.0,148.0,148.0,148.0,0.0,0.0,-0.0,0.0,0.3692030111948649,0.1944642925801056,0.106658935546875,0.5713798999786377,0.17124118804931643,0.2681145668029785,0.42957019805908203,0.5004750490188599,0.5430179595947265,1.584962500721156,0.5267122964096613,1.0,0,1.0,0.5,0.5,0.5,0.5,1.4762408424896398,0.0,1.0,0.0,0.0,0.0,0.0,0.0,2,0.6666666666666666,icmp,tunnel,ikev2,AES_GCM_16_256,PASS,0
icmp_01,73,0,3,444.0,1.0009710788726807,443.56925926375834,2.9970895896199887,148.0,0.0,148.0,148.0,148.0,148.0,148.0,148.0,148.0,148.0,148.0,0.0,0.0,-0.0,0.0,0.5004855394363403,0.39382660388946533,0.106658935546875,0.8943121433258057,0.18542425632476806,0.30357223749160767,0.5004855394363403,0.697398841381073,0.8155468225479126,1.0,0.786887504173443,1.0,0,1.0,0.6666666666666666,0.6666666666666666,0.3333333333333333,0.3333333333333333,1.0,0.3333333333333333,1.0,0.0,0.0,0.0,0.0,0.0,2,0.5,icmp,tunnel,ikev2,AES_GCM_16_256,PASS,0
icmp_01,75,0,3,444.0,0.7829349040985107,567.0969549010359,3.831736181763756,148.0,0.0,148.0,148.0,148.0,148.0,148.0,148.0,148.0,148.0,148.0,0.0,0.0,-0.0,0.0,0.39146745204925537,0.1646174192428589,0.22685003280639648,0.5560848712921143,0.2597735166549683,0.3091587424278259,0.39146745204925537,0.4737761616706848,0.5231613874435425,1.0,0.4205126067787102,1.0,0,1.0,0.3333333333333333,0.3333333333333333,0.6666666666666666,0.6666666666666666,1.0,-0.3333333333333333,1.0,0.0,0.0,0.0,0.0,0.0,2,0.5,icmp,tunnel,ikev2,AES_GCM_16_256,PASS,0
icmp_01,76,0,4,592.0,1.308333158493042,452.48413690124204,3.0573252493327163,148.0,0.0,148.0,148.0,148.0,148.0,148.0,148.0,148.0,148.0,148.0,0.0,0.0,-0.0,0.0,0.436111052831014,0.24150705441952677,0.22685003280639648,0.7745060920715332,0.24287543296813965,0.2669135332107544,0.3069770336151123,0.5407415628433228,0.6810002803802491,1.584962500721156,0.5537729417285944,1.0,0,1.0,0.5,0.5,0.5,0.5,0.9259092214988901,0.0,1.0,0.0,0.0,0.0,0.0,0.0,2,0.6666666666666666,icmp,tunnel,ikev2,AES_GCM_16_256,PASS,0
icmp_01,77,0,3,444.0,1.0001838207244873,443.9183985983564,2.999448639178084,148.0,0.0,148.0,148.0,148.0,148.0,148.0,148.0,148.0,148.0,148.0,0.0,0.0,-0.0,0.0,0.5000919103622437,0.19311487674713135,0.3069770336151123,0.693206787109375,0.3456000089645386,0.403534471988678,0.5000919103622437,0.5966493487358093,0.6545838117599487,1.0,0.3861579973354312,1.0,0,1.0,0.6666666666666666,0.6666666666666666,0.3333333333333333,0.3333333333333333,1.0,0.3333333333333333,1.0,0.0,0.0,0.0,0.0,0.0,2,0.5,icmp,tunnel,ikev2,AES_GCM_16_256,PASS,0
icmp_01,79,0,3,444.0,1.2160770893096924,365.10843260112495,2.46694886892652,148.0,0.0,148.0,148.0,148.0,148.0,148.0,148.0,148.0,148.0,148.0,0.0,0.0,-0.0,0.0,0.6080385446548462,0.1853114366531372,0.422727108001709,0.7933499813079834,0.4597893953323364,0.5153828263282776,0.6080385446548462,0.7006942629814148,0.756287693977356,1.0,0.30476872480116285,1.0,0,1.0,0.3333333333333333,0.3333333333333333,0.6666666666666666,0.6666666666666666,1.0,-0.3333333333333333,1.0,0.0,0.0,0.0,0.0,0.0,2,0.5,icmp,tunnel,ikev2,AES_GCM_16_256,PASS,0
icmp_01,80,0,4,592.0,1.203563928604126,491.87250126928615,3.323462846414096,148.0,0.0,148.0,148.0,148.0,148.0,148.0,148.0,148.0,148.0,148.0,0.0,0.0,-0.0,0.0,0.4011879762013753,0.15364535215792324,0.2031688690185547,0.5776679515838623,0.24708051681518556,0.31294798851013184,0.422727108001709,0.5001975297927856,0.5466797828674317,1.584962500721156,0.3829750099633883,1.0,0,1.0,0.5,0.5,0.5,0.5,1.2811816144020352,0.0,1.0,0.0,0.0,0.0,0.0,0.0,2,0.6666666666666666,icmp,tunnel,ikev2,AES_GCM_16_256,PASS,0
icmp_01,81,0,4,592.0,1.1522409915924072,513.7814088542804,3.4714960057721647,148.0,0.0,148.0,148.0,148.0,148.0,148.0,148.0,148.0,148.0,148.0,0.0,0.0,-0.0,0.0,0.3840803305308024,0.29353657636200037,0.15096402168273926,0.7981081008911133,0.16140499114990234,0.17706644535064697,0.2031688690185547,0.500638484954834,0.6791202545166016,0.9182958340544896,0.764256299457022,1.0,0,1.0,0.5,0.5,0.5,0.5,1.055005084533677,0.0,1.0,0.0,0.0,0.0,0.0,0.0,2,0.6666666666666666,icmp,tunnel,ikev2,AES_GCM_16_256,PASS,0
icmp_01,84,0,4,592.0,1.1110529899597168,532.827871712459,3.60018832238148,148.0,0.0,148.0,148.0,148.0,148.0,148.0,148.0,148.0,148.0,148.0,0.0,0.0,-0.0,0.0,0.37035099665323895,0.37127661527947964,0.1059579849243164,0.8954110145568848,0.10670318603515624,0.10782098770141602,0.10968399047851562,0.5025475025177002,0.738265609741211,0.9182958340544896,1.0024965941444794,1.0,0,1.0,0.5,0.5,0.5,0.5,0.9962918909879979,0.0,1.0,0.0,0.0,0.0,0.0,0.0,2,0.6666666666666666,icmp,tunnel,ikev2,AES_GCM_16_256,PASS,0
icmp_01,85,0,4,592.0,1.1469690799713135,516.1429460808188,3.487452338383911,148.0,0.0,148.0,148.0,148.0,148.0,148.0,148.0,148.0,148.0,148.0,0.0,0.0,-0.0,0.0,0.3823230266571045,0.3611797202731176,0.10968399047851562,0.8927109241485596,0.11666202545166016,0.12712907791137695,0.14457416534423828,0.5186425447463989,0.7430835723876954,0.9182958340544896,0.9446953240975604,1.0,0,1.0,0.5,0.5,0.5,0.5,0.9663630167037299,0.0,1.0,0.0,0.0,0.0,0.0,0.0,2,0.6666666666666666,icmp,tunnel,ikev2,AES_GCM_16_256,PASS,0
icmp_01,88,0,4,592.0,1.1195411682128906,528.7880578299788,3.572892282634992,148.0,0.0,148.0,148.0,148.0,148.0,148.0,148.0,148.0,148.0,148.0,0.0,0.0,-0.0,0.0,0.3731803894042969,0.20703134496083483,0.11889505386352539,0.6260099411010742,0.1700432777404785,0.2467656135559082,0.374636173248291,0.5003230571746826,0.5757351875305176,1.584962500721156,0.5547740343946826,1.0,0,1.0,0.5,0.5,0.5,0.5,1.34331864841136,0.0,1.0,0.0,0.0,0.0,0.0,0.0,2,0.6666666666666666,icmp,tunnel,ikev2,AES_GCM_16_256,PASS,0
icmp_01,89,0,4,592.0,1.105452060699463,535.5275195067422,3.618429185856366,148.0,0.0,148.0,148.0,148.0,148.0,148.0,148.0,148.0,148.0,148.0,0.0,0.0,-0.0,0.0,0.3684840202331543,0.36336043437721927,0.10427308082580566,0.8822839260101318,0.1071974754333496,0.11158406734466553,0.11889505386352539,0.5005894899368286,0.7296061515808105,0.9182958340544896,0.9860928244716909,1.0,0,1.0,0.5,0.5,0.5,0.5,1.0148201858749408,0.0,1.0,0.0,0.0,0.0,0.0,0.0,2,0.6666666666666666,icmp,tunnel,ikev2,AES_GCM_16_256,PASS,0
icmp_01,92,0,4,592.0,1.1050231456756592,535.7353846538892,3.6198336800938464,148.0,0.0,148.0,148.0,148.0,148.0,148.0,148.0,148.0,148.0,148.0,0.0,0.0,-0.0,0.0,0.36834104855855304,0.22884418188725125,0.10450100898742676,0.6625750064849854,0.15119023323059083,0.22122406959533691,0.33794713020324707,0.5002610683441162,0.5976494312286377,1.584962500721156,0.6212817211143716,1.0,0,1.0,0.5,0.5,0.5,0.5,1.3043307471180723,0.0,1.0,0.0,0.0,0.0,0.0,0.0,2,0.6666666666666666,icmp,tunnel,ikev2,AES_GCM_16_256,PASS,0
icmp_01,93,0,3,444.0,1.0018808841705322,443.16645522944805,2.994367940739514,148.0,0.0,148.0,148.0,148.0,148.0,148.0,148.0,148.0,148.0,148.0,0.0,0.0,-0.0,0.0,0.5009404420852661,0.39643943309783936,0.10450100898742676,0.8973798751831055,0.18378889560699463,0.30272072553634644,0.5009404420852661,0.6991601586341858,0.8180919885635376,1.0,0.7913887728026316,1.0,0,1.0,0.6666666666666666,0.6666666666666666,0.3333333333333333,0.3333333333333333,1.0,0.3333333333333333,1.0,0.0,0.0,0.0,0.0,0.0,2,0.5,icmp,tunnel,ikev2,AES_GCM_16_256,PASS,0
icmp_01,95,0,3,444.0,1.2034790515899658,368.9303934400963,2.4927729286492992,148.0,0.0,148.0,148.0,148.0,148.0,148.0,148.0,148.0,148.0,148.0,0.0,0.0,-0.0,0.0,0.6017395257949829,0.1841055154800415,0.4176340103149414,0.7858450412750244,0.4544551134109497,0.5096867680549622,0.6017395257949829,0.6937922835350037,0.7490239381790161,1.0,0.3059549882182399,1.0,0,1.0,0.3333333333333333,0.3333333333333333,0.6666666666666666,0.6666666666666666,1.0,-0.3333333333333333,1.0,0.0,0.0,0.0,0.0,0.0,2,0.5,icmp,tunnel,ikev2,AES_GCM_16_256,PASS,0
icmp_01,96,0,4,592.0,1.410365104675293,419.749466317302,2.836145042684473,148.0,0.0,148.0,148.0,148.0,148.0,148.0,148.0,148.0,148.0,148.0,0.0,0.0,-0.0,0.0,0.47012170155843097,0.07987215331445507,0.4097449779510498,0.5829861164093018,0.41132278442382814,0.4136894941329956,0.4176340103149414,0.5003100633621216,0.5499156951904297,0.9182958340544896,0.16989639736537562,1.0,0,1.0,0.5,0.5,0.5,0.5,1.0079457815544626,0.0,1.0,0.0,0.0,0.0,0.0,0.0,2,0.6666666666666666,icmp,tunnel,ikev2,AES_GCM_16_256,PASS,0
icmp_01,97,0,3,444.0,1.0012869834899902,443.4293137941692,2.9961440121227647,148.0,0.0,148.0,148.0,148.0,148.0,148.0,148.0,148.0,148.0,148.0,0.0,0.0,-0.0,0.0,0.5006434917449951,0.09089851379394531,0.4097449779510498,0.5915420055389404,0.42792468070983886,0.45519423484802246,0.5006434917449951,0.5460927486419678,0.5733623027801513,1.0,0.18156299588380323,1.0,0,1.0,0.6666666666666666,0.6666666666666666,0.3333333333333333,0.3333333333333333,1.0,0.3333333333333333,1.0,0.0,0.0,0.0,0.0,0.0,2,0.5,icmp,tunnel,ikev2,AES_GCM_16_256,PASS,0
icmp_01,99,0,3,444.0,0.847606897354126,523.8277335708124,3.5393765781811646,148.0,0.0,148.0,148.0,148.0,148.0,148.0,148.0,148.0,148.0,148.0,0.0,0.0,-0.0,0.0,0.423803448677063,0.19596540927886963,0.22783803939819336,0.6197688579559326,0.2670311212539673,0.3258207440376282,0.423803448677063,0.5217861533164978,0.5805757761001586,1.0,0.46239582876156726,1.0,0,1.0,0.3333333333333333,0.3333333333333333,0.6666666666666666,0.6666666666666666,1.0,-0.3333333333333333,1.0,0.0,0.0,0.0,0.0,0.0,2,0.5,icmp,tunnel,ikev2,AES_GCM_16_256,PASS,0
icmp_01,100,0,4,592.0,1.2862789630889893,460.24230900761717,3.1097453311325487,148.0,0.0,148.0,148.0,148.0,148.0,148.0,148.0,148.0,148.0,148.0,0.0,0.0,-0.0,0.0,0.4287596543629964,0.24499550073388962,0.22783803939819336,0.7736730575561523,0.2392240047454834,0.25630295276641846,0.28476786613464355,0.529220461845398,0.6758920192718506,1.584962500721156,0.5714038782263637,1.0,0,1.0,0.5,0.5,0.5,0.5,0.9462126117057685,0.0,1.0,0.0,0.0,0.0,0.0,0.0,2,0.6666666666666666,icmp,tunnel,ikev2,AES_GCM_16_256,PASS,0
icmp_01,101,0,3,444.0,1.000856876373291,443.61987261243604,2.997431571705649,148.0,0.0,148.0,148.0,148.0,148.0,148.0,148.0,148.0,148.0,148.0,0.0,0.0,-0.0,0.0,0.5004284381866455,0.21566057205200195,0.28476786613464355,0.7160890102386475,0.32789998054504393,0.39259815216064453,0.5004284381866455,0.6082587242126465,0.672956895828247,1.0,0.43095101046307127,1.0,0,1.0,0.6666666666666666,0.6666666666666666,0.3333333333333333,0.3333333333333333,1.0,0.3333333333333333,1.0,0.0,0.0,0.0,0.0,0.0,2,0.5,icmp,tunnel,ikev2,AES_GCM_16_256,PASS,0
icmp_01,103,0,3,444.0,0.8439309597015381,526.1093871434977,3.554793156374984,148.0,0.0,148.0,148.0,148.0,148.0,148.0,148.0,148.0,148.0,148.0,0.0,0.0,-0.0,0.0,0.42196547985076904,0.13139450550079346,0.2905709743499756,0.5533599853515625,0.31684987545013427,0.3562682271003723,0.42196547985076904,0.48766273260116577,0.5270810842514038,1.0,0.31138612135082844,1.0,0,1.0,0.3333333333333333,0.3333333333333333,0.6666666666666666,0.6666666666666666,1.0,-0.3333333333333333,1.0,0.0,0.0,0.0,0.0,0.0,2,0.5,icmp,tunnel,ikev2,AES_GCM_16_256,PASS,0
icmp_01,104,0,4,592.0,1.2401440143585205,477.36391350178724,3.2254318479850492,148.0,0.0,148.0,148.0,148.0,148.0,148.0,148.0,148.0,148.0,148.0,0.0,0.0,-0.0,0.0,0.41338133811950684,0.2111811868252959,0.23902297019958496,0.71055006980896,0.24933257102966308,0.2647969722747803,0.2905709743499756,0.5005605220794678,0.6265542507171631,1.584962500721156,0.5108616584490953,1.0,0,1.0,0.5,0.5,0.5,0.5,1.0542843443255112,0.0,1.0,0.0,0.0,0.0,0.0,0.0,2,0.6666666666666666,icmp,tunnel,ikev2,AES_GCM_16_256,PASS,0
icmp_01,105,0,3,444.0,1.0012259483337402,443.4563454322308,2.996326658325884,148.0,0.0,148.0,148.0,148.0,148.0,148.0,148.0,148.0,148.0,148.0,0.0,0.0,-0.0,0.0,0.5006129741668701,0.26159000396728516,0.23902297019958496,0.7622029781341553,0.291340970993042,0.36981797218322754,0.5006129741668701,0.6314079761505127,0.7098849773406982,1.0,0.5225383578287591,1.0,0,1.0,0.6666666666666666,0.6666666666666666,0.3333333333333333,0.3333333333333333,1.0,0.3333333333333333,1.0,0.0,0.0,0.0,0.0,0.0,2,0.5,icmp,tunnel,ikev2,AES_GCM_16_256,PASS,0
icmp_01,107,0,3,444.0,1.1999759674072266,370.0074101978437,2.500050068904349,148.0,0.0,148.0,148.0,148.0,148.0,148.0,148.0,148.0,148.0,148.0,0.0,0.0,-0.0,0.0,0.5999879837036133,0.22174310684204102,0.37824487686157227,0.8217310905456543,0.4225934982299805,0.4891164302825928,0.5999879837036133,0.7108595371246338,0.7773824691772461,1.0,0.3695786303829525,1.0,0,1.0,0.3333333333333333,0.3333333333333333,0.6666666666666666,0.6666666666666666,1.0,-0.3333333333333333,1.0,0.0,0.0,0.0,0.0,0.0,2,0.5,icmp,tunnel,ikev2,AES_GCM_16_256,PASS,0
icmp_01,108,0,4,592.0,1.2961180210113525,456.7485293801148,3.0861387120278025,148.0,0.0,148.0,148.0,148.0,148.0,148.0,148.0,148.0,148.0,148.0,0.0,0.0,-0.0,0.0,0.4320393403371175,0.13827254238743042,0.29612207412719727,0.621751070022583,0.3125466346740723,0.33718347549438477,0.37824487686157227,0.49999797344207764,0.5730498313903809,1.584962500721156,0.32004544362579085,1.0,0,1.0,0.5,0.5,0.5,0.5,1.0894695675412491,0.0,1.0,0.0,0.0,0.0,0.0,0.0,2,0.6666666666666666,icmp,tunnel,ikev2,AES_GCM_16_256,PASS,0
icmp_01,109,0,3,444.0,1.0005919933319092,443.7373104710818,2.9982250707505527,148.0,0.0,148.0,148.0,148.0,148.0,148.0,148.0,148.0,148.0,148.0,0.0,0.0,-0.0,0.0,0.5002959966659546,0.20417392253875732,0.29612207412719727,0.7044699192047119,0.33695685863494873,0.3982090353965759,0.5002959966659546,0.6023829579353333,0.6636351346969604,1.0,0.40810543317149484,1.0,0,1.0,0.6666666666666666,0.6666666666666666,0.3333333333333333,0.3333333333333333,1.0,0.3333333333333333,1.0,0.0,0.0,0.0,0.0,0.0,2,0.5,icmp,tunnel,ikev2,AES_GCM_16_256,PASS,0
icmp_01,111,0,3,444.0,1.1224579811096191,395.5604641530354,2.672705838871861,148.0,0.0,148.0,148.0,148.0,148.0,148.0,148.0,148.0,148.0,148.0,0.0,0.0,-0.0,0.0,0.5612289905548096,0.25746703147888184,0.30376195907592773,0.8186960220336914,0.3552553653717041,0.43249547481536865,0.5612289905548096,0.6899625062942505,0.767202615737915,1.0,0.4587549414890679,1.0,0,1.0,0.3333333333333333,0.3333333333333333,0.6666666666666666,0.6666666666666666,1.0,-0.3333333333333333,1.0,0.0,0.0,0.0,0.0,0.0,2,0.5,icmp,tunnel,ikev2,AES_GCM_16_256,PASS,0
icmp_01,112,0,3,444.0,1.0011961460113525,443.46954567178835,2.9964158491337054,148.0,0.0,148.0,148.0,148.0,148.0,148.0,148.0,148.0,148.0,148.0,0.0,0.0,-0.0,0.0,0.5005980730056763,0.19683611392974854,0.30376195907592773,0.6974341869354248,0.34312918186187746,0.402180016040802,0.5005980730056763,0.5990161299705505,0.6580669641494751,1.0,0.39320111551128784,1.0,0,1.0,0.6666666666666666,0.6666666666666666,0.3333333333333333,0.3333333333333333,1.0,0.3333333333333333,1.0,0.0,0.0,0.0,0.0,0.0,2,0.5,icmp,tunnel,ikev2,AES_GCM_16_256,PASS,0
icmp_01,113,0,3,444.0,1.000025987625122,443.98846179429637,2.999922039150651,148.0,0.0,148.0,148.0,148.0,148.0,148.0,148.0,148.0,148.0,148.0,0.0,0.0,-0.0,0.0,0.500012993812561,0.07698500156402588,0.42302799224853516,0.5769979953765869,0.4384249925613403,0.4615204930305481,0.500012993812561,0.538505494594574,0.5616009950637817,1.0,0.1539656939939266,1.0,0,1.0,0.6666666666666666,0.6666666666666666,0.3333333333333333,0.3333333333333333,1.0,0.3333333333333333,1.0,0.0,0.0,0.0,0.0,0.0,2,0.5,icmp,tunnel,ikev2,AES_GCM_16_256,PASS,0
icmp_01,114,0,3,444.0,0.9833669662475586,451.5099807493684,3.050743113171408,148.0,0.0,148.0,148.0,148.0,148.0,148.0,148.0,148.0,148.0,148.0,0.0,0.0,-0.0,0.0,0.4916834831237793,0.08531451225280762,0.4063689708709717,0.5769979953765869,0.4234318733215332,0.4490262269973755,0.4916834831237793,0.5343407392501831,0.5599350929260254,1.0,0.17351475423992602,1.0,0,1.0,0.3333333333333333,0.3333333333333333,0.6666666666666666,0.6666666666666666,1.0,-0.3333333333333333,1.0,0.0,0.0,0.0,0.0,0.0,2,0.5,icmp,tunnel,ikev2,AES_GCM_16_256,PASS,0
icmp_01,115,0,3,444.0,0.8154900074005127,544.4579283261992,3.6787697859878326,148.0,0.0,148.0,148.0,148.0,148.0,148.0,148.0,148.0,148.0,148.0,0.0,0.0,-0.0,0.0,0.40774500370025635,0.1865929365158081,0.22115206718444824,0.5943379402160645,0.25847065448760986,0.3144485354423523,0.40774500370025635,0.5010414719581604,0.5570193529129028,1.0,0.45762051576838253,1.0,0,1.0,0.3333333333333333,0.3333333333333333,0.6666666666666666,0.6666666666666666,1.0,-0.3333333333333333,1.0,0.0,0.0,0.0,0.0,0.0,2,0.5,icmp,tunnel,ikev2,AES_GCM_16_256,PASS,0
icmp_01,116,0,4,592.0,1.3270900249481201,446.08880247076155,3.0141135302078483,148.0,0.0,148.0,148.0,148.0,148.0,148.0,148.0,148.0,148.0,148.0,0.0,0.0,-0.0,0.0,0.44236334164937335,0.24277708310360344,0.22115206718444824,0.7803678512573242,0.24203567504882811,0.27336108684539795,0.32557010650634766,0.5529689788818359,0.6894083023071289,1.584962500721156,0.5488170276076034,1.0,0,1.0,0.5,0.5,0.5,0.5,0.9055833610084177,0.0,1.0,0.0,0.0,0.0,0.0,0.0,2,0.6666666666666666,icmp,tunnel,ikev2,AES_GCM_16_256,PASS,0
icmp_01,117,0,3,444.0,1.0008981227874756,443.60159130229096,2.997308049339804,148.0,0.0,148.0,148.0,148.0,148.0,148.0,148.0,148.0,148.0,148.0,0.0,0.0,-0.0,0.0,0.5004490613937378,0.17487895488739014,0.32557010650634766,0.6753280162811279,0.3605458974838257,0.4130095839500427,0.5004490613937378,0.5878885388374329,0.6403522253036499,1.0,0.34944336783645846,1.0,0,1.0,0.6666666666666666,0.6666666666666666,0.3333333333333333,0.3333333333333333,1.0,0.3333333333333333,1.0,0.0,0.0,0.0,0.0,0.0,2,0.5,icmp,tunnel,ikev2,AES_GCM_16_256,PASS,0
icmp_01,119,0,3,444.0,0.9332289695739746,475.76748523214945,3.214645170487496,148.0,0.0,148.0,148.0,148.0,148.0,148.0,148.0,148.0,148.0,148.0,0.0,0.0,-0.0,0.0,0.4666144847869873,0.1894824504852295,0.2771320343017578,0.6560969352722168,0.3150285243988037,0.37187325954437256,0.4666144847869873,0.561355710029602,0.6182004451751709,1.0,0.4060783592977617,1.0,0,1.0,0.3333333333333333,0.3333333333333333,0.6666666666666666,0.6666666666666666,1.0,-0.3333333333333333,1.0,0.0,0.0,0.0,0.0,0.0,2,0.5,icmp,tunnel,ikev2,AES_GCM_16_256,PASS,0
icmp_01,120,0,3,444.0,1.00075101852417,443.6667980161307,2.9977486352441267,148.0,0.0,148.0,148.0,148.0,148.0,148.0,148.0,148.0,148.0,148.0,0.0,0.0,-0.0,0.0,0.500375509262085,0.22324347496032715,0.2771320343017578,0.7236189842224121,0.32178072929382323,0.3887537717819214,0.500375509262085,0.6119972467422485,0.6789702892303466,1.0,0.4461509899606372,1.0,0,1.0,0.6666666666666666,0.6666666666666666,0.3333333333333333,0.3333333333333333,1.0,0.3333333333333333,1.0,0.0,0.0,0.0,0.0,0.0,2,0.5,icmp,tunnel,ikev2,AES_GCM_16_256,PASS,0
icmp_01,121,0,3,444.0,1.000128984451294,443.9427382894958,2.999613096550647,148.0,0.0,148.0,148.0,148.0,148.0,148.0,148.0,148.0,148.0,148.0,0.0,0.0,-0.0,0.0,0.500064492225647,0.0316694974899292,0.4683949947357178,0.5317339897155762,0.4747288942337036,0.4842297434806824,0.500064492225647,0.5158992409706116,0.5254000902175904,1.0,0.0633306996429156,1.0,0,1.0,0.6666666666666666,0.6666666666666666,0.3333333333333333,0.3333333333333333,1.0,0.3333333333333333,1.0,0.0,0.0,0.0,0.0,0.0,2,0.5,icmp,tunnel,ikev2,AES_GCM_16_256,PASS,0
icmp_01,122,0,3,444.0,0.7298069000244141,608.3801071011345,4.11067639933199,148.0,0.0,148.0,148.0,148.0,148.0,148.0,148.0,148.0,148.0,148.0,0.0,0.0,-0.0,0.0,0.36490345001220703,0.10349154472351074,0.2614119052886963,0.4683949947357178,0.28211021423339844,0.31315767765045166,0.36490345001220703,0.4166492223739624,0.4476966857910156,1.0,0.28361272305681307,1.0,0,1.0,0.3333333333333333,0.3333333333333333,0.6666666666666666,0.6666666666666666,1.0,-0.3333333333333333,1.0,0.0,0.0,0.0,0.0,0.0,2,0.5,icmp,tunnel,ikev2,AES_GCM_16_256,PASS,0
icmp_01,123,0,3,444.0,1.1592390537261963,383.00987063266206,2.5879045313017706,148.0,0.0,148.0,148.0,148.0,148.0,148.0,148.0,148.0,148.0,148.0,0.0,0.0,-0.0,0.0,0.5796195268630981,0.15992963314056396,0.4196898937225342,0.7395491600036621,0.45167582035064696,0.49965471029281616,0.5796195268630981,0.6595843434333801,0.7075632333755493,1.0,0.2759212721573232,1.0,0,1.0,0.3333333333333333,0.3333333333333333,0.6666666666666666,0.6666666666666666,1.0,-0.3333333333333333,1.0,0.0,0.0,0.0,0.0,0.0,2,0.5,icmp,tunnel,ikev2,AES_GCM_16_256,PASS,0
icmp_01,124,0,4,592.0,1.338196039199829,442.3866030525579,2.98909866927404,148.0,0.0,148.0,148.0,148.0,148.0,148.0,148.0,148.0,148.0,148.0,0.0,0.0,-0.0,0.0,0.44606534639994305,0.10111231994583444,0.3375411033630371,0.5809650421142578,0.3539708614349365,0.37861549854278564,0.4196898937225342,0.500327467918396,0.5487100124359131,1.584962500721156,0.22667551758136256,1.0,0,1.0,0.5,0.5,0.5,0.5,1.0894362017366883,0.0,1.0,0.0,0.0,0.0,0.0,0.0,2,0.6666666666666666,icmp,tunnel,ikev2,AES_GCM_16_256,PASS,0
icmp_01,125,0,3,444.0,1.0013420581817627,443.4049247928479,2.9959792215732963,148.0,0.0,148.0,148.0,148.0,148.0,148.0,148.0,148.0,148.0,148.0,0.0,0.0,-0.0,0.0,0.5006710290908813,0.16312992572784424,0.3375411033630371,0.6638009548187256,0.37016708850860597,0.41910606622695923,0.5006710290908813,0.5822359919548035,0.6311749696731568,1.0,0.32582192782779384,1.0,0,1.0,0.6666666666666666,0.6666666666666666,0.3333333333333333,0.3333333333333333,1.0,0.3333333333333333,1.0,0.0,0.0,0.0,0.0,0.0,2,0.5,icmp,tunnel,ikev2,AES_GCM_16_256,PASS,0
icmp_01,127,0,3,444.0,1.217149019241333,364.786885567021,2.4647762538312232,148.0,0.0,148.0,148.0,148.0,148.0,148.0,148.0,148.0,148.0,148.0,0.0,0.0,-0.0,0.0,0.6085745096206665,0.22357547283172607,0.38499903678894043,0.8321499824523926,0.42971413135528563,0.49678677320480347,0.6085745096206665,0.7203622460365295,0.7874348878860473,1.0,0.36737507391824514,1.0,0,1.0,0.3333333333333333,0.3333333333333333,0.6666666666666666,0.6666666666666666,1.0,-0.3333333333333333,1.0,0.0,0.0,0.0,0.0,0.0,2,0.5,icmp,tunnel,ikev2,AES_GCM_16_256,PASS,0
icmp_01,128,0,4,592.0,1.3654820919036865,433.5465133597346,2.92936833351172,148.0,0.0,148.0,148.0,148.0,148.0,148.0,148.0,148.0,148.0,148.0,0.0,0.0,-0.0,0.0,0.4551606973012288,0.1134462436550542,0.36528921127319336,0.6151938438415527,0.3692311763763428,0.3751441240310669,0.38499903678894043,0.5000964403152466,0.5691548824310303,0.9182958340544896,0.24924382769399592,1.0,0,1.0,0.5,0.5,0.5,0.5,1.020101117823319,0.0,1.0,0.0,0.0,0.0,0.0,0.0,2,0.6666666666666666,icmp,tunnel,ikev2,AES_GCM_16_256,PASS,0
icmp_01,129,0,4,592.0,1.1167402267456055,530.1143326100118,3.5818535987162967,148.0,0.0,148.0,148.0,148.0,148.0,148.0,148.0,148.0,148.0,148.0,0.0,0.0,-0.0,0.0,0.37224674224853516,0.21192612140978498,0.11624002456665039,0.6352109909057617,0.16604986190795898,0.24076461791992188,0.36528921127319336,0.5002501010894775,0.5812266349792481,1.584962500721156,0.5693147260737186,1.0,0,1.0,0.5,0.5,0.5,0.5,1.3314226079358837,0.0,1.0,0.0,0.0,0.0,0.0,0.0,2,0.6666666666666666,icmp,tunnel,ikev2,AES_GCM_16_256,PASS,0
icmp_02,-1,1,200,218400.0,99.6174111366272,2192.387831685971,2.0076811645475923,1092.0,0.0,1092.0,1092.0,1092.0,1092.0,1092.0,1092.0,1092.0,1092.0,1092.0,0.0,0.0,-0.0,0.0,0.5005900057116944,0.29930723907237805,0.10342001914978027,0.8986029624938965,0.12696194648742676,0.20167791843414307,0.47519493103027344,0.7998675107955933,0.8743108272552491,2.895072593019294,0.597907744360789,1.0,0,1.0,0.5,0.5,0.5,0.5,0.996862490030376,0.0,0.0,0.0,1.0,0.0,0.0,0.0,2,0.5025125628140703,icmp,tunnel,ikev2,AES_GCM_16_256,PASS,0
icmp_02,0,0,4,4368.0,1.4128201007843018,3091.688741953192,2.8312167966604322,1092.0,0.0,1092.0,1092.0,1092.0,1092.0,1092.0,1092.0,1092.0,1092.0,1092.0,0.0,0.0,-0.0,0.0,0.47094003359476727,0.27981182998418663,0.1632552146911621,0.8402807712554932,0.21246099472045898,0.2862696647644043,0.4092841148376465,0.6247824430465698,0.7540814399719239,1.584962500721156,0.5941547030810604,1.0,0,1.0,0.5,0.5,0.5,0.5,0.8031077009346702,0.0,0.0,0.0,1.0,0.0,0.0,0.0,2,0.6666666666666666,icmp,tunnel,ikev2,AES_GCM_16_256,PASS,0
icmp_02,1,0,4,4368.0,1.163445234298706,3754.366661386442,3.4380647082293425,1092.0,0.0,1092.0,1092.0,1092.0,1092.0,1092.0,1092.0,1092.0,1092.0,1092.0,0.0,0.0,-0.0,0.0,0.38781507809956867,0.17564749536859764,0.16276216506958008,0.5913989543914795,0.21206655502319335,0.2860231399536133,0.4092841148376465,0.500341534614563,0.5549759864807129,1.584962500721156,0.4529144233249184,1.0,0,1.0,0.5,0.5,0.5,0.5,1.326880578335379,0.0,0.0,0.0,1.0,0.0,0.0,0.0,2,0.6666666666666666,icmp,tunnel,ikev2,AES_GCM_16_256,PASS,0
icmp_02,4,0,4,4368.0,1.2598938941955566,3466.9586225663643,3.1748705334856817,1092.0,0.0,1092.0,1092.0,1092.0,1092.0,1092.0,1092.0,1092.0,1092.0,1092.0,0.0,0.0,-0.0,0.0,0.41996463139851886,0.26336215420035264,0.20974302291870117,0.7913358211517334,0.21955742835998535,0.23427903652191162,0.25881505012512207,0.5250754356384277,0.6848316669464112,0.9182958340544896,0.6271040640238483,1.0,0,1.0,0.5,0.5,0.5,0.5,0.9532705425294781,0.0,0.0,0.0,1.0,0.0,0.0,0.0,2,0.6666666666666666,icmp,tunnel,ikev2,AES_GCM_16_256,PASS,0
icmp_02,5,0,3,3276.0,1.0010831356048584,3272.455486946774,2.996754108925617,1092.0,0.0,1092.0,1092.0,1092.0,1092.0,1092.0,1092.0,1092.0,1092.0,1092.0,0.0,0.0,-0.0,0.0,0.5005415678024292,0.24172651767730713,0.25881505012512207,0.7422680854797363,0.3071603536605835,0.37967830896377563,0.5005415678024292,0.6214048266410828,0.6939227819442749,1.0,0.48292899191087335,1.0,0,1.0,0.6666666666666666,0.6666666666666666,0.3333333333333333,0.3333333333333333,1.0,0.3333333333333333,0.0,0.0,1.0,0.0,0.0,0.0,2,0.5,icmp,tunnel,ikev2,AES_GCM_16_256,PASS,0
icmp_02,7,0,3,3276.0,0.8277778625488281,3957.583487329318,3.6241607026825258,1092.0,0.0,1092.0,1092.0,1092.0,1092.0,1092.0,1092.0,1092.0,1092.0,1092.0,0.0,0.0,-0.0,0.0,0.41388893127441406,0.26869797706604004,0.14519095420837402,0.6825869083404541,0.19893054962158202,0.27953994274139404,0.41388893127441406,0.5482379198074341,0.628847312927246,1.0,0.6492015310415706,1.0,0,1.0,0.3333333333333333,0.3333333333333333,0.6666666666666666,0.6666666666666666,1.0,-0.3333333333333333,0.0,0.0,1.0,0.0,0.0,0.0,2,0.5,icmp,tunnel,ikev2,AES_GCM_16_256,PASS,0
icmp_02,8,0,4,4368.0,1.3059279918670654,3344.747970181064,3.0629560166493257,1092.0,0.0,1092.0,1092.0,1092.0,1092.0,1092.0,1092.0,1092.0,1092.0,1092.0,0.0,0.0,-0.0,0.0,0.43530933062235516,0.30477172762730304,0.14519095420837402,0.8564159870147705,0.1770169734954834,0.22475600242614746,0.3043210506439209,0.5803685188293457,0.7459969997406006,1.584962500721156,0.7001251892909973,1.0,0,1.0,0.5,0.5,0.5,0.5,0.8629052453932431,0.0,0.0,0.0,1.0,0.0,0.0,0.0,2,0.6666666666666666,icmp,tunnel,ikev2,AES_GCM_16_256,PASS,0
icmp_02,9,0,3,3276.0,1.0015511512756348,3270.9262984995753,2.995353753204739,1092.0,0.0,1092.0,1092.0,1092.0,1092.0,1092.0,1092.0,1092.0,1092.0,1092.0,0.0,0.0,-0.0,0.0,0.5007755756378174,0.19645452499389648,0.3043210506439209,0.6972301006317139,0.3436119556427002,0.40254831314086914,0.5007755756378174,0.5990028381347656,0.6579391956329346,1.0,0.3922997491319974,1.0,0,1.0,0.6666666666666666,0.6666666666666666,0.3333333333333333,0.3333333333333333,1.0,0.3333333333333333,0.0,0.0,1.0,0.0,0.0,0.0,2,0.5,icmp,tunnel,ikev2,AES_GCM_16_256,PASS,0
icmp_02,11,0,3,3276.0,1.0377881526947021,3156.7136235787593,2.8907633915556405,1092.0,0.0,1092.0,1092.0,1092.0,1092.0,1092.0,1092.0,1092.0,1092.0,1092.0,0.0,0.0,-0.0,0.0,0.5188940763473511,0.165566086769104,0.35332798957824707,0.6844601631164551,0.38644120693206785,0.4361110329627991,0.5188940763473511,0.6016771197319031,0.6513469457626343,1.0,0.3190743067646169,1.0,0,1.0,0.3333333333333333,0.3333333333333333,0.6666666666666666,0.6666666666666666,1.0,-0.3333333333333333,0.0,0.0,1.0,0.0,0.0,0.0,2,0.5,icmp,tunnel,ikev2,AES_GCM_16_256,PASS,0
icmp_02,12,0,4,4368.0,1.4281938076019287,3058.4084434130696,2.8007403327958516,1092.0,0.0,1092.0,1092.0,1092.0,1092.0,1092.0,1092.0,1092.0,1092.0,1092.0,0.0,0.0,-0.0,0.0,0.47606460253397626,0.12497857322209631,0.35332798957824707,0.6475749015808105,0.3681205749511719,0.3903094530105591,0.4272909164428711,0.5374329090118408,0.6035181045532226,1.584962500721156,0.26252384662295936,1.0,0,1.0,0.5,0.5,0.5,0.5,0.9311878219474495,0.0,0.0,0.0,1.0,0.0,0.0,0.0,2,0.6666666666666666,icmp,tunnel,ikev2,AES_GCM_16_256,PASS,0
icmp_02,13,0,3,3276.0,1.0006499290466309,3273.872215352285,2.998051479260334,1092.0,0.0,1092.0,1092.0,1092.0,1092.0,1092.0,1092.0,1092.0,1092.0,1092.0,0.0,0.0,-0.0,0.0,0.5003249645233154,0.07303404808044434,0.4272909164428711,0.5733590126037598,0.44189772605895994,0.46380794048309326,0.5003249645233154,0.5368419885635376,0.5587522029876709,1.0,0.14597293216638751,1.0,0,1.0,0.6666666666666666,0.6666666666666666,0.3333333333333333,0.3333333333333333,1.0,0.3333333333333333,0.0,0.0,1.0,0.0,0.0,0.0,2,0.5,icmp,tunnel,ikev2,AES_GCM_16_256,PASS,0
icmp_02,15,0,3,3276.0,0.9024169445037842,3630.250983154342,3.324405662229251,1092.0,0.0,1092.0,1092.0,1092.0,1092.0,1092.0,1092.0,1092.0,1092.0,1092.0,0.0,0.0,-0.0,0.0,0.4512084722518921,0.12627065181732178,0.3249378204345703,0.5774791240692139,0.35019195079803467,0.3880731463432312,0.4512084722518921,0.514343798160553,0.5522249937057495,1.0,0.27984929302820566,1.0,0,1.0,0.3333333333333333,0.3333333333333333,0.6666666666666666,0.6666666666666666,1.0,-0.3333333333333333,0.0,0.0,1.0,0.0,0.0,0.0,2,0.5,icmp,tunnel,ikev2,AES_GCM_16_256,PASS,0
icmp_02,16,0,4,4368.0,1.2083821296691895,3614.7505766208224,3.3102111507516687,1092.0,0.0,1092.0,1092.0,1092.0,1092.0,1092.0,1092.0,1092.0,1092.0,1092.0,0.0,0.0,-0.0,0.0,0.40279404322306317,0.15122285133884025,0.208604097366333,0.5774791240692139,0.2513430595397949,0.3154515027999878,0.4222989082336426,0.4998890161514282,0.5464430809020996,1.584962500721156,0.3754337444889927,1.0,0,1.0,0.5,0.5,0.5,0.5,1.5846753601636907,0.0,0.0,0.0,1.0,0.0,0.0,0.0,2,0.6666666666666666,icmp,tunnel,ikev2,AES_GCM_16_256,PASS,0
icmp_02,17,0,4,4368.0,1.1131939888000488,3923.8444008383676,3.593264103331838,1092.0,0.0,1092.0,1092.0,1092.0,1092.0,1092.0,1092.0,1092.0,1092.0,1092.0,0.0,0.0,-0.0,0.0,0.3710646629333496,0.30036547061243185,0.11239194869995117,0.7921979427337646,0.13163437843322753,0.1604980230331421,0.208604097366333,0.5004010200500488,0.6754791736602783,1.584962500721156,0.8094671661020362,1.0,0,1.0,0.5,0.5,0.5,0.5,1.1063587413685911,0.0,0.0,0.0,1.0,0.0,0.0,0.0,2,0.6666666666666666,icmp,tunnel,ikev2,AES_GCM_16_256,PASS,0
icmp_02,20,0,4,4368.0,1.1262428760528564,3878.3819128859045,3.551631788357055,1092.0,0.0,1092.0,1092.0,1092.0,1092.0,1092.0,1092.0,1092.0,1092.0,1092.0,0.0,0.0,-0.0,0.0,0.37541429201761883,0.338545403814656,0.12368988990783691,0.8539741039276123,0.12866768836975098,0.13613438606262207,0.14857888221740723,0.5012764930725098,0.7128950595855713,0.9182958340544896,0.9017890613757085,1.0,0,1.0,0.5,0.5,0.5,0.5,1.0254565648422502,0.0,0.0,0.0,1.0,0.0,0.0,0.0,2,0.6666666666666666,icmp,tunnel,ikev2,AES_GCM_16_256,PASS,0
icmp_02,21,0,4,4368.0,1.1065809726715088,3947.2936078548055,3.6147377361307744,1092.0,0.0,1092.0,1092.0,1092.0,1092.0,1092.0,1092.0,1092.0,1092.0,1092.0,0.0,0.0,-0.0,0.0,0.36886032422383624,0.35990479360411753,0.10516095161437988,0.877730131149292,0.10886673927307129,0.1144254207611084,0.12368988990783691,0.5007100105285645,0.726922082901001,0.9182958340544896,0.975718433916689,1.0,0,1.0,0.5,0.5,0.5,0.5,1.0188504298878476,0.0,0.0,0.0,1.0,0.0,0.0,0.0,2,0.6666666666666666,icmp,tunnel,ikev2,AES_GCM_16_256,PASS,0
icmp_02,24,0,4,4368.0,1.1427459716796875,3822.371820378951,3.500340494852519,1092.0,0.0,1092.0,1092.0,1092.0,1092.0,1092.0,1092.0,1092.0,1092.0,1092.0,0.0,0.0,-0.0,0.0,0.3809153238932292,0.3446218386054567,0.13278889656066895,0.8682570457458496,0.13457112312316893,0.13724446296691895,0.14170002937316895,0.5049785375595093,0.7229456424713135,0.9182958340544896,0.9047179576952291,1.0,0,1.0,0.5,0.5,0.5,0.5,0.9911757398331117,0.0,0.0,0.0,1.0,0.0,0.0,0.0,2,0.6666666666666666,icmp,tunnel,ikev2,AES_GCM_16_256,PASS,0
icmp_02,25,0,3,3276.0,1.002150058746338,3268.9715191936284,2.9935636622652275,1092.0,0.0,1092.0,1092.0,1092.0,1092.0,1092.0,1092.0,1092.0,1092.0,1092.0,0.0,0.0,-0.0,0.0,0.501075029373169,0.359375,0.14170002937316895,0.860450029373169,0.21357502937316897,0.32138752937316895,0.501075029373169,0.680762529373169,0.7885750293731689,1.0,0.7172065294154408,1.0,0,1.0,0.6666666666666666,0.6666666666666666,0.3333333333333333,0.3333333333333333,1.0,0.3333333333333333,0.0,0.0,1.0,0.0,0.0,0.0,2,0.5,icmp,tunnel,ikev2,AES_GCM_16_256,PASS,0
icmp_02,27,0,3,3276.0,0.9263219833374023,3536.567261630834,3.2386147084531447,1092.0,0.0,1092.0,1092.0,1092.0,1092.0,1092.0,1092.0,1092.0,1092.0,1092.0,0.0,0.0,-0.0,0.0,0.46316099166870117,0.28118085861206055,0.18198013305664062,0.7443418502807617,0.23821630477905273,0.3225705623626709,0.46316099166870117,0.6037514209747314,0.6881056785583496,1.0,0.6070896655379888,1.0,0,1.0,0.3333333333333333,0.3333333333333333,0.6666666666666666,0.6666666666666666,1.0,-0.3333333333333333,0.0,0.0,1.0,0.0,0.0,0.0,2,0.5,icmp,tunnel,ikev2,AES_GCM_16_256,PASS,0
icmp_02,28,0,4,4368.0,1.2136921882629395,3598.9355804057445,3.2957285534851137,1092.0,0.0,1092.0,1092.0,1092.0,1092.0,1092.0,1092.0,1092.0,1092.0,1092.0,0.0,0.0,-0.0,0.0,0.40456406275431317,0.29362205254770946,0.18198013305664062,0.8194398880004883,0.18803853988647462,0.19712615013122559,0.21227216720581055,0.5158560276031494,0.6980063438415528,0.9182958340544896,0.7257721429248134,1.0,0,1.0,0.5,0.5,0.5,0.5,0.9706381207484939,0.0,0.0,0.0,1.0,0.0,0.0,0.0,2,0.6666666666666666,icmp,tunnel,ikev2,AES_GCM_16_256,PASS,0
icmp_02,29,0,4,4368.0,1.1067559719085693,3946.669465417483,3.614166177122237,1092.0,0.0,1092.0,1092.0,1092.0,1092.0,1092.0,1092.0,1092.0,1092.0,1092.0,0.0,0.0,-0.0,0.0,0.36891865730285645,0.30028901072531994,0.10539889335632324,0.7890849113464355,0.12677354812622071,0.1588355302810669,0.21227216720581055,0.500678539276123,0.6737223625183105,1.584962500721156,0.8139685830804194,1.0,0,1.0,0.5,0.5,0.5,0.5,1.1194791384801683,0.0,0.0,0.0,1.0,0.0,0.0,0.0,2,0.6666666666666666,icmp,tunnel,ikev2,AES_GCM_16_256,PASS,0
icmp_02,32,0,4,4368.0,1.1061348915100098,3948.885469146665,3.6161954845665427,1092.0,0.0,1092.0,1092.0,1092.0,1092.0,1092.0,1092.0,1092.0,1092.0,1092.0,0.0,0.0,-0.0,0.0,0.3687116305033366,0.3461363740842134,0.1034398078918457,0.8576321601867676,0.11176443099975586,0.1242513656616211,0.14506292343139648,0.501347541809082,0.7151183128356934,0.9182958340544896,0.9387700486736679,1.0,0,1.0,0.5,0.5,0.5,0.5,1.04330796611912,0.0,0.0,0.0,1.0,0.0,0.0,0.0,2,0.6666666666666666,icmp,tunnel,ikev2,AES_GCM_16_256,PASS,0
icmp_02,33,0,4,4368.0,1.1057238578796387,3950.3533987013507,3.6175397424005045,1092.0,0.0,1092.0,1092.0,1092.0,1092.0,1092.0,1092.0,1092.0,1092.0,1092.0,0.0,0.0,-0.0,0.0,0.3685746192932129,0.3738072274551172,0.1034398078918457,0.8972170352935791,0.10376524925231934,0.10425341129302979,0.10506701469421387,0.5011420249938965,0.7387870311737061,0.9182958340544896,1.0141941243209103,1.0,0,1.0,0.5,0.5,0.5,0.5,0.998375505249342,0.0,0.0,0.0,1.0,0.0,0.0,0.0,2,0.6666666666666666,icmp,tunnel,ikev2,AES_GCM_16_256,PASS,0
icmp_02,36,0,4,4368.0,1.1173200607299805,3909.3543144175246,3.579994793422642,1092.0,0.0,1092.0,1092.0,1092.0,1092.0,1092.0,1092.0,1092.0,1092.0,1092.0,0.0,0.0,-0.0,0.0,0.37244002024332684,0.2993949686867075,0.1153719425201416,0.7923381328582764,0.13421955108642578,0.16249096393585205,0.2096099853515625,0.5009740591049194,0.6757925033569336,1.584962500721156,0.8038721634128911,1.0,0,1.0,0.5,0.5,0.5,0.5,1.1038183243408528,0.0,0.0,0.0,1.0,0.0,0.0,0.0,2,0.6666666666666666,icmp,tunnel,ikev2,AES_GCM_16_256,PASS,0
icmp_02,37,0,4,4368.0,1.1608598232269287,3762.7282059413033,3.445721800312549,1092.0,0.0,1092.0,1092.0,1092.0,1092.0,1092.0,1092.0,1092.0,1092.0,1092.0,0.0,0.0,-0.0,0.0,0.38695327440897626,0.353541548303617,0.1153719425201416,0.8862960338592529,0.12413592338562011,0.1372818946838379,0.15919184684753418,0.5227439403533936,0.7408751964569092,0.9182958340544896,0.9136520040865476,1.0,0,1.0,0.5,0.5,0.5,0.5,0.9580857289483863,0.0,0.0,0.0,1.0,0.0,0.0,0.0,2,0.6666666666666666,icmp,tunnel,ikev2,AES_GCM_16_256,PASS,0
icmp_02,40,0,4,4368.0,1.2012639045715332,3636.170189895099,3.329826181222618,1092.0,0.0,1092.0,1092.0,1092.0,1092.0,1092.0,1092.0,1092.0,1092.0,1092.0,0.0,0.0,-0.0,0.0,0.4004213015238444,0.3519462513478603,0.10655689239501953,0.8952500820159912,0.1251368999481201,0.153006911277771,0.19945693016052246,0.5473535060882568,0.7560914516448975,1.584962500721156,0.8789376865586558,1.0,0,1.0,0.5,0.5,0.5,0.5,0.9151362402283001,0.0,0.0,0.0,1.0,0.0,0.0,0.0,2,0.6666666666666666,icmp,tunnel,ikev2,AES_GCM_16_256,PASS,0
icmp_02,41,0,4,4368.0,1.1157169342041016,3914.9715004692653,3.5851387366934664,1092.0,0.0,1092.0,1092.0,1092.0,1092.0,1092.0,1092.0,1092.0,1092.0,1092.0,0.0,0.0,-0.0,0.0,0.3719056447347005,0.3065499724183274,0.11366605758666992,0.8025939464569092,0.13082423210144042,0.1565614938735962,0.19945693016052246,0.5010254383087158,0.6819665431976318,1.584962500721156,0.824265919306187,1.0,0,1.0,0.5,0.5,0.5,0.5,1.0936303871879853,0.0,0.0,0.0,1.0,0.0,0.0,0.0,2,0.6666666666666666,icmp,tunnel,ikev2,AES_GCM_16_256,PASS,0
icmp_02,44,0,4,4368.0,1.1937141418457031,3659.1675065910363,3.3508859950467365,1092.0,0.0,1092.0,1092.0,1092.0,1092.0,1092.0,1092.0,1092.0,1092.0,1092.0,0.0,0.0,-0.0,0.0,0.3979047139485677,0.22975136152224673,0.19167804718017578,0.7184610366821289,0.21005744934082032,0.2376265525817871,0.28357505798339844,0.5010180473327637,0.6314838409423829,1.584962500721156,0.577401513645878,1.0,0,1.0,0.5,0.5,0.5,0.5,1.1009690842460749,0.0,0.0,0.0,1.0,0.0,0.0,0.0,2,0.6666666666666666,icmp,tunnel,ikev2,AES_GCM_16_256,PASS,0
icmp_02,45,0,3,3276.0,1.0022408962249756,3268.675237998498,2.993292342489467,1092.0,0.0,1092.0,1092.0,1092.0,1092.0,1092.0,1092.0,1092.0,1092.0,1092.0,0.0,0.0,-0.0,0.0,0.5011204481124878,0.309442400932312,0.19167804718017578,0.8105628490447998,0.2535665273666382,0.3463992476463318,0.5011204481124878,0.6558416485786438,0.7486743688583374,1.0,0.6174998138631871,1.0,0,1.0,0.6666666666666666,0.6666666666666666,0.3333333333333333,0.3333333333333333,1.0,0.3333333333333333,0.0,0.0,1.0,0.0,0.0,0.0,2,0.5,icmp,tunnel,ikev2,AES_GCM_16_256,PASS,0
icmp_02,47,0,3,3276.0,0.9901518821716309,3308.5833183642276,3.029838203630245,1092.0,0.0,1092.0,1092.0,1092.0,1092.0,1092.0,1092.0,1092.0,1092.0,1092.0,0.0,0.0,-0.0,0.0,0.49507594108581543,0.18134212493896484,0.3137338161468506,0.6764180660247803,0.35000224113464357,0.404404878616333,0.49507594108581543,0.5857470035552979,0.6401496410369873,1.0,0.3662907921771526,1.0,0,1.0,0.3333333333333333,0.3333333333333333,0.6666666666666666,0.6666666666666666,1.0,-0.3333333333333333,0.0,0.0,1.0,0.0,0.0,0.0,2,0.5,icmp,tunnel,ikev2,AES_GCM_16_256,PASS,0
icmp_02,48,0,4,4368.0,1.128767967224121,3869.705844631501,3.543686670907968,1092.0,0.0,1092.0,1092.0,1092.0,1092.0,1092.0,1092.0,1092.0,1092.0,1092.0,0.0,0.0,-0.0,0.0,0.37625598907470703,0.23264367608974065,0.12777996063232422,0.6872541904449463,0.1649707317352295,0.2207568883895874,0.3137338161468506,0.5004940032958984,0.6125501155853271,1.584962500721156,0.6183105771984704,1.0,0,1.0,0.5,0.5,0.5,0.5,1.2281531726192958,0.0,0.0,0.0,1.0,0.0,0.0,0.0,2,0.6666666666666666,icmp,tunnel,ikev2,AES_GCM_16_256,PASS,0
icmp_02,49,0,3,3276.0,1.0012359619140625,3271.95598701556,2.9962966914061906,1092.0,0.0,1092.0,1092.0,1092.0,1092.0,1092.0,1092.0,1092.0,1092.0,1092.0,0.0,0.0,-0.0,0.0,0.5006179809570312,0.37283802032470703,0.12777996063232422,0.8734560012817383,0.20234756469726561,0.31419897079467773,0.5006179809570312,0.6870369911193848,0.7988883972167968,1.0,0.7447540634834782,1.0,0,1.0,0.6666666666666666,0.6666666666666666,0.3333333333333333,0.3333333333333333,1.0,0.3333333333333333,0.0,0.0,1.0,0.0,0.0,0.0,2,0.5,icmp,tunnel,ikev2,AES_GCM_16_256,PASS,0
icmp_02,51,0,3,3276.0,1.0202710628509521,3210.9114129394648,2.9403950667943817,1092.0,0.0,1092.0,1092.0,1092.0,1092.0,1092.0,1092.0,1092.0,1092.0,1092.0,0.0,0.0,-0.0,0.0,0.5101355314254761,0.2403503656387329,0.26978516578674316,0.750485897064209,0.31785523891448975,0.3899603486061096,0.5101355314254761,0.6303107142448425,0.7024158239364624,1.0,0.4711490960412522,1.0,0,1.0,0.3333333333333333,0.3333333333333333,0.6666666666666666,0.6666666666666666,1.0,-0.3333333333333333,0.0,0.0,1.0,0.0,0.0,0.0,2,0.5,icmp,tunnel,ikev2,AES_GCM_16_256,PASS,0
icmp_02,52,0,4,4368.0,1.363415002822876,3203.720063924994,2.9338095823488954,1092.0,0.0,1092.0,1092.0,1092.0,1092.0,1092.0,1092.0,1092.0,1092.0,1092.0,0.0,0.0,-0.0,0.0,0.4544716676076253,0.19944385496984007,0.26978516578674316,0.731436014175415,0.2882668972015381,0.31598949432373047,0.3621938228607178,0.5468149185180664,0.6575875759124756,1.584962500721156,0.4388467540187311,1.0,0,1.0,0.5,0.5,0.5,0.5,0.9155019646991525,0.0,0.0,0.0,1.0,0.0,0.0,0.0,2,0.6666666666666666,icmp,tunnel,ikev2,AES_GCM_16_256,PASS,0
icmp_02,53,0,3,3276.0,1.0006868839263916,3273.7513128442038,2.9979407626778425,1092.0,0.0,1092.0,1092.0,1092.0,1092.0,1092.0,1092.0,1092.0,1092.0,1092.0,0.0,0.0,-0.0,0.0,0.5003434419631958,0.13814961910247803,0.3621938228607178,0.6384930610656738,0.3898237466812134,0.4312686324119568,0.5003434419631958,0.5694182515144348,0.6108631372451783,1.0,0.276109031131478,1.0,0,1.0,0.6666666666666666,0.6666666666666666,0.3333333333333333,0.3333333333333333,1.0,0.3333333333333333,0.0,0.0,1.0,0.0,0.0,0.0,2,0.5,icmp,tunnel,ikev2,AES_GCM_16_256,PASS,0
icmp_02,55,0,3,3276.0,0.9092159271240234,3603.104501658307,3.2995462469398413,1092.0,0.0,1092.0,1092.0,1092.0,1092.0,1092.0,1092.0,1092.0,1092.0,1092.0,0.0,0.0,-0.0,0.0,0.4546079635620117,0.2216651439666748,0.23294281959533691,0.6762731075286865,0.27727584838867186,0.3437753915786743,0.4546079635620117,0.5654405355453491,0.6319400787353515,1.0,0.48759519000649487,1.0,0,1.0,0.3333333333333333,0.3333333333333333,0.6666666666666666,0.6666666666666666,1.0,-0.3333333333333333,0.0,0.0,1.0,0.0,0.0,0.0,2,0.5,icmp,tunnel,ikev2,AES_GCM_16_256,PASS,0
icmp_02,56,0,4,4368.0,1.2943918704986572,3374.5576587384253,3.0902542662439796,1092.0,0.0,1092.0,1092.0,1092.0,1092.0,1092.0,1092.0,1092.0,1092.0,1092.0,0.0,0.0,-0.0,0.0,0.43146395683288574,0.23993910609595231,0.23294281959533691,0.7690482139587402,0.24483442306518555,0.2626718282699585,0.2924008369445801,0.5307245254516602,0.6737187385559082,1.584962500721156,0.5561033458132849,1.0,0,1.0,0.5,0.5,0.5,0.5,0.9439832168281098,0.0,0.0,0.0,1.0,0.0,0.0,0.0,2,0.6666666666666666,icmp,tunnel,ikev2,AES_GCM_16_256,PASS,0
icmp_02,57,0,4,4368.0,1.1314618587493896,3860.492482555242,3.535249526149489,1092.0,0.0,1092.0,1092.0,1092.0,1092.0,1092.0,1092.0,1092.0,1092.0,1092.0,0.0,0.0,-0.0,0.0,0.3771539529164632,0.24427207275465532,0.1295030117034912,0.7095580101013184,0.16208257675170898,0.21095192432403564,0.2924008369445801,0.5009794235229492,0.6261265754699707,1.584962500721156,0.6476703298359167,1.0,0,1.0,0.5,0.5,0.5,0.5,1.1941415783432794,0.0,0.0,0.0,1.0,0.0,0.0,0.0,2,0.6666666666666666,icmp,tunnel,ikev2,AES_GCM_16_256,PASS,0
icmp_02,60,0,4,4368.0,1.106619119644165,3947.157538182186,3.6146131302034665,1092.0,0.0,1092.0,1092.0,1092.0,1092.0,1092.0,1092.0,1092.0,1092.0,1092.0,0.0,0.0,-0.0,0.0,0.36887303988138836,0.23154066906613022,0.10587811470031738,0.669313907623291,0.15098791122436522,0.218652606010437,0.33142709732055664,0.5003705024719238,0.6017365455627441,1.584962500721156,0.6276957552789083,1.0,0,1.0,0.5,0.5,0.5,0.5,1.2909571888871867,0.0,0.0,0.0,1.0,0.0,0.0,0.0,2,0.6666666666666666,icmp,tunnel,ikev2,AES_GCM_16_256,PASS,0
icmp_02,61,0,4,4368.0,1.1519479751586914,3791.837907782483,3.472379036430845,1092.0,0.0,1092.0,1092.0,1092.0,1092.0,1092.0,1092.0,1092.0,1092.0,1092.0,0.0,0.0,-0.0,0.0,0.38398265838623047,0.3623437699191681,0.10587811470031738,0.8957719802856445,0.1147620677947998,0.12808799743652344,0.1502978801727295,0.523034930229187,0.7466771602630615,0.9182958340544896,0.943643725469963,1.0,0,1.0,0.5,0.5,0.5,0.5,0.9575356057113115,0.0,0.0,0.0,1.0,0.0,0.0,0.0,2,0.6666666666666666,icmp,tunnel,ikev2,AES_GCM_16_256,PASS,0
icmp_02,64,0,4,4368.0,1.1934998035430908,3659.8246493488386,3.351487774128973,1092.0,0.0,1092.0,1092.0,1092.0,1092.0,1092.0,1092.0,1092.0,1092.0,1092.0,0.0,0.0,-0.0,0.0,0.39783326784769696,0.2692980762198856,0.19227385520935059,0.7782659530639648,0.19841108322143555,0.207616925239563,0.2229599952697754,0.5006129741668701,0.667204761505127,0.9182958340544896,0.6769102060433394,1.0,0,1.0,0.5,0.5,0.5,0.5,1.0316165377064532,0.0,0.0,0.0,1.0,0.0,0.0,0.0,2,0.6666666666666666,icmp,tunnel,ikev2,AES_GCM_16_256,PASS,0
icmp_02,65,0,3,3276.0,1.001166820526123,3272.1819509344405,2.9965036180718316,1092.0,0.0,1092.0,1092.0,1092.0,1092.0,1092.0,1092.0,1092.0,1092.0,1092.0,0.0,0.0,-0.0,0.0,0.5005834102630615,0.30830955505371094,0.19227385520935059,0.8088929653167725,0.2539357662200928,0.34642863273620605,0.5005834102630615,0.654738187789917,0.7472310543060303,1.0,0.6158992344401847,1.0,0,1.0,0.6666666666666666,0.6666666666666666,0.3333333333333333,0.3333333333333333,1.0,0.3333333333333333,0.0,0.0,1.0,0.0,0.0,0.0,2,0.5,icmp,tunnel,ikev2,AES_GCM_16_256,PASS,0
icmp_02,67,0,3,3276.0,0.9167790412902832,3573.3801193680515,3.2723261166374096,1092.0,0.0,1092.0,1092.0,1092.0,1092.0,1092.0,1092.0,1092.0,1092.0,1092.0,0.0,0.0,-0.0,0.0,0.4583895206451416,0.2411174774169922,0.21727204322814941,0.6995069980621338,0.26549553871154785,0.3378307819366455,0.4583895206451416,0.5789482593536377,0.6512835025787354,1.0,0.5260088648378723,1.0,0,1.0,0.3333333333333333,0.3333333333333333,0.6666666666666666,0.6666666666666666,1.0,-0.3333333333333333,0.0,0.0,1.0,0.0,0.0,0.0,2,0.5,icmp,tunnel,ikev2,AES_GCM_16_256,PASS,0
icmp_02,68,0,4,4368.0,1.2151219844818115,3594.700824923954,3.2918505722746834,1092.0,0.0,1092.0,1092.0,1092.0,1092.0,1092.0,1092.0,1092.0,1092.0,1092.0,0.0,0.0,-0.0,0.0,0.4050406614939372,0.2674812918203808,0.2145369052886963,0.7833130359649658,0.21508393287658692,0.21590447425842285,0.21727204322814941,0.5002925395965576,0.6701048374176025,0.9182958340544896,0.6603797022602934,1.0,0,1.0,0.5,0.5,0.5,0.5,1.0027400264171902,0.0,0.0,0.0,1.0,0.0,0.0,0.0,2,0.6666666666666666,icmp,tunnel,ikev2,AES_GCM_16_256,PASS,0
icmp_02,69,0,3,3276.0,1.0019168853759766,3269.732297974654,2.994260346130636,1092.0,0.0,1092.0,1092.0,1092.0,1092.0,1092.0,1092.0,1092.0,1092.0,1092.0,0.0,0.0,-0.0,0.0,0.5009584426879883,0.286421537399292,0.2145369052886963,0.7873799800872803,0.2718212127685547,0.3577476739883423,0.5009584426879883,0.6441692113876343,0.7300956726074219,1.0,0.5717459598374781,1.0,0,1.0,0.6666666666666666,0.6666666666666666,0.3333333333333333,0.3333333333333333,1.0,0.3333333333333333,0.0,0.0,1.0,0.0,0.0,0.0,2,0.5,icmp,tunnel,ikev2,AES_GCM_16_256,PASS,0
icmp_02,71,0,3,3276.0,0.8850529193878174,3701.4735822418143,3.389627822565764,1092.0,0.0,1092.0,1092.0,1092.0,1092.0,1092.0,1092.0,1092.0,1092.0,1092.0,0.0,0.0,-0.0,0.0,0.4425264596939087,0.2370814085006714,0.2054450511932373,0.6796078681945801,0.2528613328933716,0.323985755443573,0.4425264596939087,0.5610671639442444,0.6321915864944458,1.0,0.5357439483295747,1.0,0,1.0,0.3333333333333333,0.3333333333333333,0.6666666666666666,0.6666666666666666,1.0,-0.3333333333333333,0.0,0.0,1.0,0.0,0.0,0.0,2,0.5,icmp,tunnel,ikev2,AES_GCM_16_256,PASS,0
icmp_02,72,0,4,4368.0,1.308927059173584,3337.084346592865,3.0559380463304624,1092.0,0.0,1092.0,1092.0,1092.0,1092.0,1092.0,1092.0,1092.0,1092.0,1092.0,0.0,0.0,-0.0,0.0,0.436309019724528,0.2579928134118951,0.2054450511932373,0.7964179515838623,0.2257688522338867,0.25625455379486084,0.3070640563964844,0.5517410039901733,0.6985471725463868,1.584962500721156,0.591306185392633,1.0,0,1.0,0.5,0.5,0.5,0.5,0.9079097689150308,0.0,0.0,0.0,1.0,0.0,0.0,0.0,2,0.6666666666666666,icmp,tunnel,ikev2,AES_GCM_16_256,PASS,0
icmp_02,73,0,3,3276.0,0.9994611740112305,3277.76614558435,3.0016173494362177,1092.0,0.0,1092.0,1092.0,1092.0,1092.0,1092.0,1092.0,1092.0,1092.0,1092.0,0.0,0.0,-0.0,0.0,0.49973058700561523,0.19266653060913086,0.3070640563964844,0.6923971176147461,0.3455973625183105,0.4033973217010498,0.49973058700561523,0.5960638523101807,0.6538638114929199,1.0,0.3855400291256073,1.0,0,1.0,0.6666666666666666,0.6666666666666666,0.3333333333333333,0.3333333333333333,1.0,0.3333333333333333,0.0,0.0,1.0,0.0,0.0,0.0,2,0.5,icmp,tunnel,ikev2,AES_GCM_16_256,PASS,0
icmp_02,75,0,3,3276.0,0.8111069202423096,4038.9249780057726,3.6986492472580332,1092.0,0.0,1092.0,1092.0,1092.0,1092.0,1092.0,1092.0,1092.0,1092.0,1092.0,0.0,0.0,-0.0,0.0,0.4055534601211548,0.2016545534133911,0.20389890670776367,0.6072080135345459,0.2442298173904419,0.30472618341445923,0.4055534601211548,0.5063807368278503,0.5668771028518677,1.0,0.4972317487351739,1.0,0,1.0,0.3333333333333333,0.3333333333333333,0.6666666666666666,0.6666666666666666,1.0,-0.3333333333333333,0.0,0.0,1.0,0.0,0.0,0.0,2,0.5,icmp,tunnel,ikev2,AES_GCM_16_256,PASS,0
icmp_02,76,0,3,3276.0,1.0015289783477783,3270.998713791003,2.9954200675741784,1092.0,0.0,1092.0,1092.0,1092.0,1092.0,1092.0,1092.0,1092.0,1092.0,1092.0,0.0,0.0,-0.0,0.0,0.5007644891738892,0.2968655824661255,0.20389890670776367,0.7976300716400146,0.26327202320098875,0.3523316979408264,0.5007644891738892,0.6491972804069519,0.7382569551467896,1.0,0.592823564890351,1.0,0,1.0,0.6666666666666666,0.6666666666666666,0.3333333333333333,0.3333333333333333,1.0,0.3333333333333333,0.0,0.0,1.0,0.0,0.0,0.0,2,0.5,icmp,tunnel,ikev2,AES_GCM_16_256,PASS,0
icmp_02,77,0,3,3276.0,1.0010738372802734,3272.485882660031,2.9967819438278673,1092.0,0.0,1092.0,1092.0,1092.0,1092.0,1092.0,1092.0,1092.0,1092.0,1092.0,0.0,0.0,-0.0,0.0,0.5005369186401367,0.06422090530395508,0.43631601333618164,0.5647578239440918,0.44916019439697263,0.4684264659881592,0.5005369186401367,0.5326473712921143,0.5519136428833008,1.0,0.12830377662182052,1.0,0,1.0,0.6666666666666666,0.6666666666666666,0.3333333333333333,0.3333333333333333,1.0,0.3333333333333333,0.0,0.0,1.0,0.0,0.0,0.0,2,0.5,icmp,tunnel,ikev2,AES_GCM_16_256,PASS,0
icmp_02,78,0,3,3276.0,0.8086040019989014,4051.426893635942,3.7100978879450017,1092.0,0.0,1092.0,1092.0,1092.0,1092.0,1092.0,1092.0,1092.0,1092.0,1092.0,0.0,0.0,-0.0,0.0,0.4043020009994507,0.03201401233673096,0.3722879886627197,0.43631601333618164,0.37869079113006593,0.3882949948310852,0.4043020009994507,0.42030900716781616,0.42991321086883544,1.0,0.07918321718510929,1.0,0,1.0,0.3333333333333333,0.3333333333333333,0.6666666666666666,0.6666666666666666,1.0,-0.3333333333333333,0.0,0.0,1.0,0.0,0.0,0.0,2,0.5,icmp,tunnel,ikev2,AES_GCM_16_256,PASS,0
icmp_02,79,0,3,3276.0,0.740664005279541,4423.058197304423,4.050419594601119,1092.0,0.0,1092.0,1092.0,1092.0,1092.0,1092.0,1092.0,1092.0,1092.0,1092.0,0.0,0.0,-0.0,0.0,0.3703320026397705,0.2579841613769531,0.11234784126281738,0.6283161640167236,0.16394467353820802,0.24133992195129395,0.3703320026397705,0.49932408332824707,0.576719331741333,1.0,0.6966275204694595,1.0,0,1.0,0.3333333333333333,0.3333333333333333,0.6666666666666666,0.6666666666666666,1.0,-0.3333333333333333,0.0,0.0,1.0,0.0,0.0,0.0,2,0.5,icmp,tunnel,ikev2,AES_GCM_16_256,PASS,0
icmp_02,80,0,4,4368.0,1.3336620330810547,3275.1925837679823,2.999260607846138,1092.0,0.0,1092.0,1092.0,1092.0,1092.0,1092.0,1092.0,1092.0,1092.0,1092.0,0.0,0.0,-0.0,0.0,0.44455401102701825,0.32717854166598426,0.11234784126281738,0.8895800113677979,0.1562251091003418,0.22204101085662842,0.33173418045043945,0.6106570959091187,0.7780108451843262,1.584962500721156,0.7359686282922131,1.0,0,1.0,0.5,0.5,0.5,0.5,0.8203679601651329,0.0,0.0,0.0,1.0,0.0,0.0,0.0,2,0.6666666666666666,icmp,tunnel,ikev2,AES_GCM_16_256,PASS,0
icmp_02,81,0,4,4368.0,1.1042430400848389,3955.6509223407984,3.6223909545245405,1092.0,0.0,1092.0,1092.0,1092.0,1092.0,1092.0,1092.0,1092.0,1092.0,1092.0,0.0,0.0,-0.0,0.0,0.368081013361613,0.2323590942981589,0.10342001914978027,0.6690888404846191,0.14908285140991212,0.21757709980010986,0.33173418045043945,0.5004115104675293,0.6016179084777832,1.584962500721156,0.6312698960106033,1.0,0,1.0,0.5,0.5,0.5,0.5,1.2955472457124513,0.0,0.0,0.0,1.0,0.0,0.0,0.0,2,0.6666666666666666,icmp,tunnel,ikev2,AES_GCM_16_256,PASS,0
icmp_02,84,0,4,4368.0,1.1516320705413818,3792.878048235149,3.4733315460028837,1092.0,0.0,1092.0,1092.0,1092.0,1092.0,1092.0,1092.0,1092.0,1092.0,1092.0,0.0,0.0,-0.0,0.0,0.38387735684712726,0.27492914485524655,0.15063691139221191,0.7699010372161865,0.16672835350036622,0.19086551666259766,0.2310941219329834,0.500497579574585,0.6621396541595459,1.584962500721156,0.7161881881367232,1.0,0,1.0,0.5,0.5,0.5,0.5,1.0874012019397974,0.0,0.0,0.0,1.0,0.0,0.0,0.0,2,0.6666666666666666,icmp,tunnel,ikev2,AES_GCM_16_256,PASS,0
icmp_02,85,0,3,3276.0,1.0019237995147705,3269.7097340002897,2.9942396831504485,1092.0,0.0,1092.0,1092.0,1092.0,1092.0,1092.0,1092.0,1092.0,1092.0,1092.0,0.0,0.0,-0.0,0.0,0.5009618997573853,0.35032498836517334,0.15063691139221191,0.8512868881225586,0.2207019090652466,0.3257994055747986,0.5009618997573853,0.6761243939399719,0.781221890449524,1.0,0.6993032588537687,1.0,0,1.0,0.6666666666666666,0.6666666666666666,0.3333333333333333,0.3333333333333333,1.0,0.3333333333333333,0.0,0.0,1.0,0.0,0.0,0.0,2,0.5,icmp,tunnel,ikev2,AES_GCM_16_256,PASS,0
icmp_02,87,0,3,3276.0,0.9824271202087402,3334.598498567441,3.053661628724763,1092.0,0.0,1092.0,1092.0,1092.0,1092.0,1092.0,1092.0,1092.0,1092.0,1092.0,0.0,0.0,-0.0,0.0,0.4912135601043701,0.2532365322113037,0.2379770278930664,0.7444500923156738,0.28862433433532714,0.36459529399871826,0.4912135601043701,0.617831826210022,0.693802785873413,1.0,0.515531404764341,1.0,0,1.0,0.3333333333333333,0.3333333333333333,0.6666666666666666,0.6666666666666666,1.0,-0.3333333333333333,0.0,0.0,1.0,0.0,0.0,0.0,2,0.5,icmp,tunnel,ikev2,AES_GCM_16_256,PASS,0
icmp_02,88,0,4,4368.0,1.311966896057129,3329.352297780689,3.048857415550081,1092.0,0.0,1092.0,1092.0,1092.0,1092.0,1092.0,1092.0,1092.0,1092.0,1092.0,0.0,0.0,-0.0,0.0,0.43732229868570965,0.2334823601706016,0.2379770278930664,0.7649579048156738,0.25218801498413085,0.27350449562072754,0.30903196334838867,0.5369949340820312,0.6737727165222168,1.584962500721156,0.53388959808976,1.0,0,1.0,0.5,0.5,0.5,0.5,0.9338393485814371,0.0,0.0,0.0,1.0,0.0,0.0,0.0,2,0.6666666666666666,icmp,tunnel,ikev2,AES_GCM_16_256,PASS,0
icmp_02,89,0,3,3276.0,0.9994239807128906,3277.8881267820134,3.0017290538296826,1092.0,0.0,1092.0,1092.0,1092.0,1092.0,1092.0,1092.0,1092.0,1092.0,1092.0,0.0,0.0,-0.0,0.0,0.4997119903564453,0.19068002700805664,0.30903196334838867,0.690392017364502,0.34716796875,0.404371976852417,0.4997119903564453,0.5950520038604736,0.6522560119628906,1.0,0.3815790877720521,1.0,0,1.0,0.6666666666666666,0.6666666666666666,0.3333333333333333,0.3333333333333333,1.0,0.3333333333333333,0.0,0.0,1.0,0.0,0.0,0.0,2,0.5,icmp,tunnel,ikev2,AES_GCM_16_256,PASS,0
icmp_02,91,0,3,3276.0,0.9179649353027344,3568.763766471769,3.26809868724521,1092.0,0.0,1092.0,1092.0,1092.0,1092.0,1092.0,1092.0,1092.0,1092.0,1092.0,0.0,0.0,-0.0,0.0,0.4589824676513672,0.28162240982055664,0.17736005783081055,0.7406048774719238,0.23368453979492188,0.31817126274108887,0.4589824676513672,0.5997936725616455,0.6842803955078125,1.0,0.6135785483987634,1.0,0,1.0,0.3333333333333333,0.3333333333333333,0.6666666666666666,0.6666666666666666,1.0,-0.3333333333333333,0.0,0.0,1.0,0.0,0.0,0.0,2,0.5,icmp,tunnel,ikev2,AES_GCM_16_256,PASS,0
icmp_02,92,0,4,4368.0,1.1130211353302002,3924.453778412882,3.5938221414037383,1092.0,0.0,1092.0,1092.0,1092.0,1092.0,1092.0,1092.0,1092.0,1092.0,1092.0,0.0,0.0,-0.0,0.0,0.3710070451100667,0.32174194866424266,0.11124610900878906,0.8244149684906006,0.12446889877319336,0.1443030834197998,0.17736005783081055,0.5008875131607056,0.6950039863586426,0.9182958340544896,0.8672101667466313,1.0,0,1.0,0.5,0.5,0.5,0.5,1.0706590022315665,0.0,0.0,0.0,1.0,0.0,0.0,0.0,2,0.6666666666666666,icmp,tunnel,ikev2,AES_GCM_16_256,PASS,0
icmp_02,93,0,4,4368.0,1.1175429821014404,3908.574497766845,3.579280675610664,1092.0,0.0,1092.0,1092.0,1092.0,1092.0,1092.0,1092.0,1092.0,1092.0,1092.0,0.0,0.0,-0.0,0.0,0.3725143273671468,0.3662102200561074,0.11124610900878906,0.8904068470001221,0.1121748924255371,0.11356806755065918,0.1158900260925293,0.5031484365463257,0.7355034828186036,0.9182958340544896,0.9830742338695098,1.0,0,1.0,0.5,0.5,0.5,0.5,0.9953841529352885,0.0,0.0,0.0,1.0,0.0,0.0,0.0,2,0.6666666666666666,icmp,tunnel,ikev2,AES_GCM_16_256,PASS,0
icmp_02,96,0,4,4368.0,1.1372418403625488,3840.871699380579,3.517281775989541,1092.0,0.0,1092.0,1092.0,1092.0,1092.0,1092.0,1092.0,1092.0,1092.0,1092.0,0.0,0.0,-0.0,0.0,0.3790806134541829,0.29429866652429365,0.13570690155029297,0.7931618690490723,0.1502401351928711,0.17203998565673828,0.2083730697631836,0.5007674694061279,0.6762041091918946,1.584962500721156,0.7763464543760142,1.0,0,1.0,0.5,0.5,0.5,0.5,1.0782296620181777,0.0,0.0,0.0,1.0,0.0,0.0,0.0,2,0.6666666666666666,icmp,tunnel,ikev2,AES_GCM_16_256,PASS,0
icmp_02,97,0,3,3276.0,1.0030889511108398,3265.9117582464596,2.990761683375879,1092.0,0.0,1092.0,1092.0,1092.0,1092.0,1092.0,1092.0,1092.0,1092.0,1092.0,0.0,0.0,-0.0,0.0,0.5015444755554199,0.36583757400512695,0.13570690155029297,0.8673820495605469,0.20887441635131837,0.31862568855285645,0.5015444755554199,0.6844632625579834,0.7942145347595215,1.0,0.7294205447671365,1.0,0,1.0,0.6666666666666666,0.6666666666666666,0.3333333333333333,0.3333333333333333,1.0,0.3333333333333333,0.0,0.0,1.0,0.0,0.0,0.0,2,0.5,icmp,tunnel,ikev2,AES_GCM_16_256,PASS,0
icmp_02,99,0,3,3276.0,0.9717130661010742,3371.36559575627,3.087331131644936,1092.0,0.0,1092.0,1092.0,1092.0,1092.0,1092.0,1092.0,1092.0,1092.0,1092.0,0.0,0.0,-0.0,0.0,0.4858565330505371,0.31624841690063477,0.16960811614990234,0.8021049499511719,0.2328577995300293,0.3277323246002197,0.4858565330505371,0.6439807415008545,0.7388552665710449,1.0,0.6509077155087349,1.0,0,1.0,0.3333333333333333,0.3333333333333333,0.6666666666666666,0.6666666666666666,1.0,-0.3333333333333333,0.0,0.0,1.0,0.0,0.0,0.0,2,0.5,icmp,tunnel,ikev2,AES_GCM_16_256,PASS,0
icmp_02,100,0,4,4368.0,1.1966321468353271,3650.2445731144944,3.342714810544409,1092.0,0.0,1092.0,1092.0,1092.0,1092.0,1092.0,1092.0,1092.0,1092.0,1092.0,0.0,0.0,-0.0,0.0,0.3988773822784424,0.30665990304052954,0.16960811614990234,0.8323178291320801,0.17462773323059083,0.18215715885162354,0.19470620155334473,0.5135120153427124,0.704795503616333,0.9182958340544896,0.7688055223470635,1.0,0,1.0,0.5,0.5,0.5,0.5,0.9755613693400526,0.0,0.0,0.0,1.0,0.0,0.0,0.0,2,0.6666666666666666,icmp,tunnel,ikev2,AES_GCM_16_256,PASS,0
icmp_02,101,0,4,4368.0,1.1324222087860107,3857.21859401064,3.5322514597167034,1092.0,0.0,1092.0,1092.0,1092.0,1092.0,1092.0,1092.0,1092.0,1092.0,1092.0,0.0,0.0,-0.0,0.0,0.3774740695953369,0.3050166213840079,0.13048005104064941,0.8072359561920166,0.1433252811431885,0.16259312629699707,0.19470620155334473,0.5009710788726807,0.6847300052642823,0.9182958340544896,0.8080444139290939,1.0,0,1.0,0.5,0.5,0.5,0.5,1.0684909733078563,0.0,0.0,0.0,1.0,0.0,0.0,0.0,2,0.6666666666666666,icmp,tunnel,ikev2,AES_GCM_16_256,PASS,0
icmp_02,104,0,4,4368.0,1.157508134841919,3773.6235871867443,3.455699255665517,1092.0,0.0,1092.0,1092.0,1092.0,1092.0,1092.0,1092.0,1092.0,1092.0,1092.0,0.0,0.0,-0.0,0.0,0.38583604494730633,0.3382999715212227,0.13742494583129883,0.864145040512085,0.1411275863647461,0.146681547164917,0.15593814849853516,0.5100415945053101,0.722503662109375,0.9182958340544896,0.8767949473784309,1.0,0,1.0,0.5,0.5,0.5,0.5,0.9818503189573077,0.0,0.0,0.0,1.0,0.0,0.0,0.0,2,0.6666666666666666,icmp,tunnel,ikev2,AES_GCM_16_256,PASS,0
icmp_02,105,0,4,4368.0,1.1115391254425049,3929.6862341765027,3.5986137675608996,1092.0,0.0,1092.0,1092.0,1092.0,1092.0,1092.0,1092.0,1092.0,1092.0,1092.0,0.0,0.0,-0.0,0.0,0.3705130418141683,0.3365069287666695,0.10993695259094238,0.8456640243530273,0.11913719177246093,0.13293755054473877,0.15593814849853516,0.5008010864257812,0.7077188491821289,0.9182958340544896,0.9082163988145014,1.0,0,1.0,0.5,0.5,0.5,0.5,1.0481374013631723,0.0,0.0,0.0,1.0,0.0,0.0,0.0,2,0.6666666666666666,icmp,tunnel,ikev2,AES_GCM_16_256,PASS,0
icmp_02,108,0,4,4368.0,1.1325671672821045,3856.724904432975,3.53179936303386,1092.0,0.0,1092.0,1092.0,1092.0,1092.0,1092.0,1092.0,1092.0,1092.0,1092.0,0.0,0.0,-0.0,0.0,0.37752238909403485,0.28645601630370493,0.1313800811767578,0.7792439460754395,0.1494926929473877,0.17666161060333252,0.22194314002990723,0.5005935430526733,0.667783784866333,1.584962500721156,0.7587768720532265,1.0,0,1.0,0.5,0.5,0.5,0.5,1.0994504391411464,0.0,0.0,0.0,1.0,0.0,0.0,0.0,2,0.6666666666666666,icmp,tunnel,ikev2,AES_GCM_16_256,PASS,0
icmp_02,109,0,3,3276.0,1.0020859241485596,3269.18073695478,2.9937552536215937,1092.0,0.0,1092.0,1092.0,1092.0,1092.0,1092.0,1092.0,1092.0,1092.0,1092.0,0.0,0.0,-0.0,0.0,0.5010429620742798,0.369662880897522,0.1313800811767578,0.8707058429718018,0.2053126573562622,0.3162115216255188,0.5010429620742798,0.6858744025230408,0.7967732667922973,1.0,0.7377853220047773,1.0,0,1.0,0.6666666666666666,0.6666666666666666,0.3333333333333333,0.3333333333333333,1.0,0.3333333333333333,0.0,0.0,1.0,0.0,0.0,0.0,2,0.5,icmp,tunnel,ikev2,AES_GCM_16_256,PASS,0
icmp_02,111,0,3,3276.0,0.9488430023193359,3452.625979210681,3.1617454022075835,1092.0,0.0,1092.0,1092.0,1092.0,1092.0,1092.0,1092.0,1092.0,1092.0,1092.0,0.0,0.0,-0.0,0.0,0.47442150115966797,0.3020613193511963,0.17236018180847168,0.7764828205108643,0.23277244567871094,0.3233908414840698,0.47442150115966797,0.6254521608352661,0.716070556640625,1.0,0.636692649722229,1.0,0,1.0,0.3333333333333333,0.3333333333333333,0.6666666666666666,0.6666666666666666,1.0,-0.3333333333333333,0.0,0.0,1.0,0.0,0.0,0.0,2,0.5,icmp,tunnel,ikev2,AES_GCM_16_256,PASS,0
icmp_02,112,0,4,4368.0,1.1927130222320557,3662.238877735802,3.3536986059851666,1092.0,0.0,1092.0,1092.0,1092.0,1092.0,1092.0,1092.0,1092.0,1092.0,1092.0,0.0,0.0,-0.0,0.0,0.39757100741068524,0.3055145148006054,0.17236018180847168,0.8295018672943115,0.17605834007263182,0.18160557746887207,0.19085097312927246,0.510176420211792,0.7017716884613038,0.9182958340544896,0.7684507689320642,1.0,0,1.0,0.5,0.5,0.5,0.5,0.9818770797068553,0.0,0.0,0.0,1.0,0.0,0.0,0.0,2,0.6666666666666666,icmp,tunnel,ikev2,AES_GCM_16_256,PASS,0
icmp_02,113,0,4,4368.0,1.1180660724639893,3906.745860174274,3.5776060990606906,1092.0,0.0,1092.0,1092.0,1092.0,1092.0,1092.0,1092.0,1092.0,1092.0,1092.0,0.0,0.0,-0.0,0.0,0.37268869082132977,0.3108240921975403,0.11702609062194824,0.8101890087127686,0.1317910671234131,0.15393853187561035,0.19085097312927246,0.5005199909210205,0.6863214015960694,1.584962500721156,0.834002388186669,1.0,0,1.0,0.5,0.5,0.5,0.5,1.0796188532104796,0.0,0.0,0.0,1.0,0.0,0.0,0.0,2,0.6666666666666666,icmp,tunnel,ikev2,AES_GCM_16_256,PASS,0
icmp_02,116,0,4,4368.0,1.156567096710205,3776.693987252922,3.4585109773378404,1092.0,0.0,1092.0,1092.0,1092.0,1092.0,1092.0,1092.0,1092.0,1092.0,1092.0,0.0,0.0,-0.0,0.0,0.38552236557006836,0.358977341377076,0.10932612419128418,0.8925158977508545,0.11840591430664063,0.1320255994796753,0.1547250747680664,0.5236204862594604,0.7449577331542969,0.9182958340544896,0.9311428915501941,1.0,0,1.0,0.5,0.5,0.5,0.5,0.9566480796528981,0.0,0.0,0.0,1.0,0.0,0.0,0.0,2,0.6666666666666666,icmp,tunnel,ikev2,AES_GCM_16_256,PASS,0
icmp_02,117,0,4,4368.0,1.1066920757293701,3946.8973310586425,3.614374845291797,1092.0,0.0,1092.0,1092.0,1092.0,1092.0,1092.0,1092.0,1092.0,1092.0,1092.0,0.0,0.0,-0.0,0.0,0.3688973585764567,0.3380682502350282,0.1058039665222168,0.8461630344390869,0.11558818817138672,0.1302645206451416,0.1547250747680664,0.5004440546035767,0.7078754425048829,0.9182958340544896,0.9164265504991702,1.0,0,1.0,0.5,0.5,0.5,0.5,1.0513883956146106,0.0,0.0,0.0,1.0,0.0,0.0,0.0,2,0.6666666666666666,icmp,tunnel,ikev2,AES_GCM_16_256,PASS,0
icmp_02,120,0,4,4368.0,1.1076879501342773,3943.3488460992085,3.611125316940667,1092.0,0.0,1092.0,1092.0,1092.0,1092.0,1092.0,1092.0,1092.0,1092.0,1092.0,0.0,0.0,-0.0,0.0,0.3692293167114258,0.30939651969946763,0.10581493377685547,0.8035070896148682,0.12432513236999512,0.1520904302597046,0.1983659267425537,0.5009365081787109,0.6824788570404053,1.584962500721156,0.8379499344883925,1.0,0,1.0,0.5,0.5,0.5,0.5,1.1017790054633083,0.0,0.0,0.0,1.0,0.0,0.0,0.0,2,0.6666666666666666,icmp,tunnel,ikev2,AES_GCM_16_256,PASS,0
icmp_02,121,0,4,4368.0,1.1135621070861816,3922.5472671924786,3.5920762520077645,1092.0,0.0,1092.0,1092.0,1092.0,1092.0,1092.0,1092.0,1092.0,1092.0,1092.0,0.0,0.0,-0.0,0.0,0.37118736902872723,0.3715003193446932,0.10581493377685547,0.8965590000152588,0.10688958168029786,0.10850155353546143,0.11118817329406738,0.5038735866546631,0.7394848346710206,0.9182958340544896,1.000840409727229,1.0,0,1.0,0.5,0.5,0.5,0.5,0.9946670808644947,0.0,0.0,0.0,1.0,0.0,0.0,0.0,2,0.6666666666666666,icmp,tunnel,ikev2,AES_GCM_16_256,PASS,0
icmp_02,124,0,4,4368.0,1.2954928874969482,3371.6896805504766,3.0876279125920116,1092.0,0.0,1092.0,1092.0,1092.0,1092.0,1092.0,1092.0,1092.0,1092.0,1092.0,0.0,0.0,-0.0,0.0,0.43183096249898273,0.17792138106013905,0.29483985900878906,0.6831080913543701,0.29938087463378904,0.30619239807128906,0.31754493713378906,0.5003265142440796,0.6099954605102539,0.9182958340544896,0.41201531269366887,1.0,0,1.0,0.5,0.5,0.5,0.5,1.0232160156382077,0.0,0.0,0.0,1.0,0.0,0.0,0.0,2,0.6666666666666666,icmp,tunnel,ikev2,AES_GCM_16_256,PASS,0
icmp_02,125,0,3,3276.0,1.000277042388916,3275.0926605054124,2.9991691030269343,1092.0,0.0,1092.0,1092.0,1092.0,1092.0,1092.0,1092.0,1092.0,1092.0,1092.0,0.0,0.0,-0.0,0.0,0.500138521194458,0.20529866218566895,0.29483985900878906,0.705437183380127,0.33589959144592285,0.39748919010162354,0.500138521194458,0.6027878522872925,0.6643774509429932,1.0,0.41048278227516294,1.0,0,1.0,0.6666666666666666,0.6666666666666666,0.3333333333333333,0.3333333333333333,1.0,0.3333333333333333,0.0,0.0,1.0,0.0,0.0,0.0,2,0.5,icmp,tunnel,ikev2,AES_GCM_16_256,PASS,0
icmp_02,127,0,3,3276.0,1.0534019470214844,3109.924003143299,2.8479157537942297,1092.0,0.0,1092.0,1092.0,1092.0,1092.0,1092.0,1092.0,1092.0,1092.0,1092.0,0.0,0.0,-0.0,0.0,0.5267009735107422,0.22277402877807617,0.303926944732666,0.7494750022888184,0.34848175048828123,0.4153139591217041,0.5267009735107422,0.6380879878997803,0.7049201965332031,1.0,0.4229603076919791,1.0,0,1.0,0.3333333333333333,0.3333333333333333,0.6666666666666666,0.6666666666666666,1.0,-0.3333333333333333,0.0,0.0,1.0,0.0,0.0,0.0,2,0.5,icmp,tunnel,ikev2,AES_GCM_16_256,PASS,0
icmp_02,128,0,4,4368.0,1.2936980724334717,3376.367402158763,3.091911540438428,1092.0,0.0,1092.0,1092.0,1092.0,1092.0,1092.0,1092.0,1092.0,1092.0,1092.0,0.0,0.0,-0.0,0.0,0.4312326908111572,0.18778473529373668,0.2930450439453125,0.6967260837554932,0.2952214241027832,0.29848599433898926,0.303926944732666,0.5003265142440796,0.6181662559509278,0.9182958340544896,0.4354593328283574,1.0,0,1.0,0.5,0.5,0.5,0.5,1.0109933392574202,0.0,0.0,0.0,1.0,0.0,0.0,0.0,2,0.6666666666666666,icmp,tunnel,ikev2,AES_GCM_16_256,PASS,0
icmp_02,129,0,3,3276.0,1.000654935836792,3273.8558344895023,2.9980364784702402,1092.0,0.0,1092.0,1092.0,1092.0,1092.0,1092.0,1092.0,1092.0,1092.0,1092.0,0.0,0.0,-0.0,0.0,0.500327467918396,0.2072824239730835,0.2930450439453125,0.7076098918914795,0.3345015287399292,0.39668625593185425,0.500327467918396,0.6039686799049377,0.6661534070968628,1.0,0.4142926842349723,1.0,0,1.0,0.6666666666666666,0.6666666666666666,0.3333333333333333,0.3333333333333333,1.0,0.3333333333333333,0.0,0.0,1.0,0.0,0.0,0.0,2,0.5,icmp,tunnel,ikev2,AES_GCM_16_256,PASS,0
icmp_02,131,0,3,3276.0,1.2889060974121094,2541.690202705702,2.3275551306828777,1092.0,0.0,1092.0,1092.0,1092.0,1092.0,1092.0,1092.0,1092.0,1092.0,1092.0,0.0,0.0,-0.0,0.0,0.6444530487060547,0.16925811767578125,0.47519493103027344,0.8137111663818359,0.5090465545654297,0.5598239898681641,0.6444530487060547,0.7290821075439453,0.7798595428466797,1.0,0.2626379926010558,1.0,0,1.0,0.3333333333333333,0.3333333333333333,0.6666666666666666,0.6666666666666666,1.0,-0.3333333333333333,0.0,0.0,1.0,0.0,0.0,0.0,2,0.5,icmp,tunnel,ikev2,AES_GCM_16_256,PASS,0
icmp_03,-1,1,200,242400.0,99.48268103599548,2436.605019845547,2.0104001813907155,1212.0,0.0,1212.0,1212.0,1212.0,1212.0,1212.0,1212.0,1212.0,1212.0,1212.0,0.0,0.0,-0.0,0.0,0.4999129700301281,0.252938525386318,0.10705804824829102,0.8945701122283936,0.15959620475769043,0.27860546112060547,0.49583005905151367,0.7218610048294067,0.8423812866210938,3.1945211697687164,0.5059641069263864,1.0,0,1.0,0.5,0.5,0.5,0.5,0.998350167507506,0.0,0.0,0.0,1.0,0.0,0.0,0.0,2,0.5025125628140703,icmp,tunnel,ikev2,AES_GCM_16_256,PASS,0
icmp_03,0,0,4,4848.0,1.163856029510498,4165.463663094999,3.436851207174091,1212.0,0.0,1212.0,1212.0,1212.0,1212.0,1212.0,1212.0,1212.0,1212.0,1212.0,0.0,0.0,-0.0,0.0,0.3879520098368327,0.27773414925949896,0.1623220443725586,0.77919602394104,0.17432522773742676,0.192330002784729,0.22233796119689941,0.5007669925689697,0.6678244113922119,0.9182958340544896,0.7158963642950208,1.0,0,1.0,0.5,0.5,0.5,0.5,1.0637426461599302,0.0,0.0,0.0,1.0,0.0,0.0,0.0,2,0.6666666666666666,icmp,tunnel,ikev2,AES_GCM_16_256,PASS,0
icmp_03,1,0,3,3636.0,1.0009708404541016,3632.4734478283985,2.9970903034887777,1212.0,0.0,1212.0,1212.0,1212.0,1212.0,1212.0,1212.0,1212.0,1212.0,1212.0,0.0,0.0,-0.0,0.0,0.5004854202270508,0.3381633758544922,0.1623220443725586,0.838648796081543,0.22995471954345703,0.3314037322998047,0.5004854202270508,0.6695671081542969,0.7710161209106445,1.0,0.6756694331508154,1.0,0,1.0,0.6666666666666666,0.6666666666666666,0.3333333333333333,0.3333333333333333,1.0,0.3333333333333333,0.0,0.0,1.0,0.0,0.0,0.0,2,0.5,icmp,tunnel,ikev2,AES_GCM_16_256,PASS,0
icmp_03,3,0,3,3636.0,1.1488211154937744,3164.9836088164275,2.6113726145350062,1212.0,0.0,1212.0,1212.0,1212.0,1212.0,1212.0,1212.0,1212.0,1212.0,1212.0,0.0,0.0,-0.0,0.0,0.5744105577468872,0.1673194169998169,0.4070911407470703,0.7417299747467041,0.4405550241470337,0.49075084924697876,0.5744105577468872,0.6580702662467957,0.7082660913467407,1.0,0.2912883885138427,1.0,0,1.0,0.3333333333333333,0.3333333333333333,0.6666666666666666,0.6666666666666666,1.0,-0.3333333333333333,0.0,0.0,1.0,0.0,0.0,0.0,2,0.5,icmp,tunnel,ikev2,AES_GCM_16_256,PASS,0
icmp_03,4,0,4,4848.0,1.346662998199463,3600.00980682023,2.9703051211388036,1212.0,0.0,1212.0,1212.0,1212.0,1212.0,1212.0,1212.0,1212.0,1212.0,1212.0,0.0,0.0,-0.0,0.0,0.4488876660664876,0.10527677378357811,0.34603381156921387,0.5935380458831787,0.3582452774047852,0.3765624761581421,0.4070911407470703,0.5003145933151245,0.556248664855957,1.584962500721156,0.23452758276588997,1.0,0,1.0,0.5,0.5,0.5,0.5,1.06498307043842,0.0,0.0,0.0,1.0,0.0,0.0,0.0,2,0.6666666666666666,icmp,tunnel,ikev2,AES_GCM_16_256,PASS,0
icmp_03,5,0,3,3636.0,1.000443935394287,3634.3865671663134,2.9986687847906874,1212.0,0.0,1212.0,1212.0,1212.0,1212.0,1212.0,1212.0,1212.0,1212.0,1212.0,0.0,0.0,-0.0,0.0,0.5002219676971436,0.1541881561279297,0.34603381156921387,0.6544101238250732,0.3768714427947998,0.4231278896331787,0.5002219676971436,0.5773160457611084,0.6235724925994873,1.0,0.30823885763934333,1.0,0,1.0,0.6666666666666666,0.6666666666666666,0.3333333333333333,0.3333333333333333,1.0,0.3333333333333333,0.0,0.0,1.0,0.0,0.0,0.0,2,0.5,icmp,tunnel,ikev2,AES_GCM_16_256,PASS,0
icmp_03,7,0,3,3636.0,0.8577499389648438,4238.997678493601,3.497522837040924,1212.0,0.0,1212.0,1212.0,1212.0,1212.0,1212.0,1212.0,1212.0,1212.0,1212.0,0.0,0.0,-0.0,0.0,0.4288749694824219,0.15882587432861328,0.2700490951538086,0.5877008438110352,0.30181427001953126,0.34946203231811523,0.4288749694824219,0.5082879066467285,0.5559356689453125,1.0,0.3703305515585037,1.0,0,1.0,0.3333333333333333,0.3333333333333333,0.6666666666666666,0.6666666666666666,1.0,-0.3333333333333333,0.0,0.0,1.0,0.0,0.0,0.0,2,0.5,icmp,tunnel,ikev2,AES_GCM_16_256,PASS,0
icmp_03,8,0,4,4848.0,1.2037241458892822,4027.500832774618,3.323020489087969,1212.0,0.0,1212.0,1212.0,1212.0,1212.0,1212.0,1212.0,1212.0,1212.0,1212.0,0.0,0.0,-0.0,0.0,0.40124138196309406,0.23491046397240226,0.2025160789489746,0.731158971786499,0.21602268218994142,0.2362825870513916,0.2700490951538086,0.5006040334701538,0.6389369964599609,1.584962500721156,0.585457754545005,1.0,0,1.0,0.5,0.5,0.5,0.5,1.0723291725771886,0.0,0.0,0.0,1.0,0.0,0.0,0.0,2,0.6666666666666666,icmp,tunnel,ikev2,AES_GCM_16_256,PASS,0
icmp_03,9,0,3,3636.0,1.0018110275268555,3629.427007782194,2.994576739094219,1212.0,0.0,1212.0,1212.0,1212.0,1212.0,1212.0,1212.0,1212.0,1212.0,1212.0,0.0,0.0,-0.0,0.0,0.5009055137634277,0.2983894348144531,0.2025160789489746,0.7992949485778809,0.2621939659118652,0.35171079635620117,0.5009055137634277,0.6501002311706543,0.7396170616149902,1.0,0.5956988512139392,1.0,0,1.0,0.6666666666666666,0.6666666666666666,0.3333333333333333,0.3333333333333333,1.0,0.3333333333333333,0.0,0.0,1.0,0.0,0.0,0.0,2,0.5,icmp,tunnel,ikev2,AES_GCM_16_256,PASS,0
icmp_03,11,0,3,3636.0,0.9301989078521729,3908.8413986590413,3.225116665560265,1212.0,0.0,1212.0,1212.0,1212.0,1212.0,1212.0,1212.0,1212.0,1212.0,1212.0,0.0,0.0,-0.0,0.0,0.4650994539260864,0.14407646656036377,0.32102298736572266,0.6091759204864502,0.34983828067779543,0.39306122064590454,0.4650994539260864,0.5371376872062683,0.5803606271743774,1.0,0.3097749429056897,1.0,0,1.0,0.3333333333333333,0.3333333333333333,0.6666666666666666,0.6666666666666666,1.0,-0.3333333333333333,0.0,0.0,1.0,0.0,0.0,0.0,2,0.5,icmp,tunnel,ikev2,AES_GCM_16_256,PASS,0
icmp_03,12,0,4,4848.0,1.1133711338043213,4354.343177045267,3.5926923903013757,1212.0,0.0,1212.0,1212.0,1212.0,1212.0,1212.0,1212.0,1212.0,1212.0,1212.0,0.0,0.0,-0.0,0.0,0.3711237112681071,0.23404451575388902,0.11283206939697266,0.679516077041626,0.15447025299072265,0.21692752838134766,0.32102298736572266,0.5002695322036743,0.6078174591064454,1.584962500721156,0.6306357637953435,1.0,0,1.0,0.5,0.5,0.5,0.5,1.2627502268469764,0.0,0.0,0.0,1.0,0.0,0.0,0.0,2,0.6666666666666666,icmp,tunnel,ikev2,AES_GCM_16_256,PASS,0
icmp_03,13,0,3,3636.0,1.0013179779052734,3631.214139994171,2.9960512706222535,1212.0,0.0,1212.0,1212.0,1212.0,1212.0,1212.0,1212.0,1212.0,1212.0,1212.0,0.0,0.0,-0.0,0.0,0.5006589889526367,0.38782691955566406,0.11283206939697266,0.8884859085083008,0.19039745330810548,0.3067455291748047,0.5006589889526367,0.6945724487304688,0.810920524597168,1.0,0.7746313428540285,1.0,0,1.0,0.6666666666666666,0.6666666666666666,0.3333333333333333,0.3333333333333333,1.0,0.3333333333333333,0.0,0.0,1.0,0.0,0.0,0.0,2,0.5,icmp,tunnel,ikev2,AES_GCM_16_256,PASS,0
icmp_03,15,0,3,3636.0,0.858680009841919,4234.406249505423,3.493734529294904,1212.0,0.0,1212.0,1212.0,1212.0,1212.0,1212.0,1212.0,1212.0,1212.0,1212.0,0.0,0.0,-0.0,0.0,0.4293400049209595,0.12853014469146729,0.3008098602294922,0.5578701496124268,0.3265158891677856,0.36507493257522583,0.4293400049209595,0.4936050772666931,0.5321641206741333,1.0,0.29936610577209916,1.0,0,1.0,0.3333333333333333,0.3333333333333333,0.6666666666666666,0.6666666666666666,1.0,-0.3333333333333333,0.0,0.0,1.0,0.0,0.0,0.0,2,0.5,icmp,tunnel,ikev2,AES_GCM_16_256,PASS,0
icmp_03,16,0,4,4848.0,1.1338379383087158,4275.743328214521,3.5278410298799683,1212.0,0.0,1212.0,1212.0,1212.0,1212.0,1212.0,1212.0,1212.0,1212.0,1212.0,0.0,0.0,-0.0,0.0,0.3779459794362386,0.23719621548391584,0.13379406929016113,0.6992340087890625,0.16719722747802734,0.21730196475982666,0.3008098602294922,0.5000219345092773,0.6195491790771485,1.584962500721156,0.6275912453056975,1.0,0,1.0,0.5,0.5,0.5,0.5,1.2004909496369913,0.0,0.0,0.0,1.0,0.0,0.0,0.0,2,0.6666666666666666,icmp,tunnel,ikev2,AES_GCM_16_256,PASS,0
icmp_03,17,0,3,3636.0,1.0015370845794678,3630.4197378040258,2.9953958232706483,1212.0,0.0,1212.0,1212.0,1212.0,1212.0,1212.0,1212.0,1212.0,1212.0,1212.0,0.0,0.0,-0.0,0.0,0.5007685422897339,0.36697447299957275,0.13379406929016113,0.8677430152893066,0.20718896389007568,0.3172813057899475,0.5007685422897339,0.6842557787895203,0.7943481206893921,1.0,0.7328210723871253,1.0,0,1.0,0.6666666666666666,0.6666666666666666,0.3333333333333333,0.3333333333333333,1.0,0.3333333333333333,0.0,0.0,1.0,0.0,0.0,0.0,2,0.5,icmp,tunnel,ikev2,AES_GCM_16_256,PASS,0
icmp_03,19,0,3,3636.0,0.9460899829864502,3843.186235333045,3.1709457387236344,1212.0,0.0,1212.0,1212.0,1212.0,1212.0,1212.0,1212.0,1212.0,1212.0,1212.0,0.0,0.0,-0.0,0.0,0.4730449914932251,0.28225696086883545,0.19078803062438965,0.7553019523620605,0.24723942279815675,0.3319165110588074,0.4730449914932251,0.6141734719276428,0.6988505601882935,1.0,0.5966797435020182,1.0,0,1.0,0.3333333333333333,0.3333333333333333,0.6666666666666666,0.6666666666666666,1.0,-0.3333333333333333,0.0,0.0,1.0,0.0,0.0,0.0,2,0.5,icmp,tunnel,ikev2,AES_GCM_16_256,PASS,0
icmp_03,20,0,4,4848.0,1.3704769611358643,3537.4545778441484,2.9186918959110133,1212.0,0.0,1212.0,1212.0,1212.0,1212.0,1212.0,1212.0,1212.0,1212.0,1212.0,0.0,0.0,-0.0,0.0,0.45682565371195477,0.26093525945393514,0.19078803062438965,0.8113141059875488,0.22630538940429687,0.2795814275741577,0.3683748245239258,0.5898444652557373,0.7227262496948242,1.584962500721156,0.5711909699963873,1.0,0,1.0,0.5,0.5,0.5,0.5,0.849462312675213,0.0,0.0,0.0,1.0,0.0,0.0,0.0,2,0.6666666666666666,icmp,tunnel,ikev2,AES_GCM_16_256,PASS,0
icmp_03,21,0,4,4848.0,1.2250728607177734,3957.3156466461464,3.2651119196750384,1212.0,0.0,1212.0,1212.0,1212.0,1212.0,1212.0,1212.0,1212.0,1212.0,1212.0,0.0,0.0,-0.0,0.0,0.4083576202392578,0.16870065781796267,0.2246558666229248,0.6320421695709229,0.253399658203125,0.2965153455734253,0.3683748245239258,0.5002084970474243,0.5793087005615234,1.584962500721156,0.413118884864291,1.0,0,1.0,0.5,0.5,0.5,0.5,1.1677578143889513,0.0,0.0,0.0,1.0,0.0,0.0,0.0,2,0.6666666666666666,icmp,tunnel,ikev2,AES_GCM_16_256,PASS,0
icmp_03,24,0,4,4848.0,1.1692681312561035,4146.183300824221,3.4209433175117336,1212.0,0.0,1212.0,1212.0,1212.0,1212.0,1212.0,1212.0,1212.0,1212.0,1212.0,0.0,0.0,-0.0,0.0,0.3897560437520345,0.17609573739607245,0.1683640480041504,0.5992131233215332,0.2150294303894043,0.28502750396728516,0.4016909599304199,0.5004520416259766,0.5597086906433105,1.584962500721156,0.45180899285583026,1.0,0,1.0,0.5,0.5,0.5,0.5,1.3039767422297752,0.0,0.0,0.0,1.0,0.0,0.0,0.0,2,0.6666666666666666,icmp,tunnel,ikev2,AES_GCM_16_256,PASS,0
icmp_03,25,0,3,3636.0,1.0019328594207764,3628.985680838928,2.9942126079529108,1212.0,0.0,1212.0,1212.0,1212.0,1212.0,1212.0,1212.0,1212.0,1212.0,1212.0,0.0,0.0,-0.0,0.0,0.5009664297103882,0.3326023817062378,0.1683640480041504,0.833568811416626,0.23488452434539797,0.3346652388572693,0.5009664297103882,0.6672676205635071,0.7670483350753784,1.0,0.6639201712145576,1.0,0,1.0,0.6666666666666666,0.6666666666666666,0.3333333333333333,0.3333333333333333,1.0,0.3333333333333333,0.0,0.0,1.0,0.0,0.0,0.0,2,0.5,icmp,tunnel,ikev2,AES_GCM_16_256,PASS,0
icmp_03,27,0,3,3636.0,1.0233659744262695,3552.981133693109,2.93150258555537,1212.0,0.0,1212.0,1212.0,1212.0,1212.0,1212.0,1212.0,1212.0,1212.0,1212.0,0.0,0.0,-0.0,0.0,0.5116829872131348,0.19529414176940918,0.3163888454437256,0.706977128982544,0.35544767379760744,0.4140359163284302,0.5116829872131348,0.6093300580978394,0.6679183006286621,1.0,0.38166944178392304,1.0,0,1.0,0.3333333333333333,0.3333333333333333,0.6666666666666666,0.6666666666666666,1.0,-0.3333333333333333,0.0,0.0,1.0,0.0,0.0,0.0,2,0.5,icmp,tunnel,ikev2,AES_GCM_16_256,PASS,0
icmp_03,28,0,4,4848.0,1.1392719745635986,4255.349124915532,3.511014129468261,1212.0,0.0,1212.0,1212.0,1212.0,1212.0,1212.0,1212.0,1212.0,1212.0,1212.0,0.0,0.0,-0.0,0.0,0.3797573248545329,0.22680598591575815,0.13913702964782715,0.6837460994720459,0.17458739280700683,0.22776293754577637,0.3163888454437256,0.5000674724578857,0.6102746486663818,1.584962500721156,0.59723769321617,1.0,0,1.0,0.5,0.5,0.5,0.5,1.2154019132505076,0.0,0.0,0.0,1.0,0.0,0.0,0.0,2,0.6666666666666666,icmp,tunnel,ikev2,AES_GCM_16_256,PASS,0
icmp_03,29,0,3,3636.0,1.0024139881134033,3627.2438763979603,2.992775475575875,1212.0,0.0,1212.0,1212.0,1212.0,1212.0,1212.0,1212.0,1212.0,1212.0,1212.0,0.0,0.0,-0.0,0.0,0.5012069940567017,0.3620699644088745,0.13913702964782715,0.8632769584655762,0.21155102252960206,0.3201720118522644,0.5012069940567017,0.6822419762611389,0.7908629655838013,1.0,0.7223946319737141,1.0,0,1.0,0.6666666666666666,0.6666666666666666,0.3333333333333333,0.3333333333333333,1.0,0.3333333333333333,0.0,0.0,1.0,0.0,0.0,0.0,2,0.5,icmp,tunnel,ikev2,AES_GCM_16_256,PASS,0
icmp_03,31,0,3,3636.0,0.934086799621582,3892.5718696303375,3.2116929617412024,1212.0,0.0,1212.0,1212.0,1212.0,1212.0,1212.0,1212.0,1212.0,1212.0,1212.0,0.0,0.0,-0.0,0.0,0.467043399810791,0.18639349937438965,0.28064990043640137,0.6534368991851807,0.3179286003112793,0.3738466501235962,0.467043399810791,0.5602401494979858,0.6161581993103027,1.0,0.3990916055302266,1.0,0,1.0,0.3333333333333333,0.3333333333333333,0.6666666666666666,0.6666666666666666,1.0,-0.3333333333333333,0.0,0.0,1.0,0.0,0.0,0.0,2,0.5,icmp,tunnel,ikev2,AES_GCM_16_256,PASS,0
icmp_03,32,0,4,4848.0,1.3054161071777344,3713.758374317299,3.064157074519224,1212.0,0.0,1212.0,1212.0,1212.0,1212.0,1212.0,1212.0,1212.0,1212.0,1212.0,0.0,0.0,-0.0,0.0,0.4351387023925781,0.2018580263843909,0.28064990043640137,0.7202770709991455,0.2854177474975586,0.29256951808929443,0.3044891357421875,0.5123831033706665,0.637119483947754,0.9182958340544896,0.4638924586161455,1.0,0,1.0,0.5,0.5,0.5,0.5,0.9767359502246409,0.0,0.0,0.0,1.0,0.0,0.0,0.0,2,0.6666666666666666,icmp,tunnel,ikev2,AES_GCM_16_256,PASS,0
icmp_03,33,0,4,4848.0,1.1286520957946777,4295.389179768944,3.544050478357214,1212.0,0.0,1212.0,1212.0,1212.0,1212.0,1212.0,1212.0,1212.0,1212.0,1212.0,0.0,0.0,-0.0,0.0,0.3762173652648926,0.2369965863112757,0.12854599952697754,0.6956169605255127,0.16373462677001954,0.21651756763458252,0.3044891357421875,0.5000530481338501,0.6173913955688477,1.584962500721156,0.6299442243985303,1.0,0,1.0,0.5,0.5,0.5,0.5,1.2134795316747462,0.0,0.0,0.0,1.0,0.0,0.0,0.0,2,0.6666666666666666,icmp,tunnel,ikev2,AES_GCM_16_256,PASS,0
icmp_03,36,0,4,4848.0,1.1450090408325195,4234.027703811918,3.493422197864619,1212.0,0.0,1212.0,1212.0,1212.0,1212.0,1212.0,1212.0,1212.0,1212.0,1212.0,0.0,0.0,-0.0,0.0,0.38166968027750653,0.2845784910756092,0.14351415634155273,0.7817080020904541,0.15876870155334472,0.18165051937103271,0.2197868824005127,0.5007474422454834,0.6693237781524658,1.584962500721156,0.7456126597639012,1.0,0,1.0,0.5,0.5,0.5,0.5,1.0824360321765174,0.0,0.0,0.0,1.0,0.0,0.0,0.0,2,0.6666666666666666,icmp,tunnel,ikev2,AES_GCM_16_256,PASS,0
icmp_03,37,0,3,3636.0,1.0021350383758545,3628.253539455932,2.993608530904234,1212.0,0.0,1212.0,1212.0,1212.0,1212.0,1212.0,1212.0,1212.0,1212.0,1212.0,0.0,0.0,-0.0,0.0,0.5010675191879272,0.3575533628463745,0.14351415634155273,0.8586208820343018,0.21502482891082764,0.32229083776474,0.5010675191879272,0.6798442006111145,0.7871102094650269,1.0,0.7135817740572783,1.0,0,1.0,0.6666666666666666,0.6666666666666666,0.3333333333333333,0.3333333333333333,1.0,0.3333333333333333,0.0,0.0,1.0,0.0,0.0,0.0,2,0.5,icmp,tunnel,ikev2,AES_GCM_16_256,PASS,0
icmp_03,39,0,3,3636.0,0.881350040435791,4125.489116903142,3.4038689083359257,1212.0,0.0,1212.0,1212.0,1212.0,1212.0,1212.0,1212.0,1212.0,1212.0,1212.0,0.0,0.0,-0.0,0.0,0.4406750202178955,0.21159696578979492,0.22907805442810059,0.6522719860076904,0.27139744758605955,0.33487653732299805,0.4406750202178955,0.546473503112793,0.6099525928497315,1.0,0.4801644656888052,1.0,0,1.0,0.3333333333333333,0.3333333333333333,0.6666666666666666,0.6666666666666666,1.0,-0.3333333333333333,0.0,0.0,1.0,0.0,0.0,0.0,2,0.5,icmp,tunnel,ikev2,AES_GCM_16_256,PASS,0
icmp_03,40,0,4,4848.0,1.1417419910430908,4246.14320751301,3.503418488047038,1212.0,0.0,1212.0,1212.0,1212.0,1212.0,1212.0,1212.0,1212.0,1212.0,1212.0,0.0,0.0,-0.0,0.0,0.3805806636810303,0.27926606061352455,0.14046883583068848,0.7721951007843018,0.1581906795501709,0.18477344512939453,0.22907805442810059,0.5006365776062012,0.6635716915130615,1.584962500721156,0.7337874818046425,1.0,0,1.0,0.5,0.5,0.5,0.5,1.0970873483165178,0.0,0.0,0.0,1.0,0.0,0.0,0.0,2,0.6666666666666666,icmp,tunnel,ikev2,AES_GCM_16_256,PASS,0
icmp_03,41,0,3,3636.0,1.001945972442627,3628.938186293476,2.9941734210342212,1212.0,0.0,1212.0,1212.0,1212.0,1212.0,1212.0,1212.0,1212.0,1212.0,1212.0,0.0,0.0,-0.0,0.0,0.5009729862213135,0.360504150390625,0.14046883583068848,0.8614771366119385,0.2125696659088135,0.320720911026001,0.5009729862213135,0.681225061416626,0.7893763065338135,1.0,0.7196065270969306,1.0,0,1.0,0.6666666666666666,0.6666666666666666,0.3333333333333333,0.3333333333333333,1.0,0.3333333333333333,0.0,0.0,1.0,0.0,0.0,0.0,2,0.5,icmp,tunnel,ikev2,AES_GCM_16_256,PASS,0
icmp_03,43,0,3,3636.0,0.8180670738220215,4444.623327782347,3.667180963516788,1212.0,0.0,1212.0,1212.0,1212.0,1212.0,1212.0,1212.0,1212.0,1212.0,1212.0,0.0,0.0,-0.0,0.0,0.40903353691101074,0.3019754886627197,0.10705804824829102,0.7110090255737305,0.16745314598083497,0.2580457925796509,0.40903353691101074,0.5600212812423706,0.6506139278411865,1.0,0.7382640374165209,1.0,0,1.0,0.3333333333333333,0.3333333333333333,0.6666666666666666,0.6666666666666666,1.0,-0.3333333333333333,0.0,0.0,1.0,0.0,0.0,0.0,2,0.5,icmp,tunnel,ikev2,AES_GCM_16_256,PASS,0
icmp_03,44,0,3,3636.0,1.0009229183197021,3632.6473631994854,2.9972337980193773,1212.0,0.0,1212.0,1212.0,1212.0,1212.0,1212.0,1212.0,1212.0,1212.0,1212.0,0.0,0.0,-0.0,0.0,0.5004614591598511,0.39340341091156006,0.10705804824829102,0.8938648700714111,0.18573873043060302,0.30375975370407104,0.5004614591598511,0.6971631646156311,0.8151841878890991,1.0,0.7860797622502677,1.0,0,1.0,0.6666666666666666,0.6666666666666666,0.3333333333333333,0.3333333333333333,1.0,0.3333333333333333,0.0,0.0,1.0,0.0,0.0,0.0,2,0.5,icmp,tunnel,ikev2,AES_GCM_16_256,PASS,0
icmp_03,45,0,4,4848.0,1.1256630420684814,4306.795034410541,3.553461249513648,1212.0,0.0,1212.0,1212.0,1212.0,1212.0,1212.0,1212.0,1212.0,1212.0,1212.0,0.0,0.0,-0.0,0.0,0.37522101402282715,0.17652697428310885,0.12562108039855957,0.5042119026184082,0.1996628761291504,0.3107255697250366,0.49583005905151367,0.5000209808349609,0.5025355339050293,0.9182958340544896,0.47046006813547353,1.0,0,1.0,0.5,0.5,0.5,0.5,1.587786605098094,0.0,0.0,0.0,1.0,0.0,0.0,0.0,2,0.6666666666666666,icmp,tunnel,ikev2,AES_GCM_16_256,PASS,0
icmp_03,46,0,3,3636.0,0.6298329830169678,5772.959019362829,4.7631675077251066,1212.0,0.0,1212.0,1212.0,1212.0,1212.0,1212.0,1212.0,1212.0,1212.0,1212.0,0.0,0.0,-0.0,0.0,0.3149164915084839,0.18929541110992432,0.12562108039855957,0.5042119026184082,0.16348016262054443,0.22026878595352173,0.3149164915084839,0.40956419706344604,0.46635282039642334,1.0,0.6010952589619009,1.0,0,1.0,0.3333333333333333,0.3333333333333333,0.6666666666666666,0.6666666666666666,1.0,-0.3333333333333333,0.0,0.0,1.0,0.0,0.0,0.0,2,0.5,icmp,tunnel,ikev2,AES_GCM_16_256,PASS,0
icmp_03,48,0,4,4848.0,1.1799838542938232,4108.530792483893,3.3898768914883606,1212.0,0.0,1212.0,1212.0,1212.0,1212.0,1212.0,1212.0,1212.0,1212.0,1212.0,0.0,0.0,-0.0,0.0,0.3933279514312744,0.2288413768006633,0.17926287651062012,0.710561990737915,0.20144209861755372,0.2347109317779541,0.2901589870452881,0.5003604888916016,0.6264813899993896,1.584962500721156,0.5818065920851705,1.0,0,1.0,0.5,0.5,0.5,0.5,1.124625631391871,0.0,0.0,0.0,1.0,0.0,0.0,0.0,2,0.6666666666666666,icmp,tunnel,ikev2,AES_GCM_16_256,PASS,0
icmp_03,49,0,4,4848.0,1.1263220310211182,4304.275213017742,3.5513821889585335,1212.0,0.0,1212.0,1212.0,1212.0,1212.0,1212.0,1212.0,1212.0,1212.0,1212.0,0.0,0.0,-0.0,0.0,0.37544067700703937,0.3172465009297717,0.12409615516662598,0.8229629993438721,0.1351294994354248,0.15167951583862305,0.17926287651062012,0.5011129379272461,0.6942229747772217,0.9182958340544896,0.8449954290072689,1.0,0,1.0,0.5,0.5,0.5,0.5,1.0582494375687332,0.0,0.0,0.0,1.0,0.0,0.0,0.0,2,0.6666666666666666,icmp,tunnel,ikev2,AES_GCM_16_256,PASS,0
icmp_03,52,0,4,4848.0,1.1075949668884277,4377.0513093062455,3.611428473024955,1212.0,0.0,1212.0,1212.0,1212.0,1212.0,1212.0,1212.0,1212.0,1212.0,1212.0,0.0,0.0,-0.0,0.0,0.3691983222961426,0.20805633440860416,0.1073598861694336,0.6163570880889893,0.16266350746154784,0.24561893939971924,0.3838779926300049,0.5001175403594971,0.5698612689971924,1.584962500721156,0.5635339011855439,1.0,0,1.0,0.5,0.5,0.5,0.5,1.38207853928723,0.0,0.0,0.0,1.0,0.0,0.0,0.0,2,0.6666666666666666,icmp,tunnel,ikev2,AES_GCM_16_256,PASS,0
icmp_03,53,0,3,3636.0,1.0019299983978271,3628.9960434504196,2.9942211579623925,1212.0,0.0,1212.0,1212.0,1212.0,1212.0,1212.0,1212.0,1212.0,1212.0,1212.0,0.0,0.0,-0.0,0.0,0.5009649991989136,0.39360511302948,0.1073598861694336,0.8945701122283936,0.1860809087753296,0.3041624426841736,0.5009649991989136,0.6977675557136536,0.8158490896224976,1.0,0.7856922698524199,1.0,0,1.0,0.6666666666666666,0.6666666666666666,0.3333333333333333,0.3333333333333333,1.0,0.3333333333333333,0.0,0.0,1.0,0.0,0.0,0.0,2,0.5,icmp,tunnel,ikev2,AES_GCM_16_256,PASS,0
icmp_03,55,0,3,3636.0,0.9723849296569824,3739.2599258841165,3.0851979586502614,1212.0,0.0,1212.0,1212.0,1212.0,1212.0,1212.0,1212.0,1212.0,1212.0,1212.0,0.0,0.0,-0.0,0.0,0.4861924648284912,0.11125755310058594,0.3749349117279053,0.5974500179290771,0.3971864223480225,0.43056368827819824,0.4861924648284912,0.5418212413787842,0.5751985073089599,1.0,0.2288339131416194,1.0,0,1.0,0.3333333333333333,0.3333333333333333,0.6666666666666666,0.6666666666666666,1.0,-0.3333333333333333,0.0,0.0,1.0,0.0,0.0,0.0,2,0.5,icmp,tunnel,ikev2,AES_GCM_16_256,PASS,0
icmp_03,56,0,4,4848.0,1.2730998992919922,3808.0279502779895,3.141937252704612,1212.0,0.0,1212.0,1212.0,1212.0,1212.0,1212.0,1212.0,1212.0,1212.0,1212.0,0.0,0.0,-0.0,0.0,0.42436663309733075,0.14808165542041882,0.2728450298309326,0.6253199577331543,0.29326300621032714,0.32388997077941895,0.3749349117279053,0.5001274347305298,0.5752429485321044,1.584962500721156,0.3489466299293744,1.0,0,1.0,0.5,0.5,0.5,0.5,1.1136637139576477,0.0,0.0,0.0,1.0,0.0,0.0,0.0,2,0.6666666666666666,icmp,tunnel,ikev2,AES_GCM_16_256,PASS,0
icmp_03,57,0,3,3636.0,1.000143051147461,3635.479940422951,2.9995709079397286,1212.0,0.0,1212.0,1212.0,1212.0,1212.0,1212.0,1212.0,1212.0,1212.0,1212.0,0.0,0.0,-0.0,0.0,0.5000715255737305,0.22722649574279785,0.2728450298309326,0.7272980213165283,0.31829032897949217,0.38645827770233154,0.5000715255737305,0.6136847734451294,0.6818527221679688,1.0,0.45438708211794304,1.0,0,1.0,0.6666666666666666,0.6666666666666666,0.3333333333333333,0.3333333333333333,1.0,0.3333333333333333,0.0,0.0,1.0,0.0,0.0,0.0,2,0.5,icmp,tunnel,ikev2,AES_GCM_16_256,PASS,0
icmp_03,59,0,3,3636.0,0.7936179637908936,4581.549518652317,3.780156368525014,1212.0,0.0,1212.0,1212.0,1212.0,1212.0,1212.0,1212.0,1212.0,1212.0,1212.0,0.0,0.0,-0.0,0.0,0.3968089818954468,0.24582302570343018,0.1509859561920166,0.642632007598877,0.20015056133270265,0.2738974690437317,0.3968089818954468,0.5197204947471619,0.593467402458191,1.0,0.6194980895621741,1.0,0,1.0,0.3333333333333333,0.3333333333333333,0.6666666666666666,0.6666666666666666,1.0,-0.3333333333333333,0.0,0.0,1.0,0.0,0.0,0.0,2,0.5,icmp,tunnel,ikev2,AES_GCM_16_256,PASS,0
icmp_03,60,0,4,4848.0,1.3092918395996094,3702.765001179991,3.055086634636956,1212.0,0.0,1212.0,1212.0,1212.0,1212.0,1212.0,1212.0,1212.0,1212.0,1212.0,0.0,0.0,-0.0,0.0,0.4364306131998698,0.29973553072097947,0.1509859561920166,0.8505439758300781,0.1823411464691162,0.22937393188476562,0.30776190757751465,0.5791529417037964,0.7419875621795654,1.584962500721156,0.686786936728416,1.0,0,1.0,0.5,0.5,0.5,0.5,0.8646499009621008,0.0,0.0,0.0,1.0,0.0,0.0,0.0,2,0.6666666666666666,icmp,tunnel,ikev2,AES_GCM_16_256,PASS,0
icmp_03,61,0,3,3636.0,1.000209093093872,3635.2398964430854,2.9993728518507305,1212.0,0.0,1212.0,1212.0,1212.0,1212.0,1212.0,1212.0,1212.0,1212.0,1212.0,0.0,0.0,-0.0,0.0,0.500104546546936,0.1923426389694214,0.30776190757751465,0.6924471855163574,0.3462304353713989,0.40393322706222534,0.500104546546936,0.5962758660316467,0.6539786577224731,1.0,0.3846040906714271,1.0,0,1.0,0.6666666666666666,0.6666666666666666,0.3333333333333333,0.3333333333333333,1.0,0.3333333333333333,0.0,0.0,1.0,0.0,0.0,0.0,2,0.5,icmp,tunnel,ikev2,AES_GCM_16_256,PASS,0
icmp_03,63,0,3,3636.0,0.9362399578094482,3883.619759732612,3.20430673245265,1212.0,0.0,1212.0,1212.0,1212.0,1212.0,1212.0,1212.0,1212.0,1212.0,1212.0,0.0,0.0,-0.0,0.0,0.4681199789047241,0.1787940263748169,0.2893259525299072,0.646914005279541,0.3250847578048706,0.3787229657173157,0.4681199789047241,0.5575169920921326,0.6111552000045777,1.0,0.3819397857219438,1.0,0,1.0,0.3333333333333333,0.3333333333333333,0.6666666666666666,0.6666666666666666,1.0,-0.3333333333333333,0.0,0.0,1.0,0.0,0.0,0.0,2,0.5,icmp,tunnel,ikev2,AES_GCM_16_256,PASS,0
icmp_03,64,0,4,4848.0,1.2024519443511963,4031.76195337754,3.3265362651629866,1212.0,0.0,1212.0,1212.0,1212.0,1212.0,1212.0,1212.0,1212.0,1212.0,1212.0,0.0,0.0,-0.0,0.0,0.4008173147837321,0.22255069418382156,0.20166993141174316,0.7114560604095459,0.21920113563537597,0.2454979419708252,0.2893259525299072,0.5003910064697266,0.6270300388336182,1.584962500721156,0.5552408310081897,1.0,0,1.0,0.5,0.5,0.5,0.5,1.0959943380310448,0.0,0.0,0.0,1.0,0.0,0.0,0.0,2,0.6666666666666666,icmp,tunnel,ikev2,AES_GCM_16_256,PASS,0
icmp_03,65,0,3,3636.0,1.002439022064209,3627.1532930878902,2.9927007368711966,1212.0,0.0,1212.0,1212.0,1212.0,1212.0,1212.0,1212.0,1212.0,1212.0,1212.0,0.0,0.0,-0.0,0.0,0.5012195110321045,0.29954957962036133,0.20166993141174316,0.8007690906524658,0.2615798473358154,0.35144472122192383,0.5012195110321045,0.6509943008422852,0.7408591747283936,1.0,0.5976403060671521,1.0,0,1.0,0.6666666666666666,0.6666666666666666,0.3333333333333333,0.3333333333333333,1.0,0.3333333333333333,0.0,0.0,1.0,0.0,0.0,0.0,2,0.5,icmp,tunnel,ikev2,AES_GCM_16_256,PASS,0
icmp_03,67,0,3,3636.0,0.800713062286377,4540.952522514958,3.7466604971245525,1212.0,0.0,1212.0,1212.0,1212.0,1212.0,1212.0,1212.0,1212.0,1212.0,1212.0,0.0,0.0,-0.0,0.0,0.4003565311431885,0.17726945877075195,0.22308707237243652,0.5776259899139404,0.2585409641265869,0.3117218017578125,0.4003565311431885,0.48899126052856445,0.5421720981597901,1.0,0.44277787972309,1.0,0,1.0,0.3333333333333333,0.3333333333333333,0.6666666666666666,0.6666666666666666,1.0,-0.3333333333333333,0.0,0.0,1.0,0.0,0.0,0.0,2,0.5,icmp,tunnel,ikev2,AES_GCM_16_256,PASS,0
icmp_03,68,0,4,4848.0,1.2478270530700684,3885.1537863939657,3.2055724310181235,1212.0,0.0,1212.0,1212.0,1212.0,1212.0,1212.0,1212.0,1212.0,1212.0,1212.0,0.0,0.0,-0.0,0.0,0.41594235102335614,0.2565674338961373,0.22308707237243652,0.7785379886627197,0.22771005630493163,0.23464453220367432,0.2462019920349121,0.5123699903488159,0.6720707893371582,0.9182958340544896,0.616832636619621,1.0,0,1.0,0.5,0.5,0.5,0.5,0.9774421828560633,0.0,0.0,0.0,1.0,0.0,0.0,0.0,2,0.6666666666666666,icmp,tunnel,ikev2,AES_GCM_16_256,PASS,0
icmp_03,69,0,3,3636.0,1.000627040863037,3633.7215081295058,2.9981200562124637,1212.0,0.0,1212.0,1212.0,1212.0,1212.0,1212.0,1212.0,1212.0,1212.0,1212.0,0.0,0.0,-0.0,0.0,0.5003135204315186,0.25411152839660645,0.2462019920349121,0.754425048828125,0.2970242977142334,0.37325775623321533,0.5003135204315186,0.6273692846298218,0.7036027431488037,1.0,0.5079035646965365,1.0,0,1.0,0.6666666666666666,0.6666666666666666,0.3333333333333333,0.3333333333333333,1.0,0.3333333333333333,0.0,0.0,1.0,0.0,0.0,0.0,2,0.5,icmp,tunnel,ikev2,AES_GCM_16_256,PASS,0
icmp_03,71,0,3,3636.0,0.8497219085693359,4279.047019185228,3.5305668475125644,1212.0,0.0,1212.0,1212.0,1212.0,1212.0,1212.0,1212.0,1212.0,1212.0,1212.0,0.0,0.0,-0.0,0.0,0.42486095428466797,0.1241919994354248,0.30066895484924316,0.5490529537200928,0.32550735473632814,0.36276495456695557,0.42486095428466797,0.48695695400238037,0.5242145538330079,1.0,0.29231141593867715,1.0,0,1.0,0.3333333333333333,0.3333333333333333,0.6666666666666666,0.6666666666666666,1.0,-0.3333333333333333,0.0,0.0,1.0,0.0,0.0,0.0,2,0.5,icmp,tunnel,ikev2,AES_GCM_16_256,PASS,0
icmp_03,72,0,4,4848.0,1.4154510498046875,3425.056628181495,2.8259543136811014,1212.0,0.0,1212.0,1212.0,1212.0,1212.0,1212.0,1212.0,1212.0,1212.0,1212.0,0.0,0.0,-0.0,0.0,0.4718170166015625,0.16828516291257267,0.30066895484924316,0.7006080150604248,0.32336997985839844,0.35742151737213135,0.41417407989501953,0.5573910474777222,0.6433212280273437,1.584962500721156,0.35667388058791516,1.0,0,1.0,0.5,0.5,0.5,0.5,0.8981809774839535,0.0,0.0,0.0,1.0,0.0,0.0,0.0,2,0.6666666666666666,icmp,tunnel,ikev2,AES_GCM_16_256,PASS,0
icmp_03,73,0,3,3636.0,1.0005700588226318,3633.928447027959,2.998290797877854,1212.0,0.0,1212.0,1212.0,1212.0,1212.0,1212.0,1212.0,1212.0,1212.0,1212.0,0.0,0.0,-0.0,0.0,0.5002850294113159,0.08611094951629639,0.41417407989501953,0.5863959789276123,0.43139626979827883,0.4572295546531677,0.5002850294113159,0.5433405041694641,0.569173789024353,1.0,0.1721234343034178,1.0,0,1.0,0.6666666666666666,0.6666666666666666,0.3333333333333333,0.3333333333333333,1.0,0.3333333333333333,0.0,0.0,1.0,0.0,0.0,0.0,2,0.5,icmp,tunnel,ikev2,AES_GCM_16_256,PASS,0
icmp_03,75,0,3,3636.0,0.9769041538238525,3721.961858558761,3.0709256258735653,1212.0,0.0,1212.0,1212.0,1212.0,1212.0,1212.0,1212.0,1212.0,1212.0,1212.0,0.0,0.0,-0.0,0.0,0.48845207691192627,0.23265492916107178,0.2557971477508545,0.721107006072998,0.30232813358306887,0.3721246123313904,0.48845207691192627,0.6047795414924622,0.6745760202407837,1.0,0.47630968082328645,1.0,0,1.0,0.3333333333333333,0.3333333333333333,0.6666666666666666,0.6666666666666666,1.0,-0.3333333333333333,0.0,0.0,1.0,0.0,0.0,0.0,2,0.5,icmp,tunnel,ikev2,AES_GCM_16_256,PASS,0
icmp_03,76,0,4,4848.0,1.1470391750335693,4226.533936696729,3.487239221696971,1212.0,0.0,1212.0,1212.0,1212.0,1212.0,1212.0,1212.0,1212.0,1212.0,1212.0,0.0,0.0,-0.0,0.0,0.38234639167785645,0.26009897669733806,0.14651203155517578,0.7447299957275391,0.16836905479431152,0.20115458965301514,0.2557971477508545,0.5002635717391968,0.6469434261322021,1.584962500721156,0.6802687356017908,1.0,0,1.0,0.5,0.5,0.5,0.5,1.1226198835225358,0.0,0.0,0.0,1.0,0.0,0.0,0.0,2,0.6666666666666666,icmp,tunnel,ikev2,AES_GCM_16_256,PASS,0
icmp_03,77,0,3,3636.0,1.0021238327026367,3628.2941103137314,2.9936420052093493,1212.0,0.0,1212.0,1212.0,1212.0,1212.0,1212.0,1212.0,1212.0,1212.0,1212.0,0.0,0.0,-0.0,0.0,0.5010619163513184,0.3545498847961426,0.14651203155517578,0.8556118011474609,0.2174220085144043,0.32378697395324707,0.5010619163513184,0.6783368587493896,0.7847018241882324,1.0,0.7075955398534248,1.0,0,1.0,0.6666666666666666,0.6666666666666666,0.3333333333333333,0.3333333333333333,1.0,0.3333333333333333,0.0,0.0,1.0,0.0,0.0,0.0,2,0.5,icmp,tunnel,ikev2,AES_GCM_16_256,PASS,0
icmp_03,79,0,3,3636.0,0.9005389213562012,4037.58228964077,3.331338522805916,1212.0,0.0,1212.0,1212.0,1212.0,1212.0,1212.0,1212.0,1212.0,1212.0,1212.0,0.0,0.0,-0.0,0.0,0.4502694606781006,0.1421644687652588,0.3081049919128418,0.5924339294433594,0.33653788566589354,0.3791872262954712,0.4502694606781006,0.52135169506073,0.5640010356903076,1.0,0.3157312797094467,1.0,0,1.0,0.3333333333333333,0.3333333333333333,0.6666666666666666,0.6666666666666666,1.0,-0.3333333333333333,0.0,0.0,1.0,0.0,0.0,0.0,2,0.5,icmp,tunnel,ikev2,AES_GCM_16_256,PASS,0
icmp_03,80,0,4,4848.0,1.2142829895019531,3992.479547118124,3.29412503887634,1212.0,0.0,1212.0,1212.0,1212.0,1212.0,1212.0,1212.0,1212.0,1212.0,1212.0,0.0,0.0,-0.0,0.0,0.40476099650065106,0.206725236556633,0.2141408920288086,0.6920371055603027,0.23293371200561525,0.2611229419708252,0.3081049919128418,0.5000710487365723,0.6152506828308105,1.584962500721156,0.5107328216182976,1.0,0,1.0,0.5,0.5,0.5,0.5,1.10369154453372,0.0,0.0,0.0,1.0,0.0,0.0,0.0,2,0.6666666666666666,icmp,tunnel,ikev2,AES_GCM_16_256,PASS,0
icmp_03,81,0,3,3636.0,1.0011768341064453,3631.726060906259,2.996473647612425,1212.0,0.0,1212.0,1212.0,1212.0,1212.0,1212.0,1212.0,1212.0,1212.0,1212.0,0.0,0.0,-0.0,0.0,0.5005884170532227,0.28644752502441406,0.2141408920288086,0.7870359420776367,0.27143039703369143,0.3573646545410156,0.5005884170532227,0.6438121795654297,0.7297464370727539,1.0,0.572220497010545,1.0,0,1.0,0.6666666666666666,0.6666666666666666,0.3333333333333333,0.3333333333333333,1.0,0.3333333333333333,0.0,0.0,1.0,0.0,0.0,0.0,2,0.5,icmp,tunnel,ikev2,AES_GCM_16_256,PASS,0
icmp_03,83,0,3,3636.0,1.0146639347076416,3583.4524867069927,2.956643965929862,1212.0,0.0,1212.0,1212.0,1212.0,1212.0,1212.0,1212.0,1212.0,1212.0,1212.0,0.0,0.0,-0.0,0.0,0.5073319673538208,0.17616307735443115,0.33116888999938965,0.683495044708252,0.3664015054702759,0.4192504286766052,0.5073319673538208,0.5954135060310364,0.6482624292373658,1.0,0.3472336486888948,1.0,0,1.0,0.3333333333333333,0.3333333333333333,0.6666666666666666,0.6666666666666666,1.0,-0.3333333333333333,0.0,0.0,1.0,0.0,0.0,0.0,2,0.5,icmp,tunnel,ikev2,AES_GCM_16_256,PASS,0
icmp_03,84,0,3,3636.0,1.0000009536743164,3635.9965324434925,2.9999971389797793,1212.0,0.0,1212.0,1212.0,1212.0,1212.0,1212.0,1212.0,1212.0,1212.0,1212.0,0.0,0.0,-0.0,0.0,0.5000004768371582,0.16883158683776855,0.33116888999938965,0.6688320636749268,0.36493520736694335,0.4155846834182739,0.5000004768371582,0.5844162702560425,0.635065746307373,1.0,0.33766217633143925,1.0,0,1.0,0.6666666666666666,0.6666666666666666,0.3333333333333333,0.3333333333333333,1.0,0.3333333333333333,0.0,0.0,1.0,0.0,0.0,0.0,2,0.5,icmp,tunnel,ikev2,AES_GCM_16_256,PASS,0
icmp_03,85,0,4,4848.0,1.1322050094604492,4281.910042343222,3.532929077840942,1212.0,0.0,1212.0,1212.0,1212.0,1212.0,1212.0,1212.0,1212.0,1212.0,1212.0,0.0,0.0,-0.0,0.0,0.3774016698201497,0.17568705563621723,0.13210296630859375,0.5342609882354736,0.19885058403015138,0.2989720106124878,0.46584105491638184,0.5000510215759277,0.5205770015716553,1.584962500721156,0.4655161971163067,1.0,0,1.0,0.5,0.5,0.5,0.5,1.5008322936732676,0.0,0.0,0.0,1.0,0.0,0.0,0.0,2,0.6666666666666666,icmp,tunnel,ikev2,AES_GCM_16_256,PASS,0
icmp_03,86,0,3,3636.0,0.6663639545440674,5456.477612880166,4.502044235049642,1212.0,0.0,1212.0,1212.0,1212.0,1212.0,1212.0,1212.0,1212.0,1212.0,1212.0,0.0,0.0,-0.0,0.0,0.3331819772720337,0.20107901096343994,0.13210296630859375,0.5342609882354736,0.17231876850128175,0.23264247179031372,0.3331819772720337,0.43372148275375366,0.49404518604278563,1.0,0.6035092567147123,1.0,0,1.0,0.3333333333333333,0.3333333333333333,0.6666666666666666,0.6666666666666666,1.0,-0.3333333333333333,0.0,0.0,1.0,0.0,0.0,0.0,2,0.5,icmp,tunnel,ikev2,AES_GCM_16_256,PASS,0
icmp_03,88,0,3,3636.0,1.0009238719940186,3632.643902034668,2.9972309422728283,1212.0,0.0,1212.0,1212.0,1212.0,1212.0,1212.0,1212.0,1212.0,1212.0,1212.0,0.0,0.0,-0.0,0.0,0.5004619359970093,0.12478101253509521,0.37568092346191406,0.6252429485321045,0.4006371259689331,0.43807142972946167,0.5004619359970093,0.5628524422645569,0.6002867460250855,1.0,0.249331176316803,1.0,0,1.0,0.6666666666666666,0.6666666666666666,0.3333333333333333,0.3333333333333333,1.0,0.3333333333333333,0.0,0.0,1.0,0.0,0.0,0.0,2,0.5,icmp,tunnel,ikev2,AES_GCM_16_256,PASS,0
icmp_03,89,0,4,4848.0,1.1439409255981445,4237.9810805921425,3.496684059894507,1212.0,0.0,1212.0,1212.0,1212.0,1212.0,1212.0,1212.0,1212.0,1212.0,1212.0,0.0,0.0,-0.0,0.0,0.38131364186604816,0.16890038984064046,0.1433558464050293,0.5182669162750244,0.2111483097076416,0.31283700466156006,0.4823181629180908,0.5002925395965576,0.5110771656036377,0.9182958340544896,0.44294231402730505,1.0,0,1.0,0.5,0.5,0.5,0.5,1.5992089571798425,0.0,0.0,0.0,1.0,0.0,0.0,0.0,2,0.6666666666666666,icmp,tunnel,ikev2,AES_GCM_16_256,PASS,0
icmp_03,90,0,3,3636.0,0.6256740093231201,5811.332971835564,4.794829184682809,1212.0,0.0,1212.0,1212.0,1212.0,1212.0,1212.0,1212.0,1212.0,1212.0,1212.0,0.0,0.0,-0.0,0.0,0.31283700466156006,0.16948115825653076,0.1433558464050293,0.4823181629180908,0.17725207805633544,0.22809642553329468,0.31283700466156006,0.39757758378982544,0.44842193126678465,1.0,0.5417537374970853,1.0,0,1.0,0.3333333333333333,0.3333333333333333,0.6666666666666666,0.6666666666666666,1.0,-0.3333333333333333,0.0,0.0,1.0,0.0,0.0,0.0,2,0.5,icmp,tunnel,ikev2,AES_GCM_16_256,PASS,0
icmp_03,92,0,4,4848.0,1.3580069541931152,3569.937536056675,2.945493016548412,1212.0,0.0,1212.0,1212.0,1212.0,1212.0,1212.0,1212.0,1212.0,1212.0,1212.0,0.0,0.0,-0.0,0.0,0.4526689847310384,0.12991331159348662,0.35738396644592285,0.6363511085510254,0.3587615489959717,0.3608279228210449,0.364271879196167,0.5003114938735962,0.5819352626800537,0.9182958340544896,0.28699343003861155,1.0,0,1.0,0.5,0.5,0.5,0.5,1.0069303237786404,0.0,0.0,0.0,1.0,0.0,0.0,0.0,2,0.6666666666666666,icmp,tunnel,ikev2,AES_GCM_16_256,PASS,0
icmp_03,93,0,3,3636.0,1.0004498958587646,3634.3649142758277,2.998650919369495,1212.0,0.0,1212.0,1212.0,1212.0,1212.0,1212.0,1212.0,1212.0,1212.0,1212.0,0.0,0.0,-0.0,0.0,0.5002249479293823,0.14284098148345947,0.35738396644592285,0.6430659294128418,0.38595216274261473,0.4288044571876526,0.5002249479293823,0.5716454386711121,0.6144977331161499,1.0,0.28555292278365485,1.0,0,1.0,0.6666666666666666,0.6666666666666666,0.3333333333333333,0.3333333333333333,1.0,0.3333333333333333,0.0,0.0,1.0,0.0,0.0,0.0,2,0.5,icmp,tunnel,ikev2,AES_GCM_16_256,PASS,0
icmp_03,95,0,3,3636.0,1.1028339862823486,3296.9604176390585,2.720264370989322,1212.0,0.0,1212.0,1212.0,1212.0,1212.0,1212.0,1212.0,1212.0,1212.0,1212.0,0.0,0.0,-0.0,0.0,0.5514169931411743,0.18310987949371338,0.36830711364746094,0.7345268726348877,0.4049290895462036,0.4598620533943176,0.5514169931411743,0.642971932888031,0.697904896736145,1.0,0.33207091856147225,1.0,0,1.0,0.3333333333333333,0.3333333333333333,0.6666666666666666,0.6666666666666666,1.0,-0.3333333333333333,0.0,0.0,1.0,0.0,0.0,0.0,2,0.5,icmp,tunnel,ikev2,AES_GCM_16_256,PASS,0
icmp_03,96,0,4,4848.0,1.3257880210876465,3656.6931688090003,3.017073571624588,1212.0,0.0,1212.0,1212.0,1212.0,1212.0,1212.0,1212.0,1212.0,1212.0,1212.0,0.0,0.0,-0.0,0.0,0.44192934036254883,0.13564338567885875,0.3253340721130371,0.6321468353271484,0.33392868041992185,0.346820592880249,0.36830711364746094,0.5002269744873047,0.579378890991211,1.584962500721156,0.3069338610414941,1.0,0,1.0,0.5,0.5,0.5,0.5,1.0448802647867352,0.0,0.0,0.0,1.0,0.0,0.0,0.0,2,0.6666666666666666,icmp,tunnel,ikev2,AES_GCM_16_256,PASS,0
icmp_03,97,0,3,3636.0,1.0007390975952148,3633.31462589734,2.997784344799786,1212.0,0.0,1212.0,1212.0,1212.0,1212.0,1212.0,1212.0,1212.0,1212.0,1212.0,0.0,0.0,-0.0,0.0,0.5003695487976074,0.1750354766845703,0.3253340721130371,0.6754050254821777,0.36034116744995115,0.41285181045532227,0.5003695487976074,0.5878872871398926,0.6403979301452637,1.0,0.34981170875300577,1.0,0,1.0,0.6666666666666666,0.6666666666666666,0.3333333333333333,0.3333333333333333,1.0,0.3333333333333333,0.0,0.0,1.0,0.0,0.0,0.0,2,0.5,icmp,tunnel,ikev2,AES_GCM_16_256,PASS,0
icmp_03,99,0,3,3636.0,1.1110129356384277,3272.689168025415,2.7002385874797152,1212.0,0.0,1212.0,1212.0,1212.0,1212.0,1212.0,1212.0,1212.0,1212.0,1212.0,0.0,0.0,-0.0,0.0,0.5555064678192139,0.2320854663848877,0.32342100143432617,0.7875919342041016,0.3698380947113037,0.43946373462677,0.5555064678192139,0.6715492010116577,0.741174840927124,1.0,0.4177900025286759,1.0,0,1.0,0.3333333333333333,0.3333333333333333,0.6666666666666666,0.6666666666666666,1.0,-0.3333333333333333,0.0,0.0,1.0,0.0,0.0,0.0,2,0.5,icmp,tunnel,ikev2,AES_GCM_16_256,PASS,0
icmp_03,100,0,4,4848.0,1.1563498973846436,4192.502642119733,3.45916059580836,1212.0,0.0,1212.0,1212.0,1212.0,1212.0,1212.0,1212.0,1212.0,1212.0,1212.0,0.0,0.0,-0.0,0.0,0.38544996579488117,0.2176625353232291,0.15535187721252441,0.677577018737793,0.18896570205688476,0.2393864393234253,0.32342100143432617,0.5004990100860596,0.6067458152770996,1.584962500721156,0.5646957840003411,1.0,0,1.0,0.5,0.5,0.5,0.5,1.201779435507051,0.0,0.0,0.0,1.0,0.0,0.0,0.0,2,0.6666666666666666,icmp,tunnel,ikev2,AES_GCM_16_256,PASS,0
icmp_03,101,0,3,3636.0,1.0017859935760498,3629.5177046952554,2.9946515715307385,1212.0,0.0,1212.0,1212.0,1212.0,1212.0,1212.0,1212.0,1212.0,1212.0,1212.0,0.0,0.0,-0.0,0.0,0.5008929967880249,0.3455411195755005,0.15535187721252441,0.8464341163635254,0.22446010112762452,0.32812243700027466,0.5008929967880249,0.6736635565757751,0.7773258924484253,1.0,0.6898487939389923,1.0,0,1.0,0.6666666666666666,0.6666666666666666,0.3333333333333333,0.3333333333333333,1.0,0.3333333333333333,0.0,0.0,1.0,0.0,0.0,0.0,2,0.5,icmp,tunnel,ikev2,AES_GCM_16_256,PASS,0
icmp_03,103,0,3,3636.0,0.91839599609375,3959.07649365322,3.2665647637402806,1212.0,0.0,1212.0,1212.0,1212.0,1212.0,1212.0,1212.0,1212.0,1212.0,1212.0,0.0,0.0,-0.0,0.0,0.459197998046875,0.350369930267334,0.10882806777954102,0.809567928314209,0.17890205383300783,0.284013032913208,0.459197998046875,0.634382963180542,0.7394939422607422,1.0,0.76300238405914,1.0,0,1.0,0.3333333333333333,0.3333333333333333,0.6666666666666666,0.6666666666666666,1.0,-0.3333333333333333,0.0,0.0,1.0,0.0,0.0,0.0,2,0.5,icmp,tunnel,ikev2,AES_GCM_16_256,PASS,0
icmp_03,104,0,4,4848.0,1.114530086517334,4349.815279683435,3.5889565013889726,1212.0,0.0,1212.0,1212.0,1212.0,1212.0,1212.0,1212.0,1212.0,1212.0,1212.0,0.0,0.0,-0.0,0.0,0.37151002883911133,0.368574835808746,0.10882806777954102,0.8927481174468994,0.10965323448181152,0.11089098453521729,0.11295390129089355,0.5028510093688965,0.7367892742156983,0.9182958340544896,0.9920966194744198,1.0,0,1.0,0.5,0.5,0.5,0.5,0.9958965684357477,0.0,0.0,0.0,1.0,0.0,0.0,0.0,2,0.6666666666666666,icmp,tunnel,ikev2,AES_GCM_16_256,PASS,0
icmp_03,105,0,3,3636.0,1.0013928413391113,3630.9426729451784,2.995827287908563,1212.0,0.0,1212.0,1212.0,1212.0,1212.0,1212.0,1212.0,1212.0,1212.0,1212.0,0.0,0.0,-0.0,0.0,0.5006964206695557,0.3877425193786621,0.11295390129089355,0.8884389400482178,0.19050240516662598,0.3068251609802246,0.5006964206695557,0.6945676803588867,0.8108904361724854,1.0,0.7744048668358525,1.0,0,1.0,0.6666666666666666,0.6666666666666666,0.3333333333333333,0.3333333333333333,1.0,0.3333333333333333,0.0,0.0,1.0,0.0,0.0,0.0,2,0.5,icmp,tunnel,ikev2,AES_GCM_16_256,PASS,0
icmp_03,107,0,3,3636.0,0.8884890079498291,4092.3410053096754,3.3765189812786103,1212.0,0.0,1212.0,1212.0,1212.0,1212.0,1212.0,1212.0,1212.0,1212.0,1212.0,0.0,0.0,-0.0,0.0,0.44424450397491455,0.20096957683563232,0.24327492713928223,0.6452140808105469,0.2834688425064087,0.3437597155570984,0.44424450397491455,0.5447292923927307,0.6050201654434204,1.0,0.45238404224115814,1.0,0,1.0,0.3333333333333333,0.3333333333333333,0.6666666666666666,0.6666666666666666,1.0,-0.3333333333333333,0.0,0.0,1.0,0.0,0.0,0.0,2,0.5,icmp,tunnel,ikev2,AES_GCM_16_256,PASS,0
icmp_03,108,0,4,4848.0,1.2950940132141113,3743.35758681212,3.0885788670067,1212.0,0.0,1212.0,1212.0,1212.0,1212.0,1212.0,1212.0,1212.0,1212.0,1212.0,0.0,0.0,-0.0,0.0,0.4316980044047038,0.23147090476059365,0.24327492713928223,0.7577300071716309,0.25343775749206543,0.26868200302124023,0.29408907890319824,0.5259095430374146,0.6650018215179444,0.9182958340544896,0.5361858665386154,1.0,0,1.0,0.5,0.5,0.5,0.5,0.9516883615014927,0.0,0.0,0.0,1.0,0.0,0.0,0.0,2,0.6666666666666666,icmp,tunnel,ikev2,AES_GCM_16_256,PASS,0
icmp_03,109,0,3,3636.0,1.0006139278411865,3633.769127963899,2.9981593465048673,1212.0,0.0,1212.0,1212.0,1212.0,1212.0,1212.0,1212.0,1212.0,1212.0,1212.0,0.0,0.0,-0.0,0.0,0.5003069639205933,0.20621788501739502,0.29408907890319824,0.7065248489379883,0.33533265590667727,0.39719802141189575,0.5003069639205933,0.6034159064292908,0.6652812719345093,1.0,0.41218189572957714,1.0,0,1.0,0.6666666666666666,0.6666666666666666,0.3333333333333333,0.3333333333333333,1.0,0.3333333333333333,0.0,0.0,1.0,0.0,0.0,0.0,2,0.5,icmp,tunnel,ikev2,AES_GCM_16_256,PASS,0
icmp_03,111,0,3,3636.0,1.05808687210083,3436.3908067214998,2.8353059461398513,1212.0,0.0,1212.0,1212.0,1212.0,1212.0,1212.0,1212.0,1212.0,1212.0,1212.0,0.0,0.0,-0.0,0.0,0.529043436050415,0.2049884796142578,0.3240549564361572,0.7340319156646729,0.3650526523590088,0.42654919624328613,0.529043436050415,0.631537675857544,0.6930342197418213,1.0,0.38746930436430016,1.0,0,1.0,0.3333333333333333,0.3333333333333333,0.6666666666666666,0.6666666666666666,1.0,-0.3333333333333333,0.0,0.0,1.0,0.0,0.0,0.0,2,0.5,icmp,tunnel,ikev2,AES_GCM_16_256,PASS,0
icmp_03,112,0,4,4848.0,1.2025809288024902,4031.3295212718504,3.326179472996576,1212.0,0.0,1212.0,1212.0,1212.0,1212.0,1212.0,1212.0,1212.0,1212.0,1212.0,0.0,0.0,-0.0,0.0,0.4008603096008301,0.2009086993912331,0.2023618221282959,0.6761641502380371,0.22670044898986816,0.26320838928222656,0.3240549564361572,0.5001095533370972,0.6057423114776611,1.584962500721156,0.5011925436039065,1.0,0,1.0,0.5,0.5,0.5,0.5,1.1385183814904176,0.0,0.0,0.0,1.0,0.0,0.0,0.0,2,0.6666666666666666,icmp,tunnel,ikev2,AES_GCM_16_256,PASS,0
icmp_03,113,0,3,3636.0,1.001662015914917,3629.9669371797845,2.995022225395862,1212.0,0.0,1212.0,1212.0,1212.0,1212.0,1212.0,1212.0,1212.0,1212.0,1212.0,0.0,0.0,-0.0,0.0,0.5008310079574585,0.2984691858291626,0.2023618221282959,0.7993001937866211,0.26205565929412844,0.3515964150428772,0.5008310079574585,0.6500656008720398,0.7396063566207886,1.0,0.5959467068536782,1.0,0,1.0,0.6666666666666666,0.6666666666666666,0.3333333333333333,0.3333333333333333,1.0,0.3333333333333333,0.0,0.0,1.0,0.0,0.0,0.0,2,0.5,icmp,tunnel,ikev2,AES_GCM_16_256,PASS,0
icmp_03,115,0,3,3636.0,1.0289249420166016,3533.7854604571667,2.915664571334296,1212.0,0.0,1212.0,1212.0,1212.0,1212.0,1212.0,1212.0,1212.0,1212.0,1212.0,0.0,0.0,-0.0,0.0,0.5144624710083008,0.20815253257751465,0.30630993843078613,0.7226150035858154,0.34794044494628906,0.41038620471954346,0.5144624710083008,0.6185387372970581,0.6809844970703125,1.0,0.40460118999227473,1.0,0,1.0,0.3333333333333333,0.3333333333333333,0.6666666666666666,0.6666666666666666,1.0,-0.3333333333333333,0.0,0.0,1.0,0.0,0.0,0.0,2,0.5,icmp,tunnel,ikev2,AES_GCM_16_256,PASS,0
icmp_03,116,0,4,4848.0,1.1784138679504395,4114.004537668842,3.3943931828950844,1212.0,0.0,1212.0,1212.0,1212.0,1212.0,1212.0,1212.0,1212.0,1212.0,1212.0,0.0,0.0,-0.0,0.0,0.3928046226501465,0.21943121374153174,0.17795491218566895,0.6941490173339844,0.20362591743469238,0.24213242530822754,0.30630993843078613,0.5002294778823853,0.6165812015533447,1.584962500721156,0.5586254398831985,1.0,0,1.0,0.5,0.5,0.5,0.5,1.1471772740876642,0.0,0.0,0.0,1.0,0.0,0.0,0.0,2,0.6666666666666666,icmp,tunnel,ikev2,AES_GCM_16_256,PASS,0
icmp_03,117,0,3,3636.0,1.001546859741211,3630.3843046739757,2.9953665880148317,1212.0,0.0,1212.0,1212.0,1212.0,1212.0,1212.0,1212.0,1212.0,1212.0,1212.0,0.0,0.0,-0.0,0.0,0.5007734298706055,0.3228185176849365,0.17795491218566895,0.823591947555542,0.24251861572265626,0.3393641710281372,0.5007734298706055,0.6621826887130737,0.7590282440185547,1.0,0.644638580624712,1.0,0,1.0,0.6666666666666666,0.6666666666666666,0.3333333333333333,0.3333333333333333,1.0,0.3333333333333333,0.0,0.0,1.0,0.0,0.0,0.0,2,0.5,icmp,tunnel,ikev2,AES_GCM_16_256,PASS,0
icmp_03,119,0,3,3636.0,0.9390380382537842,3872.047618817903,3.19475876140091,1212.0,0.0,1212.0,1212.0,1212.0,1212.0,1212.0,1212.0,1212.0,1212.0,1212.0,0.0,0.0,-0.0,0.0,0.4695190191268921,0.3306978940963745,0.13882112503051758,0.8002169132232666,0.20496070384979248,0.30417007207870483,0.4695190191268921,0.6348679661750793,0.7340773344039917,1.0,0.7043318295806262,1.0,0,1.0,0.3333333333333333,0.3333333333333333,0.6666666666666666,0.6666666666666666,1.0,-0.3333333333333333,0.0,0.0,1.0,0.0,0.0,0.0,2,0.5,icmp,tunnel,ikev2,AES_GCM_16_256,PASS,0
icmp_03,120,0,4,4848.0,1.2078831195831299,4013.6333734617997,3.3115786909750824,1212.0,0.0,1212.0,1212.0,1212.0,1212.0,1212.0,1212.0,1212.0,1212.0,1212.0,0.0,0.0,-0.0,0.0,0.40262770652770996,0.32694519139150346,0.13882112503051758,0.8633840084075928,0.15219249725341796,0.17224955558776855,0.20567798614501953,0.5345309972763062,0.7318428039550782,0.9182958340544896,0.81202652987934,1.0,0,1.0,0.5,0.5,0.5,0.5,0.9374612520916217,0.0,0.0,0.0,1.0,0.0,0.0,0.0,2,0.6666666666666666,icmp,tunnel,ikev2,AES_GCM_16_256,PASS,0
icmp_03,121,0,4,4848.0,1.11798095703125,4336.388709941584,3.5778784735491618,1212.0,0.0,1212.0,1212.0,1212.0,1212.0,1212.0,1212.0,1212.0,1212.0,1212.0,0.0,0.0,-0.0,0.0,0.3726603190104167,0.30087076554940734,0.11722302436828613,0.7950799465179443,0.13491401672363282,0.16145050525665283,0.20567798614501953,0.5003789663314819,0.6771995544433594,1.584962500721156,0.8073571100653926,1.0,0,1.0,0.5,0.5,0.5,0.5,1.0969566773789303,0.0,0.0,0.0,1.0,0.0,0.0,0.0,2,0.6666666666666666,icmp,tunnel,ikev2,AES_GCM_16_256,PASS,0
icmp_03,124,0,4,4848.0,1.1600089073181152,4179.278253309574,3.44824938391879,1212.0,0.0,1212.0,1212.0,1212.0,1212.0,1212.0,1212.0,1212.0,1212.0,1212.0,0.0,0.0,-0.0,0.0,0.3866696357727051,0.21827990023990113,0.1595170497894287,0.681272029876709,0.19145760536193848,0.23936843872070312,0.31921982765197754,0.5002459287643433,0.6088615894317627,1.584962500721156,0.5645111887115516,1.0,0,1.0,0.5,0.5,0.5,0.5,1.1899425096998806,0.0,0.0,0.0,1.0,0.0,0.0,0.0,2,0.6666666666666666,icmp,tunnel,ikev2,AES_GCM_16_256,PASS,0
icmp_03,125,0,3,3636.0,1.0020949840545654,3628.3985628671853,2.9937281871841463,1212.0,0.0,1212.0,1212.0,1212.0,1212.0,1212.0,1212.0,1212.0,1212.0,1212.0,0.0,0.0,-0.0,0.0,0.5010474920272827,0.341530442237854,0.1595170497894287,0.8425779342651367,0.2278231382369995,0.3302822709083557,0.5010474920272827,0.6718127131462097,0.7742718458175659,1.0,0.6816315140596356,1.0,0,1.0,0.6666666666666666,0.6666666666666666,0.3333333333333333,0.3333333333333333,1.0,0.3333333333333333,0.0,0.0,1.0,0.0,0.0,0.0,2,0.5,icmp,tunnel,ikev2,AES_GCM_16_256,PASS,0
icmp_03,127,0,3,3636.0,0.9913878440856934,3667.5858209188536,3.026060908348889,1212.0,0.0,1212.0,1212.0,1212.0,1212.0,1212.0,1212.0,1212.0,1212.0,1212.0,0.0,0.0,-0.0,0.0,0.4956939220428467,0.20868587493896484,0.28700804710388184,0.7043797969818115,0.3287452220916748,0.39135098457336426,0.4956939220428467,0.6000368595123291,0.6626426219940186,1.0,0.4209965962106962,1.0,0,1.0,0.3333333333333333,0.3333333333333333,0.6666666666666666,0.6666666666666666,1.0,-0.3333333333333333,0.0,0.0,1.0,0.0,0.0,0.0,2,0.5,icmp,tunnel,ikev2,AES_GCM_16_256,PASS,0
icmp_03,128,0,4,4848.0,1.187695026397705,4081.855941338787,3.367867938398339,1212.0,0.0,1212.0,1212.0,1212.0,1212.0,1212.0,1212.0,1212.0,1212.0,1212.0,0.0,0.0,-0.0,0.0,0.39589834213256836,0.22801742611164605,0.1874840259552002,0.713202953338623,0.20738883018493653,0.23724603652954102,0.28700804710388184,0.5001055002212524,0.6279639720916749,1.584962500721156,0.5759479793105935,1.0,0,1.0,0.5,0.5,0.5,0.5,1.1104966685873967,0.0,0.0,0.0,1.0,0.0,0.0,0.0,2,0.6666666666666666,icmp,tunnel,ikev2,AES_GCM_16_256,PASS,0
icmp_03,129,0,3,3636.0,1.0023620128631592,3627.4319590524833,2.992930659284227,1212.0,0.0,1212.0,1212.0,1212.0,1212.0,1212.0,1212.0,1212.0,1212.0,1212.0,0.0,0.0,-0.0,0.0,0.5011810064315796,0.3136969804763794,0.1874840259552002,0.814877986907959,0.2502234220504761,0.3443325161933899,0.5011810064315796,0.6580294966697693,0.7521385908126831,1.0,0.6259142915163789,1.0,0,1.0,0.6666666666666666,0.6666666666666666,0.3333333333333333,0.3333333333333333,1.0,0.3333333333333333,0.0,0.0,1.0,0.0,0.0,0.0,2,0.5,icmp,tunnel,ikev2,AES_GCM_16_256,PASS,0
icmp_03,131,0,3,3636.0,1.2283341884613037,2960.106487432956,2.4423320853407224,1212.0,0.0,1212.0,1212.0,1212.0,1212.0,1212.0,1212.0,1212.0,1212.0,1212.0,0.0,0.0,-0.0,0.0,0.6141670942306519,0.22816503047943115,0.3860020637512207,0.842332124710083,0.4316350698471069,0.5000845789909363,0.6141670942306519,0.7282496094703674,0.7966991186141967,1.0,0.37150257823999466,1.0,0,1.0,0.3333333333333333,0.3333333333333333,0.6666666666666666,0.6666666666666666,1.0,-0.3333333333333333,0.0,0.0,1.0,0.0,0.0,0.0,2,0.5,icmp,tunnel,ikev2,AES_GCM_16_256,PASS,0
video_01,-1,1,5001,4613544.0,10.97553300857544,420348.05930566933,455.6498528219634,922.5242951409718,536.6703372177916,116.0,1280.0,1280.0,116.0,116.0,116.0,1280.0,1280.0,1280.0,-0.8352586057920383,-1.3021884901871525,0.8924824700072989,-0.4262090324579634,0.002195106601715088,0.009817402857027731,0.0,0.2633500099182129,1.9073486328125e-05,3.790855407714844e-05,6.699562072753906e-05,0.001079261302947998,0.002678322792053224,0.19043470940817236,4.470367171320672,0.3092094701907834,267,19.588014981273407,0.3067386522695461,0.03881527953347795,0.6932613477304539,0.961184720466522,2.3130259226647962,-0.9223694409330441,0.30713857228554287,0.0001999600079984003,0.6926614677064588,2.1675462759039426,0.0,0.0,2,0.608,video,tunnel,ikev2,AES_GCM_16_256,PASS,0
video_01,0,0,470,393544.0,1.4985160827636719,262622.4733432274,313.64361411002807,837.327659574468,564.5046850538213,116.0,1280.0,1280.0,116.0,116.0,116.0,1280.0,1280.0,1280.0,-0.4915694435927219,-1.7574307141339476,0.9776248710366393,-0.5616504874262391,0.0031951302404342684,0.01549534537759974,8.106231689453125e-06,0.2633500099182129,2.3078918457031253e-05,3.790855407714844e-05,6.890296936035156e-05,0.0015950202941894531,0.0036423206329345703,0.23220077474772127,4.8481583076834625,0.37686357480519417,33,15.030303030303031,0.37446808510638296,0.0521314008090582,0.625531914893617,0.9478685991909418,2.03085794777618,-0.8957371983818836,0.37872340425531914,0.002127659574468085,0.6191489361702127,2.0609098004331843,0.0,0.0,2,0.7420042643923241,video,tunnel,ikev2,AES_GCM_16_256,PASS,0
video_01,1,0,770,681796.0,1.4265010356903076,477949.88082154986,539.7822929917356,885.4493506493507,550.9870605932019,116.0,1280.0,1280.0,116.0,116.0,116.0,1280.0,1280.0,1280.0,-0.6804128955316647,-1.5370382915942158,0.9238210190143821,-0.510805500982318,0.0018550078487520256,0.006243123572338909,9.5367431640625e-07,0.06134510040283203,2.002716064453125e-05,3.910064697265625e-05,7.104873657226562e-05,0.0015320777893066406,0.0030251502990722677,0.418803355722726,3.363737699997749,0.11834561526573081,42,19.214285714285715,0.33896103896103896,0.04440624468316036,0.6610389610389611,0.9555937553168397,2.021708478800374,-0.9111875106336793,0.33896103896103896,0.0,0.6610389610389611,2.112572258268816,0.0,0.0,2,0.6762028608582574,video,tunnel,ikev2,AES_GCM_16_256,PASS,0
video_01,2,0,954,800100.0,1.494696855545044,535292.4889296312,638.2565109847121,838.6792452830189,564.3696692164683,116.0,1280.0,1280.0,116.0,116.0,116.0,1280.0,1280.0,1280.0,-0.4968744421327415,-1.7530630280938042,0.9576561440805025,-0.6022215734923017,0.001568412230372554,0.005746487633508247,9.5367431640625e-07,0.08466982841491699,2.002716064453125e-05,3.910064697265625e-05,7.104873657226562e-05,0.0012578964233398438,0.002649164199829106,0.273989455337671,3.6615540023822297,0.09768865725251319,42,23.61904761904762,0.37945492662473795,0.05291838520184977,0.6205450733752621,0.9470816147981502,1.636244419340387,-0.8941632295963005,0.37945492662473795,0.0,0.6205450733752621,2.0607745540969375,0.0,0.0,2,0.7544596012591815,video,tunnel,ikev2,AES_GCM_16_256,PASS,0
video_01,3,0,972,826632.0,1.4780189990997314,559283.7443250091,657.6370131859265,850.4444444444445,561.3129669921943,116.0,1280.0,1280.0,116.0,116.0,116.0,1280.0,1280.0,1280.0,-0.541486110032759,-1.7067399095814573,0.9501651859258174,-0.5733134993439806,0.0015221616880532764,0.005646688078143926,0.0,0.08466982841491699,1.9073486328125e-05,3.552436828613281e-05,6.29425048828125e-05,0.0011140108108520508,0.002546072006225586,0.2943371196133473,3.7072151449402915,0.09911568491792812,48,21.166666666666668,0.36934156378600824,0.05079890447018746,0.6306584362139918,0.9492010955298126,1.7080718748108503,-0.898402191059625,0.36934156378600824,0.0,0.6306584362139918,2.07198245602773,0.0,0.0,2,0.733264675592173,video,tunnel,ikev2,AES_GCM_16_256,PASS,0
video_01,4,0,820,751004.0,1.4802830219268799,507338.1163437384,553.9481219831924,915.8585365853659,538.9714861798643,116.0,1280.0,1280.0,116.0,116.0,116.0,1280.0,1280.0,1280.0,-0.8045714247249109,-1.352497456395667,0.897075824817646,-0.45028518418084107,0.0018074273772000975,0.006877092930860746,0.0,0.06535506248474121,1.983642578125001e-05,3.790855407714844e-05,6.699562072753906e-05,0.001055002212524414,0.0024998188018798837,0.40886976317328994,3.8028029311899845,0.2412627841611453,41,20.829268292682926,0.31341463414634146,0.040431209420988434,0.6865853658536586,0.9595687905790116,2.1926052883672593,-0.9191375811580231,0.31341463414634146,0.0,0.6865853658536586,2.155683831729184,0.0,0.0,2,0.6239316239316239,video,tunnel,ikev2,AES_GCM_16_256,PASS,0
video_01,5,0,755,694576.0,1.4814000129699707,468864.58344730665,509.65302645458024,919.9682119205298,537.2302172014212,116.0,1280.0,1280.0,116.0,116.0,116.0,1280.0,1280.0,1280.0,-0.8220965492502625,-1.3239754969439461,0.8930969980142698,-0.44719903087378093,0.0019647215026126932,0.008599855496627808,9.5367431640625e-07,0.12948894500732422,3.0994415283203125e-05,4.6253204345703125e-05,8.83340835571289e-05,0.0011889934539794922,0.002397561073303223,0.21823124494413954,4.374910426119626,0.40677936641236856,30,25.933333333333334,0.30993377483443707,0.03987468613945774,0.6900662251655629,0.9601253138605422,2.3286646264126754,-0.9202506277210846,0.30993377483443707,0.0,0.6900662251655629,2.1622778593310557,0.0,0.0,2,0.6180371352785146,video,tunnel,ikev2,AES_GCM_16_256,PASS,0
video_01,6,0,696,661572.0,1.4465091228485107,457357.64092328143,481.15838953674563,950.5344827586207,524.3570682443748,116.0,1280.0,1280.0,116.0,116.0,116.0,1280.0,1280.0,1280.0,-0.9632157094940803,-1.072215496983815,0.8595680431243042,-0.3799912635938736,0.002081308090429512,0.00914852704156901,9.5367431640625e-07,0.12948894500732422,2.4080276489257812e-05,4.38690185546875e-05,7.510185241699219e-05,0.0010999441146850586,0.002430963516235352,0.2433458417951851,4.393455072098369,0.3499331393801222,32,22.5,0.28304597701149425,0.03454196973269727,0.7169540229885057,0.9654580302673027,2.6147080456325518,-0.9309160605346054,0.28304597701149425,0.0,0.7169540229885057,2.2198613278898507,0.0,0.0,2,0.5597122302158274,video,tunnel,ikev2,AES_GCM_16_256,PASS,0
video_01,7,0,519,507252.0,1.479590892791748,342832.60492560733,350.7726375773584,977.364161849711,510.4114517182258,116.0,1280.0,1280.0,116.0,116.0,128.0,1280.0,1280.0,1280.0,-1.093641771205912,-0.803916543266987,0.8269207748342082,-0.32055998678610104,0.0028563530748875444,0.014298611348542177,9.5367431640625e-07,0.19246196746826172,1.71661376953125e-05,3.123283386230469e-05,5.805492401123047e-05,0.0006930232048034668,0.0021634817123413093,0.30425903637659607,5.004145785905342,0.532652234486986,27,20.037037037037038,0.26011560693641617,0.031014170471481632,0.7398843930635838,0.9689858295285184,2.8595788007540897,-0.9379716590570367,0.26011560693641617,0.0,0.7398843930635838,2.279468142721611,0.0,0.0,2,0.5096525096525096,video,tunnel,ikev2,AES_GCM_16_256,PASS,0
video_01,8,0,376,370832.0,1.3993289470672607,265007.02410051366,268.7002229090077,986.2553191489362,505.2013909822795,116.0,1280.0,1280.0,116.0,116.0,128.0,1280.0,1280.0,1280.0,-1.1384582247906907,-0.7038368025914612,0.8154663017480621,-0.32270817797422663,0.0037315438588460285,0.017200019323088754,9.5367431640625e-07,0.19246196746826172,1.71661376953125e-05,2.944469451904297e-05,5.3882598876953125e-05,0.0004545450210571289,0.0033243179321289095,0.3627727566479151,4.608122495955452,0.6047809492621751,26,15.23076923076923,0.2526595744680851,0.030072917116106483,0.7473404255319149,0.9699270828838935,2.977950875090784,-0.939854165767787,0.2526595744680851,0.0,0.7473404255319149,2.3012812792191153,0.0,0.0,2,0.5013333333333333,video,tunnel,ikev2,AES_GCM_16_256,PASS,0
video_01,9,0,527,510496.0,1.463494062423706,348820.00078262214,360.0971220390402,968.6831119544592,515.0956177326628,116.0,1280.0,1280.0,116.0,116.0,116.0,1280.0,1280.0,1280.0,-1.0501946240385633,-0.8970663910950925,0.837930200833213,-0.36445792140899486,0.002782308103467122,0.010780784022237413,9.5367431640625e-07,0.12043404579162598,2.0503997802734375e-05,3.695487976074219e-05,6.103515625e-05,0.0007884502410888672,0.003168940544128418,0.4334071300688901,3.873370687495202,0.4024595252885186,38,14.68421052631579,0.2675521821631879,0.032156961073152385,0.7324478178368121,0.9678430389268476,2.7462726586607205,-0.9356860778536952,0.2675521821631879,0.0,0.7324478178368121,2.25894844653779,0.0,0.0,2,0.5342205323193916,video,tunnel,ikev2,AES_GCM_16_256,PASS,0
video_01,10,0,639,625860.0,1.4211230278015137,440398.18351843144,449.6443921456519,979.4366197183099,509.4285318683392,116.0,1280.0,1280.0,116.0,116.0,116.0,1280.0,1280.0,1280.0,-1.1049110998401899,-0.7791714614499425,0.8240422847524178,-0.32283846513292475,0.0022274655608174195,0.009107848220670059,0.0,0.13130903244018555,1.6927719116210938e-05,3.2007694244384766e-05,5.412101745605469e-05,0.0006799697875976562,0.002672171592712405,0.36936706186494045,4.087049125107065,0.30583234434258705,40,16.825,0.25821596244131456,0.030581919279071997,0.7417840375586855,0.969418080720928,2.883152289337297,-0.938836161441856,0.25821596244131456,0.0,0.7417840375586855,2.2849132004481083,0.0,0.0,2,0.5062695924764891,video,tunnel,ikev2,AES_GCM_16_256,PASS,0
video_01,11,0,714,696252.0,1.4857749938964844,468612.00576142466,480.55728689275895,975.1428571428571,511.7771358068802,116.0,1280.0,1280.0,116.0,116.0,116.0,1280.0,1280.0,1280.0,-1.0830607221477642,-0.8269794721407635,0.8296071030882031,-0.31065713822455227,0.0020838358960680006,0.008697330203498103,0.0,0.13130903244018555,1.71661376953125e-05,3.409385681152344e-05,6.413459777832031e-05,0.0007798671722412109,0.0027636528015136733,0.35223216859667844,4.171709734997015,0.23781458046096532,41,18.24390243902439,0.2619047619047619,0.03115538626819025,0.7380952380952381,0.9688446137318097,2.826761978288802,-0.9376892274636195,0.2619047619047619,0.0,0.7380952380952381,2.27442747206855,0.0,0.0,2,0.5063113604488079,video,tunnel,ikev2,AES_GCM_16_256,PASS,0
video_01,12,0,800,777232.0,1.4767870903015137,526299.2919590824,541.716544824796,971.54,513.7118534742993,116.0,1280.0,1280.0,116.0,116.0,116.0,1280.0,1280.0,1280.0,-1.0649549865357935,-0.8658708766525476,0.8341980958607491,-0.3354761981292796,0.0018482942306652236,0.007216851307152607,9.5367431640625e-07,0.09895610809326172,1.7881393432617188e-05,3.790855407714844e-05,7.295608520507812e-05,0.000958561897277832,0.0026684284210205084,0.3324603936011087,3.902489494360548,0.19655836672804772,44,19.113636363636363,0.265,0.03164048829693065,0.735,0.9683595117030693,2.779338952793286,-0.9367190234061387,0.265,0.0,0.735,2.265861629372774,0.0,0.0,2,0.5206508135168961,video,tunnel,ikev2,AES_GCM_16_256,PASS,0
video_01,13,0,641,617944.0,1.1883509159088135,520001.2822200889,539.4029586873195,964.0312012480499,517.6402225122383,116.0,1280.0,1280.0,116.0,116.0,116.0,1280.0,1280.0,1280.0,-1.0278613974661146,-0.9435009475990062,0.843538830983654,-0.3654975087563511,0.001856798306107521,0.007814245679912762,0.0,0.09895610809326172,1.9073486328125e-05,4.00543212890625e-05,7.450580596923828e-05,0.0009587407112121582,0.0023399829864501954,0.31378547852589966,4.206186244342775,0.24245045196872983,30,22.233333333333334,0.2714508580343214,0.03266315394275209,0.7285491419656787,0.9673368460572479,2.6608736311951806,-0.9346736921144958,0.2714508580343214,0.0,0.7285491419656787,2.248666017227477,0.0,0.0,2,0.540625,video,tunnel,ikev2,AES_GCM_16_256,PASS,0
video_01,14,0,246,233400.0,0.4742441177368164,492151.5971854947,518.7201924063055,948.780487804878,525.1981977657077,116.0,1280.0,1280.0,116.0,116.0,116.0,1280.0,1280.0,1280.0,-0.9549937104572921,-1.0879870129870135,0.8615804562891913,-0.3999999999999997,0.0019356902764768016,0.007420183562977273,0.0,0.05910921096801758,2.9087066650390625e-05,4.792213439941406e-05,7.987022399902344e-05,0.0010311603546142578,0.0024070262908935545,0.4237349539248826,3.8313733760650472,0.12463878571672757,11,23.0,0.2845528455284553,0.03479005998286204,0.7154471544715447,0.965209940017138,2.465140943169893,-0.9304198800342759,0.2845528455284553,0.0,0.7154471544715447,2.2163061160316513,0.0,0.0,2,0.5714285714285714,video,tunnel,ikev2,AES_GCM_16_256,PASS,0
video_02,-1,1,5001,3701024.0,3.691896915435791,1002472.1937728133,1354.5882007406165,740.0567886422715,577.4522617078356,116.0,1280.0,1280.0,116.0,116.0,116.0,1280.0,1280.0,1280.0,-0.1347145085919769,-1.981288173585725,0.9992863069313221,-0.8670315991786274,0.0007383793830871582,0.004267578772601112,0.0,0.14687299728393555,1.3113021850585938e-05,1.9788742065429688e-05,3.504753112792969e-05,0.00016498565673828125,0.001522159576416016,0.059619266590174566,5.771839018262224,0.18086607773308488,140,36.707142857142856,0.46590681863627276,0.07712352040948667,0.5340931813637273,0.9228764795905133,1.1930251600690167,-0.8457529591810267,0.46630673865226957,0.0001999600079984003,0.533493301339732,2.0044902129796127,0.0,0.0,2,0.93,video,tunnel,ikev2,AES_GCM_16_256,PASS,0
video_02,0,0,1487,1233856.0,1.4977200031280518,823822.875719787,992.8424517896118,829.7619367854741,565.4603850179323,116.0,1280.0,1280.0,116.0,116.0,116.0,1280.0,1280.0,1280.0,-0.4599107206945693,-1.788059941910485,0.9706539692016551,-0.61436975234244,0.0010078869469233188,0.006271817742092256,0.0,0.14687299728393555,1.71661376953125e-05,2.8133392333984375e-05,4.696846008300781e-05,0.0006456375122070312,0.0018956661224365234,0.07813628869413346,6.216571401997682,0.2894899674349754,42,36.357142857142854,0.38601210490921317,0.05552349706935007,0.6139878950907868,0.9444765029306499,1.7635053584913094,-0.8889530058612999,0.3873570948217888,0.0006724949562878278,0.6119704102219233,2.0525678607367825,0.0,0.0,2,0.7685060565275909,video,tunnel,ikev2,AES_GCM_16_256,PASS,0
video_02,1,0,2508,1939676.0,1.4938969612121582,1298400.1242134757,1678.8306456992802,773.3955342902711,572.7308862930554,116.0,1280.0,1280.0,116.0,116.0,128.0,1280.0,1280.0,1280.0,-0.2462472220544225,-1.9388400951886995,0.9892349771010135,-0.7823370406633277,0.0005958902916681924,0.0018840356141753359,0.0,0.03379106521606445,1.3017654418945318e-05,1.9073486328125e-05,3.3855438232421875e-05,0.00020492076873779297,0.0014684677124023474,0.32333624048286475,3.156418592284057,0.0,71,36.309859154929576,0.43899521531100477,0.0715150365318744,0.5610047846889952,0.9284849634681256,1.2768415744007773,-0.8569699269362512,0.43899521531100477,0.0,0.5610047846889952,2.014923745377358,0.0,0.0,2,0.8779417630634224,video,tunnel,ikev2,AES_GCM_16_256,PASS,0
video_02,2,0,2567,1801524.0,1.4430930614471436,1248376.8705764683,1778.8180600257303,701.8013245033112,578.4674750262319,116.0,1280.0,1280.0,116.0,116.0,116.0,1280.0,1280.0,1280.0,-0.0012276321629516283,-1.9994079839487313,0.99999989053058,-0.9959146299968112,0.0005623901252716849,0.00250145074279904,2.86102294921875e-06,0.08267903327941895,1.1920928955078125e-05,1.7881393432617188e-05,2.8848648071289062e-05,7.31348991394043e-05,0.0012999773025512695,0.11844432350365186,4.439997491245981,0.05729293244366919,71,37.140845070422536,0.49980522010128553,0.08770574247137423,0.5001947798987144,0.9122942575286258,0.9998599939970838,-0.8245885150572515,0.49980522010128553,0.0,0.5001947798987144,1.9998496759386777,0.0,0.0,2,0.9980514419329696,video,tunnel,ikev2,AES_GCM_16_256,PASS,0
video_02,3,0,2179,1525580.0,1.437838077545166,1061023.5073233256,1515.4696721624082,700.1284993116109,580.1665615233023,116.0,1280.0,1280.0,116.0,116.0,116.0,1280.0,1280.0,1280.0,-0.0012134962197308892,-1.9996123867714262,0.9999998480747015,-0.9952865143843836,0.000660164406586394,0.0034715217405746368,2.86102294921875e-06,0.08810710906982422,1.3113021850585938e-05,1.9848346710205078e-05,3.504753112792969e-05,0.00011086463928222656,0.001446366310119629,0.12692334443167122,5.250618009668999,0.162858393594142,56,39.892857142857146,0.4997705369435521,0.08546257816699222,0.5002294630564479,0.9145374218330078,1.0001531309364273,-0.8290748436660156,0.4997705369435521,0.0,0.5002294630564479,1.9999006131070438,0.0,0.0,2,0.9977043158861341,video,tunnel,ikev2,AES_GCM_16_256,PASS,0
video_02,4,0,947,665644.0,0.6778590679168701,981979.9299072472,1397.045558319707,702.8975712777191,577.7609048860941,116.0,1280.0,1280.0,116.0,116.0,116.0,1280.0,1280.0,1280.0,-0.0026154988508064417,-1.999329068603457,0.9999991956507411,-0.9977196940238585,0.0007165529259163532,0.0036142845217972367,5.9604644775390625e-06,0.08810710906982422,1.2874603271484375e-05,1.9073486328125e-05,3.2901763916015625e-05,9.98377799987793e-05,0.0014679431915283203,0.16135608424104342,5.036958796010208,0.12997850621160284,27,36.03703703703704,0.49947201689545934,0.08852179242958699,0.5005279831045406,0.911478207570413,1.0013680516229897,-0.8229564151408261,0.49947201689545934,0.0,0.5005279831045406,1.9998323136373293,0.0,0.0,2,0.9989429175475687,video,tunnel,ikev2,AES_GCM_16_256,PASS,0
video_03,-1,1,5001,4766964.0,15.11749005317688,315327.7417899304,330.8088831154256,953.2021595680864,522.5956942717775,116.0,1280.0,1280.0,116.0,116.0,116.0,1280.0,1280.0,1280.0,-0.9740604588516443,-1.0507277565566582,0.8637423758407341,-0.3585013004027263,0.0030235087871551512,0.01822489215527236,0.0,0.46089792251586914,1.6927719116210938e-05,3.0994415283203125e-05,5.91278076171875e-05,0.0006949901580810547,0.0026154756546020526,0.12544901293065958,6.025736222910653,0.5091792435605532,283,18.526501766784452,0.27994401119776047,0.0343984137492962,0.7200559888022395,0.9656015862507038,2.5894462510557728,-0.9312031725014076,0.28054389122175566,0.0005998800239952009,0.7188562287542491,2.2251664683200154,0.0,0.0,2,0.5502,video,tunnel,ikev2,AES_GCM_16_256,PASS,0
video_03,0,0,118,81844.0,1.1810522079467773,69297.52931268234,99.91090927736323,693.5932203389831,577.3198484476897,116.0,1280.0,332.0,116.0,116.0,116.0,1280.0,1280.0,1280.0,0.026759659130426713,-1.9917588699747033,1.1239498677110076,-0.7047065512373606,0.010094463315784421,0.04937332413294217,6.9141387939453125e-06,0.4092700481414795,1.616477966308594e-05,2.3126602172851562e-05,5.984306335449219e-05,0.0009059906005859375,0.0071548938751220936,0.3901924019350135,4.890644697380671,0.7849044712509377,11,11.363636363636363,0.4661016949152542,0.0802991056155613,0.5338983050847458,0.9197008943844387,1.2552686930561001,-0.8394017887688774,0.4915254237288136,0.01694915254237288,0.4915254237288136,2.009882062096682,0.0,0.0,2,0.8888888888888888,video,tunnel,ikev2,AES_GCM_16_256,PASS,0
video_03,1,0,167,139744.0,1.4975500106811523,93315.08063389364,111.51547448090963,836.7904191616766,562.8546980932935,116.0,1280.0,1280.0,116.0,116.0,116.0,1280.0,1280.0,1280.0,-0.48600523319733513,-1.7580524040537295,1.0371789898162214,-0.5649068477950032,0.009021385606512966,0.052869401437422844,6.9141387939453125e-06,0.46089792251586914,1.5020370483398438e-05,2.2351741790771484e-05,5.447864532470703e-05,0.0002759099006652832,0.0030400753021240234,0.2120532839534958,5.85980291058034,0.8165884435727044,13,13.615384615384615,0.3712574850299401,0.051465536981909775,0.6287425149700598,0.9485344630180902,1.7046175212356913,-0.8970689260361805,0.3712574850299401,0.011976047904191617,0.6167664670658682,2.068029250289342,0.0,0.0,2,0.7469879518072289,video,tunnel,ikev2,AES_GCM_16_256,PASS,0
video_03,2,0,269,251440.0,1.2126128673553467,207353.89403246163,221.83502026221834,934.7211895910781,530.9074229858579,116.0,1280.0,1280.0,116.0,116.0,116.0,1280.0,1280.0,1280.0,-0.8885725195699202,-1.2081564780014376,0.9069177629886916,-0.38920232654113646,0.004524674878191592,0.029075640135026098,0.0,0.3896760940551758,1.4066696166992188e-05,2.4080276489257812e-05,5.650520324707031e-05,0.0006232857704162598,0.0027505874633789074,0.24517564208008336,6.424597638495055,0.6176786503205719,18,15.833333333333334,0.2936802973977695,0.03644607063315304,0.7063197026022305,0.9635539293668469,2.4225230412749514,-0.927107858733694,0.2936802973977695,0.0037174721189591076,0.7026022304832714,2.1924726000794306,0.0,0.0,2,0.5783582089552238,video,tunnel,ikev2,AES_GCM_16_256,PASS,0
video_03,3,0,447,427824.0,1.494657039642334,286235.5635125344,299.06526256148067,957.1006711409397,521.1437826687705,116.0,1280.0,1280.0,116.0,116.0,116.0,1280.0,1280.0,1280.0,-0.9943538798988965,-1.0112603615300118,0.8518906922032052,-0.3717450118074518,0.003351248967807924,0.021187533892052548,0.0,0.2959461212158203,1.4066696166992188e-05,2.390146255493164e-05,5.2094459533691406e-05,0.00035709142684936523,0.002177000045776367,0.2265395426662526,6.3203938894512754,0.5698540096850462,21,22.095238095238095,0.27740492170022374,0.0336213022177344,0.7225950782997763,0.9663786977822656,2.6173060209945276,-0.9327573955645312,0.27740492170022374,0.0,0.7225950782997763,2.233548622039939,0.0,0.0,2,0.5493273542600897,video,tunnel,ikev2,AES_GCM_16_256,PASS,0
video_03,4,0,578,527172.0,1.3262529373168945,397489.7888380983,435.8143033932394,912.0622837370242,540.5731383633894,116.0,1280.0,1280.0,116.0,116.0,116.0,1280.0,1280.0,1280.0,-0.7886235465189833,-1.3779246471314128,0.9006556765898768,-0.4465140790090825,0.00229853195375545,0.015912321443567138,2.1457672119140625e-06,0.2959461212158203,1.3828277587890625e-05,2.002716064453125e-05,4.100799560546875e-05,0.0001327991485595703,0.0017313957214355462,0.1385173892642236,6.919808797429469,0.5074062848526293,28,21.5,0.3166089965397924,0.040920230968260835,0.6833910034602076,0.9590797690317392,2.1639408668410494,-0.9181595380634784,0.3166089965397924,0.0,0.6833910034602076,2.149792719260305,0.0,0.0,2,0.6273830155979203,video,tunnel,ikev2,AES_GCM_16_256,PASS,0
video_03,5,0,569,508840.0,1.434032917022705,354831.4644383742,396.7830816473448,894.2706502636204,546.9579883171427,116.0,1280.0,1280.0,116.0,116.0,116.0,1280.0,1280.0,1280.0,-0.7128575692466863,-1.4916235108004692,0.9171197292247841,-0.4727520240628277,0.002524705839828706,0.016919487030992126,9.5367431640625e-07,0.2382950782775879,1.361370086669922e-05,2.002716064453125e-05,3.886222839355469e-05,9.614229202270508e-05,0.0015655517578125001,0.18107820372523734,6.698914324931683,0.6765141476731447,31,19.29032258064516,0.3321616871704745,0.04410030657967141,0.6678383128295254,0.9558996934203285,2.0162949624144386,-0.9117993868406572,0.3321616871704745,0.0,0.6678383128295254,2.123142626751574,0.0,0.0,2,0.6549295774647887,video,tunnel,ikev2,AES_GCM_16_256,PASS,0
video_03,6,0,583,554468.0,1.4001188278198242,396014.95886130055,416.3932292145592,951.0600343053173,523.5635857274906,116.0,1280.0,1280.0,116.0,116.0,116.0,1280.0,1280.0,1280.0,-0.9634646148247678,-1.071589706132506,0.8595316914502931,-0.33450139000518575,0.002405702453298667,0.012977102594440156,0.0,0.210615873336792,1.5020370483398438e-05,2.193450927734375e-05,4.601478576660156e-05,0.0001786947250366211,0.0018084764480590816,0.24854893082865498,5.39206771350298,0.6068869194915167,34,18.029411764705884,0.2830188679245283,0.03503899233138792,0.7169811320754716,0.964961007668612,2.541836682273303,-0.9299220153372242,0.2830188679245283,0.0,0.7169811320754716,2.219891823914142,0.0,0.0,2,0.5412371134020618,video,tunnel,ikev2,AES_GCM_16_256,PASS,0
video_03,7,0,602,592584.0,1.4839060306549072,399340.6507947602,405.6860660740851,984.358803986711,506.459987003691,116.0,1280.0,1280.0,116.0,116.0,136.0,1280.0,1280.0,1280.0,-1.1293780535782396,-0.7244407044695786,0.8177940888348671,-0.2608301680847039,0.0024690616150664013,0.010593264882178322,0.0,0.12079095840454102,1.4066696166992188e-05,2.193450927734375e-05,4.8160552978515625e-05,0.00018906593322753906,0.002630949020385742,0.44712995895076113,4.288664225039402,0.4199217121337517,44,14.568181818181818,0.2541528239202658,0.030145937116088182,0.7458471760797342,0.9698540628839118,2.944099764943048,-0.9397081257678236,0.2541528239202658,0.0,0.7458471760797342,2.2968089028695426,0.0,0.0,2,0.47753743760399336,video,tunnel,ikev2,AES_GCM_16_256,PASS,0
video_03,8,0,566,567340.0,1.4633309841156006,387704.49485349044,386.78877584354285,1002.3674911660777,496.0689773824478,116.0,1280.0,1280.0,116.0,116.0,1280.0,1280.0,1280.0,1280.0,-1.2271176188928399,-0.4941823494027666,0.792563551896788,-0.2733938674270913,0.0025899663435674345,0.011082496371708914,9.5367431640625e-07,0.13501596450805664,1.4066696166992188e-05,2.193450927734375e-05,4.8160552978515625e-05,0.00017404556274414062,0.0025513172149658246,0.43197644984280137,4.277360220916537,0.3139694231754636,38,15.763157894736842,0.23851590106007067,0.02760249585786301,0.7614840989399293,0.972397504142137,3.207690020851832,-0.944795008284274,0.23851590106007067,0.0,0.7614840989399293,2.3464478320685793,0.0,0.0,2,0.46194690265486726,video,tunnel,ikev2,AES_GCM_16_256,PASS,0
video_03,9,0,540,536616.0,1.3849940299987793,387450.04554313706,389.8933773746851,993.7333333333333,500.7787890431818,116.0,1280.0,1280.0,116.0,116.0,1280.0,1280.0,1280.0,1280.0,-1.177740638465415,-0.6128350770948563,0.8053549442396815,-0.30587202061386726,0.002569562207789943,0.011795003439616454,9.5367431640625e-07,0.13751602172851562,1.5974044799804688e-05,2.7179718017578125e-05,5.2928924560546875e-05,0.0003814697265625,0.0021348476409912094,0.3610425937821846,4.588491733003918,0.3930632116653119,30,18.8,0.2462962962962963,0.02917542525753984,0.7537037037037037,0.9708245747424602,3.070402899112174,-0.9416491494849203,0.2462962962962963,0.0,0.7537037037037037,2.3209563114621616,0.0,0.0,2,0.4842300556586271,video,tunnel,ikev2,AES_GCM_16_256,PASS,0
video_03,10,0,619,600488.0,1.4290359020233154,420204.9781603057,433.15916634675335,970.0936995153473,514.0668201530565,116.0,1280.0,1280.0,116.0,116.0,128.0,1280.0,1280.0,1280.0,-1.0559624727951638,-0.8848687577537366,0.8364835175007994,-0.354423670777151,0.0023123558285166918,0.010165007764644194,9.5367431640625e-07,0.13751602172851562,2.0694732666015628e-05,3.427267074584961e-05,6.961822509765625e-05,0.0008077025413513184,0.002140140533447266,0.3399070008627051,4.394052847097858,0.3183815772636141,37,17.594594594594593,0.2665589660743134,0.032253766936225205,0.7334410339256866,0.9677462330637748,2.7602721122058695,-0.9354924661275495,0.2665589660743134,0.0,0.7334410339256866,2.2616090236205824,0.0,0.0,2,0.529126213592233,video,tunnel,ikev2,AES_GCM_16_256,PASS,0
video_03,11,0,719,693340.0,1.4749059677124023,470090.98558017163,487.48870486650617,964.3115438108484,517.4960498719604,116.0,1280.0,1280.0,116.0,116.0,116.0,1280.0,1280.0,1280.0,-1.0292312139454576,-0.9406831082403597,0.8431955765911783,-0.35743339991988615,0.0020541865845576635,0.00875144451337153,0.0,0.1391749382019043,2.4080276489257812e-05,3.790855407714844e-05,7.462501525878906e-05,0.0008561611175537109,0.002077937126159674,0.31812235265631855,4.258223841634845,0.15927990735514055,36,20.75,0.2712100139082058,0.03262468630109326,0.7287899860917941,0.9673753136989067,2.770707698372169,-0.9347506273978134,0.2712100139082058,0.0,0.7287899860917941,2.2492924879234804,0.0,0.0,2,0.5362116991643454,video,tunnel,ikev2,AES_GCM_16_256,PASS,0
video_03,12,0,643,632144.0,1.478011131286621,427699.0792685799,435.04408484411283,983.1166407465008,507.37806532154184,116.0,1280.0,1280.0,116.0,116.0,116.0,1280.0,1280.0,1280.0,-1.1238824073556009,-0.7368883344365802,0.8191913614414837,-0.32527914882936265,0.002302281953092676,0.01110965241625714,0.0,0.14325809478759766,1.6927719116210938e-05,3.236532211303711e-05,5.91278076171875e-05,0.0007834434509277344,0.0023934602737426757,0.28293075312973637,4.823400974136024,0.31879808259996245,28,23.642857142857142,0.25505443234836706,0.030094408868865323,0.744945567651633,0.9699055911311347,2.931336910369995,-0.9398111822622693,0.25505443234836706,0.0,0.744945567651633,2.294147218052999,0.0,0.0,2,0.5031152647975078,video,tunnel,ikev2,AES_GCM_16_256,PASS,0
video_03,13,0,568,554768.0,1.364513874053955,406568.2369002161,416.2654633275941,976.7042253521126,510.9285221739718,116.0,1280.0,1280.0,116.0,116.0,116.0,1280.0,1280.0,1280.0,-1.0909714891869493,-0.8097812097812103,0.8275953315947242,-0.3424437775838938,0.002406645073461785,0.010567168412494745,0.0,0.14901185035705566,1.6927719116210938e-05,3.0040740966796875e-05,5.698204040527344e-05,0.000928044319152832,0.0030623912811279298,0.3038977398512829,4.389005891678606,0.32582585993186314,29,20.413793103448278,0.2605633802816901,0.03094626943154616,0.7394366197183099,0.9690537305684538,2.8491997261465545,-0.9381074611369077,0.2605633802816901,0.0,0.7394366197183099,2.278205124006769,0.0,0.0,2,0.5167548500881834,video,tunnel,ikev2,AES_GCM_16_256,PASS,0
video_03,14,0,532,515672.0,1.489725112915039,346152.4515693718,357.1128628952237,969.3082706766917,514.8939912859956,116.0,1280.0,1280.0,116.0,116.0,116.0,1280.0,1280.0,1280.0,-1.0538412771105525,-0.8894185626579998,0.8370062826214659,-0.33438049576683165,0.002805508687222296,0.014223391610065545,3.0994415283203125e-06,0.22419500350952148,2.002716064453125e-05,4.100799560546875e-05,7.200241088867188e-05,0.0011320114135742188,0.002763986587524414,0.2682029833626678,5.068001989383811,0.43522716360773067,26,21.307692307692307,0.2669172932330827,0.0319427853364154,0.7330827067669173,0.9680572146635846,2.7579008890315007,-0.9361144293271693,0.2669172932330827,0.0,0.7330827067669173,2.2606594698963316,0.0,0.0,2,0.5216572504708098,video,tunnel,ikev2,AES_GCM_16_256,PASS,0
video_03,15,0,521,506416.0,1.4983420372009277,337984.24353496905,347.71766863945624,972.0076775431862,513.1006942091086,116.0,1280.0,1280.0,116.0,116.0,128.0,1280.0,1280.0,1280.0,-1.0657254781708871,-0.8641624948423128,0.8340144223310113,-0.3396562543889625,0.002881426994617169,0.014453549357976898,3.0994415283203125e-06,0.22419500350952148,2.6941299438476562e-05,4.410743713378906e-05,8.356571197509766e-05,0.0012535452842712402,0.0027426719665527358,0.2444384863073103,5.0143678868427175,0.4252112577894,29,18.75862068965517,0.2648752399232246,0.031942118732425515,0.7351247600767754,0.9680578812675745,2.789903942334638,-0.9361157625351489,0.2648752399232246,0.0,0.7351247600767754,2.266187902602786,0.0,0.0,2,0.5230769230769231,video,tunnel,ikev2,AES_GCM_16_256,PASS,0
video_03,16,0,461,436744.0,1.3040530681610107,334912.7506106028,353.5132206315093,947.3839479392625,525.1209240784651,116.0,1280.0,1280.0,116.0,116.0,128.0,1280.0,1280.0,1280.0,-0.945403516835167,-1.1060979052052906,0.863938503739077,-0.40029249534261857,0.0028348979742630668,0.015026982464258041,3.0994415283203125e-06,0.24093890190124512,3.0040740966796875e-05,4.57763671875e-05,9.131431579589844e-05,0.0012319684028625488,0.00314476490020752,0.17599137900414968,5.298844528482353,0.5096885601219103,28,17.285714285714285,0.28633405639913234,0.03577381715604565,0.7136659436008677,0.9642261828439543,2.5038608727726936,-0.9284523656879087,0.28633405639913234,0.0,0.7136659436008677,2.2121311268516077,0.0,0.0,2,0.5739130434782609,video,tunnel,ikev2,AES_GCM_16_256,PASS,0
video_03,17,0,477,448908.0,1.239305019378662,362225.5965888563,384.8931397366152,941.1069182389937,528.4649966832558,116.0,1280.0,1280.0,116.0,116.0,116.0,1280.0,1280.0,1280.0,-0.9181332736164636,-1.15697487324253,0.8705287713683085,-0.3797592129741525,0.0026035819734845844,0.013775281616140896,9.5367431640625e-07,0.19965004920959473,2.0503997802734375e-05,3.904104232788086e-05,7.343292236328125e-05,0.0008866190910339355,0.0030645132064819336,0.23638561640893882,5.288864683998177,0.49456120039507334,30,16.7,0.2914046121593291,0.03623905120871092,0.7085953878406709,0.963760948791289,2.4390203848901457,-0.9275218975825782,0.2914046121593291,0.0,0.7085953878406709,2.2006452916834665,0.0,0.0,2,0.569327731092437,video,tunnel,ikev2,AES_GCM_16_256,PASS,0
video_03,18,0,580,549176.0,1.3242158889770508,414717.8753641412,437.9950465992722,946.8551724137931,526.1132037526727,116.0,1280.0,1280.0,116.0,116.0,116.0,1280.0,1280.0,1280.0,-0.9460137880545596,-1.105057912810662,0.8637709072419859,-0.37485814233100395,0.00228707407422634,0.011999019560034388,9.5367431640625e-07,0.19965004920959473,2.5796890258789067e-05,4.0411949157714844e-05,6.985664367675781e-05,0.00096893310546875,0.003054380416870127,0.22982830981281152,5.2441569506842045,0.321828091500359,35,17.37142857142857,0.28620689655172415,0.035063440499949014,0.7137931034482758,0.964936559500051,2.4983477582997016,-0.9298731190001019,0.28620689655172415,0.0,0.7137931034482758,2.2124515590425746,0.0,0.0,2,0.5613126079447323,video,tunnel,ikev2,AES_GCM_16_256,PASS,0
video_03,19,0,345,328904.0,0.8505158424377441,386711.1975919191,405.6361831087858,953.3449275362319,522.3214623299544,116.0,1280.0,1280.0,116.0,116.0,128.0,1280.0,1280.0,1280.0,-0.9736949656216809,-1.05172974120671,0.8570257961058316,-0.3926971761541931,0.002472429774528326,0.015974125680045446,1.1920928955078125e-05,0.24231600761413574,3.1948089599609375e-05,4.500150680541992e-05,7.95125961303711e-05,0.0012376904487609863,0.00284576416015625,0.10884348061250902,6.458289555882642,0.47240142605573593,16,22.3125,0.2811594202898551,0.034855155303675237,0.7188405797101449,0.9651448446963248,2.5580409658348495,-0.9302896893926496,0.2811594202898551,0.0,0.7188405797101449,2.2243283007438066,0.0,0.0,2,0.563953488372093,video,tunnel,ikev2,AES_GCM_16_256,PASS,0
video_03,20,0,52,50476.0,0.039212942123413086,1287228.074882502,1326.0927944744058,970.6923076923077,509.60480685684036,116.0,1280.0,1280.0,122.60000000000001,136.0,136.0,1280.0,1280.0,1280.0,-1.0407671255934834,-0.9164463218140932,0.8403586716091171,-0.3783520260844233,0.000768881218106139,0.0011631973179431299,1.1920928955078125e-05,0.006632089614868164,2.7179718017578125e-05,3.600120544433594e-05,0.0002789497375488281,0.0011684894561767578,0.002496957778930664,1.5592010770535085,1.5108789389673962,0.0,1,52.0,0.2692307692307692,0.036373722164989304,0.7307692307692307,0.9636262778350106,2.143646216342185,-0.9272525556700214,0.2692307692307692,0.0,0.7307692307692307,2.254407935040934,0.0,0.0,2,0.5490196078431373,video,tunnel,ikev2,AES_GCM_16_256,PASS,0
audio_01,-1,1,1532,442492.0,31.07426905632019,14239.820064568876,49.30124011037379,288.8328981723238,24.414731753339876,96.0,436.0,292.0,292.0,292.0,292.0,292.0,292.0,292.0,-6.442883336397923,45.625287577436836,0.1616665637183789,0.728997761754089,0.020296713949262045,0.009246259548676944,1.7881393432617188e-05,0.20898008346557617,0.019379854202270508,0.019662976264953613,0.01999688148498535,0.020305991172790527,0.020595073699951172,0.2565711934978071,0.45553206493054876,0.03301696611171721,7,5.285714285714286,0.9908616187989556,0.9956247796570333,0.009138381201044387,0.0043752203429666525,0.00860590963890939,0.9912495593140667,0.018929503916449087,0.9810704960835509,0.0,0.0,0.0,0.0,2,0.010450685826257348,voip,tunnel,ikev2,AES_GCM_16_256,PASS,0
audio_01,0,0,62,15092.0,1.4867210388183594,10151.19824496132,41.70251068033407,243.41935483870967,78.09951228361548,96.0,292.0,292.0,116.0,116.0,131.0,292.0,292.0,292.0,-1.0214001170988425,-0.9199854278515156,1.1877775986312695,0.9015589383828523,0.024372476046202612,0.03449588170390604,1.7881393432617188e-05,0.20898008346557617,0.000102996826171875,0.019188880920410156,0.019861936569213867,0.02031397819519043,0.020987987518310547,0.7255109011859885,1.415304146134728,0.39102643462865794,4,5.25,0.8709677419354839,0.9393055923668169,0.12903225806451613,0.060694407633183144,0.3956242588787575,0.8786111847336338,0.27419354838709675,0.7258064516129032,0.0,0.0,0.0,0.0,2,0.16393442622950818,voip,tunnel,ikev2,AES_GCM_16_256,PASS,0
audio_01,1,0,75,21900.0,1.479517936706543,14802.118620305571,50.692187055840996,292.0,0.0,292.0,292.0,292.0,292.0,292.0,292.0,292.0,292.0,292.0,0.0,0.0,-0.0,0.0,0.0199934856311695,0.0004839143350431768,0.018604040145874023,0.021409034729003906,0.019423389434814455,0.019720733165740967,0.019951939582824707,0.020277857780456543,0.020589566230773924,2.750221430030994,0.024202389797354944,0.0,0,1.0,1.0,1.0,0.0,0.0,1.0,1.0,0.0,1.0,0.0,0.0,0.0,0.0,1,0.0,voip,tunnel,ikev2,AES_GCM_16_256,PASS,0
audio_01,2,0,75,21900.0,1.4796178340911865,14801.119245397213,50.688764539031546,292.0,0.0,292.0,292.0,292.0,292.0,292.0,292.0,292.0,292.0,292.0,0.0,0.0,-0.0,0.0,0.019994835595826845,0.000491111745549322,0.018301010131835938,0.021409034729003906,0.01944899559020996,0.019715309143066406,0.019966483116149902,0.02029317617416382,0.02054469585418701,2.5249261945925,0.024560701311818024,0.0,0,1.0,1.0,1.0,0.0,0.0,1.0,1.0,0.0,1.0,0.0,0.0,0.0,0.0,1,0.0,voip,tunnel,ikev2,AES_GCM_16_256,PASS,0
audio_01,3,0,75,21900.0,1.4798500537872314,14798.7966375063,50.68081040241884,292.0,0.0,292.0,292.0,292.0,292.0,292.0,292.0,292.0,292.0,292.0,0.0,0.0,-0.0,0.0,0.01999797369982745,0.00045424675803261053,0.018301010131835938,0.021319866180419922,0.019478607177734374,0.01971954107284546,0.02007138729095459,0.02027750015258789,0.020505452156066896,2.5398295914012934,0.022713503445255776,0.0,0,1.0,1.0,1.0,0.0,0.0,1.0,1.0,0.0,1.0,0.0,0.0,0.0,0.0,1,0.0,voip,tunnel,ikev2,AES_GCM_16_256,PASS,0
audio_01,4,0,75,21900.0,1.4819159507751465,14778.166054926905,50.61015772235241,292.0,0.0,292.0,292.0,292.0,292.0,292.0,292.0,292.0,292.0,292.0,0.0,0.0,-0.0,0.0,0.02002589122669117,0.0005131229090879453,0.01915717124938965,0.022670984268188477,0.019478607177734374,0.01972508430480957,0.020023465156555176,0.02027285099029541,0.02054717540740967,2.3055139976268273,0.025621695513284273,0.0,0,1.0,1.0,1.0,0.0,0.0,1.0,1.0,0.0,1.0,0.0,0.0,0.0,0.0,1,0.0,voip,tunnel,ikev2,AES_GCM_16_256,PASS,0
audio_01,5,0,75,21900.0,1.4801928997039795,14795.368903863633,50.669071588574084,292.0,0.0,292.0,292.0,292.0,292.0,292.0,292.0,292.0,292.0,292.0,0.0,0.0,-0.0,0.0,0.02000260675275648,0.0005713415396355646,0.01830601692199707,0.022670984268188477,0.01944444179534912,0.019658267498016357,0.019980430603027344,0.020279109477996826,0.02055468559265137,2.302178695679718,0.02856192619147715,0.0,0,1.0,1.0,1.0,0.0,0.0,1.0,1.0,0.0,1.0,0.0,0.0,0.0,0.0,1,0.0,voip,tunnel,ikev2,AES_GCM_16_256,PASS,0
audio_01,6,0,75,21900.0,1.4792351722717285,14804.948131653182,50.70187716319583,292.0,0.0,292.0,292.0,292.0,292.0,292.0,292.0,292.0,292.0,292.0,0.0,0.0,-0.0,0.0,0.019989664490158494,0.0005307343121858043,0.01841902732849121,0.02176189422607422,0.019382166862487792,0.019643723964691162,0.019951939582824707,0.02030050754547119,0.020654964447021484,2.654227829713636,0.026549108082279477,0.0,0,1.0,1.0,1.0,0.0,0.0,1.0,1.0,0.0,1.0,0.0,0.0,0.0,0.0,1,0.0,voip,tunnel,ikev2,AES_GCM_16_256,PASS,0
audio_01,7,0,75,21900.0,1.480799913406372,14789.30394425951,50.648301178970925,292.0,0.0,292.0,292.0,292.0,292.0,292.0,292.0,292.0,292.0,292.0,0.0,0.0,-0.0,0.0,0.02001080964062665,0.0005304338235348486,0.01841902732849121,0.02176189422607422,0.01932966709136963,0.01969146728515625,0.019961953163146973,0.020335793495178223,0.020630669593811036,2.6148883518187973,0.026506039836497193,0.0,0,1.0,1.0,1.0,0.0,0.0,1.0,1.0,0.0,1.0,0.0,0.0,0.0,0.0,1,0.0,voip,tunnel,ikev2,AES_GCM_16_256,PASS,0
audio_01,8,0,75,21900.0,1.4794931411743164,14802.366696081699,50.69303663041678,292.0,0.0,292.0,292.0,292.0,292.0,292.0,292.0,292.0,292.0,292.0,0.0,0.0,-0.0,0.0,0.01999315055640968,0.0004533357945279026,0.01885986328125,0.020999908447265625,0.019442486763000488,0.019722282886505127,0.020016074180603027,0.02031099796295166,0.02052302360534668,3.0025142654331036,0.022673421071272928,0.0,0,1.0,1.0,1.0,0.0,0.0,1.0,1.0,0.0,1.0,0.0,0.0,0.0,0.0,1,0.0,voip,tunnel,ikev2,AES_GCM_16_256,PASS,0
audio_01,9,0,75,21900.0,1.47999906539917,14797.306641604777,50.67570767672869,292.0,0.0,292.0,292.0,292.0,292.0,292.0,292.0,292.0,292.0,292.0,0.0,0.0,-0.0,0.0,0.019999987370259053,0.0004728439624248891,0.01885986328125,0.021013975143432617,0.01938657760620117,0.019710004329681396,0.02004063129425049,0.02031254768371582,0.020562267303466795,3.033778105085113,0.02364103099869938,0.0,0,1.0,1.0,1.0,0.0,0.0,1.0,1.0,0.0,1.0,0.0,0.0,0.0,0.0,1,0.0,voip,tunnel,ikev2,AES_GCM_16_256,PASS,0
audio_01,10,0,75,21900.0,1.4801981449127197,14795.31647520835,50.66889203838476,292.0,0.0,292.0,292.0,292.0,292.0,292.0,292.0,292.0,292.0,292.0,0.0,0.0,-0.0,0.0,0.020002677633955673,0.00044355994778964863,0.018915891647338867,0.021013975143432617,0.019412779808044435,0.019720375537872314,0.02000260353088379,0.02029019594192505,0.020620894432067872,3.0105840711234237,0.022173920011424212,0.0,0,1.0,1.0,1.0,0.0,0.0,1.0,1.0,0.0,1.0,0.0,0.0,0.0,0.0,1,0.0,voip,tunnel,ikev2,AES_GCM_16_256,PASS,0
audio_01,11,0,75,21900.0,1.4801640510559082,14795.65726810967,50.67005913736188,292.0,0.0,292.0,292.0,292.0,292.0,292.0,292.0,292.0,292.0,292.0,0.0,0.0,-0.0,0.0,0.02000221690616092,0.00047765537521562615,0.018828153610229492,0.0214078426361084,0.019388294219970702,0.019717872142791748,0.020009994506835938,0.020302176475524902,0.020620894432067872,2.7032509839551055,0.02387892794725982,0.0,0,1.0,1.0,1.0,0.0,0.0,1.0,1.0,0.0,1.0,0.0,0.0,0.0,0.0,1,0.0,voip,tunnel,ikev2,AES_GCM_16_256,PASS,0
audio_01,12,0,75,21900.0,1.4813010692596436,14784.30040622711,50.63116577475038,292.0,0.0,292.0,292.0,292.0,292.0,292.0,292.0,292.0,292.0,292.0,0.0,0.0,-0.0,0.0,0.02001758201702221,0.0005386459620172944,0.018503904342651367,0.021789073944091797,0.01936335563659668,0.019707024097442627,0.020072579383850098,0.020304203033447266,0.020626640319824217,2.6706747444720706,0.026907298506920856,0.0,0,1.0,1.0,1.0,0.0,0.0,1.0,1.0,0.0,1.0,0.0,0.0,0.0,0.0,1,0.0,voip,tunnel,ikev2,AES_GCM_16_256,PASS,0
audio_01,13,0,75,21900.0,1.480329990386963,14793.998731509366,50.664379217497824,292.0,0.0,292.0,292.0,292.0,292.0,292.0,292.0,292.0,292.0,292.0,0.0,0.0,-0.0,0.0,0.020004459329553553,0.0005787946152649952,0.0183258056640625,0.021789073944091797,0.01938164234161377,0.019702672958374023,0.02001500129699707,0.020279526710510254,0.020626640319824217,2.5472012471196424,0.02893183334260947,0.0,0,1.0,1.0,1.0,0.0,0.0,1.0,1.0,0.0,1.0,0.0,0.0,0.0,0.0,1,0.0,voip,tunnel,ikev2,AES_GCM_16_256,PASS,0
audio_01,14,0,75,21900.0,1.4799339771270752,14797.957434907616,50.677936420916495,292.0,0.0,292.0,292.0,292.0,292.0,292.0,292.0,292.0,292.0,292.0,0.0,0.0,-0.0,0.0,0.01999910779901453,0.000629303754719255,0.018011093139648438,0.02174997329711914,0.01934525966644287,0.019669711589813232,0.019986510276794434,0.02034735679626465,0.02055537700653076,2.6277121938443315,0.03146501814106536,0.0,0,1.0,1.0,1.0,0.0,0.0,1.0,1.0,0.0,1.0,0.0,0.0,0.0,0.0,1,0.0,voip,tunnel,ikev2,AES_GCM_16_256,PASS,0
audio_01,15,0,75,21900.0,1.4798331260681152,14798.96592002088,50.68139013705781,292.0,0.0,292.0,292.0,292.0,292.0,292.0,292.0,292.0,292.0,292.0,0.0,0.0,-0.0,0.0,0.019997744946866423,0.0005372049137672664,0.018011093139648438,0.02174997329711914,0.01941673755645752,0.019668281078338623,0.019997000694274902,0.02035355567932129,0.02053689956665039,2.4605943525558263,0.0268619313459188,0.0,0,1.0,1.0,1.0,0.0,0.0,1.0,1.0,0.0,1.0,0.0,0.0,0.0,0.0,1,0.0,voip,tunnel,ikev2,AES_GCM_16_256,PASS,0
audio_01,16,0,75,21900.0,1.4798109531402588,14799.187662131248,50.68214952784674,292.0,0.0,292.0,292.0,292.0,292.0,292.0,292.0,292.0,292.0,292.0,0.0,0.0,-0.0,0.0,0.0199974453127062,0.0004333518578277644,0.019176959991455078,0.02092599868774414,0.01945512294769287,0.019626736640930176,0.020044565200805664,0.020306527614593506,0.02061924934387207,3.1275993500154944,0.021669277338895447,0.0,0,1.0,1.0,1.0,0.0,0.0,1.0,1.0,0.0,1.0,0.0,0.0,0.0,0.0,1,0.0,voip,tunnel,ikev2,AES_GCM_16_256,PASS,0
audio_01,17,0,75,21900.0,1.4795448780059814,14801.849085858863,50.69126399266734,292.0,0.0,292.0,292.0,292.0,292.0,292.0,292.0,292.0,292.0,292.0,0.0,0.0,-0.0,0.0,0.019993849702783534,0.0004222421443582577,0.019176959991455078,0.02092599868774414,0.01946260929107666,0.019673645496368408,0.019984006881713867,0.020302772521972656,0.020578861236572266,3.1737231476285896,0.021117545299651652,0.0,0,1.0,1.0,1.0,0.0,0.0,1.0,1.0,0.0,1.0,0.0,0.0,0.0,0.0,1,0.0,voip,tunnel,ikev2,AES_GCM_16_256,PASS,0
audio_01,18,0,75,21900.0,1.4798998832702637,14798.298349484063,50.67910393658926,292.0,0.0,292.0,292.0,292.0,292.0,292.0,292.0,292.0,292.0,292.0,0.0,0.0,-0.0,0.0,0.019998647071219778,0.0004589796577554878,0.01877593994140625,0.021224021911621094,0.019422364234924317,0.019731342792510986,0.019984006881713867,0.020327866077423096,0.02053723335266113,2.9072273407933586,0.022949387862747653,0.0,0,1.0,1.0,1.0,0.0,0.0,1.0,1.0,0.0,1.0,0.0,0.0,0.0,0.0,1,0.0,voip,tunnel,ikev2,AES_GCM_16_256,PASS,0
audio_01,19,0,75,21900.0,1.480353832244873,14793.76046657027,50.66356324167901,292.0,0.0,292.0,292.0,292.0,292.0,292.0,292.0,292.0,292.0,292.0,0.0,0.0,-0.0,0.0,0.02000478151682261,0.0005378531818506518,0.01877593994140625,0.021224021911621094,0.0192795991897583,0.019634604454040527,0.020048022270202637,0.02041304111480713,0.020695042610168458,3.074138926867533,0.02688488732111654,0.0,0,1.0,1.0,1.0,0.0,0.0,1.0,1.0,0.0,1.0,0.0,0.0,0.0,0.0,1,0.0,voip,tunnel,ikev2,AES_GCM_16_256,PASS,0
audio_01,20,0,75,21900.0,1.4802649021148682,14794.64923387109,50.666606965311956,292.0,0.0,292.0,292.0,292.0,292.0,292.0,292.0,292.0,292.0,292.0,0.0,0.0,-0.0,0.0,0.02000357975830903,0.0005102280521828771,0.018970012664794922,0.021159887313842773,0.019328093528747557,0.019587397575378418,0.020017027854919434,0.02038675546646118,0.020721578598022462,3.1743024202765304,0.025505562143636164,0.0,0,1.0,1.0,1.0,0.0,0.0,1.0,1.0,0.0,1.0,0.0,0.0,0.0,0.0,1,0.0,voip,tunnel,ikev2,AES_GCM_16_256,PASS,0
audio_01,21,0,75,21900.0,1.4800901412963867,14796.396103833344,50.67258939668953,292.0,0.0,292.0,292.0,292.0,292.0,292.0,292.0,292.0,292.0,292.0,0.0,0.0,-0.0,0.0,0.020001218125626847,0.00041014378851477053,0.01928997039794922,0.021159887313842773,0.019437599182128906,0.0196535587310791,0.020000934600830078,0.020255744457244873,0.020557212829589843,2.9253399266768345,0.02050491530183316,0.0,0,1.0,1.0,1.0,0.0,0.0,1.0,1.0,0.0,1.0,0.0,0.0,0.0,0.0,1,0.0,voip,tunnel,ikev2,AES_GCM_16_256,PASS,0
audio_01,22,0,75,21900.0,1.4797649383544922,14799.64785782324,50.68372554049055,292.0,0.0,292.0,292.0,292.0,292.0,292.0,292.0,292.0,292.0,292.0,0.0,0.0,-0.0,0.0,0.019996823491276922,0.0008196277987695738,0.015516996383666992,0.024187088012695312,0.019431924819946288,0.01978600025177002,0.020000934600830078,0.02024984359741211,0.02056901454925537,1.4053420422965688,0.04098585024150736,0.0,0,1.0,1.0,1.0,0.0,0.0,1.0,1.0,0.0,1.0,0.0,0.0,0.0,0.0,1,0.0,voip,tunnel,ikev2,AES_GCM_16_256,PASS,0
audio_01,23,0,75,21900.0,1.4795410633087158,14801.887249431767,50.69139468983482,292.0,0.0,292.0,292.0,292.0,292.0,292.0,292.0,292.0,292.0,292.0,0.0,0.0,-0.0,0.0,0.019993798152820486,0.0008270985051323567,0.015516996383666992,0.024187088012695312,0.019397592544555663,0.019715309143066406,0.02004241943359375,0.02024620771408081,0.02059609889984131,1.4806408344870792,0.04136568415499035,0.0,0,1.0,1.0,1.0,0.0,0.0,1.0,1.0,0.0,1.0,0.0,0.0,0.0,0.0,1,0.0,voip,tunnel,ikev2,AES_GCM_16_256,PASS,0
audio_01,24,0,75,21900.0,1.479344129562378,14803.857711240247,50.698142846713175,292.0,0.0,292.0,292.0,292.0,292.0,292.0,292.0,292.0,292.0,292.0,0.0,0.0,-0.0,0.0,0.01999113688597808,0.0005334499458356703,0.01843094825744629,0.02153801918029785,0.019366884231567384,0.01963263750076294,0.020013093948364258,0.02024620771408081,0.02062489986419678,2.7030084222833795,0.02668298786058318,0.0,0,1.0,1.0,1.0,0.0,0.0,1.0,1.0,0.0,1.0,0.0,0.0,0.0,0.0,1,0.0,voip,tunnel,ikev2,AES_GCM_16_256,PASS,0
audio_01,25,0,75,21900.0,1.4801361560821533,14795.936110342855,50.67101407651663,292.0,0.0,292.0,292.0,292.0,292.0,292.0,292.0,292.0,292.0,292.0,0.0,0.0,-0.0,0.0,0.020001839947056125,0.0005599221941009347,0.01843094825744629,0.02153801918029785,0.019375038146972657,0.01961582899093628,0.01992058753967285,0.020344674587249756,0.020686888694763185,2.8603401409144666,0.027992134895992105,0.0,0,1.0,1.0,1.0,0.0,0.0,1.0,1.0,0.0,1.0,0.0,0.0,0.0,0.0,1,0.0,voip,tunnel,ikev2,AES_GCM_16_256,PASS,0
audio_01,26,0,75,21900.0,1.4803318977355957,14793.979670031802,50.66431393846508,292.0,0.0,292.0,292.0,292.0,292.0,292.0,292.0,292.0,292.0,292.0,0.0,0.0,-0.0,0.0,0.020004485104535077,0.0004917052815053767,0.018951892852783203,0.02125406265258789,0.019405102729797362,0.019600212574005127,0.020020127296447754,0.02039402723312378,0.02061185836791992,3.0476560457780093,0.02457852328679154,0.0,0,1.0,1.0,1.0,0.0,0.0,1.0,1.0,0.0,1.0,0.0,0.0,0.0,0.0,1,0.0,voip,tunnel,ikev2,AES_GCM_16_256,PASS,0
audio_01,27,0,75,21900.0,1.4795901775360107,14801.395908474116,50.689712015322314,292.0,0.0,292.0,292.0,292.0,292.0,292.0,292.0,292.0,292.0,292.0,0.0,0.0,-0.0,0.0,0.01999446185859474,0.0005987148464923711,0.018443822860717773,0.021259069442749023,0.019295430183410643,0.01948380470275879,0.0200345516204834,0.020410001277923584,0.020858240127563477,2.992096698768685,0.029942536497851526,0.0,0,1.0,1.0,1.0,0.0,0.0,1.0,1.0,0.0,1.0,0.0,0.0,0.0,0.0,1,0.0,voip,tunnel,ikev2,AES_GCM_16_256,PASS,0
audio_01,28,0,75,21900.0,1.479978084564209,14797.516414878957,50.67642607835259,292.0,0.0,292.0,292.0,292.0,292.0,292.0,292.0,292.0,292.0,292.0,0.0,0.0,-0.0,0.0,0.019999703845462284,0.0006057562010971968,0.01844000816345215,0.0216372013092041,0.019295430183410643,0.019639015197753906,0.02000737190246582,0.020402610301971436,0.02077643871307373,2.872140454218081,0.03028674419548637,0.0,0,1.0,1.0,1.0,0.0,0.0,1.0,1.0,0.0,1.0,0.0,0.0,0.0,0.0,1,0.0,voip,tunnel,ikev2,AES_GCM_16_256,PASS,0
audio_01,29,0,75,21900.0,1.479334831237793,14803.950760542679,50.6984615087078,292.0,0.0,292.0,292.0,292.0,292.0,292.0,292.0,292.0,292.0,292.0,0.0,0.0,-0.0,0.0,0.019991011232943147,0.0007034943807450899,0.017301082611083984,0.02337813377380371,0.019442248344421386,0.01965653896331787,0.019969582557678223,0.020268619060516357,0.02059357166290283,2.0445001663670217,0.03518877478349256,0.0,0,1.0,1.0,1.0,0.0,0.0,1.0,1.0,0.0,1.0,0.0,0.0,0.0,0.0,1,0.0,voip,tunnel,ikev2,AES_GCM_16_256,PASS,0
audio_01,30,0,75,21900.0,1.4791829586029053,14805.470731412865,50.70366688840022,292.0,0.0,292.0,292.0,292.0,292.0,292.0,292.0,292.0,292.0,292.0,0.0,0.0,-0.0,0.0,0.01998895890003926,0.000652800645364823,0.017301082611083984,0.02337813377380371,0.019404840469360352,0.019639015197753906,0.01997661590576172,0.020209431648254395,0.020525074005126952,1.7764543792869052,0.03265642759093121,0.0,0,1.0,1.0,1.0,0.0,0.0,1.0,1.0,0.0,1.0,0.0,0.0,0.0,0.0,1,0.0,voip,tunnel,ikev2,AES_GCM_16_256,PASS,0
audio_01,31,0,75,21900.0,1.4798719882965088,14798.57729127588,50.68005921669822,292.0,0.0,292.0,292.0,292.0,292.0,292.0,292.0,292.0,292.0,292.0,0.0,0.0,-0.0,0.0,0.019998270112114983,0.0004147134209976455,0.019236087799072266,0.021197080612182617,0.019486498832702637,0.01964348554611206,0.019987821578979492,0.02031099796295166,0.020491743087768556,3.0143293873875163,0.020736427813254243,0.0,0,1.0,1.0,1.0,0.0,0.0,1.0,1.0,0.0,1.0,0.0,0.0,0.0,0.0,1,0.0,voip,tunnel,ikev2,AES_GCM_16_256,PASS,0
audio_01,32,0,75,21900.0,1.4803578853607178,14793.719962293877,50.66342452840369,292.0,0.0,292.0,292.0,292.0,292.0,292.0,292.0,292.0,292.0,292.0,0.0,0.0,-0.0,0.0,0.02000483628865835,0.00034913485443767954,0.019236087799072266,0.02081298828125,0.019553661346435547,0.019739925861358643,0.020033836364746094,0.020262300968170166,0.020413017272949217,3.1172264995221686,0.01745165007851284,0.0,0,1.0,1.0,1.0,0.0,0.0,1.0,1.0,0.0,1.0,0.0,0.0,0.0,0.0,1,0.0,voip,tunnel,ikev2,AES_GCM_16_256,PASS,0
audio_01,33,0,75,21900.0,1.480177879333496,14795.519042522965,50.66958576206495,292.0,0.0,292.0,292.0,292.0,292.0,292.0,292.0,292.0,292.0,292.0,0.0,0.0,-0.0,0.0,0.020002403774776974,0.00039889970463795625,0.0192410945892334,0.020866870880126953,0.01942596435546875,0.01971536874771118,0.020033836364746094,0.020246446132659912,0.02056112289428711,3.1924016045942634,0.019941591397607216,0.0,0,1.0,1.0,1.0,0.0,0.0,1.0,1.0,0.0,1.0,0.0,0.0,0.0,0.0,1,0.0,voip,tunnel,ikev2,AES_GCM_16_256,PASS,0
audio_01,34,0,75,21900.0,1.4808149337768555,14789.153931709416,50.64778743736101,292.0,0.0,292.0,292.0,292.0,292.0,292.0,292.0,292.0,292.0,292.0,0.0,0.0,-0.0,0.0,0.020011012618606154,0.0004324921626570947,0.019247055053710938,0.02126598358154297,0.019423890113830566,0.019707202911376953,0.02003014087677002,0.020278871059417725,0.020532512664794923,2.9945022122445835,0.021611627520911385,0.0,0,1.0,1.0,1.0,0.0,0.0,1.0,1.0,0.0,1.0,0.0,0.0,0.0,0.0,1,0.0,voip,tunnel,ikev2,AES_GCM_16_256,PASS,0
audio_01,35,0,75,21900.0,1.480456829071045,14792.731250219422,50.660038528148704,292.0,0.0,292.0,292.0,292.0,292.0,292.0,292.0,292.0,292.0,292.0,0.0,0.0,-0.0,0.0,0.02000617336582493,0.0003936706049338729,0.019247055053710938,0.02126598358154297,0.019435906410217287,0.01975536346435547,0.020038604736328125,0.02024310827255249,0.020427751541137695,2.8207893342408896,0.01967647291977375,0.0,0,1.0,1.0,1.0,0.0,0.0,1.0,1.0,0.0,1.0,0.0,0.0,0.0,0.0,1,0.0,voip,tunnel,ikev2,AES_GCM_16_256,PASS,0
audio_01,36,0,75,21900.0,1.479949951171875,14797.797711104238,50.67738942158986,292.0,0.0,292.0,292.0,292.0,292.0,292.0,292.0,292.0,292.0,292.0,0.0,0.0,-0.0,0.0,0.019999323664484796,0.0004306828515131958,0.01842498779296875,0.02105712890625,0.01950078010559082,0.0197523832321167,0.020031452178955078,0.020240962505340576,0.020468854904174806,2.6436510677881415,0.021533794089441304,0.0,0,1.0,1.0,1.0,0.0,0.0,1.0,1.0,0.0,1.0,0.0,0.0,0.0,0.0,1,0.0,voip,tunnel,ikev2,AES_GCM_16_256,PASS,0
audio_01,37,0,75,21900.0,1.4794330596923828,14802.967837256285,50.69509533306947,292.0,0.0,292.0,292.0,292.0,292.0,292.0,292.0,292.0,292.0,292.0,0.0,0.0,-0.0,0.0,0.01999233864449166,0.00043595291550908047,0.01842498779296875,0.02105712890625,0.01950078010559082,0.01974540948867798,0.02000904083251953,0.020353257656097412,0.020468854904174806,2.6624577207760507,0.021804908287750596,0.0,0,1.0,1.0,1.0,0.0,0.0,1.0,1.0,0.0,1.0,0.0,0.0,0.0,0.0,1,0.0,voip,tunnel,ikev2,AES_GCM_16_256,PASS,0
audio_01,38,0,75,21900.0,1.4797849655151367,14799.447561880223,50.68303959548022,292.0,0.0,292.0,292.0,292.0,292.0,292.0,292.0,292.0,292.0,292.0,0.0,0.0,-0.0,0.0,0.01999709412858293,0.00035287306256453,0.01922297477722168,0.020626068115234375,0.019536590576171874,0.019767045974731445,0.01996302604675293,0.0203058123588562,0.020405054092407227,3.1744775964312155,0.017645334615170885,0.0,0,1.0,1.0,1.0,0.0,0.0,1.0,1.0,0.0,1.0,0.0,0.0,0.0,0.0,1,0.0,voip,tunnel,ikev2,AES_GCM_16_256,PASS,0
audio_01,39,0,73,20736.0,1.4716129302978516,14090.66173114086,49.605435299637485,284.05479452054794,42.572063130700556,116.0,412.0,292.0,223.20000000000002,292.0,292.0,292.0,292.0,292.0,-2.9340048316512335,11.1189558078566,0.40972218620846823,0.5331172986696969,0.02043906847635905,0.01138268049237862,2.9087066650390625e-05,0.1102910041809082,0.019423270225524904,0.01971191167831421,0.019953012466430664,0.020303308963775635,0.02048211097717285,0.3546144360647214,0.5568807416444719,0.07494566126065876,1,5.0,0.9863013698630136,0.9944058641975309,0.0136986301369863,0.0055941358024691355,1.0,0.9888117283950617,0.0547945205479452,0.9452054794520548,0.0,0.0,0.0,0.0,2,0.027777777777777776,voip,tunnel,ikev2,AES_GCM_16_256,PASS,0
audio_01,40,0,45,11300.0,1.067965030670166,10580.870792097996,42.13621111897432,251.11111111111111,85.48273957608107,116.0,436.0,292.0,116.0,116.0,120.0,292.0,292.0,292.0,-0.5894194894075984,-0.5659327812467425,1.0785278600930746,0.36392212864961176,0.024271932515231045,0.03570027133112576,2.47955322265625e-05,0.19456887245178223,6.632804870605468e-05,0.01940906047821045,0.0198899507522583,0.020245373249053955,0.020697760581970214,1.2798634625610825,1.4707852587949215,0.4163346631334317,3,5.333333333333333,0.8666666666666667,0.9097345132743363,0.13333333333333333,0.09026548672566372,0.4173473046263221,0.8194690265486726,0.26666666666666666,0.7333333333333333,0.0,0.0,0.0,0.0,2,0.13636363636363635,voip,tunnel,ikev2,AES_GCM_16_256,PASS,0
audio_01,41,0,9,1368.0,0.14173316955566406,9651.93965737663,63.49960300905678,152.0,100.41690871340123,116.0,436.0,116.0,116.0,116.0,116.0,116.0,183.20000000000005,309.5999999999999,2.4741420678017256,4.122911200144824,0.5032583347756457,-0.13261809304096578,0.017716646194458008,0.04613495790554304,2.47955322265625e-05,0.1397709846496582,3.414154052734375e-05,4.494190216064453e-05,7.152557373046875e-05,0.00048232078552246094,0.04305047988891599,0.5435644431995964,2.6038988136005234,0.9861557819375849,2,5.0,0.4444444444444444,0.3391812865497076,0.5555555555555556,0.6608187134502924,1.3317697355570477,-0.3216374269005848,0.8888888888888888,0.1111111111111111,0.0,0.0,0.0,0.0,2,0.375,voip,tunnel,ikev2,AES_GCM_16_256,PASS,0
audio_02,-1,1,1439,359064.0,46.00108480453491,7805.555054314774,31.281870984445554,249.52328005559417,20.17224250544538,96.0,440.0,252.0,252.0,252.0,252.0,252.0,252.0,252.0,-4.832653704832888,44.43165680030362,0.16181289421150888,0.5917535146044482,0.031989627819565304,0.00883277616658973,3.504753112792969e-05,0.21172404289245605,0.03161342144012451,0.03181028366088867,0.03199052810668945,0.03217911720275879,0.03236396312713623,0.17707181833688274,0.2761051210500986,0.020713628649657933,7,5.285714285714286,0.990271021542738,0.9945970634761491,0.009728978457261988,0.005402936523850902,0.009148984137143835,0.9891941269522982,0.020152883947185545,0.9798471160528145,0.0,0.0,0.0,0.0,2,0.011126564673157162,voip,tunnel,ikev2,AES_GCM_16_256,PASS,0
audio_02,0,0,49,10056.0,1.4782779216766357,6802.509766630803,33.14667646826863,205.22448979591837,64.70128071978567,96.0,256.0,252.0,116.0,116.0,116.0,252.0,252.0,252.0,-0.6749260286643921,-1.5039429017337633,1.3898210684283945,0.8492311544094687,0.030797456701596577,0.031760893631243396,3.910064697265625e-05,0.18199610710144043,9.36269760131836e-05,0.001112222671508789,0.031842589378356934,0.03218734264373779,0.03507847785949711,1.4168932985075473,1.0312495180837074,0.3207415649478973,4,5.25,0.8367346938775511,0.9089101034208433,0.16326530612244897,0.09108989657915673,0.6174371032511291,0.8178202068416865,0.3469387755102041,0.6530612244897959,0.0,0.0,0.0,0.0,2,0.20833333333333334,voip,tunnel,ikev2,AES_GCM_16_256,PASS,0
audio_02,1,0,47,11844.0,1.471710205078125,8047.780031104199,31.93563504406428,252.0,0.0,252.0,252.0,252.0,252.0,252.0,252.0,252.0,252.0,252.0,0.0,0.0,-0.0,0.0,0.03199370011039402,0.00023177282387815056,0.03156590461730957,0.03248405456542969,0.0317004919052124,0.03179126977920532,0.03199195861816406,0.03215944766998291,0.03227698802947998,3.139545588171185,0.007244100525350923,0.0,0,1.0,1.0,1.0,0.0,0.0,1.0,1.0,0.0,1.0,0.0,0.0,0.0,0.0,1,0.0,voip,tunnel,ikev2,AES_GCM_16_256,PASS,0
audio_02,2,0,47,11844.0,1.4719088077545166,8046.694154965156,31.93132601176649,252.0,0.0,252.0,252.0,252.0,252.0,252.0,252.0,252.0,252.0,252.0,0.0,0.0,-0.0,0.0,0.0319980175598808,0.00033694262039943854,0.03090500831604004,0.03330492973327637,0.03170895576477051,0.031805336475372314,0.03198599815368652,0.03217446804046631,0.0322955846786499,2.236972330938361,0.010529780164934967,0.0,0,1.0,1.0,1.0,0.0,0.0,1.0,1.0,0.0,1.0,0.0,0.0,0.0,0.0,1,0.0,voip,tunnel,ikev2,AES_GCM_16_256,PASS,0
audio_02,3,0,47,11844.0,1.4714698791503906,8049.0944244394495,31.94085089063274,252.0,0.0,252.0,252.0,252.0,252.0,252.0,252.0,252.0,252.0,252.0,0.0,0.0,-0.0,0.0,0.03198847563370415,0.0004434054405477373,0.030537128448486328,0.03330492973327637,0.031671881675720215,0.03181177377700806,0.031973958015441895,0.03216809034347534,0.03238999843597412,2.280166104608558,0.01386097870515154,0.0,0,1.0,1.0,1.0,0.0,0.0,1.0,1.0,0.0,1.0,0.0,0.0,0.0,0.0,1,0.0,voip,tunnel,ikev2,AES_GCM_16_256,PASS,0
audio_02,4,0,47,11844.0,1.4717049598693848,8047.808713678023,31.935748863801678,252.0,0.0,252.0,252.0,252.0,252.0,252.0,252.0,252.0,252.0,252.0,0.0,0.0,-0.0,0.0,0.03199358608411706,0.00036282588678924793,0.030537128448486328,0.03303694725036621,0.03175652027130127,0.03182709217071533,0.031962037086486816,0.03214365243911743,0.03238809108734131,2.0866835920490105,0.011340227557104234,0.0,0,1.0,1.0,1.0,0.0,0.0,1.0,1.0,0.0,1.0,0.0,0.0,0.0,0.0,1,0.0,voip,tunnel,ikev2,AES_GCM_16_256,PASS,0
audio_02,5,0,46,11592.0,1.4398269653320312,8050.96742810816,31.94828344487365,252.0,0.0,252.0,252.0,252.0,252.0,252.0,252.0,252.0,252.0,252.0,0.0,0.0,-0.0,0.0,0.03199615478515625,0.0002562405958569267,0.03131699562072754,0.03278994560241699,0.03175640106201172,0.031807899475097656,0.03196096420288086,0.03213691711425781,0.032260894775390625,2.6057111477071935,0.008008230656051921,0.0,0,1.0,1.0,1.0,0.0,0.0,1.0,1.0,0.0,1.0,0.0,0.0,0.0,0.0,1,0.0,voip,tunnel,ikev2,AES_GCM_16_256,PASS,0
audio_02,6,0,47,11844.0,1.4715800285339355,8048.491940869575,31.938460082815777,252.0,0.0,252.0,252.0,252.0,252.0,252.0,252.0,252.0,252.0,252.0,0.0,0.0,-0.0,0.0,0.03199087018552034,0.0002389459615904833,0.03131699562072754,0.03278994560241699,0.03173661231994629,0.03182244300842285,0.03198707103729248,0.032134175300598145,0.03221452236175537,2.5110402677376573,0.007468958838756206,0.0,0,1.0,1.0,1.0,0.0,0.0,1.0,1.0,0.0,1.0,0.0,0.0,0.0,0.0,1,0.0,voip,tunnel,ikev2,AES_GCM_16_256,PASS,0
audio_02,7,0,47,11844.0,1.472046136856079,8045.943468385991,31.928347096769805,252.0,0.0,252.0,252.0,252.0,252.0,252.0,252.0,252.0,252.0,252.0,0.0,0.0,-0.0,0.0,0.032001002975132156,0.0002138344589368984,0.03156304359436035,0.03246307373046875,0.031711459159851074,0.03182792663574219,0.03202247619628906,0.032151103019714355,0.03222763538360596,3.054760054912704,0.006681908601254211,0.0,0,1.0,1.0,1.0,0.0,0.0,1.0,1.0,0.0,1.0,0.0,0.0,0.0,0.0,1,0.0,voip,tunnel,ikev2,AES_GCM_16_256,PASS,0
audio_02,8,0,47,11844.0,1.4724371433258057,8043.806863801236,31.91986850714776,252.0,0.0,252.0,252.0,252.0,252.0,252.0,252.0,252.0,252.0,252.0,0.0,0.0,-0.0,0.0,0.03200950311577838,0.00047314437292360784,0.03038501739501953,0.03402900695800781,0.031562089920043945,0.03181380033493042,0.0320134162902832,0.03221917152404785,0.032308101654052734,2.030578743533073,0.014780910228505249,0.0,0,1.0,1.0,1.0,0.0,0.0,1.0,1.0,0.0,1.0,0.0,0.0,0.0,0.0,1,0.0,voip,tunnel,ikev2,AES_GCM_16_256,PASS,0
audio_02,9,0,47,11844.0,1.4712250232696533,8050.434034678035,31.946166804277915,252.0,0.0,252.0,252.0,252.0,252.0,252.0,252.0,252.0,252.0,252.0,0.0,0.0,-0.0,0.0,0.03198315267977507,0.0005451878253292162,0.03038501739501953,0.03402900695800781,0.03146243095397949,0.031812310218811035,0.03194761276245117,0.0322338342666626,0.032308101654052734,2.341026948532748,0.017045560993521693,0.0,0,1.0,1.0,1.0,0.0,0.0,1.0,1.0,0.0,1.0,0.0,0.0,0.0,0.0,1,0.0,voip,tunnel,ikev2,AES_GCM_16_256,PASS,0
audio_02,10,0,47,11844.0,1.4717450141906738,8047.589688294697,31.93487971545515,252.0,0.0,252.0,252.0,252.0,252.0,252.0,252.0,252.0,252.0,252.0,0.0,0.0,-0.0,0.0,0.03199445683023204,0.00042310087885814683,0.03081512451171875,0.03338003158569336,0.03160393238067627,0.031871259212493896,0.03197300434112549,0.03214311599731445,0.03242313861846924,2.328611481458001,0.01322377989797492,0.0,0,1.0,1.0,1.0,0.0,0.0,1.0,1.0,0.0,1.0,0.0,0.0,0.0,0.0,1,0.0,voip,tunnel,ikev2,AES_GCM_16_256,PASS,0
audio_02,11,0,47,11844.0,1.4721760749816895,8045.233312290659,31.925529017026427,252.0,0.0,252.0,252.0,252.0,252.0,252.0,252.0,252.0,252.0,252.0,0.0,0.0,-0.0,0.0,0.03200382771699325,0.00036780877619786213,0.031008005142211914,0.03284502029418945,0.03154647350311279,0.03178685903549194,0.0320279598236084,0.03217506408691406,0.03245103359222412,2.9191629611251715,0.011492290458497634,0.0,0,1.0,1.0,1.0,0.0,0.0,1.0,1.0,0.0,1.0,0.0,0.0,0.0,0.0,1,0.0,voip,tunnel,ikev2,AES_GCM_16_256,PASS,0
audio_02,12,0,46,11592.0,1.4396660327911377,8051.867402557335,31.951854772052915,252.0,0.0,252.0,252.0,252.0,252.0,252.0,252.0,252.0,252.0,252.0,0.0,0.0,-0.0,0.0,0.03199257850646973,0.00038116894692322487,0.031111955642700195,0.033212900161743164,0.03153958320617676,0.03169822692871094,0.032011985778808594,0.03216099739074707,0.032362842559814455,2.697443298936766,0.011913920377682822,0.0,0,1.0,1.0,1.0,0.0,0.0,1.0,1.0,0.0,1.0,0.0,0.0,0.0,0.0,1,0.0,voip,tunnel,ikev2,AES_GCM_16_256,PASS,0
audio_02,13,0,47,11844.0,1.4719078540802002,8046.69936855616,31.931346700619684,252.0,0.0,252.0,252.0,252.0,252.0,252.0,252.0,252.0,252.0,252.0,0.0,0.0,-0.0,0.0,0.03199799682783044,0.00029891955739246706,0.031111955642700195,0.033212900161743164,0.031740546226501465,0.031864941120147705,0.03197658061981201,0.03212618827819824,0.032231926918029785,2.177329967653104,0.00934152901732495,0.0,0,1.0,1.0,1.0,0.0,0.0,1.0,1.0,0.0,1.0,0.0,0.0,0.0,0.0,1,0.0,voip,tunnel,ikev2,AES_GCM_16_256,PASS,0
audio_02,14,0,47,11844.0,1.4722039699554443,8045.080873106499,31.924924099628964,252.0,0.0,252.0,252.0,252.0,252.0,252.0,252.0,252.0,252.0,252.0,0.0,0.0,-0.0,0.0,0.03200443412946618,0.00019465490758896852,0.03163719177246094,0.0323641300201416,0.031796932220458984,0.03184521198272705,0.03198099136352539,0.03213876485824585,0.032265424728393555,3.0876409020210875,0.006081933049292938,0.0,0,1.0,1.0,1.0,0.0,0.0,1.0,1.0,0.0,1.0,0.0,0.0,0.0,0.0,1,0.0,voip,tunnel,ikev2,AES_GCM_16_256,PASS,0
audio_02,15,0,47,11844.0,1.4715690612792969,8048.55192436807,31.938698112571707,252.0,0.0,252.0,252.0,252.0,252.0,252.0,252.0,252.0,252.0,252.0,0.0,0.0,-0.0,0.0,0.03199063176694124,0.00048160933146414663,0.030122995376586914,0.03403306007385254,0.03163003921508789,0.03178882598876953,0.032007455825805664,0.03223961591720581,0.03233444690704346,1.7574761350046448,0.015054228398622067,0.0,0,1.0,1.0,1.0,0.0,0.0,1.0,1.0,0.0,1.0,0.0,0.0,0.0,0.0,1,0.0,voip,tunnel,ikev2,AES_GCM_16_256,PASS,0
audio_02,16,0,47,11844.0,1.4721088409423828,8045.600753554312,31.926987117279015,252.0,0.0,252.0,252.0,252.0,252.0,252.0,252.0,252.0,252.0,252.0,0.0,0.0,-0.0,0.0,0.03200236610744311,0.00047103166317826996,0.030122995376586914,0.03403306007385254,0.03164207935333252,0.03184252977371216,0.032007455825805664,0.032192885875701904,0.032317519187927246,1.7899001977378624,0.014718191255160527,0.0,0,1.0,1.0,1.0,0.0,0.0,1.0,1.0,0.0,1.0,0.0,0.0,0.0,0.0,1,0.0,voip,tunnel,ikev2,AES_GCM_16_256,PASS,0
audio_02,17,0,47,11844.0,1.4719197750091553,8046.634199154183,31.93108809188168,252.0,0.0,252.0,252.0,252.0,252.0,252.0,252.0,252.0,252.0,252.0,0.0,0.0,-0.0,0.0,0.0319982559784599,0.00046559160772156156,0.03037095069885254,0.033241987228393555,0.03170204162597656,0.03187572956085205,0.03198397159576416,0.03218263387680054,0.032384514808654785,2.0450126415277774,0.014550076040360802,0.0,0,1.0,1.0,1.0,0.0,0.0,1.0,1.0,0.0,1.0,0.0,0.0,0.0,0.0,1,0.0,voip,tunnel,ikev2,AES_GCM_16_256,PASS,0
audio_02,18,0,47,11844.0,1.471756935119629,8047.524504470763,31.934621049487152,252.0,0.0,252.0,252.0,252.0,252.0,252.0,252.0,252.0,252.0,252.0,0.0,0.0,-0.0,0.0,0.031994715980861496,0.00046771639843534013,0.03037095069885254,0.033241987228393555,0.03167247772216797,0.03184628486633301,0.03198552131652832,0.03221273422241211,0.03232753276824951,2.0897788541303832,0.014618094457242607,0.0,0,1.0,1.0,1.0,0.0,0.0,1.0,1.0,0.0,1.0,0.0,0.0,0.0,0.0,1,0.0,voip,tunnel,ikev2,AES_GCM_16_256,PASS,0
audio_02,19,0,46,11592.0,1.4403891563415527,8047.8250957140945,31.935813871881326,252.0,0.0,252.0,252.0,252.0,252.0,252.0,252.0,252.0,252.0,252.0,0.0,0.0,-0.0,0.0,0.03200864791870117,0.00033241649507636525,0.030799150466918945,0.03316378593444824,0.031690359115600586,0.031826019287109375,0.03200197219848633,0.03221297264099121,0.03231725692749023,2.2285633017212394,0.010384884454856991,0.0,0,1.0,1.0,1.0,0.0,0.0,1.0,1.0,0.0,1.0,0.0,0.0,0.0,0.0,1,0.0,voip,tunnel,ikev2,AES_GCM_16_256,PASS,0
audio_02,20,0,47,11844.0,1.4719719886779785,8046.348769610382,31.929955434961833,252.0,0.0,252.0,252.0,252.0,252.0,252.0,252.0,252.0,252.0,252.0,0.0,0.0,-0.0,0.0,0.031999391058216926,0.0004355592570133708,0.03045511245727539,0.033238887786865234,0.03171491622924805,0.031804025173187256,0.0320049524307251,0.03217911720275879,0.03233349323272705,2.147529760763771,0.013611060446760687,0.0,0,1.0,1.0,1.0,0.0,0.0,1.0,1.0,0.0,1.0,0.0,0.0,0.0,0.0,1,0.0,voip,tunnel,ikev2,AES_GCM_16_256,PASS,0
audio_02,21,0,47,11844.0,1.4716479778289795,8048.1203239056085,31.936985412323843,252.0,0.0,252.0,252.0,252.0,252.0,252.0,252.0,252.0,252.0,252.0,0.0,0.0,-0.0,0.0,0.03199234734410825,0.0003751722557109891,0.03045511245727539,0.033238887786865234,0.03168797492980957,0.03182286024093628,0.03201639652252197,0.03217911720275879,0.03228795528411865,2.0515708549345972,0.011726570892247669,0.0,0,1.0,1.0,1.0,0.0,0.0,1.0,1.0,0.0,1.0,0.0,0.0,0.0,0.0,1,0.0,voip,tunnel,ikev2,AES_GCM_16_256,PASS,0
audio_02,22,0,47,11844.0,1.4723320007324219,8044.381290434575,31.92214797791498,252.0,0.0,252.0,252.0,252.0,252.0,252.0,252.0,252.0,252.0,252.0,0.0,0.0,-0.0,0.0,0.03200721740722656,0.0002601823822004291,0.03133797645568848,0.03259110450744629,0.03168797492980957,0.03187286853790283,0.03203749656677246,0.03220266103744507,0.03226947784423828,2.939915535959589,0.008128612065153218,0.0,0,1.0,1.0,1.0,0.0,0.0,1.0,1.0,0.0,1.0,0.0,0.0,0.0,0.0,1,0.0,voip,tunnel,ikev2,AES_GCM_16_256,PASS,0
audio_02,23,0,47,11844.0,1.471850872039795,8047.010892880573,31.93258290825624,252.0,0.0,252.0,252.0,252.0,252.0,252.0,252.0,252.0,252.0,252.0,0.0,0.0,-0.0,0.0,0.03199675808782163,0.00024888011405156007,0.031388044357299805,0.032498836517333984,0.03169596195220947,0.03183525800704956,0.03200709819793701,0.03220498561859131,0.03226947784423828,3.0165334227428384,0.007778048492287464,0.0,0,1.0,1.0,1.0,0.0,0.0,1.0,1.0,0.0,1.0,0.0,0.0,0.0,0.0,1,0.0,voip,tunnel,ikev2,AES_GCM_16_256,PASS,0
audio_02,24,0,47,11844.0,1.4720139503479004,8046.119397985835,31.92904523010252,252.0,0.0,252.0,252.0,252.0,252.0,252.0,252.0,252.0,252.0,252.0,0.0,0.0,-0.0,0.0,0.03200030326843262,0.0002725124495167932,0.03132891654968262,0.032498836517333984,0.03162205219268799,0.03179508447647095,0.032021403312683105,0.032235920429229736,0.03231406211853027,3.1505507496206757,0.008515667228640982,0.0,0,1.0,1.0,1.0,0.0,0.0,1.0,1.0,0.0,1.0,0.0,0.0,0.0,0.0,1,0.0,voip,tunnel,ikev2,AES_GCM_16_256,PASS,0
audio_02,25,0,47,11844.0,1.471966028213501,8046.3813518677825,31.930084729634057,252.0,0.0,252.0,252.0,252.0,252.0,252.0,252.0,252.0,252.0,252.0,0.0,0.0,-0.0,0.0,0.0319992614829022,0.00027548335879572764,0.03132891654968262,0.03240203857421875,0.031601548194885254,0.031846702098846436,0.03203690052032471,0.03226602077484131,0.032320499420166016,3.1039918485320612,0.008608784617054424,0.0,0,1.0,1.0,1.0,0.0,0.0,1.0,1.0,0.0,1.0,0.0,0.0,0.0,0.0,1,0.0,voip,tunnel,ikev2,AES_GCM_16_256,PASS,0
audio_02,26,0,47,11844.0,1.4723730087280273,8044.1572412631685,31.921258893901463,252.0,0.0,252.0,252.0,252.0,252.0,252.0,252.0,252.0,252.0,252.0,0.0,0.0,-0.0,0.0,0.0320081088853919,0.000294902724549335,0.03136801719665527,0.03276991844177246,0.03164935111999512,0.03181236982345581,0.03200244903564453,0.03225696086883545,0.032341957092285156,2.8819997884176347,0.009213087612192814,0.0,0,1.0,1.0,1.0,0.0,0.0,1.0,1.0,0.0,1.0,0.0,0.0,0.0,0.0,1,0.0,voip,tunnel,ikev2,AES_GCM_16_256,PASS,0
audio_02,27,0,47,11844.0,1.4719359874725342,8046.545570461504,31.930736390720256,252.0,0.0,252.0,252.0,252.0,252.0,252.0,252.0,252.0,252.0,252.0,0.0,0.0,-0.0,0.0,0.03199860842331596,0.00029838767045918687,0.03136801719665527,0.03276991844177246,0.03164994716644287,0.031825244426727295,0.03192460536956787,0.032208383083343506,0.032416582107543945,2.869490164981104,0.009324728806424138,0.0,0,1.0,1.0,1.0,0.0,0.0,1.0,1.0,0.0,1.0,0.0,0.0,0.0,0.0,1,0.0,voip,tunnel,ikev2,AES_GCM_16_256,PASS,0
audio_02,28,0,46,11592.0,1.4401021003723145,8049.429271023965,31.942179646920497,252.0,0.0,252.0,252.0,252.0,252.0,252.0,252.0,252.0,252.0,252.0,0.0,0.0,-0.0,0.0,0.032002268897162546,0.0002824589186681452,0.03130507469177246,0.032733917236328125,0.031692218780517575,0.03183603286743164,0.03201413154602051,0.032134056091308594,0.03229656219482422,2.8955248232400135,0.008825939611849725,0.0,0,1.0,1.0,1.0,0.0,0.0,1.0,1.0,0.0,1.0,0.0,0.0,0.0,0.0,1,0.0,voip,tunnel,ikev2,AES_GCM_16_256,PASS,0
audio_02,29,0,47,11844.0,1.4719469547271729,8046.485616864706,31.930498479621846,252.0,0.0,252.0,252.0,252.0,252.0,252.0,252.0,252.0,252.0,252.0,0.0,0.0,-0.0,0.0,0.031998846841895065,0.00029328268429226685,0.03130507469177246,0.03279399871826172,0.031682491302490234,0.0318109393119812,0.03196096420288086,0.03221750259399414,0.03232097625732422,2.7378050788147967,0.009165127750183267,0.0,0,1.0,1.0,1.0,0.0,0.0,1.0,1.0,0.0,1.0,0.0,0.0,0.0,0.0,1,0.0,voip,tunnel,ikev2,AES_GCM_16_256,PASS,0
audio_02,30,0,47,11844.0,1.4721789360046387,8045.217677236676,31.925466973161413,252.0,0.0,252.0,252.0,252.0,252.0,252.0,252.0,252.0,252.0,252.0,0.0,0.0,-0.0,0.0,0.03200388991314432,0.00028160557512199244,0.03153800964355469,0.03279399871826172,0.03162252902984619,0.031796813011169434,0.03196299076080322,0.03220647573471069,0.03232753276824951,2.913691233493787,0.008798829675284645,0.0,0,1.0,1.0,1.0,0.0,0.0,1.0,1.0,0.0,1.0,0.0,0.0,0.0,0.0,1,0.0,voip,tunnel,ikev2,AES_GCM_16_256,PASS,0
audio_02,31,0,47,11844.0,1.4726591110229492,8042.594454715888,31.91505735998368,252.0,0.0,252.0,252.0,252.0,252.0,252.0,252.0,252.0,252.0,252.0,0.0,0.0,-0.0,0.0,0.032014328500498894,0.0002957315291252673,0.031038999557495117,0.03291893005371094,0.031687021255493164,0.031853556632995605,0.03200995922088623,0.032118260860443115,0.03235197067260742,2.4003515697822344,0.009237185528821261,0.0,0,1.0,1.0,1.0,0.0,0.0,1.0,1.0,0.0,1.0,0.0,0.0,0.0,0.0,1,0.0,voip,tunnel,ikev2,AES_GCM_16_256,PASS,0
audio_02,32,0,47,11844.0,1.4721348285675049,8045.458724405753,31.92642350954664,252.0,0.0,252.0,252.0,252.0,252.0,252.0,252.0,252.0,252.0,252.0,0.0,0.0,-0.0,0.0,0.03200293105581532,0.00036866051024408465,0.031038999557495117,0.03291893005371094,0.03156745433807373,0.031830787658691406,0.03201007843017578,0.03219163417816162,0.03242301940917969,2.7911809721155323,0.011519225860133724,0.0,0,1.0,1.0,1.0,0.0,0.0,1.0,1.0,0.0,1.0,0.0,0.0,0.0,0.0,1,0.0,voip,tunnel,ikev2,AES_GCM_16_256,PASS,0
audio_02,33,0,47,11844.0,1.4724388122558594,8043.797746579584,31.91983232769676,252.0,0.0,252.0,252.0,252.0,252.0,252.0,252.0,252.0,252.0,252.0,0.0,0.0,-0.0,0.0,0.03200953939686651,0.00038321762712286914,0.030633926391601562,0.03290915489196777,0.031625986099243164,0.031887829303741455,0.03204703330993652,0.032179057598114014,0.03238999843597412,2.4995976160262106,0.011971607924869334,0.0,0,1.0,1.0,1.0,0.0,0.0,1.0,1.0,0.0,1.0,0.0,0.0,0.0,0.0,1,0.0,voip,tunnel,ikev2,AES_GCM_16_256,PASS,0
audio_02,34,0,47,11844.0,1.4713971614837646,8049.492217353775,31.942429433943552,252.0,0.0,252.0,252.0,252.0,252.0,252.0,252.0,252.0,252.0,252.0,0.0,0.0,-0.0,0.0,0.03198689481486445,0.0003642775174650267,0.030633926391601562,0.03290915489196777,0.03161156177520752,0.03182554244995117,0.03200793266296387,0.03216207027435303,0.032401442527770996,2.4301814428302846,0.011387980346107386,0.0,0,1.0,1.0,1.0,0.0,0.0,1.0,1.0,0.0,1.0,0.0,0.0,0.0,0.0,1,0.0,voip,tunnel,ikev2,AES_GCM_16_256,PASS,0
audio_02,35,0,46,11592.0,1.4398479461669922,8050.850112929613,31.947817908450844,252.0,0.0,252.0,252.0,252.0,252.0,252.0,252.0,252.0,252.0,252.0,0.0,0.0,-0.0,0.0,0.03199662102593316,0.000469696242062746,0.0307619571685791,0.033525943756103516,0.03148527145385742,0.03171801567077637,0.03193497657775879,0.03224802017211914,0.03255200386047363,2.569631854410396,0.01467909885181997,0.0,0,1.0,1.0,1.0,0.0,0.0,1.0,1.0,0.0,1.0,0.0,0.0,0.0,0.0,1,0.0,voip,tunnel,ikev2,AES_GCM_16_256,PASS,0
audio_02,36,0,47,11844.0,1.4718520641326904,8047.004375388259,31.932557045191505,252.0,0.0,252.0,252.0,252.0,252.0,252.0,252.0,252.0,252.0,252.0,0.0,0.0,-0.0,0.0,0.031996784002884575,0.00040650905242001103,0.0307619571685791,0.033525943756103516,0.03156256675720215,0.031824350357055664,0.03196001052856445,0.03215134143829346,0.03248095512390137,2.2833593651208064,0.01270428765890052,0.0,0,1.0,1.0,1.0,0.0,0.0,1.0,1.0,0.0,1.0,0.0,0.0,0.0,0.0,1,0.0,voip,tunnel,ikev2,AES_GCM_16_256,PASS,0
audio_02,37,0,47,11844.0,1.471958875656128,8046.420450924975,31.930239884622917,252.0,0.0,252.0,252.0,252.0,252.0,252.0,252.0,252.0,252.0,252.0,0.0,0.0,-0.0,0.0,0.03199910599252452,0.0002684776969894903,0.031471967697143555,0.03252983093261719,0.031554460525512695,0.03184318542480469,0.03196907043457031,0.03214162588119507,0.032372474670410156,2.9124068704384323,0.008389900241336977,0.0,0,1.0,1.0,1.0,0.0,0.0,1.0,1.0,0.0,1.0,0.0,0.0,0.0,0.0,1,0.0,voip,tunnel,ikev2,AES_GCM_16_256,PASS,0
audio_02,38,0,47,11844.0,1.4715588092803955,8048.6079967078,31.93892062185635,252.0,0.0,252.0,252.0,252.0,252.0,252.0,252.0,252.0,252.0,252.0,0.0,0.0,-0.0,0.0,0.0319904088973999,0.0002688875425613915,0.03136396408081055,0.032579898834228516,0.031554460525512695,0.0319027304649353,0.031980037689208984,0.032135069370269775,0.032328009605407715,2.8644364135613247,0.008404992209744324,0.0,0,1.0,1.0,1.0,0.0,0.0,1.0,1.0,0.0,1.0,0.0,0.0,0.0,0.0,1,0.0,voip,tunnel,ikev2,AES_GCM_16_256,PASS,0
audio_02,39,0,47,11844.0,1.4721739292144775,8045.2450386210285,31.925575550083444,252.0,0.0,252.0,252.0,252.0,252.0,252.0,252.0,252.0,252.0,252.0,0.0,0.0,-0.0,0.0,0.032003781069879944,0.00022541489270496584,0.03136396408081055,0.03265213966369629,0.03180205821990967,0.03190505504608154,0.03199052810668945,0.03212004899978638,0.03219497203826904,2.498938391989435,0.007043163089064412,0.0,0,1.0,1.0,1.0,0.0,0.0,1.0,1.0,0.0,1.0,0.0,0.0,0.0,0.0,1,0.0,voip,tunnel,ikev2,AES_GCM_16_256,PASS,0
audio_02,40,0,47,11844.0,1.4723849296569824,8044.092113031383,31.921000448537235,252.0,0.0,252.0,252.0,252.0,252.0,252.0,252.0,252.0,252.0,252.0,0.0,0.0,-0.0,0.0,0.032008368036021355,0.0002511283158881323,0.031248807907104492,0.03265213966369629,0.031775474548339844,0.031863391399383545,0.03199803829193115,0.032165706157684326,0.0323185920715332,2.8513495811520464,0.007845463103349248,0.0,0,1.0,1.0,1.0,0.0,0.0,1.0,1.0,0.0,1.0,0.0,0.0,0.0,0.0,1,0.0,voip,tunnel,ikev2,AES_GCM_16_256,PASS,0
audio_02,41,0,47,11844.0,1.4718608856201172,8046.956146273256,31.932365659814508,252.0,0.0,252.0,252.0,252.0,252.0,252.0,252.0,252.0,252.0,252.0,0.0,0.0,-0.0,0.0,0.03199697577435037,0.0002577597246890217,0.031248807907104492,0.03257012367248535,0.03171944618225098,0.031808435916900635,0.031993985176086426,0.03217107057571411,0.03235793113708496,2.8225906120732778,0.008055500963771662,0.0,0,1.0,1.0,1.0,0.0,0.0,1.0,1.0,0.0,1.0,0.0,0.0,0.0,0.0,1,0.0,voip,tunnel,ikev2,AES_GCM_16_256,PASS,0
audio_02,42,0,47,11844.0,1.4720408916473389,8045.972137870136,31.92846086456403,252.0,0.0,252.0,252.0,252.0,252.0,252.0,252.0,252.0,252.0,252.0,0.0,0.0,-0.0,0.0,0.032000888948855194,0.0002458960961626585,0.03154110908508301,0.03267097473144531,0.03174245357513428,0.03181600570678711,0.03196215629577637,0.032121479511260986,0.03239452838897705,2.9519841568714096,0.0076837994330786205,0.0,0,1.0,1.0,1.0,0.0,0.0,1.0,1.0,0.0,1.0,0.0,0.0,0.0,0.0,1,0.0,voip,tunnel,ikev2,AES_GCM_16_256,PASS,0
audio_02,43,0,47,11844.0,1.4722390174865723,8044.889355140342,31.924164107699767,252.0,0.0,252.0,252.0,252.0,252.0,252.0,252.0,252.0,252.0,252.0,0.0,0.0,-0.0,0.0,0.03200519603231679,0.0002694143233386212,0.03151202201843262,0.03267097473144531,0.03166401386260986,0.03181600570678711,0.03197216987609863,0.03218817710876465,0.032377004623413086,3.036680372609028,0.008417567744276528,0.0,0,1.0,1.0,1.0,0.0,0.0,1.0,1.0,0.0,1.0,0.0,0.0,0.0,0.0,1,0.0,voip,tunnel,ikev2,AES_GCM_16_256,PASS,0
audio_02,44,0,46,11592.0,1.4400451183319092,8049.747783894237,31.94344358688189,252.0,0.0,252.0,252.0,252.0,252.0,252.0,252.0,252.0,252.0,252.0,0.0,0.0,-0.0,0.0,0.03200100262959798,0.0002393842183753827,0.031472206115722656,0.032501935958862305,0.03167867660522461,0.031868934631347656,0.03199315071105957,0.032199859619140625,0.03229169845581055,3.0701909410662243,0.00748028869149524,0.0,0,1.0,1.0,1.0,0.0,0.0,1.0,1.0,0.0,1.0,0.0,0.0,0.0,0.0,1,0.0,voip,tunnel,ikev2,AES_GCM_16_256,PASS,0
audio_02,45,0,47,11844.0,1.4722330570220947,8044.921925579511,31.924293355474248,252.0,0.0,252.0,252.0,252.0,252.0,252.0,252.0,252.0,252.0,252.0,0.0,0.0,-0.0,0.0,0.03200506645700206,0.00020492828073692419,0.031472206115722656,0.03250718116760254,0.031777024269104004,0.031891822814941406,0.03199946880340576,0.032137155532836914,0.03226006031036377,2.8179668299935714,0.006402794951770508,0.0,0,1.0,1.0,1.0,0.0,0.0,1.0,1.0,0.0,1.0,0.0,0.0,0.0,0.0,1,0.0,voip,tunnel,ikev2,AES_GCM_16_256,PASS,0
audio_02,46,0,47,11844.0,1.4717490673065186,8047.5675256760815,31.93479176855588,252.0,0.0,252.0,252.0,252.0,252.0,252.0,252.0,252.0,252.0,252.0,0.0,0.0,-0.0,0.0,0.03199454494144605,0.0002549889621745709,0.03151512145996094,0.03270292282104492,0.03168213367462158,0.03182274103164673,0.031973838806152344,0.032137155532836914,0.03232002258300781,3.0441029897893768,0.00796951458839715,0.0,0,1.0,1.0,1.0,0.0,0.0,1.0,1.0,0.0,1.0,0.0,0.0,0.0,0.0,1,0.0,voip,tunnel,ikev2,AES_GCM_16_256,PASS,0
audio_02,47,0,47,11844.0,1.4718971252441406,8046.758021920492,31.931579452065446,252.0,0.0,252.0,252.0,252.0,252.0,252.0,252.0,252.0,252.0,252.0,0.0,0.0,-0.0,0.0,0.031997763592263924,0.0003239671020960304,0.031193017959594727,0.03270292282104492,0.03155708312988281,0.031774699687957764,0.032012939453125,0.03220641613006592,0.03236854076385498,2.9358919891657362,0.010124363123028704,0.0,0,1.0,1.0,1.0,0.0,0.0,1.0,1.0,0.0,1.0,0.0,0.0,0.0,0.0,1,0.0,voip,tunnel,ikev2,AES_GCM_16_256,PASS,0
audio_02,48,0,47,11844.0,1.47194504737854,8046.496043513015,31.930539855210377,252.0,0.0,252.0,252.0,252.0,252.0,252.0,252.0,252.0,252.0,252.0,0.0,0.0,-0.0,0.0,0.03199880537779435,0.00028785011302496984,0.031193017959594727,0.03270101547241211,0.03166055679321289,0.031841933727264404,0.03199148178100586,0.0321955680847168,0.032343506813049316,2.7163296963372607,0.008995370741370756,0.0,0,1.0,1.0,1.0,0.0,0.0,1.0,1.0,0.0,1.0,0.0,0.0,0.0,0.0,1,0.0,voip,tunnel,ikev2,AES_GCM_16_256,PASS,0
audio_02,49,0,47,11844.0,1.4718530178070068,8046.999161402009,31.932536354769876,252.0,0.0,252.0,252.0,252.0,252.0,252.0,252.0,252.0,252.0,252.0,0.0,0.0,-0.0,0.0,0.03199680473493493,0.0002699171968940752,0.03119683265686035,0.03258490562438965,0.0316925048828125,0.031836509704589844,0.031962037086486816,0.03221315145492554,0.032360076904296875,2.7779817958722863,0.008435491094780697,0.0,0,1.0,1.0,1.0,0.0,0.0,1.0,1.0,0.0,1.0,0.0,0.0,0.0,0.0,1,0.0,voip,tunnel,ikev2,AES_GCM_16_256,PASS,0
audio_02,50,0,47,11844.0,1.472485065460205,8043.545077517183,31.918829672687234,252.0,0.0,252.0,252.0,252.0,252.0,252.0,252.0,252.0,252.0,252.0,0.0,0.0,-0.0,0.0,0.03201054490130881,0.00029441316745489857,0.03119683265686035,0.032691001892089844,0.031716108322143555,0.031831562519073486,0.03199458122253418,0.03221631050109863,0.032330989837646484,2.861037343174829,0.009197093372487041,0.0,0,1.0,1.0,1.0,0.0,0.0,1.0,1.0,0.0,1.0,0.0,0.0,0.0,0.0,1,0.0,voip,tunnel,ikev2,AES_GCM_16_256,PASS,0
audio_02,51,0,46,11592.0,1.4400439262390137,8049.754447612592,31.9434700302087,252.0,0.0,252.0,252.0,252.0,252.0,252.0,252.0,252.0,252.0,252.0,0.0,0.0,-0.0,0.0,0.03200097613864475,0.0003111070730048724,0.031196117401123047,0.032691001892089844,0.03170938491821289,0.0317690372467041,0.031980037689208984,0.032216787338256836,0.03234620094299316,2.8190101857777807,0.009721495686923771,0.0,0,1.0,1.0,1.0,0.0,0.0,1.0,1.0,0.0,1.0,0.0,0.0,0.0,0.0,1,0.0,voip,tunnel,ikev2,AES_GCM_16_256,PASS,0
audio_02,52,0,47,11844.0,1.4718701839447021,8046.905310804894,31.93216393176545,252.0,0.0,252.0,252.0,252.0,252.0,252.0,252.0,252.0,252.0,252.0,0.0,0.0,-0.0,0.0,0.031997177911841354,0.00031267620290405734,0.031196117401123047,0.032701969146728516,0.03168940544128418,0.031789183616638184,0.03199458122253418,0.03220033645629883,0.03238558769226074,2.8300354509053918,0.009771687743143253,0.0,0,1.0,1.0,1.0,0.0,0.0,1.0,1.0,0.0,1.0,0.0,0.0,0.0,0.0,1,0.0,voip,tunnel,ikev2,AES_GCM_16_256,PASS,0
audio_02,53,0,47,11844.0,1.4719178676605225,8046.6446261875635,31.931129468998268,252.0,0.0,252.0,252.0,252.0,252.0,252.0,252.0,252.0,252.0,252.0,0.0,0.0,-0.0,0.0,0.031998214514359184,0.00034209158278213656,0.031242847442626953,0.032711029052734375,0.03151357173919678,0.031784236431121826,0.03200256824493408,0.03216135501861572,0.03248405456542969,3.0321845879238007,0.010690624378564915,0.0,0,1.0,1.0,1.0,0.0,0.0,1.0,1.0,0.0,1.0,0.0,0.0,0.0,0.0,1,0.0,voip,tunnel,ikev2,AES_GCM_16_256,PASS,0
audio_02,54,0,47,11844.0,1.4716088771820068,8048.334162457725,31.937833978006847,252.0,0.0,252.0,252.0,252.0,252.0,252.0,252.0,252.0,252.0,252.0,0.0,0.0,-0.0,0.0,0.031991497330043625,0.00035932747038345555,0.03107285499572754,0.03291606903076172,0.03158295154571533,0.03180670738220215,0.03195798397064209,0.032164573669433594,0.0324174165725708,2.8077223513994745,0.011231616796792448,0.0,0,1.0,1.0,1.0,0.0,0.0,1.0,1.0,0.0,1.0,0.0,0.0,0.0,0.0,1,0.0,voip,tunnel,ikev2,AES_GCM_16_256,PASS,0
audio_02,55,0,47,11844.0,1.4716460704803467,8048.130754790863,31.937026804725647,252.0,0.0,252.0,252.0,252.0,252.0,252.0,252.0,252.0,252.0,252.0,0.0,0.0,-0.0,0.0,0.03199230588000754,0.0003654800198254232,0.03107285499572754,0.03291606903076172,0.03164339065551758,0.031780779361724854,0.03196752071380615,0.03218311071395874,0.032410383224487305,2.8513495811520464,0.011423640345145135,0.0,0,1.0,1.0,1.0,0.0,0.0,1.0,1.0,0.0,1.0,0.0,0.0,0.0,0.0,1,0.0,voip,tunnel,ikev2,AES_GCM_16_256,PASS,0
audio_02,56,0,47,11844.0,1.4718329906463623,8047.1086565321875,31.932970859254713,252.0,0.0,252.0,252.0,252.0,252.0,252.0,252.0,252.0,252.0,252.0,0.0,0.0,-0.0,0.0,0.03199636936187744,0.00046347879837331936,0.03044414520263672,0.0335230827331543,0.031577110290527344,0.03178226947784424,0.0320589542388916,0.03215569257736206,0.03241395950317383,2.368585900903998,0.01448490321599753,0.0,0,1.0,1.0,1.0,0.0,0.0,1.0,1.0,0.0,1.0,0.0,0.0,0.0,0.0,1,0.0,voip,tunnel,ikev2,AES_GCM_16_256,PASS,0
audio_02,57,0,47,11844.0,1.4724030494689941,8043.993120138814,31.92060761959847,252.0,0.0,252.0,252.0,252.0,252.0,252.0,252.0,252.0,252.0,252.0,0.0,0.0,-0.0,0.0,0.032008761944978134,0.0004623009669462346,0.03044414520263672,0.0335230827331543,0.03162407875061035,0.03177225589752197,0.03204548358917236,0.0321696400642395,0.03241598606109619,2.2640890306216637,0.014442499376936568,0.0,0,1.0,1.0,1.0,0.0,0.0,1.0,1.0,0.0,1.0,0.0,0.0,0.0,0.0,1,0.0,voip,tunnel,ikev2,AES_GCM_16_256,PASS,0
audio_02,58,0,47,11844.0,1.4725069999694824,8043.425260623865,31.918354208824862,252.0,0.0,252.0,252.0,252.0,252.0,252.0,252.0,252.0,252.0,252.0,0.0,0.0,-0.0,0.0,0.03201102173846701,0.00030786025018664817,0.03127098083496094,0.03281903266906738,0.03165256977081299,0.03179001808166504,0.03201115131378174,0.03222179412841797,0.03233838081359863,2.8267413516002677,0.009617019902767034,0.0,0,1.0,1.0,1.0,0.0,0.0,1.0,1.0,0.0,1.0,0.0,0.0,0.0,0.0,1,0.0,voip,tunnel,ikev2,AES_GCM_16_256,PASS,0
audio_02,59,0,45,10964.0,1.383448839187622,7925.121399095751,32.52740450194352,243.64444444444445,46.34803390558849,116.0,416.0,252.0,116.8,252.0,252.0,252.0,252.0,252.0,-0.6664829589449196,6.211455686357796,0.5834725675409083,0.3584406996531633,0.031442019072445954,0.016898547919419634,5.984306335449219e-05,0.1267380714416504,0.03116600513458252,0.03184705972671509,0.03201007843017578,0.03217601776123047,0.03228480815887451,0.5928251064639408,0.5374340129516416,0.09161023367952842,1,5.0,0.9777777777777777,0.9894199197373221,0.022222222222222223,0.010580080262677856,1.0,0.9788398394746443,0.08888888888888889,0.9111111111111111,0.0,0.0,0.0,0.0,2,0.045454545454545456,voip,tunnel,ikev2,AES_GCM_16_256,PASS,0
audio_02,60,0,30,6288.0,0.9702298641204834,6480.938417310101,30.920507716174146,209.6,87.19999999999999,116.0,440.0,252.0,116.0,116.0,116.0,252.0,252.0,342.19999999999953,0.6336390922519886,0.21750484550447124,1.272905595320056,0.09528454558715266,0.03345620221105115,0.04678676100048509,3.504753112792969e-05,0.21172404289245605,6.480216979980469e-05,0.0002617835998535156,0.031861066818237305,0.03208303451538086,0.051241970062255796,1.5249773144676397,1.3984062595954627,0.49339257819075305,3,5.333333333333333,0.8,0.8371501272264631,0.2,0.1628498727735369,0.5926854454005006,0.6743002544529262,0.4,0.6,0.0,0.0,0.0,0.0,2,0.20689655172413793,voip,tunnel,ikev2,AES_GCM_16_256,PASS,0
audio_02,61,0,9,1372.0,0.14375996589660645,9543.686181636656,62.60435541889935,152.44444444444446,101.67389166798712,116.0,440.0,116.0,116.0,116.0,116.0,116.0,184.00000000000006,311.9999999999999,2.4741599905819815,4.1229625990910765,0.5032583347756457,-0.132744909551691,0.017969995737075806,0.04621988847488342,3.504753112792969e-05,0.1402420997619629,4.122257232666016e-05,6.0498714447021484e-05,0.00015544891357421875,0.001178443431854248,0.04363791942596433,0.5435644431995964,2.5719158332182763,0.9755295842434073,2,5.0,0.4444444444444444,0.33819241982507287,0.5555555555555556,0.6618075801749271,1.310509246762311,-0.3236151603498542,0.8888888888888888,0.1111111111111111,0.0,0.0,0.0,0.0,2,0.375,voip,tunnel,ikev2,AES_GCM_16_256,PASS,0
audio_03,-1,1,1907,626992.0,31.032469034194946,20204.38655103827,61.4517651785509,328.7844782380703,26.589012288759275,96.0,436.0,332.0,332.0,332.0,332.0,332.0,332.0,332.0,-7.701193069957389,59.24268265329929,0.1352268638528724,0.8042093436153517,0.016281463291812667,0.00834626952611946,1.0967254638671875e-05,0.20412898063659668,0.015320420265197754,0.015648365020751953,0.015998005867004395,0.01632213592529297,0.016672134399414062,0.04862957191305536,0.512592559033511,0.031853176510387333,7,5.285714285714286,0.9926586261143157,0.9969122413045143,0.007341373885684321,0.003087758695485748,0.006893659269459769,0.9938244826090286,0.015207131620346093,0.9847928683796539,0.0,0.0,0.0,0.0,2,0.008394543546694649,voip,tunnel,ikev2,AES_GCM_16_256,PASS,0
audio_03,0,0,80,22828.0,1.4966320991516113,15252.913533620185,53.45335038941715,285.35,88.04531503720118,96.0,332.0,332.0,116.0,116.0,332.0,332.0,332.0,332.0,-1.3923896559591697,-0.01876501175592349,1.0161388429774534,0.9271689025989389,0.018944710115843182,0.026501287608285476,1.5020370483398438e-05,0.19002985954284668,7.658004760742189e-05,0.015410065650939941,0.01596999168395996,0.01635599136352539,0.016854095458984374,0.4620143044234032,1.3988014936491617,0.31874825761908326,4,5.25,0.9,0.9598738391449098,0.1,0.04012616085509024,0.3534105887960044,0.9197476782898195,0.2125,0.7875,0.0,0.0,0.0,0.0,2,0.12658227848101267,voip,tunnel,ikev2,AES_GCM_16_256,PASS,0
audio_03,1,0,94,31208.0,1.4880058765411377,20973.035451004293,63.171793527121366,332.0,0.0,332.0,332.0,332.0,332.0,332.0,332.0,332.0,332.0,332.0,0.0,0.0,-0.0,0.0,0.016000063188614383,0.0005109810767980441,0.014810800552368164,0.01724696159362793,0.015293312072753907,0.015639066696166992,0.01605081558227539,0.016300201416015625,0.016696929931640625,3.0152186358331163,0.03193419529532479,0.0,0,1.0,1.0,1.0,0.0,0.0,1.0,1.0,0.0,1.0,0.0,0.0,0.0,0.0,1,0.0,voip,tunnel,ikev2,AES_GCM_16_256,PASS,0
audio_03,2,0,94,31208.0,1.4878029823303223,20975.89557934573,63.180408371523285,332.0,0.0,332.0,332.0,332.0,332.0,332.0,332.0,332.0,332.0,332.0,0.0,0.0,-0.0,0.0,0.015997881530433574,0.0004979054930127105,0.014810800552368164,0.01724696159362793,0.015257596969604492,0.015681028366088867,0.016076087951660156,0.01634693145751953,0.016559457778930663,2.9342084712861265,0.031121268825297508,0.0,0,1.0,1.0,1.0,0.0,0.0,1.0,1.0,0.0,1.0,0.0,0.0,0.0,0.0,1,0.0,voip,tunnel,ikev2,AES_GCM_16_256,PASS,0
audio_03,3,0,93,30876.0,1.4724910259246826,20968.548844371224,63.15827965172055,332.0,0.0,332.0,332.0,332.0,332.0,332.0,332.0,332.0,332.0,332.0,0.0,0.0,-0.0,0.0,0.016005337238311768,0.0005716174978043089,0.014258146286010742,0.01769399642944336,0.01524815559387207,0.015564501285552979,0.01602792739868164,0.01641780138015747,0.016708564758300782,2.717963547726952,0.035711948917090224,0.0,0,1.0,1.0,1.0,0.0,0.0,1.0,1.0,0.0,1.0,0.0,0.0,0.0,0.0,1,0.0,voip,tunnel,ikev2,AES_GCM_16_256,PASS,0
audio_03,4,0,93,30876.0,1.4723420143127441,20970.671012476825,63.16467172432778,332.0,0.0,332.0,332.0,332.0,332.0,332.0,332.0,332.0,332.0,332.0,0.0,0.0,-0.0,0.0,0.016003717546877655,0.0005908007405961503,0.014258146286010742,0.01769399642944336,0.01528465747833252,0.01550525426864624,0.015982866287231445,0.016488730907440186,0.016736769676208497,2.799838728468523,0.036914162269074784,0.0,0,1.0,1.0,1.0,0.0,0.0,1.0,1.0,0.0,1.0,0.0,0.0,0.0,0.0,1,0.0,voip,tunnel,ikev2,AES_GCM_16_256,PASS,0
audio_03,5,0,94,31208.0,1.4880599975585938,20972.27265782417,63.16949595730172,332.0,0.0,332.0,332.0,332.0,332.0,332.0,332.0,332.0,332.0,332.0,0.0,0.0,-0.0,0.0,0.01600064513503864,0.00046492052877935625,0.014875173568725586,0.017115116119384766,0.015411615371704102,0.01565098762512207,0.015991926193237305,0.016312837600708008,0.016593265533447265,3.0555929793917747,0.02905454563301897,0.0,0,1.0,1.0,1.0,0.0,0.0,1.0,1.0,0.0,1.0,0.0,0.0,0.0,0.0,1,0.0,voip,tunnel,ikev2,AES_GCM_16_256,PASS,0
audio_03,6,0,94,31208.0,1.4874701499938965,20980.58908955454,63.19454545046548,332.0,0.0,332.0,332.0,332.0,332.0,332.0,332.0,332.0,332.0,332.0,0.0,0.0,-0.0,0.0,0.015994302688106414,0.00044311815756510733,0.015024900436401367,0.017009973526000977,0.015366268157958985,0.015707969665527344,0.015972137451171875,0.016234874725341797,0.016576671600341798,3.0949380711188916,0.02770301795505224,0.0,0,1.0,1.0,1.0,0.0,0.0,1.0,1.0,0.0,1.0,0.0,0.0,0.0,0.0,1,0.0,voip,tunnel,ikev2,AES_GCM_16_256,PASS,0
audio_03,7,0,94,31208.0,1.4882049560546875,20970.229855122987,63.16334293711743,332.0,0.0,332.0,332.0,332.0,332.0,332.0,332.0,332.0,332.0,332.0,0.0,0.0,-0.0,0.0,0.016002203828545027,0.00045409660292442075,0.014842987060546875,0.016997098922729492,0.01538844108581543,0.015712976455688477,0.01602482795715332,0.01629495620727539,0.01662411689758301,3.0085218569426218,0.028375355821841464,0.0,0,1.0,1.0,1.0,0.0,0.0,1.0,1.0,0.0,1.0,0.0,0.0,0.0,0.0,1,0.0,voip,tunnel,ikev2,AES_GCM_16_256,PASS,0
audio_03,8,0,94,31208.0,1.488420009613037,20967.199982828453,63.154216815748356,332.0,0.0,332.0,332.0,332.0,332.0,332.0,332.0,332.0,332.0,332.0,0.0,0.0,-0.0,0.0,0.01600451623239825,0.0005054389412246186,0.014328956604003906,0.017739057540893555,0.015461587905883789,0.015712976455688477,0.015990018844604492,0.01629495620727539,0.01666598320007324,2.5020191788967607,0.03157904649157849,0.0,0,1.0,1.0,1.0,0.0,0.0,1.0,1.0,0.0,1.0,0.0,0.0,0.0,0.0,1,0.0,voip,tunnel,ikev2,AES_GCM_16_256,PASS,0
audio_03,9,0,94,31208.0,1.48779296875,20976.03675746636,63.18083360682639,332.0,0.0,332.0,332.0,332.0,332.0,332.0,332.0,332.0,332.0,332.0,0.0,0.0,-0.0,0.0,0.015997773857526883,0.0005560496664367834,0.014328956604003906,0.017739057540893555,0.015325546264648438,0.015681028366088867,0.015990018844604492,0.016299009323120117,0.016680145263671876,2.6445628876895295,0.034755767622478194,0.0,0,1.0,1.0,1.0,0.0,0.0,1.0,1.0,0.0,1.0,0.0,0.0,0.0,0.0,1,0.0,voip,tunnel,ikev2,AES_GCM_16_256,PASS,0
audio_03,10,0,94,31208.0,1.4868049621582031,20989.97568228409,63.2228183201328,332.0,0.0,332.0,332.0,332.0,332.0,332.0,332.0,332.0,332.0,332.0,0.0,0.0,-0.0,0.0,0.015987150130733367,0.0005210017654358185,0.014747858047485352,0.017698049545288086,0.015338563919067382,0.015681028366088867,0.01600480079650879,0.01627206802368164,0.0166532039642334,2.791592445425344,0.03258674463122022,0.0,0,1.0,1.0,1.0,0.0,0.0,1.0,1.0,0.0,1.0,0.0,0.0,0.0,0.0,1,0.0,voip,tunnel,ikev2,AES_GCM_16_256,PASS,0
audio_03,11,0,93,30876.0,1.4721989631652832,20972.708698025053,63.17080933140076,332.0,0.0,332.0,332.0,332.0,332.0,332.0,332.0,332.0,332.0,332.0,0.0,0.0,-0.0,0.0,0.016002162643100903,0.0004551596581004162,0.014894962310791016,0.017009973526000977,0.015462541580200195,0.015681862831115723,0.015973448753356934,0.016327381134033203,0.016590452194213866,3.0649544673865767,0.028441856666165877,0.0,0,1.0,1.0,1.0,0.0,0.0,1.0,1.0,0.0,1.0,0.0,0.0,0.0,0.0,1,0.0,voip,tunnel,ikev2,AES_GCM_16_256,PASS,0
audio_03,12,0,93,30876.0,1.4723470211029053,20970.599700654413,63.16445692968196,332.0,0.0,332.0,332.0,332.0,332.0,332.0,332.0,332.0,332.0,332.0,0.0,0.0,-0.0,0.0,0.01600377196850984,0.0005290242723889091,0.01401209831237793,0.01811385154724121,0.015483617782592773,0.015695631504058838,0.015985965728759766,0.01635032892227173,0.0165224552154541,2.2928670161690556,0.03305415868653361,0.0,0,1.0,1.0,1.0,0.0,0.0,1.0,1.0,0.0,1.0,0.0,0.0,0.0,0.0,1,0.0,voip,tunnel,ikev2,AES_GCM_16_256,PASS,0
audio_03,13,0,94,31208.0,1.4879720211029053,20973.51264499463,63.17323085841756,332.0,0.0,332.0,332.0,332.0,332.0,332.0,332.0,332.0,332.0,332.0,0.0,0.0,-0.0,0.0,0.015999699151644144,0.0006719547501337885,0.013519048690795898,0.018529891967773438,0.015448284149169923,0.015609025955200195,0.016030073165893555,0.016354084014892578,0.016560792922973633,2.294389700476223,0.04199533681406303,0.0,0,1.0,1.0,1.0,0.0,0.0,1.0,1.0,0.0,1.0,0.0,0.0,0.0,0.0,1,0.0,voip,tunnel,ikev2,AES_GCM_16_256,PASS,0
audio_03,14,0,94,31208.0,1.4881138801574707,20971.513280084182,63.16720867495236,332.0,0.0,332.0,332.0,332.0,332.0,332.0,332.0,332.0,332.0,332.0,0.0,0.0,-0.0,0.0,0.016001224517822266,0.0005591509325271584,0.013519048690795898,0.018529891967773438,0.015527057647705077,0.01570606231689453,0.015952110290527344,0.01635599136352539,0.01652946472167969,1.9344466944834604,0.03494207520363256,0.0,0,1.0,1.0,1.0,0.0,0.0,1.0,1.0,0.0,1.0,0.0,0.0,0.0,0.0,1,0.0,voip,tunnel,ikev2,AES_GCM_16_256,PASS,0
audio_03,15,0,94,31208.0,1.4885520935058594,20965.33949745653,63.14861294414617,332.0,0.0,332.0,332.0,332.0,332.0,332.0,332.0,332.0,332.0,332.0,0.0,0.0,-0.0,0.0,0.016005936489310316,0.0004399900769491787,0.014734029769897461,0.017193078994750977,0.015528345108032226,0.015707969665527344,0.015959978103637695,0.01632094383239746,0.016539573669433594,2.832607089112149,0.02748746315342795,0.0,0,1.0,1.0,1.0,0.0,0.0,1.0,1.0,0.0,1.0,0.0,0.0,0.0,0.0,1,0.0,voip,tunnel,ikev2,AES_GCM_16_256,PASS,0
audio_03,16,0,94,31208.0,1.486840009689331,20989.480910270082,63.22132804298218,332.0,0.0,332.0,332.0,332.0,332.0,332.0,332.0,332.0,332.0,332.0,0.0,0.0,-0.0,0.0,0.015987526985906785,0.0005005634405878333,0.014734029769897461,0.01740097999572754,0.01537008285522461,0.015666961669921875,0.01600193977355957,0.016282081604003906,0.016641521453857423,2.9148483389270656,0.03130766461657531,0.0,0,1.0,1.0,1.0,0.0,0.0,1.0,1.0,0.0,1.0,0.0,0.0,0.0,0.0,1,0.0,voip,tunnel,ikev2,AES_GCM_16_256,PASS,0
audio_03,17,0,94,31208.0,1.4881129264831543,20971.526719920123,63.167249156385914,332.0,0.0,332.0,332.0,332.0,332.0,332.0,332.0,332.0,332.0,332.0,0.0,0.0,-0.0,0.0,0.016001214263259723,0.0004628446318365525,0.015026092529296875,0.01740097999572754,0.015398788452148437,0.015705108642578125,0.01599597930908203,0.016266822814941406,0.016662216186523436,2.937440390253534,0.028923786684897753,0.0,0,1.0,1.0,1.0,0.0,0.0,1.0,1.0,0.0,1.0,0.0,0.0,0.0,0.0,1,0.0,voip,tunnel,ikev2,AES_GCM_16_256,PASS,0
audio_03,18,0,93,30876.0,1.4717278480529785,20979.42227623632,63.191030952519036,332.0,0.0,332.0,332.0,332.0,332.0,332.0,332.0,332.0,332.0,332.0,0.0,0.0,-0.0,0.0,0.01599704182666281,0.0005606104046380108,0.01411294937133789,0.017833948135375977,0.01537778377532959,0.015684306621551514,0.016053080558776855,0.01627826690673828,0.016669392585754395,2.4298426861081124,0.0350424389879817,0.0,0,1.0,1.0,1.0,0.0,0.0,1.0,1.0,0.0,1.0,0.0,0.0,0.0,0.0,1,0.0,voip,tunnel,ikev2,AES_GCM_16_256,PASS,0
audio_03,19,0,93,30876.0,1.4729747772216797,20961.662397395707,63.13753734155333,332.0,0.0,332.0,332.0,332.0,332.0,332.0,332.0,332.0,332.0,332.0,0.0,0.0,-0.0,0.0,0.016010595404583473,0.0005323740463019556,0.01411294937133789,0.017833948135375977,0.015406060218811034,0.015749692916870117,0.016030550003051758,0.01628434658050537,0.01655762195587158,2.318883714177746,0.03324928171427304,0.0,0,1.0,1.0,1.0,0.0,0.0,1.0,1.0,0.0,1.0,0.0,0.0,0.0,0.0,1,0.0,voip,tunnel,ikev2,AES_GCM_16_256,PASS,0
audio_03,20,0,94,31208.0,1.4881350994110107,20971.214248190114,63.16630797647625,332.0,0.0,332.0,332.0,332.0,332.0,332.0,332.0,332.0,332.0,332.0,0.0,0.0,-0.0,0.0,0.016001452681838824,0.0004371155397649888,0.015062093734741211,0.017030000686645508,0.015433311462402344,0.015728235244750977,0.015974998474121094,0.01624608039855957,0.016611528396606446,3.0984744199635252,0.027315533965682086,0.0,0,1.0,1.0,1.0,0.0,0.0,1.0,1.0,0.0,1.0,0.0,0.0,0.0,0.0,1,0.0,voip,tunnel,ikev2,AES_GCM_16_256,PASS,0
audio_03,21,0,94,31208.0,1.4881470203399658,20971.04625648517,63.16580197736497,332.0,0.0,332.0,332.0,332.0,332.0,332.0,332.0,332.0,332.0,332.0,0.0,0.0,-0.0,0.0,0.0160015808638706,0.0004692313994050816,0.015131950378417969,0.017030000686645508,0.015419197082519532,0.015640974044799805,0.015995025634765625,0.01631903648376465,0.01664419174194336,3.1850702215131403,0.029322232669636197,0.0,0,1.0,1.0,1.0,0.0,0.0,1.0,1.0,0.0,1.0,0.0,0.0,0.0,0.0,1,0.0,voip,tunnel,ikev2,AES_GCM_16_256,PASS,0
audio_03,22,0,94,31208.0,1.4886538982391357,20963.90573854312,63.14429439320216,332.0,0.0,332.0,332.0,332.0,332.0,332.0,332.0,332.0,332.0,332.0,0.0,0.0,-0.0,0.0,0.016007031163861676,0.0004806117125275562,0.014503955841064453,0.017200946807861328,0.015407943725585937,0.01568007469177246,0.015995025634765625,0.01629018783569336,0.016612148284912108,2.7561936219797074,0.030023161974630768,0.0,0,1.0,1.0,1.0,0.0,0.0,1.0,1.0,0.0,1.0,0.0,0.0,0.0,0.0,1,0.0,voip,tunnel,ikev2,AES_GCM_16_256,PASS,0
audio_03,23,0,94,31208.0,1.4883439540863037,20968.271422957896,63.1574440450539,332.0,0.0,332.0,332.0,332.0,332.0,332.0,332.0,332.0,332.0,332.0,0.0,0.0,-0.0,0.0,0.016003698431035523,0.0005313089774114252,0.014503955841064453,0.017200946807861328,0.015387725830078126,0.01565694808959961,0.01599407196044922,0.01631784439086914,0.01675095558166504,2.9476941969456267,0.03319706270635734,0.0,0,1.0,1.0,1.0,0.0,0.0,1.0,1.0,0.0,1.0,0.0,0.0,0.0,0.0,1,0.0,voip,tunnel,ikev2,AES_GCM_16_256,PASS,0
audio_03,24,0,94,31208.0,1.4882090091705322,20970.172743003404,63.16317091266086,332.0,0.0,332.0,332.0,332.0,332.0,332.0,332.0,332.0,332.0,332.0,0.0,0.0,-0.0,0.0,0.016002247410435832,0.00048447930211247654,0.014657974243164062,0.017034053802490234,0.015393257141113281,0.015691041946411133,0.016002178192138672,0.016334056854248047,0.016680145263671876,2.9967940121681558,0.030273811913733465,0.0,0,1.0,1.0,1.0,0.0,0.0,1.0,1.0,0.0,1.0,0.0,0.0,0.0,0.0,1,0.0,voip,tunnel,ikev2,AES_GCM_16_256,PASS,0
audio_03,25,0,94,31208.0,1.4875810146331787,20979.025473577687,63.18983576378822,332.0,0.0,332.0,332.0,332.0,332.0,332.0,332.0,332.0,332.0,332.0,0.0,0.0,-0.0,0.0,0.015995494781001922,0.0008591708059535418,0.010688066482543945,0.019937992095947266,0.015362262725830078,0.015646934509277344,0.01596808433532715,0.016340970993041992,0.016714763641357423,1.5271941078289735,0.053709941941401274,0.0,0,1.0,1.0,1.0,0.0,0.0,1.0,1.0,0.0,1.0,0.0,0.0,0.0,0.0,1,0.0,voip,tunnel,ikev2,AES_GCM_16_256,PASS,0
audio_03,26,0,93,30876.0,1.472074031829834,20974.48860069909,63.1761704840334,332.0,0.0,332.0,332.0,332.0,332.0,332.0,332.0,332.0,332.0,332.0,0.0,0.0,-0.0,0.0,0.016000804693802544,0.0009185801506817582,0.010688066482543945,0.019937992095947266,0.015394258499145507,0.01564997434616089,0.01592552661895752,0.01631373167037964,0.01676013469696045,1.565698137588156,0.05740478453892903,0.0,0,1.0,1.0,1.0,0.0,0.0,1.0,1.0,0.0,1.0,0.0,0.0,0.0,0.0,1,0.0,voip,tunnel,ikev2,AES_GCM_16_256,PASS,0
audio_03,27,0,93,30876.0,1.4720969200134277,20974.162489055656,63.175188220047154,332.0,0.0,332.0,332.0,332.0,332.0,332.0,332.0,332.0,332.0,332.0,0.0,0.0,-0.0,0.0,0.016001053478406822,0.0005723646894137673,0.01394796371459961,0.01859593391418457,0.015334177017211913,0.01568359136581421,0.015986919403076172,0.016282498836517334,0.016619372367858886,2.268188926862054,0.035768202511391206,0.0,0,1.0,1.0,1.0,0.0,0.0,1.0,1.0,0.0,1.0,0.0,0.0,0.0,0.0,1,0.0,voip,tunnel,ikev2,AES_GCM_16_256,PASS,0
audio_03,28,0,94,31208.0,1.4877150058746338,20977.135994976867,63.18414456318333,332.0,0.0,332.0,332.0,332.0,332.0,332.0,332.0,332.0,332.0,332.0,0.0,0.0,-0.0,0.0,0.015996935547039074,0.000484159547170635,0.014744997024536133,0.017105817794799805,0.015268278121948243,0.015700817108154297,0.0160369873046875,0.016278982162475586,0.016544389724731445,2.965976148907954,0.03026387659501754,0.0,0,1.0,1.0,1.0,0.0,0.0,1.0,1.0,0.0,1.0,0.0,0.0,0.0,0.0,1,0.0,voip,tunnel,ikev2,AES_GCM_16_256,PASS,0
audio_03,29,0,94,31208.0,1.487523078918457,20979.84255994912,63.19229686731663,332.0,0.0,332.0,332.0,332.0,332.0,332.0,332.0,332.0,332.0,332.0,0.0,0.0,-0.0,0.0,0.015994871816327496,0.00048689912972763315,0.01499795913696289,0.017042875289916992,0.015285301208496093,0.01563096046447754,0.016050100326538086,0.016303062438964844,0.016614675521850586,3.0881949982586097,0.030439049232104977,0.0,0,1.0,1.0,1.0,0.0,0.0,1.0,1.0,0.0,1.0,0.0,0.0,0.0,0.0,1,0.0,voip,tunnel,ikev2,AES_GCM_16_256,PASS,0
audio_03,30,0,94,31208.0,1.4887990951538086,20961.861208530547,63.13813617027273,332.0,0.0,332.0,332.0,332.0,332.0,332.0,332.0,332.0,332.0,332.0,0.0,0.0,-0.0,0.0,0.016008592421008695,0.0004821290808364713,0.01499795913696289,0.016997098922729492,0.015345096588134766,0.01566791534423828,0.01602792739868164,0.016347885131835938,0.01666226387023926,3.16896736402513,0.030115012809682408,0.0,0,1.0,1.0,1.0,0.0,0.0,1.0,1.0,0.0,1.0,0.0,0.0,0.0,0.0,1,0.0,voip,tunnel,ikev2,AES_GCM_16_256,PASS,0
audio_03,31,0,94,31208.0,1.4870967864990234,20985.856659317375,63.210411624449925,332.0,0.0,332.0,332.0,332.0,332.0,332.0,332.0,332.0,332.0,332.0,0.0,0.0,-0.0,0.0,0.01599028802687122,0.0005309572900982336,0.013988971710205078,0.017635107040405273,0.015345096588134766,0.015625953674316406,0.01602792739868164,0.01630091667175293,0.016613292694091796,2.5251391077397574,0.033202909559632156,0.0,0,1.0,1.0,1.0,0.0,0.0,1.0,1.0,0.0,1.0,0.0,0.0,0.0,0.0,1,0.0,voip,tunnel,ikev2,AES_GCM_16_256,PASS,0
audio_03,32,0,94,31208.0,1.4882919788360596,20969.00369268043,63.15964967674829,332.0,0.0,332.0,332.0,332.0,332.0,332.0,332.0,332.0,332.0,332.0,0.0,0.0,-0.0,0.0,0.016003139557376984,0.0006280923465951888,0.013988971710205078,0.017726898193359375,0.015168285369873047,0.015594959259033203,0.0161130428314209,0.01642608642578125,0.016712760925292967,2.6427718237604982,0.03924561794424458,0.0,0,1.0,1.0,1.0,0.0,0.0,1.0,1.0,0.0,1.0,0.0,0.0,0.0,0.0,1,0.0,voip,tunnel,ikev2,AES_GCM_16_256,PASS,0
audio_03,33,0,94,31208.0,1.4871058464050293,20985.728807026804,63.210026527189164,332.0,0.0,332.0,332.0,332.0,332.0,332.0,332.0,332.0,332.0,332.0,0.0,0.0,-0.0,0.0,0.015990385445215367,0.0005610249327360132,0.014396190643310547,0.017726898193359375,0.015208244323730469,0.015544891357421875,0.01607799530029297,0.01638007164001465,0.016667890548706054,2.6953355606534717,0.035082947294217855,0.0,0,1.0,1.0,1.0,0.0,0.0,1.0,1.0,0.0,1.0,0.0,0.0,0.0,0.0,1,0.0,voip,tunnel,ikev2,AES_GCM_16_256,PASS,0
audio_03,34,0,94,31208.0,1.4875168800354004,20979.929988597713,63.19256020661961,332.0,0.0,332.0,332.0,332.0,332.0,332.0,332.0,332.0,332.0,332.0,0.0,0.0,-0.0,0.0,0.015994805161670973,0.0004523789166741732,0.015043973922729492,0.017019033432006836,0.015401411056518554,0.01569986343383789,0.01600503921508789,0.016252994537353516,0.01661972999572754,3.156102726818419,0.028281096956479575,0.0,0,1.0,1.0,1.0,0.0,0.0,1.0,1.0,0.0,1.0,0.0,0.0,0.0,0.0,1,0.0,voip,tunnel,ikev2,AES_GCM_16_256,PASS,0
audio_03,35,0,93,30876.0,1.4714760780334473,20983.01186198297,63.20184295778002,332.0,0.0,332.0,332.0,332.0,332.0,332.0,332.0,332.0,332.0,332.0,0.0,0.0,-0.0,0.0,0.015994305196015732,0.0004543114733117728,0.015084981918334961,0.017019033432006836,0.01539769172668457,0.01570361852645874,0.015992045402526855,0.016274750232696533,0.01661200523376465,3.175773313901385,0.028402801180995106,0.0,0,1.0,1.0,1.0,0.0,0.0,1.0,1.0,0.0,1.0,0.0,0.0,0.0,0.0,1,0.0,voip,tunnel,ikev2,AES_GCM_16_256,PASS,0
audio_03,36,0,93,30876.0,1.4712979793548584,20985.551827875584,63.209493457456574,332.0,0.0,332.0,332.0,332.0,332.0,332.0,332.0,332.0,332.0,332.0,0.0,0.0,-0.0,0.0,0.01599236934081368,0.0005197872602514907,0.01484990119934082,0.01702404022216797,0.015311884880065917,0.015528261661529541,0.015992045402526855,0.016382873058319092,0.016703987121582033,3.1408990641854277,0.032500172363620655,0.0,0,1.0,1.0,1.0,0.0,0.0,1.0,1.0,0.0,1.0,0.0,0.0,0.0,0.0,1,0.0,voip,tunnel,ikev2,AES_GCM_16_256,PASS,0
audio_03,37,0,94,31208.0,1.4876461029052734,20978.107588258295,63.18707104897077,332.0,0.0,332.0,332.0,332.0,332.0,332.0,332.0,332.0,332.0,332.0,0.0,0.0,-0.0,0.0,0.015996194654895414,0.0005617068449001051,0.01484990119934082,0.017601966857910156,0.015337991714477538,0.015547037124633789,0.01590704917907715,0.016424894332885742,0.016728305816650392,2.960689803010292,0.0351128342823667,0.0,0,1.0,1.0,1.0,0.0,0.0,1.0,1.0,0.0,1.0,0.0,0.0,0.0,0.0,1,0.0,voip,tunnel,ikev2,AES_GCM_16_256,PASS,0
audio_03,38,0,94,31208.0,1.488929033279419,20960.031876914425,63.13262613528441,332.0,0.0,332.0,332.0,332.0,332.0,332.0,332.0,332.0,332.0,332.0,0.0,0.0,-0.0,0.0,0.016009989605155043,0.0005265580355405832,0.014851093292236328,0.017601966857910156,0.015385913848876952,0.01564502716064453,0.015976905822753906,0.01635003089904785,0.01666269302368164,2.9494234196067284,0.03288728857653169,0.0,0,1.0,1.0,1.0,0.0,0.0,1.0,1.0,0.0,1.0,0.0,0.0,0.0,0.0,1,0.0,voip,tunnel,ikev2,AES_GCM_16_256,PASS,0
audio_03,39,0,84,27108.0,1.432800054550171,18919.597269634796,58.6264634295899,322.7142857142857,46.81131615034864,116.0,412.0,332.0,332.0,332.0,332.0,332.0,332.0,332.0,-3.9522133152498515,14.926199904808122,0.3685236238979135,0.6338638309193759,0.017262651259640615,0.0168920138160157,3.600120544433594e-05,0.16779494285583496,0.015117406845092773,0.015631556510925293,0.015976905822753906,0.016313552856445312,0.016666269302368163,0.42139841799819927,0.9784728364796306,0.11710981048818732,1,5.0,0.9880952380952381,0.9957208204220156,0.011904761904761904,0.004279179577984358,1.0,0.9914416408440313,0.047619047619047616,0.9523809523809523,0.0,0.0,0.0,0.0,2,0.024096385542168676,voip,tunnel,ikev2,AES_GCM_16_256,PASS,0
audio_03,40,0,46,12872.0,1.024446964263916,12564.8280965416,44.902275671295335,279.82608695652175,98.73621078140837,116.0,436.0,332.0,116.0,116.0,173.0,332.0,332.0,332.0,-0.9366209763924035,-0.7937072895517341,1.0666152167384504,0.5146893563244778,0.022765488094753688,0.04059896498271962,1.0967254638671875e-05,0.20412898063659668,5.841255187988281e-05,0.01494908332824707,0.01594686508178711,0.016278982162475586,0.01688804626464844,0.45902350173616513,1.7832774564854932,0.49922920135299365,3,5.333333333333333,0.8695652173913043,0.920758234928527,0.13043478260869565,0.07924176507147296,0.38121195012559667,0.8415164698570541,0.2608695652173913,0.7391304347826086,0.0,0.0,0.0,0.0,2,0.13333333333333333,voip,tunnel,ikev2,AES_GCM_16_256,PASS,0
audio_03,41,0,9,1368.0,0.13987493515014648,9780.165392259467,64.34319337012808,152.0,100.41690871340123,116.0,436.0,116.0,116.0,116.0,116.0,116.0,183.20000000000005,309.5999999999999,2.4741420678017256,4.122911200144824,0.5032583347756457,-0.13261809304096578,0.01748436689376831,0.04612132847364959,1.0967254638671875e-05,0.139509916305542,1.7976760864257814e-05,4.565715789794922e-05,5.900859832763672e-05,7.87973403930664e-05,0.04191188812255857,0.5435644431995964,2.637710078024555,0.9973903913219858,2,5.0,0.4444444444444444,0.3391812865497076,0.5555555555555556,0.6608187134502924,1.3319037291319702,-0.3216374269005848,0.8888888888888888,0.1111111111111111,0.0,0.0,0.0,0.0,2,0.375,voip,tunnel,ikev2,AES_GCM_16_256,PASS,0
web_01,-1,1,100,15160.0,21.653170108795166,700.1284303328063,4.618261413804791,151.6,57.867434710724815,116.0,300.0,120.0,116.0,116.0,116.0,192.0,206.4000000000009,300.0,1.6276301923390524,1.4655088749087088,1.3567796494470397,-0.3806878434369178,0.21871888998782996,0.5275511578971328,1.5020370483398438e-05,1.892369031906128,5.6791305541992185e-05,9.036064147949219e-05,0.0003800392150878906,0.14226746559143066,0.29112205505371097,0.6311718053929062,2.4119944369324933,0.9986835825923676,20,4.95,0.5,0.44063324538258575,0.5,0.5593667546174143,0.9972295631812259,-0.11873350923482849,0.9,0.1,0.0,0.0,0.0,0.0,2,0.40404040404040403,web,tunnel,ikev2,AES_GCM_16_256,PASS,0
web_01,0,0,10,1516.0,0.393110990524292,3856.4172372237963,25.438108424959076,151.6,57.86743471072482,116.0,300.0,120.0,116.0,116.0,116.0,175.0,206.39999999999998,253.19999999999987,1.6276301923390515,1.4655088749087053,1.3567796494470397,-0.4234309621333941,0.043678998947143555,0.05987926698157838,5.698204040527344e-05,0.14173483848571777,9.703636169433594e-05,0.0001800060272216797,0.004801034927368164,0.10353302955627441,0.13736681938171386,1.224394445405986,1.3708623723649191,0.9705724129942074,2,4.5,0.5,0.44063324538258575,0.5,0.5593667546174143,0.886920494149651,-0.11873350923482849,0.9,0.1,0.0,0.0,0.0,0.0,2,0.4444444444444444,web,tunnel,ikev2,AES_GCM_16_256,PASS,0
web_01,2,0,10,1516.0,0.47188305854797363,3212.6603668817174,21.191691074417662,151.6,57.86743471072482,116.0,300.0,120.0,116.0,116.0,116.0,175.0,206.39999999999998,253.19999999999987,1.6276301923390515,1.4655088749087053,1.3567796494470397,-0.4234309621333941,0.05243145094977485,0.07371174663590417,5.602836608886719e-05,0.16985607147216797,7.987022399902344e-05,0.00013899803161621094,0.0010538101196289062,0.1394801139831543,0.16129932403564454,1.224394445405986,1.4058420939832244,0.9928229338714575,2,5.0,0.5,0.44063324538258575,0.5,0.5593667546174143,1.0629175867145382,-0.11873350923482849,0.9,0.1,0.0,0.0,0.0,0.0,2,0.4444444444444444,web,tunnel,ikev2,AES_GCM_16_256,PASS,0
web_01,3,0,10,1516.0,0.47188305854797363,3212.6603668817174,21.191691074417662,151.6,57.86743471072482,116.0,300.0,120.0,116.0,116.0,116.0,175.0,206.39999999999998,253.19999999999987,1.6276301923390515,1.4655088749087053,1.3567796494470397,-0.4234309621333941,0.05243145094977485,0.07371174663590417,5.602836608886719e-05,0.16985607147216797,7.987022399902344e-05,0.00013899803161621094,0.0010538101196289062,0.1394801139831543,0.16129932403564454,1.224394445405986,1.4058420939832244,0.9928229338714575,2,5.0,0.5,0.44063324538258575,0.5,0.5593667546174143,1.0629175867145382,-0.11873350923482849,0.9,0.1,0.0,0.0,0.0,0.0,2,0.4444444444444444,web,tunnel,ikev2,AES_GCM_16_256,PASS,0
web_01,5,0,10,1516.0,0.5354750156402588,2831.131155927683,18.67500762485279,151.6,57.86743471072482,116.0,300.0,120.0,116.0,116.0,116.0,175.0,206.39999999999998,253.19999999999987,1.6276301923390515,1.4655088749087053,1.3567796494470397,-0.4234309621333941,0.05949722396002875,0.0840232686651255,4.100799560546875e-05,0.18183302879333496,4.57763671875e-05,6.985664367675781e-05,0.0001671314239501953,0.17219305038452148,0.18099780082702638,0.9182958340544896,1.4121979291612605,0.9987675566409685,2,5.0,0.5,0.44063324538258575,0.5,0.5593667546174143,0.9763273446446692,-0.11873350923482849,0.9,0.1,0.0,0.0,0.0,0.0,2,0.4444444444444444,web,tunnel,ikev2,AES_GCM_16_256,PASS,0
web_01,6,0,10,1516.0,0.5354750156402588,2831.131155927683,18.67500762485279,151.6,57.86743471072482,116.0,300.0,120.0,116.0,116.0,116.0,175.0,206.39999999999998,253.19999999999987,1.6276301923390515,1.4655088749087053,1.3567796494470397,-0.4234309621333941,0.05949722396002875,0.0840232686651255,4.100799560546875e-05,0.18183302879333496,4.57763671875e-05,6.985664367675781e-05,0.0001671314239501953,0.17219305038452148,0.18099780082702638,0.9182958340544896,1.4121979291612605,0.9987675566409685,2,5.0,0.5,0.44063324538258575,0.5,0.5593667546174143,0.9763273446446692,-0.11873350923482849,0.9,0.1,0.0,0.0,0.0,0.0,2,0.4444444444444444,web,tunnel,ikev2,AES_GCM_16_256,PASS,0
web_01,8,0,10,1516.0,0.4827699661254883,3140.211915349225,20.71379891391309,151.6,57.86743471072482,116.0,300.0,120.0,116.0,116.0,116.0,175.0,206.39999999999998,253.19999999999987,1.6276301923390515,1.4655088749087053,1.3567796494470397,-0.4234309621333941,0.05364110734727648,0.07563051209836046,1.5020370483398438e-05,0.18225789070129395,6.70909881591797e-05,0.00013589859008789062,0.00020194053649902344,0.13973593711853027,0.1619804859161377,1.4466166676282082,1.4099094133034722,0.9919941092921866,2,5.0,0.5,0.44063324538258575,0.5,0.5593667546174143,1.0526945571768611,-0.11873350923482849,0.9,0.1,0.0,0.0,0.0,0.0,2,0.4444444444444444,web,tunnel,ikev2,AES_GCM_16_256,PASS,0
web_01,9,0,10,1516.0,0.4827699661254883,3140.211915349225,20.71379891391309,151.6,57.86743471072482,116.0,300.0,120.0,116.0,116.0,116.0,175.0,206.39999999999998,253.19999999999987,1.6276301923390515,1.4655088749087053,1.3567796494470397,-0.4234309621333941,0.05364110734727648,0.07563051209836046,1.5020370483398438e-05,0.18225789070129395,6.70909881591797e-05,0.00013589859008789062,0.00020194053649902344,0.13973593711853027,0.1619804859161377,1.4466166676282082,1.4099094133034722,0.9919941092921866,2,5.0,0.5,0.44063324538258575,0.5,0.5593667546174143,1.0526945571768611,-0.11873350923482849,0.9,0.1,0.0,0.0,0.0,0.0,2,0.4444444444444444,web,tunnel,ikev2,AES_GCM_16_256,PASS,0
web_01,11,0,10,1516.0,0.3792860507965088,3996.983271112575,26.365325007338885,151.6,57.86743471072482,116.0,300.0,120.0,116.0,116.0,116.0,175.0,206.39999999999998,253.19999999999987,1.6276301923390515,1.4655088749087053,1.3567796494470397,-0.4234309621333941,0.042142894532945424,0.06010852619894104,5.793571472167969e-05,0.14094090461730957,8.845329284667969e-05,0.00014519691467285156,0.0004558563232421875,0.09656000137329102,0.1393568515777588,1.224394445405986,1.4262689024136581,0.9925536241522566,2,5.0,0.5,0.44063324538258575,0.5,0.5593667546174143,0.8500165191811486,-0.11873350923482849,0.9,0.1,0.0,0.0,0.0,0.0,2,0.4444444444444444,web,tunnel,ikev2,AES_GCM_16_256,PASS,0
web_01,12,0,10,1516.0,0.3792860507965088,3996.983271112575,26.365325007338885,151.6,57.86743471072482,116.0,300.0,120.0,116.0,116.0,116.0,175.0,206.39999999999998,253.19999999999987,1.6276301923390515,1.4655088749087053,1.3567796494470397,-0.4234309621333941,0.042142894532945424,0.06010852619894104,5.793571472167969e-05,0.14094090461730957,8.845329284667969e-05,0.00014519691467285156,0.0004558563232421875,0.09656000137329102,0.1393568515777588,1.224394445405986,1.4262689024136581,0.9925536241522566,2,5.0,0.5,0.44063324538258575,0.5,0.5593667546174143,0.8500165191811486,-0.11873350923482849,0.9,0.1,0.0,0.0,0.0,0.0,2,0.4444444444444444,web,tunnel,ikev2,AES_GCM_16_256,PASS,0
web_01,14,0,9,1400.0,0.3067898750305176,4563.383976934495,29.336039851721754,155.55555555555554,59.70131416962484,116.0,300.0,124.0,116.0,116.0,116.0,192.0,216.8,258.4,1.4713895163329742,0.9491946359746954,1.4466166676282082,-0.5033892959908502,0.0383487343788147,0.06629089737117198,4.1961669921875e-05,0.1646881103515625,6.08205795288086e-05,8.231401443481445e-05,0.00019252300262451172,0.03578674793243408,0.14790000915527343,1.061278124459133,1.7285881752493348,0.9954475158730776,2,5.0,0.5555555555555556,0.47714285714285715,0.4444444444444444,0.5228571428571429,1.6203488854549386,-0.045714285714285714,0.8888888888888888,0.1111111111111111,0.0,0.0,0.0,0.0,2,0.375,web,tunnel,ikev2,AES_GCM_16_256,PASS,0
web_01,15,0,10,1516.0,0.4526379108428955,3349.2554726070725,22.092714199255095,151.6,57.86743471072482,116.0,300.0,120.0,116.0,116.0,116.0,175.0,206.39999999999998,253.19999999999987,1.6276301923390515,1.4655088749087053,1.3567796494470397,-0.4234309621333941,0.05029310120476617,0.07104611437733017,4.1961669921875e-05,0.1646881103515625,6.351470947265624e-05,8.678436279296875e-05,0.00028204917907714844,0.14070510864257812,0.14961605072021486,1.224394445405986,1.4126132623003793,0.996914407735366,2,5.0,0.5,0.44063324538258575,0.5,0.5593667546174143,1.0654135299032161,-0.11873350923482849,0.9,0.1,0.0,0.0,0.0,0.0,2,0.4444444444444444,web,tunnel,ikev2,AES_GCM_16_256,PASS,0
web_01,17,0,4,560.0,0.28815388679504395,1943.4060259555438,13.88147161396817,140.0,32.49615361854384,116.0,196.0,124.0,117.2,118.4,122.0,142.0,174.4,185.2,1.1190135543575703,-0.6914600550964187,1.5,-0.9958705948858224,0.09605129559834798,0.13567368681361805,8.0108642578125e-05,0.28792285919189453,9.427070617675781e-05,0.00011551380157470703,0.00015091896057128906,0.1440368890762329,0.2303684711456299,0.9182958340544896,1.412498118534832,0.9991982492212096,1,4.0,0.75,0.7785714285714286,0.25,0.22142857142857142,1.0,0.5571428571428572,1.0,0.0,0.0,0.0,0.0,0.0,2,0.3333333333333333,web,tunnel,ikev2,AES_GCM_16_256,PASS,0
web_01,18,0,10,1516.0,0.5740659236907959,2640.8116863187124,17.419602152498104,151.6,57.86743471072482,116.0,300.0,120.0,116.0,116.0,116.0,175.0,206.39999999999998,253.19999999999987,1.6276301923390515,1.4655088749087053,1.3567796494470397,-0.4234309621333941,0.06378510263231066,0.09812765521679359,3.2901763916015625e-05,0.28792285919189453,5.311965942382813e-05,8.0108642578125e-05,0.0002219676971435547,0.13908910751342773,0.17359981536865238,1.4466166676282082,1.5383861243638253,0.9964552806765659,2,5.0,0.5,0.44063324538258575,0.5,0.5593667546174143,1.4993928734837725,-0.11873350923482849,0.9,0.1,0.0,0.0,0.0,0.0,2,0.4444444444444444,web,tunnel,ikev2,AES_GCM_16_256,PASS,0
web_01,19,0,6,956.0,0.14682292938232422,6511.244558474879,40.86555162222727,159.33333333333334,68.75722184291301,116.0,300.0,116.0,116.0,116.0,116.0,173.0,246.0,273.0,1.2781300022411237,0.03338304236546419,1.2516291673878228,-0.5177696078431373,0.029364585876464844,0.05782976385723333,3.2901763916015625e-05,0.1450190544128418,4.3010711669921876e-05,5.817413330078125e-05,0.0002219676971435547,0.0014908313751220703,0.08760776519775393,0.7219280948873623,1.9693039362644287,0.987713942385762,1,5.0,0.3333333333333333,0.24267782426778242,0.6666666666666666,0.7573221757322176,0.00520758415353003,-0.5146443514644351,0.8333333333333334,0.16666666666666666,0.0,0.0,0.0,0.0,2,0.4,web,tunnel,ikev2,AES_GCM_16_256,PASS,0
web_01,21,0,10,1516.0,0.58489990234375,2591.896483355943,17.096942502347908,151.6,57.86743471072482,116.0,300.0,120.0,116.0,116.0,116.0,175.0,206.39999999999998,253.19999999999987,1.6276301923390515,1.4655088749087053,1.3567796494470397,-0.4234309621333941,0.06498887803819445,0.10198180508888746,4.506111145019531e-05,0.30391883850097656,5.059242248535156e-05,8.58306884765625e-05,0.00014710426330566406,0.13876008987426758,0.17390213012695316,1.224394445405986,1.5691952065051256,0.9985928858395074,2,5.0,0.5,0.44063324538258575,0.5,0.5593667546174143,1.5877705610684065,-0.11873350923482849,0.9,0.1,0.0,0.0,0.0,0.0,2,0.4444444444444444,web,tunnel,ikev2,AES_GCM_16_256,PASS,0
web_01,22,0,9,1392.0,0.28098106384277344,4954.070501985541,32.03062824559617,154.66666666666666,60.22181221672648,116.0,300.0,116.0,116.0,116.0,116.0,192.0,216.8,258.4,1.462349873500888,0.9117589388696659,1.4466166676282082,-0.47300083939356596,0.03512263298034668,0.06060025821428129,4.506111145019531e-05,0.14139795303344727,4.9901008605957034e-05,7.736682891845703e-05,0.00013959407806396484,0.03496074676513672,0.13955144882202147,0.8112781244591328,1.7253414032708398,0.9970709024878661,2,4.5,0.4444444444444444,0.39080459770114945,0.5555555555555556,0.6091954022988506,0.6741704476491239,-0.21839080459770116,0.8888888888888888,0.1111111111111111,0.0,0.0,0.0,0.0,2,0.375,web,tunnel,ikev2,AES_GCM_16_256,PASS,0
web_01,24,0,10,1516.0,0.3825240135192871,3963.1498845066944,26.142149633949174,151.6,57.86743471072482,116.0,300.0,120.0,116.0,116.0,116.0,175.0,206.39999999999998,253.19999999999987,1.6276301923390515,1.4655088749087053,1.3567796494470397,-0.4234309621333941,0.04250266816880968,0.06086148685393946,4.410743713378906e-05,0.14280009269714355,6.394386291503906e-05,7.700920104980469e-05,0.00021910667419433594,0.09968709945678711,0.13959994316101074,1.224394445405986,1.4319113967344876,0.9967664367604034,2,5.0,0.5,0.44063324538258575,0.5,0.5593667546174143,0.8617003256058396,-0.11873350923482849,0.9,0.1,0.0,0.0,0.0,0.0,2,0.4444444444444444,web,tunnel,ikev2,AES_GCM_16_256,PASS,0
web_01,25,0,10,1516.0,0.3825240135192871,3963.1498845066944,26.142149633949174,151.6,57.86743471072482,116.0,300.0,120.0,116.0,116.0,116.0,175.0,206.39999999999998,253.19999999999987,1.6276301923390515,1.4655088749087053,1.3567796494470397,-0.4234309621333941,0.04250266816880968,0.06086148685393946,4.410743713378906e-05,0.14280009269714355,6.394386291503906e-05,7.700920104980469e-05,0.00021910667419433594,0.09968709945678711,0.13959994316101074,1.224394445405986,1.4319113967344876,0.9967664367604034,2,5.0,0.5,0.44063324538258575,0.5,0.5593667546174143,0.8617003256058396,-0.11873350923482849,0.9,0.1,0.0,0.0,0.0,0.0,2,0.4444444444444444,web,tunnel,ikev2,AES_GCM_16_256,PASS,0
web_01,27,0,10,1516.0,0.5709850788116455,2655.060624622894,17.513592510705106,151.6,57.86743471072482,116.0,300.0,120.0,116.0,116.0,116.0,175.0,206.39999999999998,253.19999999999987,1.6276301923390515,1.4655088749087053,1.3567796494470397,-0.4234309621333941,0.06344278653462727,0.0930113091228997,4.00543212890625e-05,0.25147104263305664,6.313323974609375e-05,6.985664367675781e-05,0.00017309188842773438,0.15561914443969727,0.18084306716918946,1.224394445405986,1.4660428420698792,0.9987586042753619,2,5.0,0.5,0.44063324538258575,0.5,0.5593667546174143,0.9817730455744881,-0.11873350923482849,0.9,0.1,0.0,0.0,0.0,0.0,2,0.4444444444444444,web,tunnel,ikev2,AES_GCM_16_256,PASS,0
web_01,28,0,10,1516.0,0.5709850788116455,2655.060624622894,17.513592510705106,151.6,57.86743471072482,116.0,300.0,120.0,116.0,116.0,116.0,175.0,206.39999999999998,253.19999999999987,1.6276301923390515,1.4655088749087053,1.3567796494470397,-0.4234309621333941,0.06344278653462727,0.0930113091228997,4.00543212890625e-05,0.25147104263305664,6.313323974609375e-05,6.985664367675781e-05,0.00017309188842773438,0.15561914443969727,0.18084306716918946,1.224394445405986,1.4660428420698792,0.9987586042753619,2,5.0,0.5,0.44063324538258575,0.5,0.5593667546174143,0.9817730455744881,-0.11873350923482849,0.9,0.1,0.0,0.0,0.0,0.0,2,0.4444444444444444,web,tunnel,ikev2,AES_GCM_16_256,PASS,0
web_02,-1,1,5001,3784856.0,31.296116828918457,120936.92072694114,159.79618261710158,756.8198360327934,576.9584965256257,116.0,1280.0,1280.0,116.0,116.0,116.0,1280.0,1280.0,1280.0,-0.1995026265722486,-1.9555935226269328,1.0556198856046952,-0.6871597345310348,0.006259223365783691,0.05455979367744381,9.5367431640625e-07,0.9158589839935303,1.6927719116210938e-05,2.7894973754882812e-05,5.1021575927734375e-05,0.000577390193939209,0.0024596214294433684,0.13390728663637944,8.715311018397456,0.7906545278624315,258,20.162790697674417,0.4341131773645271,0.06718776090820892,0.5658868226354729,0.9328122390917911,1.312223224881501,-0.8656244781835821,0.44471105778844233,0.007198560287942412,0.5480903819236153,2.015446732370866,0.0,0.0,2,0.8518,web,tunnel,ikev2,AES_GCM_16_256,PASS,0
web_02,0,0,248,208792.0,1.147933006286621,181885.17871387684,216.04048201579303,841.9032258064516,561.295267868463,116.0,1280.0,1280.0,116.0,116.0,116.0,1280.0,1280.0,1280.0,-0.5039999026333971,-1.7404241515390082,1.045750989721165,-0.4299287350979523,0.004647502049743405,0.020094395719155354,7.152557373046875e-06,0.20638203620910645,2.5606155395507814e-05,4.00543212890625e-05,8.0108642578125e-05,0.0009590387344360352,0.005404996871948246,0.4135078825700592,4.322767959253574,0.5343394713777161,22,12.045454545454545,0.3548387096774194,0.049312234185217824,0.6451612903225806,0.9506877658147822,1.9661394090663948,-0.9013755316295643,0.36693548387096775,0.012096774193548387,0.6209677419354839,2.071895312145465,0.0,0.0,2,0.6153846153846154,web,tunnel,ikev2,AES_GCM_16_256,PASS,0
web_02,1,0,108,97840.0,1.4371521472930908,68079.08277789787,75.1486195831252,905.925925925926,540.7754326771009,116.0,1280.0,1280.0,116.0,116.0,116.0,1280.0,1280.0,1280.0,-0.7573651332291973,-1.42035358870045,0.9694159336379797,-0.1847408942049999,0.01343132847937468,0.08646958909893498,1.6927719116210938e-05,0.8761119842529297,3.1566619873046876e-05,4.363059997558594e-05,8.416175842285156e-05,0.000708460807800293,0.014159250259399452,0.2101984753107396,6.437423655303614,0.8187691372035781,12,9.75,0.2962962962962963,0.03883892068683565,0.7037037037037037,0.9611610793131643,2.419070402486352,-0.9223221586263287,0.3148148148148148,0.009259259259259259,0.6759259259259259,2.147243345296614,0.0,0.0,2,0.5514018691588785,web,tunnel,ikev2,AES_GCM_16_256,PASS,0
web_02,2,0,283,212852.0,0.9457550048828125,225060.40031622595,299.23182910892046,752.1272084805654,577.5907908088474,116.0,1280.0,1280.0,116.0,116.0,116.0,1280.0,1280.0,1280.0,-0.18390061381678938,-1.9614836089082879,1.054028976093084,-0.7035653267514339,0.003353741152066711,0.017113816889738242,9.5367431640625e-07,0.16575384140014648,1.7023086547851564e-05,2.6941299438476562e-05,4.8041343688964844e-05,0.00021976232528686523,0.0016911268234252935,0.337246436767406,5.10138222711912,0.6295361683419113,10,28.8,0.4381625441696113,0.067990904478229,0.5618374558303887,0.932009095521771,1.393545990197893,-0.8640181910435419,0.44876325088339225,0.007067137809187279,0.5441696113074205,2.0139588318567463,0.0,0.0,2,0.8617021276595744,web,tunnel,ikev2,AES_GCM_16_256,PASS,0
web_02,3,0,279,212292.0,0.6280519962310791,338016.5993802389,444.230735152934,760.9032258064516,577.0007621517015,116.0,1280.0,1280.0,116.0,116.0,116.0,1280.0,1280.0,1280.0,-0.2154828689083934,-1.9490127422946764,1.0523850701670323,-0.7318834046245644,0.0022591798425578387,0.011037787703147112,9.5367431640625e-07,0.09940004348754883,1.6927719116210938e-05,2.6404857635498047e-05,4.756450653076172e-05,0.0001983046531677246,0.0015889406204223637,0.301596907086781,4.883588241657655,0.4425893454699095,9,31.444444444444443,0.4336917562724014,0.06611648107323875,0.5663082437275986,0.9338835189267612,1.100689932207502,-0.8677670378535225,0.44086021505376344,0.007168458781362007,0.5519713261648745,2.017328322905551,0.0,0.0,2,0.8633093525179856,web,tunnel,ikev2,AES_GCM_16_256,PASS,0
web_02,4,0,195,141632.0,0.6147558689117432,230387.38979543318,317.1990864360418,726.3179487179488,580.0358268650948,116.0,1280.0,1280.0,116.0,116.0,116.0,1280.0,1280.0,1280.0,-0.09410445511185159,-1.9893024502404633,1.0393555197068531,-0.7867712660744974,0.0031688446851120783,0.016185891348790126,7.867813110351562e-06,0.14448881149291992,1.5306472778320313e-05,2.5987625122070312e-05,4.851818084716797e-05,0.00046443939208984375,0.0023570537567138674,0.315019728790282,5.106209595949913,0.7043699895248079,7,28.714285714285715,0.46153846153846156,0.07433348395842747,0.5384615384615384,0.9256665160415726,1.3821062063889804,-0.851333032083145,0.4717948717948718,0.005128205128205128,0.5230769230769231,2.004973568572129,0.0,0.0,2,0.9072164948453608,web,tunnel,ikev2,AES_GCM_16_256,PASS,0
web_02,5,0,290,213664.0,0.7970190048217773,268078.9274877802,363.8558155396148,736.7724137931034,578.869823313022,116.0,1280.0,1280.0,116.0,116.0,116.0,1280.0,1280.0,1280.0,-0.13071198541926668,-1.9783687075438652,1.0559743355723266,-0.7525597002251116,0.002757851227757015,0.014626812728883342,3.0994415283203125e-06,0.14448881149291992,1.5020370483398438e-05,2.4080276489257812e-05,4.696846008300781e-05,0.00038504600524902344,0.002201318740844726,0.30162210636743725,5.301776544426119,0.6673287585179513,9,33.0,0.4517241379310345,0.0715328740452299,0.5482758620689655,0.9284671259547701,1.2085157221590361,-0.8569342519095402,0.46206896551724136,0.006896551724137931,0.5310344827586206,2.0095771365935224,0.0,0.0,2,0.889273356401384,web,tunnel,ikev2,AES_GCM_16_256,PASS,0
web_02,6,0,99,72592.0,1.383702039718628,52462.16158990514,71.54719524741857,733.2525252525253,577.1429867373316,116.0,1280.0,1280.0,116.0,116.0,116.0,1280.0,1280.0,1280.0,-0.11681776346630111,-1.9759940034851091,1.0686827279386057,-0.6032981552080252,0.014119408568557429,0.0962944328946574,3.0994415283203125e-06,0.912747859954834,1.4066696166992188e-05,2.199411392211914e-05,4.458427429199219e-05,0.0003470778465270996,0.0015069484710693356,0.245972264610718,6.819521717599638,0.9404099166957718,4,25.0,0.4444444444444444,0.07152303284108441,0.5555555555555556,0.9284769671589156,1.2562199237425757,-0.8569539343178312,0.46464646464646464,0.010101010101010102,0.5252525252525253,2.0132151824534206,0.0,0.0,2,0.8469387755102041,web,tunnel,ikev2,AES_GCM_16_256,PASS,0
web_02,7,0,271,211748.0,1.0466461181640625,202310.97820477307,258.92228069919673,781.3579335793358,572.949732410089,116.0,1280.0,1280.0,116.0,116.0,116.0,1280.0,1280.0,1280.0,-0.2826014225663811,-1.9150381130000342,1.0477708748386763,-0.6269252542257716,0.0038764671043113427,0.02195512094497124,8.106231689453125e-06,0.2896411418914795,1.8978118896484377e-05,3.504753112792969e-05,7.200241088867188e-05,0.0009000897407531738,0.0022098064422607423,0.24438290667004586,5.662232677760029,0.6574935215692563,15,18.866666666666667,0.4132841328413284,0.06313164705215633,0.5867158671586716,0.9368683529478437,1.7869802017241887,-0.8737367058956873,0.42435424354243545,0.007380073800738007,0.5682656826568265,2.0257638386971712,0.0,0.0,2,0.8111111111111111,web,tunnel,ikev2,AES_GCM_16_256,PASS,0
web_02,8,0,267,211188.0,0.6158759593963623,342906.7116160719,433.52885581326206,790.9662921348314,571.7681187643426,116.0,1280.0,1280.0,116.0,116.0,116.0,1280.0,1280.0,1280.0,-0.31773189548725683,-1.8940591325832918,1.0447210686468176,-0.6585632925090542,0.002315323155625422,0.010463197064732858,8.106231689453125e-06,0.10856389999389648,1.8596649169921875e-05,3.4332275390625e-05,6.99758529663086e-05,0.0008852481842041016,0.002151012420654297,0.3715200372218903,4.517157737391667,0.41880657532931426,14,19.857142857142858,0.40823970037453183,0.061234539841278864,0.5917602996254682,0.9387654601587211,1.2219495299518304,-0.8775309203174423,0.4157303370786517,0.00749063670411985,0.5767790262172284,2.0312524377938614,0.0,0.0,2,0.8120300751879699,web,tunnel,ikev2,AES_GCM_16_256,PASS,0
web_02,9,0,149,108360.0,0.6919898986816406,156591.88119139365,215.32106217716552,727.248322147651,579.5954838620572,116.0,1280.0,1280.0,116.0,116.0,116.0,1280.0,1280.0,1280.0,-0.09627709341201211,-1.9883258838357043,1.0492948006138192,-0.718921361713277,0.004675607423524599,0.024001904140320815,7.867813110351562e-06,0.22831106185913086,1.7094612121582032e-05,3.5762786865234375e-05,6.031990051269531e-05,0.0010506510734558105,0.0028086662292480494,0.38709348152940853,5.13233247237832,0.6446842906047927,9,17.333333333333332,0.4563758389261745,0.07360649686231081,0.5436241610738255,0.9263935031376892,1.5748477039239652,-0.8527870062753784,0.4697986577181208,0.006711409395973154,0.5234899328859061,2.0059310048833385,0.0,0.0,2,0.8783783783783784,web,tunnel,ikev2,AES_GCM_16_256,PASS,0
web_02,10,0,292,213896.0,0.9242410659790039,231428.79912334375,315.9348905263136,732.5205479452055,579.151531253371,116.0,1280.0,1280.0,116.0,116.0,116.0,1280.0,1280.0,1280.0,-0.1160369942543769,-1.9820290064959465,1.0563311558763837,-0.7664899721715064,0.0031760861373848932,0.01894027191090421,6.9141387939453125e-06,0.22831106185913086,1.9073486328125e-05,2.944469451904297e-05,5.4836273193359375e-05,0.0004273653030395508,0.002212047576904297,0.27668437731925577,5.961522946461322,0.6254353099716552,12,25.083333333333332,0.4554794520547945,0.07253992594531922,0.5445205479452054,0.9274600740546808,1.252749341919433,-0.8549201481093616,0.4657534246575342,0.00684931506849315,0.5273972602739726,2.008617839692726,0.0,0.0,2,0.8969072164948454,web,tunnel,ikev2,AES_GCM_16_256,PASS,0
web_02,11,0,166,117800.0,1.4827511310577393,79446.91292595128,111.95405386848823,709.6385542168674,578.676691020504,116.0,1280.0,1280.0,116.0,116.0,116.0,1280.0,1280.0,1280.0,-0.0350676763583256,-1.9908793928334798,1.093660448790269,-0.7584138834683486,0.008986370491259025,0.07175288468082108,6.9141387939453125e-06,0.883281946182251,2.288818359375e-05,2.9087066650390625e-05,4.482269287109375e-05,0.00010585784912109375,0.002096796035766601,0.2010033210551896,7.983746163642281,0.9208410722500603,7,24.285714285714285,0.463855421686747,0.0765704584040747,0.536144578313253,0.9234295415959253,1.157815779738395,-0.8468590831918505,0.4819277108433735,0.012048192771084338,0.5060240963855421,2.009412160450536,0.0,0.0,2,0.9151515151515152,web,tunnel,ikev2,AES_GCM_16_256,PASS,0
web_02,12,0,278,212272.0,0.9459850788116455,224392.54566959754,293.8735570218781,763.568345323741,576.370023164198,116.0,1280.0,1280.0,116.0,116.0,116.0,1280.0,1280.0,1280.0,-0.223779242183191,-1.9451028314150005,1.0519084020411802,-0.6683161968653388,0.003415108587767673,0.017388952414529663,1.9073486328125e-06,0.20922207832336426,1.7595291137695315e-05,3.0040740966796875e-05,5.1021575927734375e-05,0.0005462169647216797,0.002739763259887696,0.3021340280166478,5.090280934509998,0.5499327200384904,19,15.473684210526315,0.42805755395683454,0.06544433556945806,0.5719424460431655,0.9345556644305419,1.5420232639865472,-0.8691113288610839,0.43884892086330934,0.007194244604316547,0.5539568345323741,2.018170702540184,0.0,0.0,2,0.8411552346570397,web,tunnel,ikev2,AES_GCM_16_256,PASS,0
web_02,13,0,256,200132.0,1.461488962173462,136937.05883510233,175.16382718299022,781.765625,574.7917623525578,116.0,1280.0,1280.0,116.0,116.0,116.0,1280.0,1280.0,1280.0,-0.2901085878011814,-1.9119754086142835,1.0177871992298144,-0.6835649649401513,0.005731329263425341,0.05779635921000174,1.9073486328125e-06,0.9154047966003418,1.7023086547851564e-05,2.849102020263672e-05,5.078315734863281e-05,0.0005471706390380859,0.002483463287353515,0.07397157647587568,10.082526064712766,0.7427183903761365,16,16.75,0.421875,0.06263865848539964,0.578125,0.9373613415146004,3.675648022664992,-0.8747226830292008,0.42578125,0.00390625,0.5703125,2.0249534900974084,0.0,0.0,2,0.8352941176470589,web,tunnel,ikev2,AES_GCM_16_256,PASS,0
web_02,14,0,235,193996.0,0.7668421268463135,252980.36350431186,306.45160427799175,825.5148936170212,566.7763441131478,116.0,1280.0,1280.0,116.0,116.0,116.0,1280.0,1280.0,1280.0,-0.44614978871324257,-1.799274026808822,0.999619442661208,-0.5422329842511897,0.0032771031061808267,0.019142059612702638,1.9073486328125e-06,0.20810890197753906,2.288818359375e-05,3.504753112792969e-05,5.698204040527344e-05,0.00046390295028686523,0.0028029680252075217,0.26626025160976174,5.8393708168027105,0.5837616890350579,12,20.333333333333332,0.37872340425531914,0.05367120971566424,0.6212765957446809,0.9463287902843358,2.1865245925541803,-0.8926575805686715,0.3872340425531915,0.00425531914893617,0.6085106382978723,2.0518588090442664,0.0,0.0,2,0.7478632478632479,web,tunnel,ikev2,AES_GCM_16_256,PASS,0
web_02,15,0,258,209944.0,0.7354531288146973,285462.107338314,350.8041367854524,813.7364341085271,568.3047211790663,116.0,1280.0,1280.0,116.0,116.0,116.0,1280.0,1280.0,1280.0,-0.40257760131433284,-1.8324483165356176,1.0357524021360165,-0.55705239733191,0.002861685326127227,0.016096895685798016,1.9073486328125e-06,0.20810890197753906,2.193450927734375e-05,3.4809112548828125e-05,5.602836608886719e-05,0.00047016143798828125,0.002623319625854493,0.2770240610600965,5.623005623036689,0.5204086991533089,13,20.53846153846154,0.38372093023255816,0.05508135502800747,0.6162790697674418,0.9449186449719925,1.3393658160411315,-0.889837289943985,0.3953488372093023,0.007751937984496124,0.5968992248062015,2.0466788169945214,0.0,0.0,2,0.7626459143968871,web,tunnel,ikev2,AES_GCM_16_256,PASS,0
web_02,16,0,64,40784.0,1.4767770767211914,27616.896715752468,43.337617443314976,637.25,570.4208424488012,116.0,1280.0,124.0,116.0,116.0,116.0,1280.0,1280.0,1280.0,0.22320091869610947,-1.9290753902079716,1.1940675871855553,-0.7399658072016368,0.02344090597970145,0.11530696334691469,1.0013580322265625e-05,0.8874409198760986,1.6927719116210938e-05,2.944469451904297e-05,5.602836608886719e-05,0.000800013542175293,0.006325054168701177,0.4363919883832714,4.918839084448167,0.9605316519783819,7,9.714285714285714,0.484375,0.0903295409964692,0.515625,0.9096704590035308,1.0656242754066083,-0.8193409180070615,0.53125,0.03125,0.4375,2.035648706745794,0.0,0.0,2,0.9523809523809523,web,tunnel,ikev2,AES_GCM_16_256,PASS,0
web_02,17,0,289,213548.0,1.0399510860443115,205344.27326988807,277.8976856491171,738.9204152249135,578.7155780777482,116.0,1280.0,1280.0,116.0,116.0,116.0,1280.0,1280.0,1280.0,-0.1381334966086841,-1.976353211771207,1.0557641212941977,-0.7596379208216893,0.0036109412709871926,0.019367360443361032,5.9604644775390625e-06,0.2136859893798828,1.361370086669922e-05,2.002716064453125e-05,4.792213439941406e-05,0.0006035566329956055,0.002135610580444337,0.3024926899169702,5.362036365023086,0.701410931226531,17,17.823529411764707,0.44982698961937717,0.07102852754415868,0.5501730103806228,0.9289714724558413,1.3372348391149051,-0.8579429449116827,0.4602076124567474,0.006920415224913495,0.532871972318339,2.0101034419215265,0.0,0.0,2,0.8923611111111112,web,tunnel,ikev2,AES_GCM_16_256,PASS,0
web_02,18,0,250,188960.0,1.4516279697418213,130171.09337842767,172.22043471955396,755.84,577.9490136681609,116.0,1280.0,1280.0,116.0,116.0,116.0,1280.0,1280.0,1280.0,-0.1989722575461879,-1.9565414098559646,1.0263676981179117,-0.7703679717269303,0.005829831203782415,0.05684262118760486,5.9604644775390625e-06,0.8777918815612793,1.2874603271484375e-05,1.9073486328125e-05,4.696846008300781e-05,0.00043201446533203125,0.0019337177276611342,0.10514824406224561,9.748630890006126,0.8269397948844794,11,23.363636363636363,0.444,0.06818374259102455,0.556,0.9318162574089754,3.1726809573583243,-0.8636325148179509,0.448,0.004,0.548,2.0138948657466034,0.0,0.0,2,0.8875502008032129,web,tunnel,ikev2,AES_GCM_16_256,PASS,0
web_02,19,0,285,213084.0,0.7320201396942139,291090.35181601887,389.3335504663202,747.6631578947369,578.0049889396721,116.0,1280.0,1280.0,116.0,116.0,116.0,1280.0,1280.0,1280.0,-0.16840225294467387,-1.9669892927659636,1.0547007644324036,-0.7461818277723125,0.00257753570314864,0.015231031274221717,5.9604644775390625e-06,0.19524192810058594,1.4066696166992188e-05,2.09808349609375e-05,4.839897155761719e-05,0.0007277131080627441,0.002241706848144532,0.23614667909939469,5.906852969157325,0.5364345352186991,14,21.285714285714285,0.4456140350877193,0.06955003660528242,0.5543859649122806,0.9304499633947175,1.5493700504809216,-0.8608999267894352,0.45263157894736844,0.007017543859649123,0.5403508771929825,2.0125359055500147,0.0,0.0,2,0.8802816901408451,web,tunnel,ikev2,AES_GCM_16_256,PASS,0
web_02,20,0,285,213076.0,0.731680154800415,291214.6770717351,389.51445946725346,747.6350877192982,578.0354692241062,116.0,1280.0,1280.0,116.0,116.0,116.0,1280.0,1280.0,1280.0,-0.16840170620648687,-1.9669911818239096,1.0547007644324036,-0.7459962586204282,0.002576338573240898,0.015219980302010149,5.9604644775390625e-06,0.19524192810058594,1.4066696166992188e-05,2.09808349609375e-05,4.839897155761719e-05,0.0007277131080627441,0.002241706848144532,0.23614667909939469,5.905308856209623,0.5362191333736737,14,21.214285714285715,0.4421052631578947,0.06897069590193171,0.5578947368421052,0.9310293040980683,1.0166724945429217,-0.8620586081961366,0.45263157894736844,0.007017543859649123,0.5403508771929825,2.0125370695564904,0.0,0.0,2,0.8802816901408451,web,tunnel,ikev2,AES_GCM_16_256,PASS,0
web_02,21,0,58,40768.0,1.4013278484344482,29092.406923580136,41.38931518758948,702.8965517241379,577.6870853747719,116.0,1280.0,792.0,116.0,116.0,116.0,1280.0,1280.0,1280.0,-0.005517631529007371,-1.9939199192340287,1.1081984662256323,-0.5338420255908395,0.0245846990953412,0.11872268315839614,1.4066696166992188e-05,0.8701229095458984,3.719329833984376e-05,4.696846008300781e-05,8.296966552734375e-05,0.0022211074829101562,0.013474512100219702,0.38089132790461366,4.828932571654763,0.8915386310217019,9,7.222222222222222,0.43103448275862066,0.07329277864992151,0.5689655172413793,0.9267072213500785,0.5034300192680748,-0.853414442700157,0.4827586206896552,0.017241379310344827,0.5,2.008996631331211,0.0,0.0,2,0.8421052631578947,web,tunnel,ikev2,AES_GCM_16_256,PASS,0
web_02,22,0,278,212272.0,1.027311086654663,206628.74445484937,270.60936420464367,763.568345323741,576.370023164198,116.0,1280.0,1280.0,116.0,116.0,116.0,1280.0,1280.0,1280.0,-0.22377924218319095,-1.9451028314150005,1.0519084020411802,-0.6830534869719982,0.003708704283951852,0.019466467555370653,1.0967254638671875e-05,0.2387700080871582,2.3698806762695314e-05,3.695487976074219e-05,5.793571472167969e-05,0.0009038448333740234,0.0028717517852783207,0.2949138114101496,5.247444557665261,0.5727136327400203,20,14.75,0.42805755395683454,0.06544433556945806,0.5719424460431655,0.9345556644305419,1.5298496894311548,-0.8691113288610839,0.43884892086330934,0.007194244604316547,0.5539568345323741,2.018170702540184,0.0,0.0,2,0.8483754512635379,web,tunnel,ikev2,AES_GCM_16_256,PASS,0
web_02,23,0,225,172180.0,1.4390339851379395,119649.71069359114,156.35488968555006,765.2444444444444,576.4302234174885,116.0,1280.0,1280.0,116.0,116.0,116.0,1280.0,1280.0,1280.0,-0.23063067192386166,-1.9421802890894977,1.026984120236405,-0.6789013028603473,0.006424258862222944,0.060102238584087656,1.0967254638671875e-05,0.8844189643859863,2.1266937255859376e-05,3.600120544433594e-05,5.412101745605469e-05,0.0007782578468322754,0.0023150682449340834,0.11482605765802201,9.35405714740248,0.8290319042583966,12,19.5,0.4311111111111111,0.0658613079335579,0.5688888888888889,0.9341386920664421,1.328945242173484,-0.8682773841328842,0.44,0.0044444444444444444,0.5555555555555556,2.0176427876362975,0.0,0.0,2,0.8482142857142857,web,tunnel,ikev2,AES_GCM_16_256,PASS,0
web_02,24,0,280,212504.0,0.7604570388793945,279442.4788455437,368.19962954463085,758.9428571428572,576.891197607964,116.0,1280.0,1280.0,116.0,116.0,116.0,1280.0,1280.0,1280.0,-0.20762773604296042,-1.9521215715163234,1.0528349106771546,-0.6970472760274036,0.0027256524691017725,0.013352051071528152,7.867813110351562e-06,0.13925385475158691,1.8072128295898437e-05,3.0994415283203125e-05,5.602836608886719e-05,0.0004284381866455078,0.002794218063354492,0.2764686282955395,4.896865743923225,0.5345470951107165,15,19.533333333333335,0.43214285714285716,0.06646463125399993,0.5678571428571428,0.9335353687460001,1.3092742963968185,-0.8670707374920001,0.44285714285714284,0.007142857142857143,0.55,2.0163694490592796,0.0,0.0,2,0.8566308243727598,web,tunnel,ikev2,AES_GCM_16_256,PASS,0
web_02,25,0,276,211944.0,0.5213181972503662,406554.0031364234,529.4271357795119,767.9130434782609,576.1760937328864,116.0,1280.0,1280.0,116.0,116.0,116.0,1280.0,1280.0,1280.0,-0.2400202434973604,-1.9377607581552923,1.050872287430209,-0.7262956264523008,0.001895702535455877,0.008850790175097645,7.867813110351562e-06,0.10300016403198242,1.7976760864257814e-05,3.0517578125e-05,5.412101745605469e-05,0.0004025697708129883,0.0024367332458496093,0.28981461625450766,4.6664092073722765,0.3218767135880126,14,20.571428571428573,0.427536231884058,0.06458309742196051,0.572463768115942,0.9354169025780394,1.06897204170619,-0.870833805156079,0.43478260869565216,0.007246376811594203,0.5579710144927537,2.020215681384154,0.0,0.0,2,0.8581818181818182,web,tunnel,ikev2,AES_GCM_16_256,PASS,0
web_02,26,0,295,214244.0,0.667320966720581,321050.904563752,442.06613415688116,726.2508474576272,579.5097677984885,116.0,1280.0,1280.0,116.0,116.0,116.0,1280.0,1280.0,1280.0,-0.09443092310820654,-1.9866323071421061,1.0567137328065517,-0.8147879313024249,0.0022697992065325886,0.012260433150757909,2.86102294921875e-06,0.15932083129882812,1.3113021850585938e-05,2.002716064453125e-05,4.100799560546875e-05,0.00011676549911499023,0.0023375272750854477,0.283743537212238,5.399170968303735,0.3851459138025836,15,20.533333333333335,0.46440677966101696,0.07458785310207054,0.535593220338983,0.9254121468979295,1.3523117700917402,-0.8508242937958589,0.4711864406779661,0.006779661016949152,0.5220338983050847,2.0074024582247865,0.0,0.0,2,0.9183673469387755,web,tunnel,ikev2,AES_GCM_16_256,PASS,0
web_02,27,0,296,214360.0,0.8048419952392578,266337.99089506577,367.77404975247,724.1891891891892,579.6127009705443,116.0,1280.0,1280.0,116.0,116.0,116.0,1280.0,1280.0,1280.0,-0.08733378501986651,-1.9879402013193734,1.0568021844150643,-0.8079435648336919,0.002728277949963586,0.014546761792814226,2.86102294921875e-06,0.15932083129882812,1.3113021850585938e-05,2.002716064453125e-05,4.100799560546875e-05,0.0001239776611328125,0.002407836914062501,0.3154759936000741,5.329893861857605,0.49020425671080103,15,20.533333333333335,0.46283783783783783,0.07454749020339616,0.5371621621621622,0.9254525097966039,1.0960901942753238,-0.8509050195932076,0.47297297297297297,0.006756756756756757,0.5202702702702703,2.007054475679718,0.0,0.0,2,0.9186440677966101,web,tunnel,ikev2,AES_GCM_16_256,PASS,0
web_02,28,0,59,40884.0,1.3642909526824951,29967.214778939266,43.245907248738305,692.9491525423729,577.7587738878282,116.0,1280.0,304.0,116.0,116.0,116.0,1280.0,1280.0,1280.0,0.0284685291235546,-1.9932338715601312,1.1070007151686347,-0.5421408480862456,0.023522257804870605,0.11725394887603925,1.2874603271484375e-05,0.8744239807128906,2.13623046875e-05,3.927946090698242e-05,6.198883056640625e-05,0.002044081687927246,0.011129140853881902,0.375657128854188,4.984596515018478,0.9305720773171258,8,8.125,0.4406779661016949,0.07592212112317777,0.559322033898305,0.9240778788768222,0.4596025223595648,-0.8481557577536445,0.4915254237288136,0.01694915254237288,0.4915254237288136,2.00895198401304,0.0,0.0,2,0.8448275862068966,web,tunnel,ikev2,AES_GCM_16_256,PASS,0
web_02,29,0,292,213896.0,0.9218320846557617,232033.58134347736,316.7605086223931,732.5205479452055,579.151531253371,116.0,1280.0,1280.0,116.0,116.0,116.0,1280.0,1280.0,1280.0,-0.11603699425437691,-1.9820290064959465,1.0563311558763837,-0.7664899721715066,0.0031678078510507276,0.01742074012835745,5.0067901611328125e-06,0.20273804664611816,1.5974044799804688e-05,2.5510787963867188e-05,5.1975250244140625e-05,0.0006334781646728516,0.002212047576904297,0.2738500203013311,5.497569100815312,0.6529369105048464,14,21.571428571428573,0.4554794520547945,0.07253992594531922,0.5445205479452054,0.9274600740546808,1.3694061868790683,-0.8549201481093616,0.4657534246575342,0.00684931506849315,0.5273972602739726,2.008617839692726,0.0,0.0,2,0.8969072164948454,web,tunnel,ikev2,AES_GCM_16_256,PASS,0
web_02,30,0,238,173688.0,1.3926630020141602,124716.46029857983,170.89561484421492,729.781512605042,579.5593104075415,116.0,1280.0,1280.0,116.0,116.0,116.0,1280.0,1280.0,1280.0,-0.10751188314211117,-1.9841549112810415,1.0328564740087312,-0.7806389083255829,0.0058762151983719835,0.060112625322137576,5.0067901611328125e-06,0.9115819931030273,1.5020370483398438e-05,2.3126602172851562e-05,4.506111145019531e-05,0.00055694580078125,0.0015932083129882816,0.13722316785770738,10.228079676032461,0.8738927887377569,7,34.285714285714285,0.46218487394957986,0.07397171940490996,0.5378151260504201,0.92602828059509,1.1650499071081353,-0.8520565611901801,0.47058823529411764,0.004201680672268907,0.5252100840336135,2.0069435796924884,0.0,0.0,2,0.9071729957805907,web,tunnel,ikev2,AES_GCM_16_256,PASS,0
web_02,31,0,295,214244.0,0.8210349082946777,260943.83787529002,359.3026277198454,726.2508474576272,579.5097677984885,116.0,1280.0,1280.0,116.0,116.0,116.0,1280.0,1280.0,1280.0,-0.09443092310820653,-1.9866323071421061,1.0567137328065517,-0.8010607244878512,0.002792635742498904,0.01463118018848707,1.9073486328125e-06,0.14255380630493164,1.5974044799804688e-05,2.6226043701171875e-05,4.8041343688964844e-05,0.00021219253540039062,0.002189970016479492,0.30665219791167225,5.237325670597089,0.5805155546263143,13,23.46153846153846,0.4610169491525424,0.07404641436866377,0.5389830508474577,0.9259535856313362,1.1579168767110632,-0.8519071712626725,0.4711864406779661,0.006779661016949152,0.5220338983050847,2.0074024582247865,0.0,0.0,2,0.9149659863945578,web,tunnel,ikev2,AES_GCM_16_256,PASS,0
web_02,32,0,291,213684.0,0.5795450210571289,368709.9228464185,502.1180226329898,734.3092783505155,579.3479928219002,116.0,1280.0,1280.0,116.0,116.0,116.0,1280.0,1280.0,1280.0,-0.12316880948307564,-1.9805306069204869,1.0561632024654077,-0.8271472388403912,0.0019984311070935477,0.010828979177564198,1.9073486328125e-06,0.12912988662719727,1.5974044799804688e-05,2.5987625122070312e-05,4.792213439941406e-05,0.0001951456069946289,0.0020573616027832063,0.26344772455948534,5.416030159351492,0.4061197438855219,12,25.0,0.4570446735395189,0.07220007113307501,0.5429553264604811,0.927799928866925,0.9628315411622411,-0.8555998577338499,0.4639175257731959,0.006872852233676976,0.5292096219931272,2.009155109416732,0.0,0.0,2,0.9172413793103448,web,tunnel,ikev2,AES_GCM_16_256,PASS,0
web_02,33,0,279,212388.0,0.6634371280670166,320132.8219582938,420.53721173684,761.247311827957,576.6362411498857,116.0,1280.0,1280.0,116.0,116.0,116.0,1280.0,1280.0,1280.0,-0.21566933196058757,-1.9486924378114967,1.0523850701670323,-0.6692844559891139,0.0023864644894497,0.012402875471986506,6.198883056640625e-06,0.14077281951904297,1.5974044799804688e-05,2.7239322662353516e-05,5.0067901611328125e-05,0.0005707144737243652,0.002519512176513673,0.2745772218887635,5.194998931626126,0.47995926195718697,15,19.466666666666665,0.4336917562724014,0.06650093225605966,0.5663082437275986,0.9334990677439403,1.612070548885883,-0.8669981354878806,0.44086021505376344,0.007168458781362007,0.5519713261648745,2.017250059939026,0.0,0.0,2,0.8345323741007195,web,tunnel,ikev2,AES_GCM_16_256,PASS,0
web_02,34,0,280,212504.0,0.7917301654815674,268404.5767925807,353.6558441343344,758.9428571428572,576.891197607964,116.0,1280.0,1280.0,116.0,116.0,116.0,1280.0,1280.0,1280.0,-0.20762773604296042,-1.9521215715163234,1.0528349106771546,-0.6617666557661672,0.0028377425286077685,0.014487759409704232,6.198883056640625e-06,0.14077281951904297,1.5974044799804688e-05,2.753734588623047e-05,5.0067901611328125e-05,0.0005819797515869141,0.0026201725006103557,0.30070500167843905,5.103583457711327,0.5642273734573171,15,19.466666666666665,0.43214285714285716,0.06646463125399993,0.5678571428571428,0.9335353687460001,1.3096429056093923,-0.8670707374920001,0.44285714285714284,0.007142857142857143,0.55,2.0163694490592796,0.0,0.0,2,0.8351254480286738,web,tunnel,ikev2,AES_GCM_16_256,PASS,0
web_02,35,0,132,93584.0,1.4358317852020264,65177.55141270425,91.93277468880322,708.969696969697,580.014236233251,116.0,1280.0,1280.0,116.0,116.0,116.0,1280.0,1280.0,1280.0,-0.03279346549494734,-1.996223680582972,1.0563033938988267,-0.7688003428664032,0.010960547978641422,0.0789058256862911,6.9141387939453125e-06,0.8831069469451904,1.2874603271484375e-05,1.9550323486328125e-05,5.0067901611328125e-05,0.001157522201538086,0.002913951873779297,0.17846116947638163,7.198419953097785,0.8221129250130557,8,17.25,0.4621212121212121,0.07655154727303813,0.5378787878787878,0.9234484527269619,0.4490575450575585,-0.8468969054539237,0.48484848484848486,0.007575757575757576,0.5075757575757576,2.004261115221822,0.0,0.0,2,0.916030534351145,web,tunnel,ikev2,AES_GCM_16_256,PASS,0
web_02,36,0,283,213440.0,0.9324350357055664,228906.02758023952,303.50639901240527,754.2049469964664,575.3158484588224,116.0,1280.0,1280.0,116.0,116.0,116.0,1280.0,1280.0,1280.0,-0.1839277022603849,-1.9613632999944397,1.054028976093084,-0.6969148860826568,0.003306507218814065,0.01609844111992593,9.5367431640625e-07,0.15649700164794922,1.4162063598632814e-05,2.6226043701171875e-05,5.602836608886719e-05,0.0010502934455871582,0.002294492721557618,0.33724643676740595,4.867242927952901,0.4621254969424043,14,21.0,0.4381625441696113,0.07055847076461769,0.5618374558303887,0.9294415292353823,1.322200680301445,-0.8588830584707646,0.44876325088339225,0.007067137809187279,0.5441696113074205,2.0138749109612335,0.0,0.0,2,0.8546099290780141,web,tunnel,ikev2,AES_GCM_16_256,PASS,0
web_02,37,0,163,123860.0,1.4651639461517334,84536.61470808057,111.25034876002853,759.8773006134969,571.7947073896787,116.0,1280.0,1280.0,116.0,116.0,128.0,1280.0,1280.0,1280.0,-0.19592334860214103,-1.9534974792455584,1.0875325992626366,-0.56877690645546,0.009044221889825515,0.0708411503466046,9.5367431640625e-07,0.8790669441223145,1.9073486328125e-05,3.123283386230469e-05,7.104873657226562e-05,0.0008405447006225586,0.0016648054122924809,0.18705836267384862,7.831886404720487,0.855516445542584,8,20.875,0.4233128834355828,0.07007912158889068,0.5766871165644172,0.9299208784111093,1.3675800554894075,-0.8598417568222186,0.44171779141104295,0.012269938650306749,0.5460122699386503,2.0190812627133927,0.0,0.0,2,0.808641975308642,web,tunnel,ikev2,AES_GCM_16_256,PASS,0
web_02,38,0,269,211228.0,0.7847549915313721,269164.2643620646,342.7821458963555,785.2342007434944,573.426063870679,116.0,1280.0,1280.0,116.0,116.0,116.0,1280.0,1280.0,1280.0,-0.30006467923374036,-1.9048811922148852,1.0463123624825312,-0.6196324588514067,0.0029281902669081048,0.014649464963305069,6.9141387939453125e-06,0.14329886436462402,2.002716064453125e-05,2.5987625122070312e-05,4.315376281738281e-05,0.00029593706130981445,0.0019039869308471694,0.34610678692361707,5.00119952220388,0.6031792182350848,11,25.181818181818183,0.40892193308550184,0.060825269377165904,0.5910780669144982,0.9391747306228341,1.3909436951081497,-0.8783494612456682,0.4200743494423792,0.007434944237918215,0.5724907063197026,2.0284226607041136,0.0,0.0,2,0.8097014925373134,web,tunnel,ikev2,AES_GCM_16_256,PASS,0
web_02,39,0,259,207464.0,1.4275319576263428,145330.5468165945,181.43201531590046,801.019305019305,571.6682452602201,116.0,1280.0,1280.0,116.0,116.0,116.0,1280.0,1280.0,1280.0,-0.3589197153647894,-1.8672758588190468,1.0096864721378123,-0.6502166927239786,0.005533069603202879,0.05590041921022741,6.9141387939453125e-06,0.8856320381164551,2.002716064453125e-05,2.5987625122070312e-05,4.2557716369628906e-05,0.00029605627059936523,0.0019039869308471694,0.07324275929922312,10.101141333291991,0.7832876242400213,10,26.5,0.40540540540540543,0.058747541742181775,0.5945945945945946,0.9412524582578182,3.8742825489372907,-0.8825049165156365,0.4092664092664093,0.003861003861003861,0.5868725868725869,2.0360139251952605,0.0,0.0,2,0.810077519379845,web,tunnel,ikev2,AES_GCM_16_256,PASS,0
web_02,40,0,232,170368.0,0.6185598373413086,275426.8701509543,375.06476495011617,734.3448275862069,579.791893453699,116.0,1280.0,1280.0,116.0,116.0,116.0,1280.0,1280.0,1280.0,-0.12234354666068034,-1.9834773344077212,1.0327347262035156,-0.7637770842944123,0.0026777482135987387,0.013414510151573267,5.0067901611328125e-06,0.14088892936706543,1.5020370483398438e-05,2.288818359375e-05,4.410743713378906e-05,0.00017189979553222656,0.0020389556884765625,0.3317697780745554,5.007753279488583,0.60695806551579,10,23.9,0.45689655172413796,0.07268970698722765,0.5431034482758621,0.9273102930127723,1.414319173637285,-0.8546205860255447,0.46551724137931033,0.004310344827586207,0.5301724137931034,2.006083741740272,0.0,0.0,2,0.8917748917748918,web,tunnel,ikev2,AES_GCM_16_256,PASS,0
web_02,41,0,231,170244.0,0.5205779075622559,327028.8606698903,443.7376166839634,736.987012987013,579.6501070340488,116.0,1280.0,1280.0,116.0,116.0,116.0,1280.0,1280.0,1280.0,-0.1315844048467333,-1.9811244229819966,1.0324146184651952,-0.7723960629518898,0.002263382206792417,0.011877245370351027,5.0067901611328125e-06,0.14088892936706543,1.5020370483398438e-05,2.288818359375e-05,4.410743713378906e-05,0.00014168024063110352,0.001967072486877441,0.29281522558834483,5.245247615320028,0.5329806518272359,10,23.8,0.45454545454545453,0.07201428537863303,0.5454545454545454,0.927985714621367,1.2015376531926745,-0.855971429242734,0.46320346320346323,0.004329004329004329,0.5324675324675324,2.00668909728717,0.0,0.0,2,0.8913043478260869,web,tunnel,ikev2,AES_GCM_16_256,PASS,0
web_03,-1,1,3246,2537136.0,32.01823806762695,79240.33779251741,101.37971968176383,781.6192236598891,573.8475480726324,116.0,1280.0,1280.0,116.0,116.0,116.0,1280.0,1280.0,1280.0,-0.28672451655008346,-1.912773667811134,1.051987743271783,-0.612904151724053,0.009866945475385809,0.15098408112469763,0.0,3.878229856491089,1.6927719116210938e-05,2.9087066650390625e-05,5.412101745605469e-05,0.0006420612335205078,0.0028803825378417966,0.016615805334675052,15.300457577649373,0.8457600454953297,191,17.780104712041886,0.41189155884165124,0.0616679594629535,0.5881084411583487,0.9383320405370464,1.4234798926389636,-0.876664081074093,0.42298213185459027,0.007701786814540973,0.5693160813308688,2.0265551459050326,0.0,0.0,2,0.8058551617873652,web,tunnel,ikev2,AES_GCM_16_256,PASS,0
web_03,0,0,316,250720.0,1.4639549255371094,171262.10351593545,215.85364035990588,793.4177215189874,571.6211148360898,116.0,1280.0,1280.0,116.0,116.0,116.0,1280.0,1280.0,1280.0,-0.32755284530121803,-1.8871634617756685,1.0560564250768534,-0.5237272170495626,0.004647475954086062,0.020249238486674793,3.0994415283203125e-06,0.17739605903625488,1.9359588623046876e-05,3.2901763916015625e-05,6.29425048828125e-05,0.0009565353393554688,0.003985500335693361,0.44355246268379384,4.356102663901162,0.6071459049371103,29,11.793103448275861,0.39556962025316456,0.05853541799617103,0.6044303797468354,0.941464582003829,1.6433041864162896,-0.882929164007658,0.41139240506329117,0.00949367088607595,0.5791139240506329,2.033730081715273,0.0,0.0,2,0.765079365079365,web,tunnel,ikev2,AES_GCM_16_256,PASS,0
web_03,1,0,329,272216.0,1.4410831928253174,188896.7974612948,228.30049065729415,827.4042553191489,564.5744429419645,116.0,1280.0,1280.0,116.0,116.0,116.0,1280.0,1280.0,1280.0,-0.45084469158273605,-1.7894425346864713,1.0625690821312725,-0.4957663293334232,0.004393546319589383,0.01906679412468137,0.0,0.17739605903625488,1.5687942504882815e-05,2.3663043975830078e-05,5.1021575927734375e-05,0.00017982721328735352,0.002042937278747561,0.45175518580306745,4.338740051433326,0.5605701266688957,19,17.894736842105264,0.3708206686930091,0.05231139977077027,0.6291793313069909,0.9476886002292297,1.7023173835055394,-0.8953772004584595,0.3799392097264438,0.0121580547112462,0.60790273556231,2.0603695295429434,0.0,0.0,2,0.7225609756097561,web,tunnel,ikev2,AES_GCM_16_256,PASS,0
web_03,2,0,202,169416.0,0.9496719837188721,178394.22759064104,212.70502180024016,838.6930693069307,562.7791319319722,116.0,1280.0,1280.0,116.0,116.0,116.0,1280.0,1280.0,1280.0,-0.4940364652750608,-1.7510982855106612,1.0251202086431217,-0.5518005833047505,0.004724736237407324,0.021826174699047105,0.0,0.22821283340454102,1.5020370483398438e-05,2.2172927856445312e-05,4.506111145019531e-05,0.00013399124145507812,0.0017058849334716797,0.4432228693773879,4.618576577820512,0.6159693192405227,8,25.375,0.36633663366336633,0.050668177740000944,0.6336633663366337,0.949331822259999,1.536777375164207,-0.8986636445199981,0.3712871287128713,0.009900990099009901,0.6188118811881188,2.0683069312129954,0.0,0.0,2,0.7313432835820896,web,tunnel,ikev2,AES_GCM_16_256,PASS,0
web_03,7,0,123,92540.0,0.49756407737731934,185986.0954749429,247.2043412947696,752.3577235772358,577.4270957407791,116.0,1280.0,1280.0,116.0,116.0,116.0,1280.0,1280.0,1280.0,-0.18227339348108987,-1.9638373172804098,1.0530611719691014,-0.6498930206620022,0.0040783940768632735,0.016898778615696008,1.0967254638671875e-05,0.14026808738708496,2.322196960449219e-05,3.62396240234375e-05,6.604194641113281e-05,0.0010109543800354004,0.0031101465225219734,0.49053775463711546,4.142472704840963,0.6039248946421427,9,14.444444444444445,0.43089430894308944,0.06738707585908796,0.5691056910569106,0.932612924140912,1.6442391928442308,-0.865225848281824,0.44715447154471544,0.008130081300813009,0.5447154471544715,2.012816048812765,0.0,0.0,2,0.8442622950819673,web,tunnel,ikev2,AES_GCM_16_256,PASS,0
web_03,8,0,328,245128.0,1.2250630855560303,200094.1852629096,267.7413137880387,747.3414634146342,577.5167660856727,116.0,1280.0,1280.0,116.0,116.0,116.0,1280.0,1280.0,1280.0,-0.1656532759093031,-1.9674190550140072,1.0686334665760864,-0.668543640699643,0.003746370292220276,0.018996199819810964,5.9604644775390625e-06,0.23294305801391602,1.7070770263671874e-05,3.0994415283203125e-05,5.3882598876953125e-05,0.0003800392150878906,0.0023655891418457083,0.32019398862205417,5.069208094873358,0.653241829426811,18,19.0,0.43597560975609756,0.06838876015795829,0.5640243902439024,0.9316112398420417,1.4059222127563338,-0.8632224796840834,0.45121951219512196,0.009146341463414634,0.5396341463414634,2.0132795285763607,0.0,0.0,2,0.8501529051987767,web,tunnel,ikev2,AES_GCM_16_256,PASS,0
web_03,9,0,414,329800.0,1.367218017578125,241219.75848753375,302.80466953862634,796.6183574879227,571.5864897096136,116.0,1280.0,1280.0,116.0,116.0,116.0,1280.0,1280.0,1280.0,-0.3413910840417125,-1.8776763169231487,1.0398570319562574,-0.597811550671476,0.003310455248373184,0.01736403924306681,5.9604644775390625e-06,0.23294305801391602,1.71661376953125e-05,2.9802322387695312e-05,5.1021575927734375e-05,0.0002720355987548828,0.0017953872680664066,0.33840295733839443,5.243627934152886,0.533453319959376,18,23.666666666666668,0.40096618357487923,0.058653729533050335,0.5990338164251208,0.9413462704669496,1.3768408999177433,-0.8826925409338994,0.4106280193236715,0.007246376811594203,0.5821256038647343,2.035449218462497,0.0,0.0,2,0.7869249394673123,web,tunnel,ikev2,AES_GCM_16_256,PASS,0
web_03,10,0,209,177212.0,0.6306619644165039,280993.63842872414,331.3978197390885,847.9043062200957,560.961640519712,116.0,1280.0,1280.0,116.0,116.0,116.0,1280.0,1280.0,1280.0,-0.53224321976241,-1.7115131382779347,0.990033884066943,-0.5382289917404058,0.0030320286750793457,0.013971067417466062,7.867813110351562e-06,0.1596829891204834,1.8620491027832033e-05,3.0040740966796875e-05,5.650520324707031e-05,0.0003708004951477051,0.002185535430908205,0.3773835023367203,4.606309044242904,0.36402365351725474,9,23.666666666666668,0.36363636363636365,0.04974832404126132,0.6363636363636364,0.9502516759587387,1.3136430015603147,-0.9005033519174773,0.3684210526315789,0.004784688995215311,0.6267942583732058,2.0750081559436255,0.0,0.0,2,0.7211538461538461,web,tunnel,ikev2,AES_GCM_16_256,PASS,0
web_03,15,0,207,165452.0,0.752784013748169,219786.81398426872,274.9792719020841,799.2850241545893,570.3808295708295,116.0,1280.0,1280.0,116.0,116.0,116.0,1280.0,1280.0,1280.0,-0.3448144075358885,-1.879187921493306,1.0172517822242981,-0.5574598647418508,0.0036542913288746064,0.017044240013660745,5.0067901611328125e-06,0.18338799476623535,1.8477439880371094e-05,3.4809112548828125e-05,6.604194641113281e-05,0.0012222528457641602,0.0028094053268432617,0.36981112451941117,4.662895096492442,0.5776477835437646,16,13.8125,0.40096618357487923,0.06060972366607838,0.5990338164251208,0.9393902763339216,1.7201061350600035,-0.8787805526678433,0.4106280193236715,0.004830917874396135,0.5845410628019324,2.0323263328274046,0.0,0.0,2,0.7718446601941747,web,tunnel,ikev2,AES_GCM_16_256,PASS,0
web_03,16,0,415,318380.0,1.3792860507965088,230829.56564096492,300.88029945662555,767.1807228915662,575.247620743069,116.0,1280.0,1280.0,116.0,116.0,116.0,1280.0,1280.0,1280.0,-0.23328875850603936,-1.9414010951459901,1.0506394921880957,-0.640052596007744,0.003331608818349055,0.01606513375990645,5.0067901611328125e-06,0.19530391693115234,1.890659332275391e-05,3.3915042877197266e-05,6.031990051269531e-05,0.0009936094284057617,0.00276343822479248,0.3631685875832399,4.8205879044228706,0.44724929107222033,27,16.22222222222222,0.42409638554216866,0.06563226333312394,0.5759036144578313,0.9343677366668761,1.3597033095299926,-0.8687354733337521,0.43614457831325304,0.007228915662650603,0.5566265060240964,2.01871264903472,0.0,0.0,2,0.8236714975845411,web,tunnel,ikev2,AES_GCM_16_256,PASS,0
web_03,17,0,353,259868.0,1.0362370014190674,250780.467831322,340.65566035239686,736.1699716713881,578.4327898348172,116.0,1280.0,1280.0,116.0,116.0,116.0,1280.0,1280.0,1280.0,-0.1286530794376768,-1.9769949365362283,1.066606658997374,-0.7588101250766015,0.002943855117667805,0.015081671493381315,7.867813110351562e-06,0.19530391693115234,2.0217895507812503e-05,3.504753112792969e-05,5.316734313964844e-05,0.0006612539291381836,0.0023465633392333995,0.323341785057908,5.121362814387055,0.4690912462643453,16,22.8125,0.45042492917847027,0.0713131282035495,0.5495750708215298,0.9286868717964505,1.0632848668930492,-0.857373743592901,0.46175637393767704,0.0084985835694051,0.5297450424929179,2.011315823163936,0.0,0.0,2,0.8920454545454546,web,tunnel,ikev2,AES_GCM_16_256,PASS,0
web_03,18,0,144,106816.0,0.27564096450805664,387518.59757361247,522.418720515655,741.7777777777778,578.3787259376713,116.0,1280.0,1280.0,116.0,116.0,116.0,1280.0,1280.0,1280.0,-0.14970620951137323,-1.9709155623606098,1.0485876715036642,-0.803654497140343,0.0019275591923640324,0.012632299344523302,1.1920928955078125e-05,0.1339859962463379,2.5987625122070312e-05,3.600120544433594e-05,5.1021575927734375e-05,0.0005239248275756836,0.0017755508422851562,0.12017384944811041,6.550122700169031,0.747468692750419,4,36.5,0.4513888888888889,0.07058867585380467,0.5486111111111112,0.9294113241461953,0.6259138665325492,-0.8588226482923906,0.4583333333333333,0.006944444444444444,0.5347222222222222,2.0125221203246966,0.0,0.0,2,0.9090909090909091,web,tunnel,ikev2,AES_GCM_16_256,PASS,0
web_03,22,0,19,9472.0,0.3227720260620117,29345.78970663405,58.86507648079043,498.5263157894737,532.6718520243567,116.0,1280.0,124.0,116.0,116.0,116.0,1280.0,1280.0,1280.0,0.7729328553187294,-1.3789792514945742,1.1674367232867007,-0.5594431417354352,0.017931779225667317,0.048502984063728334,1.1205673217773438e-05,0.16873908042907715,1.6760826110839846e-05,3.9637088775634766e-05,9.59634780883789e-05,0.0030764341354370117,0.04500670433044443,0.6143694458867568,2.704710934839685,0.9566628551843546,2,10.0,0.5263157894736842,0.13175675675675674,0.47368421052631576,0.8682432432432432,1.862788966956426,-0.7364864864864865,0.631578947368421,0.05263157894736842,0.3157894736842105,2.170191599020752,0.0,0.0,2,0.8888888888888888,web,tunnel,ikev2,AES_GCM_16_256,PASS,0
web_03,23,0,286,213296.0,0.9792971611022949,217805.18567001098,292.04618512125467,745.7902097902098,577.8511780381657,116.0,1280.0,1280.0,116.0,116.0,116.0,1280.0,1280.0,1280.0,-0.1609234153247829,-1.9692460026813647,1.0550009068458233,-0.6772295113166803,0.0034361303898326136,0.016731206533482142,6.9141387939453125e-06,0.16873908042907715,1.5974044799804688e-05,2.193450927734375e-05,4.601478576660156e-05,0.0005350112915039062,0.002022218704223631,0.3624234617698351,4.867783480945261,0.635527952730026,16,18.75,0.4405594405594406,0.06934963618633261,0.5594405594405595,0.9306503638136674,1.5368497291135914,-0.8613007276273348,0.45454545454545453,0.006993006993006993,0.5384615384615384,2.011803559442185,0.0,0.0,2,0.8491228070175438,web,tunnel,ikev2,AES_GCM_16_256,PASS,0
web_03,24,0,479,372940.0,1.475003957748413,252839.99954094444,324.74489135011635,778.580375782881,575.2747018419977,116.0,1280.0,1280.0,116.0,116.0,116.0,1280.0,1280.0,1280.0,-0.27785955999533435,-1.9199613293920936,1.0247935091626754,-0.6813577920736517,0.0030857823383858016,0.014333197430824937,4.0531158447265625e-06,0.14084100723266602,1.456737518310547e-05,1.8835067749023438e-05,4.1961669921875e-05,0.0001590251922607422,0.0019225835800170937,0.4290787645624947,4.643410470697562,0.5772381180985078,30,16.9,0.42171189979123175,0.06306644500455838,0.5782881002087683,0.9369335549954416,1.372872546481307,-0.8738671099908832,0.4279749478079332,0.0041753653444676405,0.5678496868475992,2.0225671029263728,0.0,0.0,2,0.8305439330543933,web,tunnel,ikev2,AES_GCM_16_256,PASS,0
web_03,25,0,260,210088.0,1.1581268310546875,181403.27498386012,224.50045455144337,808.0307692307692,569.7768515758744,116.0,1280.0,1280.0,116.0,116.0,116.0,1280.0,1280.0,1280.0,-0.3828774669765924,-1.8482713900155947,1.038018359360422,-0.5947280712898199,0.004471532166234315,0.023618001012324055,0.0,0.29298901557922363,1.0967254638671875e-05,1.71661376953125e-05,3.886222839355469e-05,7.998943328857422e-05,0.0032358646392822298,0.31781029121955723,5.280677731203312,0.6997212166826967,20,13.9,0.3923076923076923,0.05631925669243365,0.6076923076923076,0.9436807433075663,1.1602991774954086,-0.8873614866151327,0.4,0.007692307692307693,0.5923076923076923,2.042905001057148,0.0,0.0,2,0.7722007722007722,web,tunnel,ikev2,AES_GCM_16_256,PASS,0
web_03,26,0,48,40972.0,0.3247809410095215,126152.7227325782,147.79192353714132,853.5833333333334,554.6721191138258,116.0,1280.0,1280.0,116.0,116.0,116.0,1280.0,1280.0,1280.0,-0.5508032417204318,-1.673375423352356,1.070512788856337,-0.24663131450247777,0.006910232787436628,0.04221645608775922,0.0,0.29298901557922363,1.444816589355469e-05,2.2411346435546875e-05,5.0067901611328125e-05,7.808208465576172e-05,0.0025887489318847635,0.1485494904303482,6.108382887131382,0.9021127122438942,4,12.5,0.3333333333333333,0.045299228741579614,0.6666666666666666,0.9547007712584203,0.1986737196332835,-0.9094015425168408,0.3541666666666667,0.020833333333333332,0.625,2.0985370255752156,0.0,0.0,2,0.5957446808510638,web,tunnel,ikev2,AES_GCM_16_256,PASS,0
web_03,30,0,17,8076.0,0.29883885383605957,27024.59836240178,56.88684647855749,475.05882352941177,521.5732389594159,116.0,1280.0,124.0,116.0,116.0,116.0,1280.0,1280.0,1280.0,0.8806167666480641,-1.196198893981461,1.1660870601063933,-0.5178621667789634,0.018677428364753723,0.0477868172080318,4.1961669921875e-05,0.16569805145263672,4.4465065002441406e-05,5.173683166503906e-05,0.0008734464645385742,0.0019870996475219727,0.06198990345001221,0.6685644431995964,2.55839604247463,0.9593528431388975,2,9.0,0.5294117647058824,0.14016840019811788,0.47058823529411764,0.8598315998018822,1.4706141359432539,-0.7196631996037642,0.6470588235294118,0.058823529411764705,0.29411764705882354,2.2149769559263195,0.0,0.0,2,0.875,web,tunnel,ikev2,AES_GCM_16_256,PASS,0
web_03,31,0,266,210888.0,0.9136059284210205,230830.37602927603,291.15397757950865,792.812030075188,572.1689133631668,116.0,1280.0,1280.0,116.0,116.0,116.0,1280.0,1280.0,1280.0,-0.32692789371215997,-1.8879368342550014,1.0438738048443197,-0.5984080938003595,0.0034475695412113983,0.018556275751557896,8.106231689453125e-06,0.1699068546295166,1.7023086547851564e-05,2.9087066650390625e-05,5.602836608886719e-05,0.0008349418640136719,0.0027863502502441405,0.23514427813282732,5.380861696365714,0.7726854353968393,8,33.875,0.40601503759398494,0.05986115852964607,0.5939849624060151,0.940138841470354,1.7106512355607357,-0.8802776829407079,0.41353383458646614,0.007518796992481203,0.5789473684210527,2.032711840793793,0.0,0.0,2,0.7924528301886793,web,tunnel,ikev2,AES_GCM_16_256,PASS,0
web_03,32,0,465,363168.0,1.4492528438568115,250589.81359906966,320.85498536095525,781.0064516129032,574.8958820753492,116.0,1280.0,1280.0,116.0,116.0,116.0,1280.0,1280.0,1280.0,-0.28639375690355234,-1.9150536176006494,1.0249095374359065,-0.676208669089788,0.0031233897496914043,0.017258892989910367,5.0067901611328125e-06,0.1947019100189209,1.795291900634766e-05,3.0994415283203125e-05,5.1021575927734375e-05,0.000600278377532959,0.002738499641418457,0.2589090358764865,5.523924469287171,0.6770134999680025,20,24.0,0.41935483870967744,0.0625275354656798,0.5806451612903226,0.9374724645343202,1.3863082223084475,-0.8749449290686404,0.4258064516129032,0.004301075268817204,0.5698924731182796,2.0238710478777513,0.0,0.0,2,0.8297413793103449,web,tunnel,ikev2,AES_GCM_16_256,PASS,0
web_03,33,0,281,212612.0,1.076066017150879,197582.67300638018,261.13639453461155,756.626334519573,577.166528838185,116.0,1280.0,1280.0,116.0,116.0,116.0,1280.0,1280.0,1280.0,-0.19965270680001476,-1.9553959499044016,1.0532584808978809,-0.6978936369679852,0.003843092918395996,0.0168951622316479,5.0067901611328125e-06,0.16943597793579102,2.2816658020019532e-05,3.504753112792969e-05,5.900859832763672e-05,0.0008783340454101562,0.0031614542007446277,0.40708693534624024,4.395097254490314,0.586131182439289,20,14.75,0.4306049822064057,0.06639324215001975,0.5693950177935944,0.9336067578499803,1.1475104970299277,-0.8672135156999605,0.44483985765124556,0.0071174377224199285,0.5480427046263345,2.015529178704074,0.0,0.0,2,0.85,web,tunnel,ikev2,AES_GCM_16_256,PASS,0
web_03,34,0,65,52256.0,0.3397209644317627,153820.35691381738,191.333496620448,803.9384615384615,567.8359426379061,116.0,1280.0,1280.0,116.0,116.0,116.0,1280.0,1280.0,1280.0,-0.3674906242366608,-1.8492001495892543,1.0741727640665366,-0.5289279205238073,0.005308140069246292,0.019554381256931073,1.0013580322265625e-05,0.1438460350036621,3.230571746826172e-05,4.881620407104492e-05,8.749961853027344e-05,0.0019116401672363281,0.010061907768249528,0.5456884388695526,3.683154145847784,0.5836347009915832,6,11.166666666666666,0.38461538461538464,0.05549601959583589,0.6153846153846154,0.9445039804041642,0.9364406268049574,-0.8890079608083282,0.4,0.015384615384615385,0.5846153846153846,2.049887814592557,0.0,0.0,2,0.75,web,tunnel,ikev2,AES_GCM_16_256,PASS,0
web_03,38,0,4,560.0,0.17917609214782715,3125.41697548565,22.32440696775464,140.0,32.49615361854384,116.0,196.0,124.0,117.2,118.4,122.0,142.0,174.4,185.2,1.1190135543575703,-0.6914600550964187,1.5,-0.9958705948858224,0.05972536404927572,0.0842840314256856,0.00012302398681640625,0.17892098426818848,0.00012483596801757813,0.00012755393981933594,0.00013208389282226562,0.08952653408050537,0.14316320419311523,0.9182958340544896,1.411169636178576,0.9985762169685664,1,4.0,0.75,0.7785714285714286,0.25,0.22142857142857142,1.0,0.5571428571428572,1.0,0.0,0.0,0.0,0.0,0.0,2,0.6666666666666666,web,tunnel,ikev2,AES_GCM_16_256,PASS,0
web_03,39,0,283,212948.0,0.9671370983123779,220183.88124247035,292.6162180044852,752.4664310954064,577.236949807401,116.0,1280.0,1280.0,116.0,116.0,116.0,1280.0,1280.0,1280.0,-0.18408038317279526,-1.9611860288357732,1.054028976093084,-0.6555724641124964,0.003429564178412688,0.016543465978280693,6.9141387939453125e-06,0.17892098426818848,1.7905235290527342e-05,3.409385681152344e-05,6.306171417236328e-05,0.0009635686874389648,0.0032095193862915045,0.3203411477567274,4.8223747226135,0.5851007785839254,18,16.5,0.43462897526501765,0.06782876570806018,0.5653710247349824,0.9321712342919398,1.5991486748520245,-0.8643424685838796,0.44876325088339225,0.007067137809187279,0.5441696113074205,2.013883846530288,0.0,0.0,2,0.8368794326241135,web,tunnel,ikev2,AES_GCM_16_256,PASS,0
web_03,40,0,410,310416.0,1.4633331298828125,212129.4144586605,280.1822713006121,757.1121951219512,577.3000336702478,116.0,1280.0,1280.0,116.0,116.0,116.0,1280.0,1280.0,1280.0,-0.20125974407144892,-1.9555152641060554,1.0538230445298458,-0.7087920936044506,0.0035778316134054094,0.019923818944831438,6.9141387939453125e-06,0.2789340019226074,1.71661376953125e-05,2.9087066650390625e-05,5.602836608886719e-05,0.0007650852203369141,0.002962446212768554,0.2334478900302352,5.5671294704679,0.631592899187704,24,17.875,0.43414634146341463,0.06680068037730014,0.5658536585365853,0.9331993196226999,1.304931251282885,-0.8663986392453997,0.44390243902439025,0.007317073170731708,0.5487804878048781,2.015368854080842,0.0,0.0,2,0.8533007334963325,web,tunnel,ikev2,AES_GCM_16_256,PASS,0
web_03,41,0,255,209508.0,1.0584440231323242,197939.61269674796,240.91968439234174,821.6,566.9539774523322,116.0,1280.0,1280.0,116.0,116.0,116.0,1280.0,1280.0,1280.0,-0.4324010964965049,-1.8076923147388828,1.0320340931141672,-0.559737574301414,0.004167102453276867,0.020609854072869898,0.0,0.20195722579956055,1.5020370483398438e-05,2.3126602172851562e-05,5.054473876953125e-05,0.00047707557678222656,0.002904915809631349,0.39570842493808106,4.944661102719992,0.569742192476702,14,18.928571428571427,0.3803921568627451,0.053706779693376866,0.6196078431372549,0.9462932203066231,1.3229804598202362,-0.8925864406132463,0.38823529411764707,0.00784313725490196,0.6039215686274509,2.0530766618831935,0.0,0.0,2,0.7480314960629921,web,tunnel,ikev2,AES_GCM_16_256,PASS,0
web_03,42,0,124,111480.0,0.5168130397796631,215706.63164290154,239.9320265852152,899.0322580645161,543.7424368845002,116.0,1280.0,1280.0,116.0,116.0,116.0,1280.0,1280.0,1280.0,-0.7345021913367624,-1.4506180822833707,0.9702818216990587,-0.35392948119356304,0.0042017320307289685,0.01984611451475244,0.0,0.20195722579956055,1.4257431030273439e-05,2.4557113647460938e-05,5.793571472167969e-05,0.0011510848999023438,0.002988767623901367,0.3935242985522613,4.722193651568622,0.39077424572271346,8,16.125,0.31451612903225806,0.040581270182992464,0.6854838709677419,0.9594187298170075,1.3460461632011798,-0.9188374596340151,0.3225806451612903,0.008064516129032258,0.6693548387096774,2.1407193914497773,0.0,0.0,2,0.6016260162601627,web,tunnel,ikev2,AES_GCM_16_256,PASS,0
